{
	"credit": "Made by Remiip",
	"texture_size": [32, 32],
	"textures": {
		"0": "block/boiscerf",
		"particle": "block/boiscerf"
	},
	"elements": [
		{
			"from": [4, 7.82071, 7],
			"to": [12, 8.57071, 12],
			"rotation": {"angle": 0, "axis": "y", "origin": [15, -0.42929, 8]},
			"faces": {
				"north": {"uv": [5, 2, 9, 2.5], "texture": "#0"},
				"east": {"uv": [6, 4, 8.5, 4.5], "texture": "#0"},
				"south": {"uv": [5, 2.5, 9, 3], "texture": "#0"},
				"west": {"uv": [6, 4.5, 8.5, 5], "texture": "#0"},
				"up": {"uv": [4, 2.5, 0, 0], "texture": "#0"},
				"down": {"uv": [4, 2.5, 0, 5], "texture": "#0"}
			}
		},
		{
			"from": [3.3, 7.87071, 8.5],
			"to": [5.3, 9.87071, 10.5],
			"rotation": {"angle": 0, "axis": "y", "origin": [3.3, 7.87071, 8.5]},
			"faces": {
				"north": {"uv": [0, 0, 1, 1], "texture": "#0"},
				"east": {"uv": [0, 0, 1, 1], "texture": "#0"},
				"south": {"uv": [0, 0, 1, 1], "texture": "#0"},
				"west": {"uv": [0, 0, 1, 1], "texture": "#0"},
				"up": {"uv": [0, 0, 1, 1], "texture": "#0"},
				"down": {"uv": [0, 0, 1, 1], "texture": "#0"}
			}
		},
		{
			"from": [2.3, 8.87071, 8.6],
			"to": [4.3, 10.47071, 10.4],
			"rotation": {"angle": -45, "axis": "z", "origin": [3.3, 9.87071, 9.5]},
			"faces": {
				"north": {"uv": [0, 0, 1, 0.8], "texture": "#0"},
				"east": {"uv": [0, 0, 0.9, 0.8], "texture": "#0"},
				"south": {"uv": [0, 0, 1, 0.8], "texture": "#0"},
				"west": {"uv": [0, 0, 0.9, 0.8], "texture": "#0"},
				"up": {"uv": [0, 0, 1, 0.9], "texture": "#0"},
				"down": {"uv": [0, 0, 1, 0.9], "texture": "#0"}
			}
		},
		{
			"from": [2.45858, 12.12929, 7.5],
			"to": [3.95858, 13.22929, 8.2],
			"rotation": {"angle": 22.5, "axis": "z", "origin": [3.45858, 12.92929, 8.4]},
			"faces": {
				"north": {"uv": [2, 8, 1, 8.5], "texture": "#0"},
				"east": {"uv": [8.5, 8, 8, 8.5], "texture": "#0"},
				"south": {"uv": [3, 8, 2, 8.5], "texture": "#0"},
				"west": {"uv": [8.5, 7.5, 8, 8], "texture": "#0"},
				"up": {"uv": [3, 8.5, 4, 8], "texture": "#0"},
				"down": {"uv": [8, 3, 9, 3.5], "texture": "#0"}
			}
		},
		{
			"from": [1.05858, 10.22929, 6.1],
			"to": [2.85858, 11.82929, 10.1],
			"rotation": {"angle": 45, "axis": "x", "origin": [1.95858, 11.02929, 9.1]},
			"faces": {
				"north": {"uv": [0, 0, 0.9, 0.8], "texture": "#0"},
				"east": {"uv": [0, 0, 2, 0.8], "texture": "#0"},
				"south": {"uv": [0, 0, 0.9, 0.8], "texture": "#0"},
				"west": {"uv": [0, 0, 2, 0.8], "texture": "#0"},
				"up": {"uv": [0, 0, 2, 0.9], "rotation": 90, "texture": "#0"},
				"down": {"uv": [0, 0, 2, 0.9], "rotation": 270, "texture": "#0"}
			}
		},
		{
			"from": [1.25858, 13.12929, 5.5],
			"to": [2.65858, 14.12929, 7.5],
			"rotation": {"angle": 45, "axis": "x", "origin": [1.95858, 13.62929, 6.5]},
			"faces": {
				"north": {"uv": [0, 0, 0.7, 0.5], "texture": "#0"},
				"east": {"uv": [0, 0, 1, 0.5], "texture": "#0"},
				"south": {"uv": [0, 0, 0.7, 0.5], "texture": "#0"},
				"west": {"uv": [0, 0, 1, 0.5], "texture": "#0"},
				"up": {"uv": [0, 0, 1, 0.7], "rotation": 90, "texture": "#0"},
				"down": {"uv": [0, 0, 1, 0.7], "rotation": 270, "texture": "#0"}
			}
		},
		{
			"from": [-0.04142, 11.02929, 8.1],
			"to": [1.35858, 12.02929, 9.4],
			"rotation": {"angle": 45, "axis": "x", "origin": [0.65858, 11.52929, 8.4]},
			"faces": {
				"north": {"uv": [0, 0, 0.7, 0.5], "texture": "#0"},
				"east": {"uv": [0, 0, 0.65, 0.5], "texture": "#0"},
				"south": {"uv": [0, 0, 0.7, 0.5], "texture": "#0"},
				"west": {"uv": [0, 0, 0.65, 0.5], "texture": "#0"},
				"up": {"uv": [0, 0, 0.65, 0.7], "rotation": 90, "texture": "#0"},
				"down": {"uv": [0, 0, 0.65, 0.7], "rotation": 270, "texture": "#0"}
			}
		},
		{
			"from": [-1.44142, 11.72929, 7.3],
			"to": [-0.04142, 12.72929, 8.6],
			"rotation": {"angle": 45, "axis": "x", "origin": [-0.74142, 12.22929, 7.6]},
			"faces": {
				"north": {"uv": [1.5, 8.5, 1, 9], "texture": "#0"},
				"east": {"uv": [3, 8.5, 2.5, 9], "texture": "#0"},
				"south": {"uv": [2.5, 8.5, 2, 9], "texture": "#0"},
				"west": {"uv": [2, 8.5, 1.5, 9], "texture": "#0"},
				"up": {"uv": [3, 9, 3.5, 8.5], "texture": "#0"},
				"down": {"uv": [3.5, 8.5, 4, 9], "texture": "#0"}
			}
		},
		{
			"from": [4.35858, 9.82929, 7.9],
			"to": [5.75858, 10.82929, 9.9],
			"rotation": {"angle": 45, "axis": "x", "origin": [5.05858, 10.32929, 8.9]},
			"faces": {
				"north": {"uv": [8.5, 6.5, 8, 7], "texture": "#0"},
				"east": {"uv": [5, 7.5, 4, 8], "texture": "#0"},
				"south": {"uv": [8.5, 7, 8, 7.5], "texture": "#0"},
				"west": {"uv": [8, 7, 7, 7.5], "texture": "#0"},
				"up": {"uv": [7, 8.5, 7.5, 7.5], "texture": "#0"},
				"down": {"uv": [7.5, 7.5, 8, 8.5], "texture": "#0"}
			}
		},
		{
			"from": [10.24142, 9.82929, 7.9],
			"to": [11.64142, 10.82929, 9.9],
			"rotation": {"angle": 45, "axis": "x", "origin": [10.94142, 10.32929, 8.9]},
			"faces": {
				"north": {"uv": [8, 6.5, 8.5, 7], "texture": "#0"},
				"east": {"uv": [7, 7, 8, 7.5], "texture": "#0"},
				"south": {"uv": [8, 7, 8.5, 7.5], "texture": "#0"},
				"west": {"uv": [4, 7.5, 5, 8], "texture": "#0"},
				"up": {"uv": [7.5, 8.5, 7, 7.5], "texture": "#0"},
				"down": {"uv": [8, 7.5, 7.5, 8.5], "texture": "#0"}
			}
		},
		{
			"from": [10.7, 7.87071, 8.5],
			"to": [12.7, 9.87071, 10.5],
			"rotation": {"angle": 0, "axis": "y", "origin": [12.7, 7.87071, 8.5]},
			"faces": {
				"north": {"uv": [1, 0, 0, 1], "texture": "#0"},
				"east": {"uv": [1, 0, 0, 1], "texture": "#0"},
				"south": {"uv": [1, 0, 0, 1], "texture": "#0"},
				"west": {"uv": [1, 0, 0, 1], "texture": "#0"},
				"up": {"uv": [1, 0, 0, 1], "texture": "#0"},
				"down": {"uv": [1, 0, 0, 1], "texture": "#0"}
			}
		},
		{
			"from": [12.04142, 12.12929, 7.5],
			"to": [13.54142, 13.22929, 8.2],
			"rotation": {"angle": -22.5, "axis": "z", "origin": [12.54142, 12.92929, 8.4]},
			"faces": {
				"north": {"uv": [1, 8, 2, 8.5], "texture": "#0"},
				"east": {"uv": [8, 7.5, 8.5, 8], "texture": "#0"},
				"south": {"uv": [2, 8, 3, 8.5], "texture": "#0"},
				"west": {"uv": [8, 8, 8.5, 8.5], "texture": "#0"},
				"up": {"uv": [4, 8.5, 3, 8], "texture": "#0"},
				"down": {"uv": [9, 3, 8, 3.5], "texture": "#0"}
			}
		},
		{
			"from": [13.14142, 10.22929, 6.1],
			"to": [14.94142, 11.82929, 10.1],
			"rotation": {"angle": 45, "axis": "x", "origin": [14.04142, 11.02929, 9.1]},
			"faces": {
				"north": {"uv": [0.9, 0, 0, 0.8], "texture": "#0"},
				"east": {"uv": [2, 0, 0, 0.8], "texture": "#0"},
				"south": {"uv": [0.9, 0, 0, 0.8], "texture": "#0"},
				"west": {"uv": [2, 0, 0, 0.8], "texture": "#0"},
				"up": {"uv": [0, 0.9, 2, 0], "rotation": 90, "texture": "#0"},
				"down": {"uv": [0, 0.9, 2, 0], "rotation": 270, "texture": "#0"}
			}
		},
		{
			"from": [16.04142, 11.72929, 7.3],
			"to": [17.44142, 12.72929, 8.6],
			"rotation": {"angle": 45, "axis": "x", "origin": [16.74142, 12.22929, 7.6]},
			"faces": {
				"north": {"uv": [1, 8.5, 1.5, 9], "texture": "#0"},
				"east": {"uv": [1.5, 8.5, 2, 9], "texture": "#0"},
				"south": {"uv": [2, 8.5, 2.5, 9], "texture": "#0"},
				"west": {"uv": [2.5, 8.5, 3, 9], "texture": "#0"},
				"up": {"uv": [3.5, 9, 3, 8.5], "texture": "#0"},
				"down": {"uv": [4, 8.5, 3.5, 9], "texture": "#0"}
			}
		},
		{
			"from": [13.34142, 13.12929, 5.5],
			"to": [14.74142, 14.12929, 7.5],
			"rotation": {"angle": 45, "axis": "x", "origin": [14.04142, 13.62929, 6.5]},
			"faces": {
				"north": {"uv": [0.7, 0, 0, 0.5], "texture": "#0"},
				"east": {"uv": [1, 0, 0, 0.5], "texture": "#0"},
				"south": {"uv": [0.7, 0, 0, 0.5], "texture": "#0"},
				"west": {"uv": [1, 0, 0, 0.5], "texture": "#0"},
				"up": {"uv": [0, 0.7, 1, 0], "rotation": 90, "texture": "#0"},
				"down": {"uv": [0, 0.7, 1, 0], "rotation": 270, "texture": "#0"}
			}
		},
		{
			"from": [14.64142, 11.02929, 8.1],
			"to": [16.04142, 12.02929, 9.4],
			"rotation": {"angle": 45, "axis": "x", "origin": [15.34142, 11.52929, 8.4]},
			"faces": {
				"north": {"uv": [0.7, 0, 0, 0.5], "texture": "#0"},
				"east": {"uv": [0.65, 0, 0, 0.5], "texture": "#0"},
				"south": {"uv": [0.7, 0, 0, 0.5], "texture": "#0"},
				"west": {"uv": [0.65, 0, 0, 0.5], "texture": "#0"},
				"up": {"uv": [0, 0.7, 0.65, 0], "rotation": 90, "texture": "#0"},
				"down": {"uv": [0, 0.7, 0.65, 0], "rotation": 270, "texture": "#0"}
			}
		},
		{
			"from": [11.7, 8.87071, 8.6],
			"to": [13.7, 10.47071, 10.4],
			"rotation": {"angle": 45, "axis": "z", "origin": [12.7, 9.87071, 9.5]},
			"faces": {
				"north": {"uv": [1, 0, 0, 0.8], "texture": "#0"},
				"east": {"uv": [0.9, 0, 0, 0.8], "texture": "#0"},
				"south": {"uv": [1, 0, 0, 0.8], "texture": "#0"},
				"west": {"uv": [0.9, 0, 0, 0.8], "texture": "#0"},
				"up": {"uv": [1, 0, 0, 0.9], "texture": "#0"},
				"down": {"uv": [1, 0, 0, 0.9], "texture": "#0"}
			}
		},
		{
			"from": [2, 2.87071, 8.25],
			"to": [3, 6.87071, 9.25],
			"rotation": {"angle": 0, "axis": "y", "origin": [2, -2.12929, 7]},
			"faces": {
				"north": {"uv": [0.5, 4, 0, 4.5], "texture": "#0"},
				"east": {"uv": [0.5, 4, 0, 4.5], "texture": "#0"},
				"south": {"uv": [0.5, 4, 0, 4.5], "texture": "#0"},
				"west": {"uv": [0.5, 4, 0, 4.5], "texture": "#0"},
				"up": {"uv": [0.5, 4, 1, 4.5], "texture": "#0"},
				"down": {"uv": [0.5, 4, 1, 4.5], "texture": "#0"}
			}
		},
		{
			"from": [3, 6.87071, 8.25],
			"to": [13, 7.87071, 9.25],
			"rotation": {"angle": 0, "axis": "y", "origin": [3, -1.12929, 7]},
			"faces": {
				"north": {"uv": [0.5, 4, 0, 4.5], "texture": "#0"},
				"east": {"uv": [0.5, 4, 0, 4.5], "texture": "#0"},
				"south": {"uv": [0.5, 4, 0, 4.5], "texture": "#0"},
				"west": {"uv": [0.5, 4, 0, 4.5], "texture": "#0"},
				"up": {"uv": [0.5, 4, 0, 4.5], "texture": "#0"},
				"down": {"uv": [0.5, 4, 0, 4.5], "texture": "#0"}
			}
		},
		{
			"from": [13, 2.87071, 8.25],
			"to": [14, 6.87071, 9.25],
			"rotation": {"angle": 0, "axis": "y", "origin": [14, -2.12929, 7]},
			"faces": {
				"north": {"uv": [0.5, 4, 0, 4.5], "texture": "#0"},
				"east": {"uv": [0.5, 4, 0, 4.5], "texture": "#0"},
				"south": {"uv": [0.5, 4, 0, 4.5], "texture": "#0"},
				"west": {"uv": [0.5, 4, 0, 4.5], "texture": "#0"},
				"up": {"uv": [0.5, 4, 0, 4.5], "texture": "#0"},
				"down": {"uv": [0.5, 4, 0, 4.5], "texture": "#0"}
			}
		}
	],
	"display": {
		"head": {
			"translation": [0, 7.25, -4],
			"scale": [1.24, 1.24, 1.24]
		}
	}
}