{
	"credit": "Made with Blockbench",
	"textures": {
		"0": "block/bone_block_side",
		"1": "block/cyan_concrete",
		"2": "block/light_gray_concrete",
		"3": "block/cauldron_inner",
		"4": "block/gold_block",
		"particle": "block/bone_block_side"
	},
	"elements": [
		{
			"from": [0, -8.5, 0],
			"to": [16, 25.5, 1],
			"faces": {
				"north": {"uv": [0, 0, 16, 16], "texture": "#1"},
				"east": {"uv": [0, 0, 16, 16], "texture": "#1"},
				"south": {"uv": [0, 0, 16, 16], "texture": "#2"},
				"west": {"uv": [0, 0, 16, 16], "texture": "#1"},
				"up": {"uv": [0, 0, 16, 16], "texture": "#1"},
				"down": {"uv": [0, 0, 16, 16], "texture": "#1"}
			}
		},
		{
			"from": [-4.5, -8.5, -3],
			"to": [0.75, 25.5, -2],
			"rotation": {"angle": 22.5, "axis": "y", "origin": [8, 0.5, 0.5]},
			"faces": {
				"north": {"uv": [0, 0, 5.25, 16], "texture": "#1"},
				"east": {"uv": [0, 0, 5.25, 16], "texture": "#1"},
				"south": {"uv": [0, 0, 5.25, 16], "texture": "#2"},
				"west": {"uv": [0, 0, 5.25, 16], "texture": "#1"},
				"up": {"uv": [0, 0, 5.25, 16], "texture": "#1"},
				"down": {"uv": [0, 0, 5.25, 16], "texture": "#1"}
			}
		},
		{
			"from": [15.25, -8.5, -3],
			"to": [20.5, 25.5, -2],
			"rotation": {"angle": -22.5, "axis": "y", "origin": [8, 0.5, 0.5]},
			"faces": {
				"north": {"uv": [0, 0, 5.25, 16], "texture": "#1"},
				"east": {"uv": [0, 0, 5.25, 16], "texture": "#1"},
				"south": {"uv": [0, 0, 5.25, 16], "texture": "#2"},
				"west": {"uv": [0, 0, 5.25, 16], "texture": "#1"},
				"up": {"uv": [0, 0, 5.25, 16], "texture": "#1"},
				"down": {"uv": [0, 0, 5.25, 16], "texture": "#1"}
			}
		},
		{
			"from": [-5.5, -8.5, -3],
			"to": [-4.5, 25.5, -2],
			"rotation": {"angle": 22.5, "axis": "y", "origin": [8, 0.5, 0.5]},
			"faces": {
				"north": {"uv": [0, 0, 1, 16], "texture": "#0"},
				"east": {"uv": [0, 0, 1, 16], "texture": "#0"},
				"south": {"uv": [0, 0, 1, 16], "texture": "#0"},
				"west": {"uv": [0, 0, 1, 16], "texture": "#0"},
				"up": {"uv": [0, 0, 1, 16], "texture": "#0"},
				"down": {"uv": [0, 0, 1, 16], "texture": "#0"}
			}
		},
		{
			"from": [20.5, -8.5, -3],
			"to": [21.5, 25.5, -2],
			"rotation": {"angle": -22.5, "axis": "y", "origin": [8, 0.5, 0.5]},
			"faces": {
				"north": {"uv": [0, 0, 1, 16], "texture": "#0"},
				"east": {"uv": [0, 0, 1, 16], "texture": "#0"},
				"south": {"uv": [0, 0, 1, 16], "texture": "#0"},
				"west": {"uv": [0, 0, 1, 16], "texture": "#0"},
				"up": {"uv": [0, 0, 1, 16], "texture": "#0"},
				"down": {"uv": [0, 0, 1, 16], "texture": "#0"}
			}
		},
		{
			"from": [0, 25.5, 0],
			"to": [16, 26.5, 1],
			"faces": {
				"north": {"uv": [0, 0, 16, 1], "texture": "#0"},
				"east": {"uv": [0, 0, 16, 1], "texture": "#0"},
				"south": {"uv": [0, 0, 16, 1], "texture": "#0"},
				"west": {"uv": [0, 0, 16, 1], "texture": "#0"},
				"up": {"uv": [0, 0, 16, 1], "texture": "#0"},
				"down": {"uv": [0, 0, 16, 1], "texture": "#0"}
			}
		},
		{
			"from": [0, -9.5, 0],
			"to": [16, -8.5, 1],
			"faces": {
				"north": {"uv": [0, 0, 16, 1], "texture": "#0"},
				"east": {"uv": [0, 0, 16, 1], "texture": "#0"},
				"south": {"uv": [0, 0, 16, 1], "texture": "#0"},
				"west": {"uv": [0, 0, 16, 1], "texture": "#0"},
				"up": {"uv": [0, 0, 16, 1], "texture": "#0"},
				"down": {"uv": [0, 0, 16, 1], "texture": "#0"}
			}
		},
		{
			"from": [15.25, 25.5, -3],
			"to": [21.5, 26.5, -2],
			"rotation": {"angle": -22.5, "axis": "y", "origin": [8, 0.5, 0.5]},
			"faces": {
				"north": {"uv": [0, 0, 6.25, 1], "texture": "#0"},
				"east": {"uv": [0, 0, 6.25, 1], "texture": "#0"},
				"south": {"uv": [0, 0, 6.25, 1], "texture": "#0"},
				"west": {"uv": [0, 0, 6.25, 1], "texture": "#0"},
				"up": {"uv": [0, 0, 6.25, 1], "texture": "#0"},
				"down": {"uv": [0, 0, 6.25, 1], "texture": "#0"}
			}
		},
		{
			"from": [15.25, -9.5, -3],
			"to": [21.5, -8.5, -2],
			"rotation": {"angle": -22.5, "axis": "y", "origin": [8, 0.5, 0.5]},
			"faces": {
				"north": {"uv": [0, 0, 6.25, 1], "texture": "#0"},
				"east": {"uv": [0, 0, 6.25, 1], "texture": "#0"},
				"south": {"uv": [0, 0, 6.25, 1], "texture": "#0"},
				"west": {"uv": [0, 0, 6.25, 1], "texture": "#0"},
				"up": {"uv": [0, 0, 6.25, 1], "texture": "#0"},
				"down": {"uv": [0, 0, 6.25, 1], "texture": "#0"}
			}
		},
		{
			"from": [-5.5, 25.5, -3],
			"to": [0.75, 26.5, -2],
			"rotation": {"angle": 22.5, "axis": "y", "origin": [8, 0.5, 0.5]},
			"faces": {
				"north": {"uv": [0, 0, 6.25, 1], "texture": "#0"},
				"east": {"uv": [0, 0, 6.25, 1], "texture": "#0"},
				"south": {"uv": [0, 0, 6.25, 1], "texture": "#0"},
				"west": {"uv": [0, 0, 6.25, 1], "texture": "#0"},
				"up": {"uv": [0, 0, 6.25, 1], "texture": "#0"},
				"down": {"uv": [0, 0, 6.25, 1], "texture": "#0"}
			}
		},
		{
			"from": [-5.5, -9.5, -3],
			"to": [0.75, -8.5, -2],
			"rotation": {"angle": 22.5, "axis": "y", "origin": [8, 0.5, 0.5]},
			"faces": {
				"north": {"uv": [0, 0, 6.25, 1], "texture": "#0"},
				"east": {"uv": [0, 0, 6.25, 1], "texture": "#0"},
				"south": {"uv": [0, 0, 6.25, 1], "texture": "#0"},
				"west": {"uv": [0, 0, 6.25, 1], "texture": "#0"},
				"up": {"uv": [0, 0, 6.25, 1], "texture": "#0"},
				"down": {"uv": [0, 0, 6.25, 1], "texture": "#0"}
			}
		},
		{
			"from": [0.25, 7, 1],
			"to": [1.75, 8.5, 2],
			"faces": {
				"north": {"uv": [0, 0, 16, 16], "texture": "#3"},
				"east": {"uv": [0, 0, 16, 16], "texture": "#3"},
				"south": {"uv": [0, 0, 16, 16], "texture": "#3"},
				"west": {"uv": [0, 0, 16, 16], "texture": "#3"},
				"up": {"uv": [0, 0, 16, 16], "texture": "#3"},
				"down": {"uv": [0, 0, 16, 16], "texture": "#3"}
			}
		},
		{
			"from": [14.25, 7, 1],
			"to": [15.75, 8.5, 2],
			"faces": {
				"north": {"uv": [0, 0, 16, 16], "texture": "#3"},
				"east": {"uv": [0, 0, 16, 16], "texture": "#3"},
				"south": {"uv": [0, 0, 16, 16], "texture": "#3"},
				"west": {"uv": [0, 0, 16, 16], "texture": "#3"},
				"up": {"uv": [0, 0, 16, 16], "texture": "#3"},
				"down": {"uv": [0, 0, 16, 16], "texture": "#3"}
			}
		},
		{
			"from": [11.75, 7, 2],
			"to": [14.25, 8.5, 3],
			"faces": {
				"north": {"uv": [0, 0, 16, 16], "texture": "#3"},
				"east": {"uv": [0, 0, 16, 16], "texture": "#3"},
				"south": {"uv": [0, 0, 16, 16], "texture": "#3"},
				"west": {"uv": [0, 0, 16, 16], "texture": "#3"},
				"up": {"uv": [0, 0, 16, 16], "texture": "#3"},
				"down": {"uv": [0, 0, 16, 16], "texture": "#3"}
			}
		},
		{
			"from": [1.75, 7, 2],
			"to": [4.25, 8.5, 3],
			"faces": {
				"north": {"uv": [0, 0, 16, 16], "texture": "#3"},
				"east": {"uv": [0, 0, 16, 16], "texture": "#3"},
				"south": {"uv": [0, 0, 16, 16], "texture": "#3"},
				"west": {"uv": [0, 0, 16, 16], "texture": "#3"},
				"up": {"uv": [0, 0, 16, 16], "texture": "#3"},
				"down": {"uv": [0, 0, 16, 16], "texture": "#3"}
			}
		},
		{
			"from": [4.25, 7, 2.5],
			"to": [12, 8.5, 3.5],
			"faces": {
				"north": {"uv": [0, 0, 16, 16], "texture": "#3"},
				"east": {"uv": [0, 0, 16, 16], "texture": "#3"},
				"south": {"uv": [0, 0, 16, 16], "texture": "#3"},
				"west": {"uv": [0, 0, 16, 16], "texture": "#3"},
				"up": {"uv": [0, 0, 16, 16], "texture": "#3"},
				"down": {"uv": [0, 0, 16, 16], "texture": "#3"}
			}
		},
		{
			"from": [5, 6, -0.5],
			"to": [11, 12, 0.5],
			"faces": {
				"north": {"uv": [0, 0, 16, 16], "texture": "#4"},
				"east": {"uv": [0, 0, 16, 16], "texture": "#4"},
				"south": {"uv": [0, 0, 16, 16], "texture": "#4"},
				"west": {"uv": [0, 0, 16, 16], "texture": "#4"},
				"up": {"uv": [0, 0, 16, 16], "texture": "#4"},
				"down": {"uv": [0, 0, 16, 16], "texture": "#4"}
			}
		},
		{
			"from": [5, 6, -0.25],
			"to": [11, 12, 0.75],
			"rotation": {"angle": 45, "axis": "z", "origin": [8, 9, 0]},
			"faces": {
				"north": {"uv": [0, 0, 16, 16], "texture": "#4"},
				"east": {"uv": [0, 0, 16, 16], "texture": "#4"},
				"south": {"uv": [0, 0, 16, 16], "texture": "#4"},
				"west": {"uv": [0, 0, 16, 16], "texture": "#4"},
				"up": {"uv": [0, 0, 16, 16], "texture": "#4"},
				"down": {"uv": [0, 0, 16, 16], "texture": "#4"}
			}
		},
		{
			"from": [11.75, 12.25, -0.5],
			"to": [12.25, 17.25, 0.5],
			"rotation": {"angle": -22.5, "axis": "z", "origin": [10.5, 15, 0]},
			"faces": {
				"north": {"uv": [0, 0, 16, 16], "texture": "#0"},
				"east": {"uv": [0, 0, 16, 16], "texture": "#0"},
				"south": {"uv": [0, 0, 16, 16], "texture": "#0"},
				"west": {"uv": [0, 0, 16, 16], "texture": "#0"},
				"up": {"uv": [0, 0, 16, 16], "texture": "#0"},
				"down": {"uv": [0, 0, 16, 16], "texture": "#0"}
			}
		},
		{
			"from": [11.25, 16.75, -0.5],
			"to": [11.75, 21.75, 0.5],
			"rotation": {"angle": -22.5, "axis": "z", "origin": [10.5, 15, 0]},
			"faces": {
				"north": {"uv": [0, 0, 16, 16], "texture": "#0"},
				"east": {"uv": [0, 0, 16, 16], "texture": "#0"},
				"south": {"uv": [0, 0, 16, 16], "texture": "#0"},
				"west": {"uv": [0, 0, 16, 16], "texture": "#0"},
				"up": {"uv": [0, 0, 16, 16], "texture": "#0"},
				"down": {"uv": [0, 0, 16, 16], "texture": "#0"}
			}
		},
		{
			"from": [11.75, 21.25, -0.5],
			"to": [12.25, 22.75, 0.5],
			"rotation": {"angle": -22.5, "axis": "z", "origin": [10.5, 15, 0]},
			"faces": {
				"north": {"uv": [0, 0, 16, 16], "texture": "#0"},
				"east": {"uv": [0, 0, 16, 16], "texture": "#0"},
				"south": {"uv": [0, 0, 16, 16], "texture": "#0"},
				"west": {"uv": [0, 0, 16, 16], "texture": "#0"},
				"up": {"uv": [0, 0, 16, 16], "texture": "#0"},
				"down": {"uv": [0, 0, 16, 16], "texture": "#0"}
			}
		},
		{
			"from": [7.75, 12, -0.5],
			"to": [8.25, 15.75, 0.5],
			"faces": {
				"north": {"uv": [0, 0, 16, 16], "texture": "#0"},
				"east": {"uv": [0, 0, 16, 16], "texture": "#0"},
				"south": {"uv": [0, 0, 16, 16], "texture": "#0"},
				"west": {"uv": [0, 0, 16, 16], "texture": "#0"},
				"up": {"uv": [0, 0, 16, 16], "texture": "#0"},
				"down": {"uv": [0, 0, 16, 16], "texture": "#0"}
			}
		},
		{
			"from": [7.25, 15.25, -0.5],
			"to": [7.75, 17.75, 0.5],
			"faces": {
				"north": {"uv": [0, 0, 16, 16], "texture": "#0"},
				"east": {"uv": [0, 0, 16, 16], "texture": "#0"},
				"south": {"uv": [0, 0, 16, 16], "texture": "#0"},
				"west": {"uv": [0, 0, 16, 16], "texture": "#0"},
				"up": {"uv": [0, 0, 16, 16], "texture": "#0"},
				"down": {"uv": [0, 0, 16, 16], "texture": "#0"}
			}
		},
		{
			"from": [7.75, 17.25, -0.5],
			"to": [8.25, 21.5, 0.5],
			"faces": {
				"north": {"uv": [0, 0, 16, 16], "texture": "#0"},
				"east": {"uv": [0, 0, 16, 16], "texture": "#0"},
				"south": {"uv": [0, 0, 16, 16], "texture": "#0"},
				"west": {"uv": [0, 0, 16, 16], "texture": "#0"},
				"up": {"uv": [0, 0, 16, 16], "texture": "#0"},
				"down": {"uv": [0, 0, 16, 16], "texture": "#0"}
			}
		},
		{
			"from": [7.25, 21, -0.5],
			"to": [7.75, 23.75, 0.5],
			"faces": {
				"north": {"uv": [0, 0, 16, 16], "texture": "#0"},
				"east": {"uv": [0, 0, 16, 16], "texture": "#0"},
				"south": {"uv": [0, 0, 16, 16], "texture": "#0"},
				"west": {"uv": [0, 0, 16, 16], "texture": "#0"},
				"up": {"uv": [0, 0, 16, 16], "texture": "#0"},
				"down": {"uv": [0, 0, 16, 16], "texture": "#0"}
			}
		},
		{
			"from": [4.25, 14.25, -0.5],
			"to": [4.75, 18.5, 0.5],
			"rotation": {"angle": 22.5, "axis": "z", "origin": [10.5, 15, 0]},
			"faces": {
				"north": {"uv": [0, 0, 16, 16], "texture": "#0"},
				"east": {"uv": [0, 0, 16, 16], "texture": "#0"},
				"south": {"uv": [0, 0, 16, 16], "texture": "#0"},
				"west": {"uv": [0, 0, 16, 16], "texture": "#0"},
				"up": {"uv": [0, 0, 16, 16], "texture": "#0"},
				"down": {"uv": [0, 0, 16, 16], "texture": "#0"}
			}
		},
		{
			"from": [4.75, 18, -0.5],
			"to": [5.25, 21, 0.5],
			"rotation": {"angle": 22.5, "axis": "z", "origin": [10.5, 15, 0]},
			"faces": {
				"north": {"uv": [0, 0, 16, 16], "texture": "#0"},
				"east": {"uv": [0, 0, 16, 16], "texture": "#0"},
				"south": {"uv": [0, 0, 16, 16], "texture": "#0"},
				"west": {"uv": [0, 0, 16, 16], "texture": "#0"},
				"up": {"uv": [0, 0, 16, 16], "texture": "#0"},
				"down": {"uv": [0, 0, 16, 16], "texture": "#0"}
			}
		},
		{
			"from": [4.25, 20.5, -0.5],
			"to": [4.75, 24, 0.5],
			"rotation": {"angle": 22.5, "axis": "z", "origin": [10.5, 15, 0]},
			"faces": {
				"north": {"uv": [0, 0, 16, 16], "texture": "#0"},
				"east": {"uv": [0, 0, 16, 16], "texture": "#0"},
				"south": {"uv": [0, 0, 16, 16], "texture": "#0"},
				"west": {"uv": [0, 0, 16, 16], "texture": "#0"},
				"up": {"uv": [0, 0, 16, 16], "texture": "#0"},
				"down": {"uv": [0, 0, 16, 16], "texture": "#0"}
			}
		},
		{
			"from": [7.25, -1, -0.5],
			"to": [7.75, 2.75, 0.5],
			"faces": {
				"north": {"uv": [0, 0, 16, 16], "texture": "#0"},
				"east": {"uv": [0, 0, 16, 16], "texture": "#0"},
				"south": {"uv": [0, 0, 16, 16], "texture": "#0"},
				"west": {"uv": [0, 0, 16, 16], "texture": "#0"},
				"up": {"uv": [0, 0, 16, 16], "texture": "#0"},
				"down": {"uv": [0, 0, 16, 16], "texture": "#0"}
			}
		},
		{
			"from": [7.75, 2.25, -0.5],
			"to": [8.25, 6, 0.5],
			"faces": {
				"north": {"uv": [0, 0, 16, 16], "texture": "#0"},
				"east": {"uv": [0, 0, 16, 16], "texture": "#0"},
				"south": {"uv": [0, 0, 16, 16], "texture": "#0"},
				"west": {"uv": [0, 0, 16, 16], "texture": "#0"},
				"up": {"uv": [0, 0, 16, 16], "texture": "#0"},
				"down": {"uv": [0, 0, 16, 16], "texture": "#0"}
			}
		},
		{
			"from": [7.75, -2, -0.5],
			"to": [8.25, -0.25, 0.5],
			"faces": {
				"north": {"uv": [0, 0, 16, 16], "texture": "#0"},
				"east": {"uv": [0, 0, 16, 16], "texture": "#0"},
				"south": {"uv": [0, 0, 16, 16], "texture": "#0"},
				"west": {"uv": [0, 0, 16, 16], "texture": "#0"},
				"up": {"uv": [0, 0, 16, 16], "texture": "#0"},
				"down": {"uv": [0, 0, 16, 16], "texture": "#0"}
			}
		},
		{
			"from": [7.25, -5.25, -0.5],
			"to": [7.75, -1.5, 0.5],
			"faces": {
				"north": {"uv": [0, 0, 16, 16], "texture": "#0"},
				"east": {"uv": [0, 0, 16, 16], "texture": "#0"},
				"south": {"uv": [0, 0, 16, 16], "texture": "#0"},
				"west": {"uv": [0, 0, 16, 16], "texture": "#0"},
				"up": {"uv": [0, 0, 16, 16], "texture": "#0"},
				"down": {"uv": [0, 0, 16, 16], "texture": "#0"}
			}
		},
		{
			"from": [-5.5, 25.5, -3.25],
			"to": [-4.5, 26.5, -3],
			"rotation": {"angle": 22.5, "axis": "y", "origin": [8, 0.5, 0.5]},
			"faces": {
				"north": {"uv": [0, 0, 6.25, 1], "texture": "#4"},
				"east": {"uv": [0, 0, 6.25, 1], "texture": "#4"},
				"south": {"uv": [0, 0, 6.25, 1], "texture": "#4"},
				"west": {"uv": [0, 0, 6.25, 1], "texture": "#4"},
				"up": {"uv": [0, 0, 6.25, 1], "texture": "#4"},
				"down": {"uv": [0, 0, 6.25, 1], "texture": "#4"}
			}
		},
		{
			"from": [20.5, 25.5, -3.25],
			"to": [21.5, 26.5, -3],
			"rotation": {"angle": -22.5, "axis": "y", "origin": [8, 0.5, 0.5]},
			"faces": {
				"north": {"uv": [0, 0, 6.25, 1], "texture": "#4"},
				"east": {"uv": [0, 0, 6.25, 1], "texture": "#4"},
				"south": {"uv": [0, 0, 6.25, 1], "texture": "#4"},
				"west": {"uv": [0, 0, 6.25, 1], "texture": "#4"},
				"up": {"uv": [0, 0, 6.25, 1], "texture": "#4"},
				"down": {"uv": [0, 0, 6.25, 1], "texture": "#4"}
			}
		},
		{
			"from": [20.5, -9.5, -3.25],
			"to": [21.5, -8.5, -3],
			"rotation": {"angle": -22.5, "axis": "y", "origin": [8, -34.5, 0.5]},
			"faces": {
				"north": {"uv": [0, 0, 6.25, 1], "texture": "#4"},
				"east": {"uv": [0, 0, 6.25, 1], "texture": "#4"},
				"south": {"uv": [0, 0, 6.25, 1], "texture": "#4"},
				"west": {"uv": [0, 0, 6.25, 1], "texture": "#4"},
				"up": {"uv": [0, 0, 6.25, 1], "texture": "#4"},
				"down": {"uv": [0, 0, 6.25, 1], "texture": "#4"}
			}
		},
		{
			"from": [-5.5, -9.5, -3.25],
			"to": [-4.5, -8.5, -3],
			"rotation": {"angle": 22.5, "axis": "y", "origin": [8, -34.5, 0.5]},
			"faces": {
				"north": {"uv": [0, 0, 6.25, 1], "texture": "#4"},
				"east": {"uv": [0, 0, 6.25, 1], "texture": "#4"},
				"south": {"uv": [0, 0, 6.25, 1], "texture": "#4"},
				"west": {"uv": [0, 0, 6.25, 1], "texture": "#4"},
				"up": {"uv": [0, 0, 6.25, 1], "texture": "#4"},
				"down": {"uv": [0, 0, 6.25, 1], "texture": "#4"}
			}
		},
		{
			"from": [7.25, 3, -0.5],
			"to": [7.75, 6.75, 0.5],
			"rotation": {"angle": 22.5, "axis": "z", "origin": [10.5, 15, 0]},
			"faces": {
				"north": {"uv": [0, 0, 16, 16], "texture": "#0"},
				"east": {"uv": [0, 0, 16, 16], "texture": "#0"},
				"south": {"uv": [0, 0, 16, 16], "texture": "#0"},
				"west": {"uv": [0, 0, 16, 16], "texture": "#0"},
				"up": {"uv": [0, 0, 16, 16], "texture": "#0"},
				"down": {"uv": [0, 0, 16, 16], "texture": "#0"}
			}
		},
		{
			"from": [6.75, 0.75, -0.5],
			"to": [7.25, 3.5, 0.5],
			"rotation": {"angle": 22.5, "axis": "z", "origin": [10.5, 15, 0]},
			"faces": {
				"north": {"uv": [0, 0, 16, 16], "texture": "#0"},
				"east": {"uv": [0, 0, 16, 16], "texture": "#0"},
				"south": {"uv": [0, 0, 16, 16], "texture": "#0"},
				"west": {"uv": [0, 0, 16, 16], "texture": "#0"},
				"up": {"uv": [0, 0, 16, 16], "texture": "#0"},
				"down": {"uv": [0, 0, 16, 16], "texture": "#0"}
			}
		},
		{
			"from": [6.25, -0.75, -0.5],
			"to": [6.75, 1.25, 0.5],
			"rotation": {"angle": 22.5, "axis": "z", "origin": [10.5, 15, 0]},
			"faces": {
				"north": {"uv": [0, 0, 16, 16], "texture": "#0"},
				"east": {"uv": [0, 0, 16, 16], "texture": "#0"},
				"south": {"uv": [0, 0, 16, 16], "texture": "#0"},
				"west": {"uv": [0, 0, 16, 16], "texture": "#0"},
				"up": {"uv": [0, 0, 16, 16], "texture": "#0"},
				"down": {"uv": [0, 0, 16, 16], "texture": "#0"}
			}
		},
		{
			"from": [6.75, -2.25, -0.5],
			"to": [7.25, -0.25, 0.5],
			"rotation": {"angle": 22.5, "axis": "z", "origin": [10.5, 15, 0]},
			"faces": {
				"north": {"uv": [0, 0, 16, 16], "texture": "#0"},
				"east": {"uv": [0, 0, 16, 16], "texture": "#0"},
				"south": {"uv": [0, 0, 16, 16], "texture": "#0"},
				"west": {"uv": [0, 0, 16, 16], "texture": "#0"},
				"up": {"uv": [0, 0, 16, 16], "texture": "#0"},
				"down": {"uv": [0, 0, 16, 16], "texture": "#0"}
			}
		},
		{
			"from": [7.25, -3.75, -0.5],
			"to": [7.75, -1.75, 0.5],
			"rotation": {"angle": 22.5, "axis": "z", "origin": [10.5, 15, 0]},
			"faces": {
				"north": {"uv": [0, 0, 16, 16], "texture": "#0"},
				"east": {"uv": [0, 0, 16, 16], "texture": "#0"},
				"south": {"uv": [0, 0, 16, 16], "texture": "#0"},
				"west": {"uv": [0, 0, 16, 16], "texture": "#0"},
				"up": {"uv": [0, 0, 16, 16], "texture": "#0"},
				"down": {"uv": [0, 0, 16, 16], "texture": "#0"}
			}
		},
		{
			"from": [8.75, 1, -0.5],
			"to": [9.25, 4.75, 0.5],
			"rotation": {"angle": -22.5, "axis": "z", "origin": [10.5, 15, 0]},
			"faces": {
				"north": {"uv": [0, 0, 16, 16], "texture": "#0"},
				"east": {"uv": [0, 0, 16, 16], "texture": "#0"},
				"south": {"uv": [0, 0, 16, 16], "texture": "#0"},
				"west": {"uv": [0, 0, 16, 16], "texture": "#0"},
				"up": {"uv": [0, 0, 16, 16], "texture": "#0"},
				"down": {"uv": [0, 0, 16, 16], "texture": "#0"}
			}
		},
		{
			"from": [8.25, -1.25, -0.5],
			"to": [8.75, 1.75, 0.5],
			"rotation": {"angle": -22.5, "axis": "z", "origin": [10.5, 15, 0]},
			"faces": {
				"north": {"uv": [0, 0, 16, 16], "texture": "#0"},
				"east": {"uv": [0, 0, 16, 16], "texture": "#0"},
				"south": {"uv": [0, 0, 16, 16], "texture": "#0"},
				"west": {"uv": [0, 0, 16, 16], "texture": "#0"},
				"up": {"uv": [0, 0, 16, 16], "texture": "#0"},
				"down": {"uv": [0, 0, 16, 16], "texture": "#0"}
			}
		},
		{
			"from": [8.75, -2.75, -0.5],
			"to": [9.25, -0.75, 0.5],
			"rotation": {"angle": -22.5, "axis": "z", "origin": [10.5, 15, 0]},
			"faces": {
				"north": {"uv": [0, 0, 16, 16], "texture": "#0"},
				"east": {"uv": [0, 0, 16, 16], "texture": "#0"},
				"south": {"uv": [0, 0, 16, 16], "texture": "#0"},
				"west": {"uv": [0, 0, 16, 16], "texture": "#0"},
				"up": {"uv": [0, 0, 16, 16], "texture": "#0"},
				"down": {"uv": [0, 0, 16, 16], "texture": "#0"}
			}
		},
		{
			"from": [9.25, -5.25, -0.5],
			"to": [9.75, -2.25, 0.5],
			"rotation": {"angle": -22.5, "axis": "z", "origin": [10.5, 15, 0]},
			"faces": {
				"north": {"uv": [0, 0, 16, 16], "texture": "#0"},
				"east": {"uv": [0, 0, 16, 16], "texture": "#0"},
				"south": {"uv": [0, 0, 16, 16], "texture": "#0"},
				"west": {"uv": [0, 0, 16, 16], "texture": "#0"},
				"up": {"uv": [0, 0, 16, 16], "texture": "#0"},
				"down": {"uv": [0, 0, 16, 16], "texture": "#0"}
			}
		},
		{
			"from": [0.75, 8.25, -0.5],
			"to": [5, 10, 0.5],
			"faces": {
				"north": {"uv": [0, 0, 16, 16], "rotation": 90, "texture": "#0"},
				"east": {"uv": [0, 0, 16, 16], "rotation": 270, "texture": "#0"},
				"south": {"uv": [0, 0, 16, 16], "rotation": 270, "texture": "#0"},
				"west": {"uv": [0, 0, 16, 16], "rotation": 90, "texture": "#0"},
				"up": {"uv": [0, 0, 16, 16], "rotation": 270, "texture": "#0"},
				"down": {"uv": [0, 0, 16, 16], "rotation": 270, "texture": "#0"}
			}
		},
		{
			"from": [0, 9, -0.75],
			"to": [5, 9.75, 0.5],
			"faces": {
				"north": {"uv": [0, 0, 16, 16], "rotation": 90, "texture": "#0"},
				"east": {"uv": [0, 0, 16, 16], "rotation": 270, "texture": "#0"},
				"south": {"uv": [0, 0, 16, 16], "rotation": 270, "texture": "#0"},
				"west": {"uv": [0, 0, 16, 16], "rotation": 90, "texture": "#0"},
				"up": {"uv": [0, 0, 16, 16], "rotation": 270, "texture": "#0"},
				"down": {"uv": [0, 0, 16, 16], "rotation": 270, "texture": "#0"}
			}
		},
		{
			"from": [3.5, 9.5, -0.75],
			"to": [5, 10, 0.5],
			"faces": {
				"north": {"uv": [0, 0, 16, 16], "rotation": 90, "texture": "#0"},
				"east": {"uv": [0, 0, 16, 16], "rotation": 270, "texture": "#0"},
				"south": {"uv": [0, 0, 16, 16], "rotation": 270, "texture": "#0"},
				"west": {"uv": [0, 0, 16, 16], "rotation": 90, "texture": "#0"},
				"up": {"uv": [0, 0, 16, 16], "rotation": 270, "texture": "#0"},
				"down": {"uv": [0, 0, 16, 16], "rotation": 270, "texture": "#0"}
			}
		},
		{
			"from": [0.5, 8.75, -0.75],
			"to": [4, 9.75, 0.5],
			"faces": {
				"north": {"uv": [0, 0, 16, 16], "rotation": 90, "texture": "#0"},
				"east": {"uv": [0, 0, 16, 16], "rotation": 270, "texture": "#0"},
				"south": {"uv": [0, 0, 16, 16], "rotation": 270, "texture": "#0"},
				"west": {"uv": [0, 0, 16, 16], "rotation": 90, "texture": "#0"},
				"up": {"uv": [0, 0, 16, 16], "rotation": 270, "texture": "#0"},
				"down": {"uv": [0, 0, 16, 16], "rotation": 270, "texture": "#0"}
			}
		},
		{
			"from": [11, 8.75, -0.75],
			"to": [16, 9.5, 0.5],
			"faces": {
				"north": {"uv": [0, 0, 16, 16], "rotation": 270, "texture": "#0"},
				"east": {"uv": [0, 0, 16, 16], "rotation": 270, "texture": "#0"},
				"south": {"uv": [0, 0, 16, 16], "rotation": 90, "texture": "#0"},
				"west": {"uv": [0, 0, 16, 16], "rotation": 90, "texture": "#0"},
				"up": {"uv": [0, 0, 16, 16], "rotation": 90, "texture": "#0"},
				"down": {"uv": [0, 0, 16, 16], "rotation": 90, "texture": "#0"}
			}
		},
		{
			"from": [11, 8.5, -0.75],
			"to": [14.5, 9.5, 0.5],
			"faces": {
				"north": {"uv": [0, 0, 16, 16], "rotation": 270, "texture": "#0"},
				"east": {"uv": [0, 0, 16, 16], "rotation": 270, "texture": "#0"},
				"south": {"uv": [0, 0, 16, 16], "rotation": 90, "texture": "#0"},
				"west": {"uv": [0, 0, 16, 16], "rotation": 90, "texture": "#0"},
				"up": {"uv": [0, 0, 16, 16], "rotation": 90, "texture": "#0"},
				"down": {"uv": [0, 0, 16, 16], "rotation": 90, "texture": "#0"}
			}
		},
		{
			"from": [11, 8.25, -0.5],
			"to": [15.25, 10, 0.5],
			"faces": {
				"north": {"uv": [0, 0, 16, 16], "rotation": 270, "texture": "#0"},
				"east": {"uv": [0, 0, 16, 16], "rotation": 270, "texture": "#0"},
				"south": {"uv": [0, 0, 16, 16], "rotation": 90, "texture": "#0"},
				"west": {"uv": [0, 0, 16, 16], "rotation": 90, "texture": "#0"},
				"up": {"uv": [0, 0, 16, 16], "rotation": 90, "texture": "#0"},
				"down": {"uv": [0, 0, 16, 16], "rotation": 90, "texture": "#0"}
			}
		}
	],
	"display": {
		"thirdperson_righthand": {
			"rotation": [68, -16, -10],
			"translation": [2, -5, 3],
			"scale": [0.53, 0.77, 0.67]
		},
		"thirdperson_lefthand": {
			"rotation": [68, -16, -10],
			"translation": [2, -5, 3],
			"scale": [0.53, 0.77, 0.67]
		},
		"firstperson_righthand": {
			"translation": [12, -8.5, -3.5],
			"scale": [0.63, 0.63, 0.65]
		},
		"firstperson_lefthand": {
			"translation": [12, -8.5, -3.5],
			"scale": [0.63, 0.63, 0.65]
		},
		"ground": {
			"translation": [0, 9.25, 0],
			"scale": [0.7, 0.69, 0.7]
		},
		"gui": {
			"rotation": [19, 154, 18],
			"translation": [0.75, 0, 0],
			"scale": [0.36, 0.39, 0.38]
		},
		"head": {
			"rotation": [0, 180, 0],
			"translation": [0, -21, 0],
			"scale": [1.01, 1, 1]
		},
		"fixed": {
			"rotation": [0, 0, 27],
			"translation": [0, 0, 1.75],
			"scale": [0.42, 0.6, 0.61]
		}
	}
}