{
	"credit": "Made with Blockbench",
	"textures": {
		"0": "block/snow",
		"1": "block/light_gray_concrete",
		"particle": "block/snow"
	},
	"elements": [
		{
			"from": [0, 0.25, 0],
			"to": [16, 2.5, 16],
			"faces": {
				"north": {"uv": [0, 0, 16, 2], "texture": "#1"},
				"east": {"uv": [0, 0, 16, 2], "texture": "#1"},
				"south": {"uv": [0, 0, 16, 2], "texture": "#1"},
				"west": {"uv": [0, 0, 16, 2], "texture": "#1"},
				"up": {"uv": [0, 0, 16, 2], "texture": "#1"},
				"down": {"uv": [0, 0, 16, 2], "texture": "#1"}
			}
		},
		{
			"from": [1, 0.5, 1],
			"to": [15, 3.5, 15],
			"faces": {
				"north": {"uv": [0, 0, 14, 3], "texture": "#1"},
				"east": {"uv": [0, 0, 14, 3], "texture": "#1"},
				"south": {"uv": [0, 0, 14, 3], "texture": "#1"},
				"west": {"uv": [0, 0, 14, 3], "texture": "#1"},
				"up": {"uv": [0, 0, 14, 3], "texture": "#1"},
				"down": {"uv": [0, 0, 14, 3], "texture": "#1"}
			}
		},
		{
			"from": [3, 0.5, 3],
			"to": [13, 4.5, 13],
			"faces": {
				"north": {"uv": [0, 0, 10, 4], "texture": "#1"},
				"east": {"uv": [0, 0, 10, 4], "texture": "#1"},
				"south": {"uv": [0, 0, 10, 4], "texture": "#1"},
				"west": {"uv": [0, 0, 10, 4], "texture": "#1"},
				"up": {"uv": [0, 0, 10, 4], "texture": "#1"},
				"down": {"uv": [0, 0, 10, 4], "texture": "#1"}
			}
		},
		{
			"from": [6.5, 0.5, 7],
			"to": [9.5, 6.5, 10],
			"faces": {
				"north": {"uv": [0, 0, 4, 6], "texture": "#1"},
				"east": {"uv": [0, 0, 4, 6], "texture": "#1"},
				"south": {"uv": [0, 0, 4, 6], "texture": "#1"},
				"west": {"uv": [0, 0, 4, 6], "texture": "#1"},
				"up": {"uv": [0, 0, 4, 6], "texture": "#1"},
				"down": {"uv": [0, 0, 4, 6], "texture": "#1"}
			}
		},
		{
			"from": [0, 0.5, 0],
			"to": [16, 2.5, 16],
			"faces": {
				"north": {"uv": [0, 0, 16, 2], "texture": "#1"},
				"east": {"uv": [0, 0, 16, 2], "texture": "#1"},
				"south": {"uv": [0, 0, 16, 2], "texture": "#1"},
				"west": {"uv": [0, 0, 16, 2], "texture": "#1"},
				"up": {"uv": [0, 0, 16, 2], "texture": "#1"},
				"down": {"uv": [0, 0, 16, 2], "texture": "#1"}
			}
		},
		{
			"from": [3.5, 0.75, 3.5],
			"to": [12.5, 4.75, 12.5],
			"faces": {
				"north": {"uv": [0, 0, 10, 4], "texture": "#1"},
				"east": {"uv": [0, 0, 10, 4], "texture": "#1"},
				"south": {"uv": [0, 0, 10, 4], "texture": "#1"},
				"west": {"uv": [0, 0, 10, 4], "texture": "#1"},
				"up": {"uv": [0, 0, 10, 4], "texture": "#1"},
				"down": {"uv": [0, 0, 10, 4], "texture": "#1"}
			}
		},
		{
			"from": [0, 3.5, 2],
			"to": [1, 6.5, 10],
			"rotation": {"angle": -22.5, "axis": "x", "origin": [8, 8.5, 8]},
			"faces": {
				"north": {"uv": [0, 0, 8, 3], "rotation": 180, "texture": "#0"},
				"east": {"uv": [0, 0, 8, 3], "texture": "#0"},
				"south": {"uv": [0, 0, 8, 3], "rotation": 180, "texture": "#0"},
				"west": {"uv": [3, 11, 11, 12], "rotation": 180, "texture": "#0"},
				"up": {"uv": [0, 0, 8, 3], "rotation": 180, "texture": "#0"},
				"down": {"uv": [0, 0, 8, 3], "texture": "#0"}
			}
		},
		{
			"from": [-0.25, 3.75, 1.5],
			"to": [1, 5.25, 4],
			"rotation": {"angle": -22.5, "axis": "x", "origin": [8, 8.5, 8]},
			"faces": {
				"north": {"uv": [0, 0, 10, 2], "rotation": 180, "texture": "#0"},
				"east": {"uv": [0, 0, 10, 2], "texture": "#0"},
				"south": {"uv": [0, 0, 10, 2], "rotation": 180, "texture": "#0"},
				"west": {"uv": [3, 11, 11, 12], "rotation": 180, "texture": "#0"},
				"up": {"uv": [3, 8.5, 13, 10.5], "rotation": 180, "texture": "#0"},
				"down": {"uv": [0, 0, 10, 2], "texture": "#0"}
			}
		},
		{
			"from": [-0.75, 4.25, 2.75],
			"to": [1, 5.25, 5],
			"rotation": {"angle": -22.5, "axis": "x", "origin": [8, 8.5, 8]},
			"faces": {
				"north": {"uv": [3.5, 8, 11.5, 9], "rotation": 180, "texture": "#0"},
				"east": {"uv": [3.5, 8, 11.5, 9], "texture": "#0"},
				"south": {"uv": [3.5, 8, 11.5, 9], "rotation": 180, "texture": "#0"},
				"west": {"uv": [3, 11, 11, 12], "rotation": 180, "texture": "#0"},
				"up": {"uv": [3.5, 8, 11.5, 9], "rotation": 180, "texture": "#0"},
				"down": {"uv": [3.5, 8, 11.5, 9], "texture": "#0"}
			}
		},
		{
			"from": [-0.75, 4.75, 8.5],
			"to": [1, 5.25, 9],
			"rotation": {"angle": -22.5, "axis": "x", "origin": [8, 8.5, 8]},
			"faces": {
				"north": {"uv": [3.5, 8, 11.5, 9], "rotation": 180, "texture": "#0"},
				"east": {"uv": [3.5, 8, 11.5, 9], "texture": "#0"},
				"south": {"uv": [3.5, 8, 11.5, 9], "rotation": 180, "texture": "#0"},
				"west": {"uv": [3, 11, 11, 12], "rotation": 180, "texture": "#0"},
				"up": {"uv": [3.5, 8, 11.5, 9], "rotation": 180, "texture": "#0"},
				"down": {"uv": [3.5, 8, 11.5, 9], "texture": "#0"}
			}
		},
		{
			"from": [-0.75, 5.75, 6.5],
			"to": [1, 6.25, 7.25],
			"rotation": {"angle": -22.5, "axis": "x", "origin": [8, 8.5, 8]},
			"faces": {
				"north": {"uv": [3.5, 8, 11.5, 9], "rotation": 180, "texture": "#0"},
				"east": {"uv": [3.5, 8, 11.5, 9], "texture": "#0"},
				"south": {"uv": [3.5, 8, 11.5, 9], "rotation": 180, "texture": "#0"},
				"west": {"uv": [3, 11, 11, 12], "rotation": 180, "texture": "#0"},
				"up": {"uv": [3.5, 8, 11.5, 9], "rotation": 180, "texture": "#0"},
				"down": {"uv": [3.5, 8, 11.5, 9], "texture": "#0"}
			}
		},
		{
			"from": [-0.5, 4.25, 2],
			"to": [1, 5.25, 10],
			"rotation": {"angle": -22.5, "axis": "x", "origin": [8, 8.5, 8]},
			"faces": {
				"north": {"uv": [3.5, 8, 11.5, 9], "rotation": 180, "texture": "#0"},
				"east": {"uv": [3.5, 8, 11.5, 9], "texture": "#0"},
				"south": {"uv": [3.5, 8, 11.5, 9], "rotation": 180, "texture": "#0"},
				"west": {"uv": [3, 11, 11, 12], "rotation": 180, "texture": "#0"},
				"up": {"uv": [3.5, 8, 11.5, 9], "rotation": 180, "texture": "#0"},
				"down": {"uv": [3.5, 8, 11.5, 9], "texture": "#0"}
			}
		},
		{
			"from": [-0.25, 4.25, 2],
			"to": [1, 6.25, 12],
			"rotation": {"angle": -22.5, "axis": "x", "origin": [8, 8.5, 8]},
			"faces": {
				"north": {"uv": [0, 0, 10, 2], "rotation": 180, "texture": "#0"},
				"east": {"uv": [0, 0, 10, 2], "texture": "#0"},
				"south": {"uv": [0, 0, 10, 2], "rotation": 180, "texture": "#0"},
				"west": {"uv": [3, 11, 11, 12], "rotation": 180, "texture": "#0"},
				"up": {"uv": [3, 8.5, 13, 10.5], "rotation": 180, "texture": "#0"},
				"down": {"uv": [0, 0, 10, 2], "texture": "#0"}
			}
		},
		{
			"from": [0, 4.75, 2],
			"to": [1, 6.25, 13],
			"rotation": {"angle": -22.5, "axis": "x", "origin": [8, 8.5, 8]},
			"faces": {
				"north": {"uv": [2.5, 8, 13.5, 9.5], "rotation": 180, "texture": "#0"},
				"east": {"uv": [2.5, 8, 13.5, 9.5], "texture": "#0"},
				"south": {"uv": [1.5, 9, 16, 16], "rotation": 180, "texture": "#0"},
				"west": {"uv": [2.5, 8, 13.5, 9.5], "rotation": 180, "texture": "#0"},
				"up": {"uv": [2.5, 8, 13.5, 9.5], "rotation": 180, "texture": "#0"},
				"down": {"uv": [2.5, 8, 13.5, 9.5], "texture": "#0"}
			}
		},
		{
			"from": [0, 5.75, 2],
			"to": [1, 6.25, 17],
			"rotation": {"angle": -22.5, "axis": "x", "origin": [8, 8.5, 8]},
			"faces": {
				"north": {"uv": [0, 0, 15, 0.5], "rotation": 180, "texture": "#0"},
				"east": {"uv": [0, 0, 15, 0.5], "texture": "#0"},
				"south": {"uv": [0, 0, 15, 0.5], "rotation": 180, "texture": "#0"},
				"west": {"uv": [3, 11, 11, 12], "rotation": 180, "texture": "#0"},
				"up": {"uv": [0, 0, 15, 0.5], "rotation": 180, "texture": "#0"},
				"down": {"uv": [0, 0, 15, 0.5], "texture": "#0"}
			}
		},
		{
			"from": [15, 3.5, 2],
			"to": [16, 6.5, 10],
			"rotation": {"angle": -22.5, "axis": "x", "origin": [8, 8.5, 8]},
			"faces": {
				"north": {"uv": [8, 0, 0, 3], "rotation": 180, "texture": "#0"},
				"east": {"uv": [11, 11, 3, 12], "rotation": 180, "texture": "#0"},
				"south": {"uv": [8, 0, 0, 3], "rotation": 180, "texture": "#0"},
				"west": {"uv": [8, 0, 0, 3], "texture": "#0"},
				"up": {"uv": [8, 0, 0, 3], "rotation": 180, "texture": "#0"},
				"down": {"uv": [8, 0, 0, 3], "texture": "#0"}
			}
		},
		{
			"from": [15, 4.25, 2],
			"to": [16.25, 6.25, 12],
			"rotation": {"angle": -22.5, "axis": "x", "origin": [8, 8.5, 8]},
			"faces": {
				"north": {"uv": [10, 0, 0, 2], "rotation": 180, "texture": "#0"},
				"east": {"uv": [11, 11, 3, 12], "rotation": 180, "texture": "#0"},
				"south": {"uv": [10, 0, 0, 2], "rotation": 180, "texture": "#0"},
				"west": {"uv": [10, 0, 0, 2], "texture": "#0"},
				"up": {"uv": [13, 8.5, 3, 10.5], "rotation": 180, "texture": "#0"},
				"down": {"uv": [10, 0, 0, 2], "texture": "#0"}
			}
		},
		{
			"from": [15, 5.75, 6.5],
			"to": [16.75, 6.25, 7.25],
			"rotation": {"angle": -22.5, "axis": "x", "origin": [8, 8.5, 8]},
			"faces": {
				"north": {"uv": [11.5, 8, 3.5, 9], "rotation": 180, "texture": "#0"},
				"east": {"uv": [11, 11, 3, 12], "rotation": 180, "texture": "#0"},
				"south": {"uv": [11.5, 8, 3.5, 9], "rotation": 180, "texture": "#0"},
				"west": {"uv": [11.5, 8, 3.5, 9], "texture": "#0"},
				"up": {"uv": [11.5, 8, 3.5, 9], "rotation": 180, "texture": "#0"},
				"down": {"uv": [11.5, 8, 3.5, 9], "texture": "#0"}
			}
		},
		{
			"from": [15, 4.25, 2],
			"to": [16.5, 5.25, 10],
			"rotation": {"angle": -22.5, "axis": "x", "origin": [8, 8.5, 8]},
			"faces": {
				"north": {"uv": [11.5, 8, 3.5, 9], "rotation": 180, "texture": "#0"},
				"east": {"uv": [11, 11, 3, 12], "rotation": 180, "texture": "#0"},
				"south": {"uv": [11.5, 8, 3.5, 9], "rotation": 180, "texture": "#0"},
				"west": {"uv": [11.5, 8, 3.5, 9], "texture": "#0"},
				"up": {"uv": [11.5, 8, 3.5, 9], "rotation": 180, "texture": "#0"},
				"down": {"uv": [11.5, 8, 3.5, 9], "texture": "#0"}
			}
		},
		{
			"from": [15, 4.75, 8.5],
			"to": [16.75, 5.25, 9],
			"rotation": {"angle": -22.5, "axis": "x", "origin": [8, 8.5, 8]},
			"faces": {
				"north": {"uv": [11.5, 8, 3.5, 9], "rotation": 180, "texture": "#0"},
				"east": {"uv": [11, 11, 3, 12], "rotation": 180, "texture": "#0"},
				"south": {"uv": [11.5, 8, 3.5, 9], "rotation": 180, "texture": "#0"},
				"west": {"uv": [11.5, 8, 3.5, 9], "texture": "#0"},
				"up": {"uv": [11.5, 8, 3.5, 9], "rotation": 180, "texture": "#0"},
				"down": {"uv": [11.5, 8, 3.5, 9], "texture": "#0"}
			}
		},
		{
			"from": [15, 4.25, 2.75],
			"to": [16.75, 5.25, 5],
			"rotation": {"angle": -22.5, "axis": "x", "origin": [8, 8.5, 8]},
			"faces": {
				"north": {"uv": [11.5, 8, 3.5, 9], "rotation": 180, "texture": "#0"},
				"east": {"uv": [11, 11, 3, 12], "rotation": 180, "texture": "#0"},
				"south": {"uv": [11.5, 8, 3.5, 9], "rotation": 180, "texture": "#0"},
				"west": {"uv": [11.5, 8, 3.5, 9], "texture": "#0"},
				"up": {"uv": [11.5, 8, 3.5, 9], "rotation": 180, "texture": "#0"},
				"down": {"uv": [11.5, 8, 3.5, 9], "texture": "#0"}
			}
		},
		{
			"from": [15, 3.75, 1.5],
			"to": [16.25, 5.25, 4],
			"rotation": {"angle": -22.5, "axis": "x", "origin": [8, 8.5, 8]},
			"faces": {
				"north": {"uv": [10, 0, 0, 2], "rotation": 180, "texture": "#0"},
				"east": {"uv": [11, 11, 3, 12], "rotation": 180, "texture": "#0"},
				"south": {"uv": [10, 0, 0, 2], "rotation": 180, "texture": "#0"},
				"west": {"uv": [10, 0, 0, 2], "texture": "#0"},
				"up": {"uv": [13, 8.5, 3, 10.5], "rotation": 180, "texture": "#0"},
				"down": {"uv": [10, 0, 0, 2], "texture": "#0"}
			}
		},
		{
			"from": [15, 4.75, 2],
			"to": [16, 6.25, 13],
			"rotation": {"angle": -22.5, "axis": "x", "origin": [8, 8.5, 8]},
			"faces": {
				"north": {"uv": [13.5, 8, 2.5, 9.5], "rotation": 180, "texture": "#0"},
				"east": {"uv": [13.5, 8, 2.5, 9.5], "rotation": 180, "texture": "#0"},
				"south": {"uv": [16, 9, 1.5, 16], "rotation": 180, "texture": "#0"},
				"west": {"uv": [13.5, 8, 2.5, 9.5], "texture": "#0"},
				"up": {"uv": [13.5, 8, 2.5, 9.5], "rotation": 180, "texture": "#0"},
				"down": {"uv": [13.5, 8, 2.5, 9.5], "texture": "#0"}
			}
		},
		{
			"from": [15, 5.75, 2],
			"to": [16, 6.25, 17],
			"rotation": {"angle": -22.5, "axis": "x", "origin": [8, 8.5, 8]},
			"faces": {
				"north": {"uv": [15, 0, 0, 0.5], "rotation": 180, "texture": "#0"},
				"east": {"uv": [11, 11, 3, 12], "rotation": 180, "texture": "#0"},
				"south": {"uv": [15, 0, 0, 0.5], "rotation": 180, "texture": "#0"},
				"west": {"uv": [15, 0, 0, 0.5], "texture": "#0"},
				"up": {"uv": [15, 0, 0, 0.5], "rotation": 180, "texture": "#0"},
				"down": {"uv": [15, 0, 0, 0.5], "texture": "#0"}
			}
		},
		{
			"from": [2.25, 0.5, 4],
			"to": [13.75, 4.25, 12],
			"faces": {
				"north": {"uv": [0, 0, 10, 4], "texture": "#1"},
				"east": {"uv": [0, 0, 10, 4], "texture": "#1"},
				"south": {"uv": [0, 0, 10, 4], "texture": "#1"},
				"west": {"uv": [0, 0, 10, 4], "texture": "#1"},
				"up": {"uv": [0, 0, 10, 4], "rotation": 270, "texture": "#1"},
				"down": {"uv": [0, 0, 10, 4], "rotation": 90, "texture": "#1"}
			}
		},
		{
			"from": [4, 0.5, 2.25],
			"to": [12, 4.25, 13.75],
			"faces": {
				"north": {"uv": [0, 0, 10, 4], "texture": "#1"},
				"east": {"uv": [0, 0, 10, 4], "texture": "#1"},
				"south": {"uv": [0, 0, 10, 4], "texture": "#1"},
				"west": {"uv": [0, 0, 10, 4], "texture": "#1"},
				"up": {"uv": [0, 0, 10, 4], "rotation": 180, "texture": "#1"},
				"down": {"uv": [0, 0, 10, 4], "rotation": 180, "texture": "#1"}
			}
		},
		{
			"from": [6.5, 0.5, 5.75],
			"to": [9.5, 5.5, 11.25],
			"faces": {
				"north": {"uv": [0, 0, 4, 6], "texture": "#1"},
				"east": {"uv": [0, 0, 4, 6], "texture": "#1"},
				"south": {"uv": [0, 0, 4, 6], "texture": "#1"},
				"west": {"uv": [0, 0, 4, 6], "texture": "#1"},
				"up": {"uv": [0, 0, 4, 6], "texture": "#1"},
				"down": {"uv": [0, 0, 4, 6], "texture": "#1"}
			}
		},
		{
			"from": [5.25, 0.5, 7],
			"to": [10.75, 5.5, 10],
			"faces": {
				"north": {"uv": [0, 0, 4, 6], "texture": "#1"},
				"east": {"uv": [0, 0, 4, 6], "texture": "#1"},
				"south": {"uv": [0, 0, 4, 6], "texture": "#1"},
				"west": {"uv": [0, 0, 4, 6], "texture": "#1"},
				"up": {"uv": [0, 0, 4, 6], "rotation": 270, "texture": "#1"},
				"down": {"uv": [0, 0, 4, 6], "rotation": 90, "texture": "#1"}
			}
		},
		{
			"from": [2, 0.5, 0.75],
			"to": [14, 3, 15.25],
			"faces": {
				"north": {"uv": [0, 0, 14, 3], "texture": "#1"},
				"east": {"uv": [0, 0, 14, 3], "texture": "#1"},
				"south": {"uv": [0, 0, 14, 3], "texture": "#1"},
				"west": {"uv": [0, 0, 14, 3], "texture": "#1"},
				"up": {"uv": [0, 0, 14, 3], "texture": "#1"},
				"down": {"uv": [0, 0, 14, 3], "texture": "#1"}
			}
		},
		{
			"from": [0.75, 0.5, 2],
			"to": [15.25, 3, 14],
			"faces": {
				"north": {"uv": [0, 0, 14, 3], "texture": "#1"},
				"east": {"uv": [0, 0, 14, 3], "texture": "#1"},
				"south": {"uv": [0, 0, 14, 3], "texture": "#1"},
				"west": {"uv": [0, 0, 14, 3], "texture": "#1"},
				"up": {"uv": [0, 0, 14, 3], "rotation": 270, "texture": "#1"},
				"down": {"uv": [0, 0, 14, 3], "rotation": 90, "texture": "#1"}
			}
		},
		{
			"from": [0, 6.25, 2.25],
			"to": [1, 6.5, 10.75],
			"rotation": {"angle": -22.5, "axis": "x", "origin": [8, 8.5, 8]},
			"faces": {
				"north": {"uv": [0, 0, 10, 2], "texture": "#0"},
				"east": {"uv": [3, 11, 11, 12], "texture": "#0"},
				"south": {"uv": [0, 0, 10, 2], "texture": "#0"},
				"west": {"uv": [0, 0, 10, 2], "texture": "#0"},
				"up": {"uv": [0, 0, 10, 2], "texture": "#0"},
				"down": {"uv": [3, 8.5, 13, 10.5], "texture": "#0"}
			}
		}
	],
	"display": {
		"thirdperson_righthand": {
			"rotation": [-13, -12, 36],
			"translation": [-2.75, 1, 0],
			"scale": [0.27, 0.27, 0.27]
		},
		"thirdperson_lefthand": {
			"rotation": [-13, -12, 36],
			"translation": [-2.75, 1, 0],
			"scale": [0.27, 0.27, 0.27]
		},
		"firstperson_righthand": {
			"translation": [6.75, 2.25, 0.25]
		},
		"firstperson_lefthand": {
			"translation": [6.75, 2.25, 0.25]
		},
		"ground": {
			"translation": [0, 3.25, 0],
			"scale": [0.5, 0.5, 0.5]
		},
		"gui": {
			"rotation": [22, 144, 0],
			"translation": [0, 2.5, 0],
			"scale": [0.5, 0.5, 0.5]
		},
		"head": {
			"translation": [0, 12.5, 0]
		},
		"fixed": {
			"rotation": [0, -38, 0],
			"translation": [0, 5.25, 0]
		}
	}
}