{
	"credit": "Made with Blockbench",
	"textures": {
		"0": "block/logofer",
		"1": "block/black_concrete",
		"2": "block/beehive_end",
		"particle": "block/logofer"
	},
	"elements": [
		{
			"from": [0, -5, 6],
			"to": [2, 15, 8],
			"faces": {
				"north": {"uv": [2, 1, 4, 15], "texture": "#2"},
				"east": {"uv": [2, 1, 4, 15], "texture": "#2"},
				"south": {"uv": [2, 1, 4, 15], "texture": "#2"},
				"west": {"uv": [2, 1, 4, 15], "texture": "#2"},
				"up": {"uv": [2, 1, 4, 15], "texture": "#2"},
				"down": {"uv": [2, 1, 4, 15], "texture": "#2"}
			}
		},
		{
			"from": [2, 6, 6.5],
			"to": [14, 15, 7.5],
			"faces": {
				"north": {"uv": [2, 1, 4, 15], "texture": "#1"},
				"east": {"uv": [2, 1, 4, 15], "texture": "#1"},
				"south": {"uv": [2, 1, 4, 15], "texture": "#1"},
				"west": {"uv": [2, 1, 4, 15], "texture": "#1"},
				"up": {"uv": [2, 1, 4, 15], "texture": "#1"},
				"down": {"uv": [2, 1, 4, 15], "texture": "#1"}
			}
		},
		{
			"from": [4.6, 7.3, 6.4],
			"to": [11.6, 14.2, 7.55],
			"faces": {
				"north": {"uv": [0, 0, 16, 16], "texture": "#0"},
				"east": {"uv": [2, 1, 4, 15], "texture": "#1"},
				"south": {"uv": [0, 0, 16, 16], "texture": "#0"},
				"west": {"uv": [2, 1, 4, 15], "texture": "#1"},
				"up": {"uv": [2, 1, 4, 15], "texture": "#1"},
				"down": {"uv": [2, 1, 4, 15], "texture": "#1"}
			}
		}
	],
	"display": {
		"thirdperson_righthand": {
			"rotation": [3, 76, 0],
			"translation": [2.25, 10, -5]
		},
		"thirdperson_lefthand": {
			"rotation": [3, -109, 0],
			"translation": [0.75, 5.5, -6]
		},
		"firstperson_righthand": {
			"rotation": [-40, 94, 0],
			"translation": [0, 3, 0],
			"scale": [0.54, 0.56, 0.58]
		},
		"firstperson_lefthand": {
			"rotation": [-40, -86, 0],
			"translation": [0, 3.25, 0],
			"scale": [0.54, 0.56, 0.58]
		},
		"ground": {
			"translation": [0, 6.25, 0],
			"scale": [0.67, 0.68, 0.7]
		},
		"gui": {
			"rotation": [26, 24, -27],
			"translation": [2.5, 0.5, 0],
			"scale": [0.7, 0.7, 0.7]
		},
		"head": {
			"rotation": [0, 91, 0],
			"translation": [2, 20.25, -19.25],
			"scale": [2.5, 2.5, 2.5]
		},
		"fixed": {
			"translation": [0, 0, 2.25]
		}
	}
}