{
	"credit": "Made by remiip",
	"texture_size": [64, 64],
	"textures": {
		"0": "block/echarpe",
		"particle": "block/echarpe"
	},
	"elements": [
		{
			"from": [0, 9.25, 0],
			"to": [16, 13, 16],
			"rotation": {"angle": 0, "axis": "y", "origin": [14, 11, 0]},
			"faces": {
				"north": {"uv": [4, 0, 8, 1], "texture": "#0"},
				"east": {"uv": [4, 1, 8, 2], "texture": "#0"},
				"south": {"uv": [4, 2, 8, 3], "texture": "#0"},
				"west": {"uv": [4, 3, 8, 4], "texture": "#0"},
				"up": {"uv": [4, 4, 0, 0], "texture": "#0"},
				"down": {"uv": [4, 4, 0, 8], "texture": "#0"}
			}
		},
		{
			"from": [1.5, 6.25, -0.6],
			"to": [6.5, 13.2, 1],
			"rotation": {"angle": 0, "axis": "y", "origin": [14, 11, 0]},
			"faces": {
				"north": {"uv": [4, 4, 5.25, 5.75], "texture": "#0"},
				"east": {"uv": [6, 5.75, 6.5, 7.5], "texture": "#0"},
				"south": {"uv": [5.25, 4, 6.5, 5.75], "texture": "#0"},
				"west": {"uv": [6.5, 4, 7, 5.75], "texture": "#0"},
				"up": {"uv": [8.25, 6.25, 7, 5.75], "texture": "#0"},
				"down": {"uv": [8.25, 6.25, 7, 6.75], "texture": "#0"}
			}
		},
		{
			"from": [2, 2.25, 0.3],
			"to": [6.25, 9.2, 1.9],
			"rotation": {"angle": 0, "axis": "y", "origin": [14, 7, 0.9]},
			"faces": {
				"north": {"uv": [4, 5.75, 5, 7.5], "texture": "#0"},
				"east": {"uv": [6.5, 5.75, 7, 7.5], "texture": "#0"},
				"south": {"uv": [5, 5.75, 6, 7.5], "texture": "#0"},
				"west": {"uv": [7, 4, 7.5, 5.75], "texture": "#0"},
				"up": {"uv": [8, 7.25, 7, 6.75], "texture": "#0"},
				"down": {"uv": [8, 7.25, 7, 7.75], "texture": "#0"}
			}
		}
	],
	"display": {
		"thirdperson_righthand": {
			"translation": [0, -2.25, 0],
			"scale": [0.4, 0.4, 0.4]
		},
		"thirdperson_lefthand": {
			"translation": [0, -2.25, 0],
			"scale": [0.4, 0.4, 0.4]
		},
		"firstperson_righthand": {
			"scale": [0.4, 0.4, 0.4]
		},
		"firstperson_lefthand": {
			"scale": [0.4, 0.4, 0.4]
		},
		"ground": {
			"translation": [0, 2.75, 0],
			"scale": [0.6, 0.6, 0.6]
		},
		"gui": {
			"rotation": [5, 165, 0],
			"translation": [0, -0.5, 0],
			"scale": [0.6, 0.6, 0.6]
		},
		"head": {
			"translation": [0, -10.75, 0],
			"scale": [0.88, 0.88, 0.88]
		}
	}
}