{
	"credit": "Made with Blockbench",
	"textures": {
		"1": "block/stripped_oak_log"
	},
	"elements": [
		{
			"from": [3.1, 7.5, 0.35],
			"to": [12.9, 8.5, 15.5],
			"rotation": {"angle": 0, "axis": "y", "origin": [4, 7.5, -0.4]},
			"faces": {
				"north": {"uv": [0, 0, 1, 1], "texture": "#1"},
				"east": {"uv": [0, 0, 1, 1], "texture": "#1"},
				"south": {"uv": [0, 0, 1, 1], "texture": "#1"},
				"west": {"uv": [0, 0, 1, 1], "texture": "#1"},
				"up": {"uv": [0, 0, 1, 1], "texture": "#1"},
				"down": {"uv": [0, 0, 1, 1], "texture": "#1"}
			}
		},
		{
			"from": [12.5, 8.5, 0.6],
			"to": [13, 8.75, 15.6],
			"rotation": {"angle": 0, "axis": "y", "origin": [4, 7.5, -0.4]},
			"faces": {
				"north": {"uv": [0, 0, 1, 1], "texture": "#1"},
				"east": {"uv": [0, 0, 1, 1], "texture": "#1"},
				"south": {"uv": [0, 0, 1, 1], "texture": "#1"},
				"west": {"uv": [0, 0, 1, 1], "texture": "#1"},
				"up": {"uv": [0, 0, 1, 1], "texture": "#1"},
				"down": {"uv": [0, 0, 1, 1], "texture": "#1"}
			}
		},
		{
			"from": [12.5, 7.25, 0.6],
			"to": [13, 7.5, 15.6],
			"rotation": {"angle": 0, "axis": "y", "origin": [4, 7.5, -0.4]},
			"faces": {
				"north": {"uv": [0, 1, 1, 0], "texture": "#1"},
				"east": {"uv": [0, 1, 1, 0], "texture": "#1"},
				"south": {"uv": [0, 1, 1, 0], "texture": "#1"},
				"west": {"uv": [0, 1, 1, 0], "texture": "#1"},
				"up": {"uv": [0, 1, 1, 0], "texture": "#1"},
				"down": {"uv": [0, 1, 1, 0], "texture": "#1"}
			}
		},
		{
			"from": [3.1, 8.5, 0.4],
			"to": [13, 8.75, 0.9],
			"rotation": {"angle": 0, "axis": "y", "origin": [4, 7.5, -0.4]},
			"faces": {
				"north": {"uv": [0, 0, 1, 1], "texture": "#1"},
				"east": {"uv": [0, 0, 1, 1], "texture": "#1"},
				"south": {"uv": [0, 0, 1, 1], "texture": "#1"},
				"west": {"uv": [0, 0, 1, 1], "texture": "#1"},
				"up": {"uv": [0, 0, 1, 1], "texture": "#1"},
				"down": {"uv": [0, 0, 1, 1], "texture": "#1"}
			}
		},
		{
			"from": [11.03247, 8.5, 0.91414],
			"to": [11.53247, 8.75, 15.21414],
			"rotation": {"angle": 0, "axis": "y", "origin": [4, 7.5, -0.4]},
			"faces": {
				"north": {"uv": [0, 0, 1, 1], "rotation": 270, "texture": "#1"},
				"east": {"uv": [0, 0, 1, 1], "rotation": 270, "texture": "#1"},
				"south": {"uv": [0, 0, 1, 1], "rotation": 270, "texture": "#1"},
				"west": {"uv": [0, 0, 1, 1], "rotation": 270, "texture": "#1"},
				"up": {"uv": [0, 0, 1, 1], "rotation": 270, "texture": "#1"},
				"down": {"uv": [0, 0, 1, 1], "rotation": 270, "texture": "#1"}
			}
		},
		{
			"from": [11.03247, 7.25, 0.91414],
			"to": [11.53247, 7.5, 15.21414],
			"rotation": {"angle": 0, "axis": "y", "origin": [4, 7.5, -0.4]},
			"faces": {
				"north": {"uv": [1, 0, 0, 1], "rotation": 90, "texture": "#1"},
				"east": {"uv": [1, 0, 0, 1], "rotation": 90, "texture": "#1"},
				"south": {"uv": [1, 0, 0, 1], "rotation": 90, "texture": "#1"},
				"west": {"uv": [1, 0, 0, 1], "rotation": 90, "texture": "#1"},
				"up": {"uv": [1, 0, 0, 1], "rotation": 90, "texture": "#1"},
				"down": {"uv": [1, 0, 0, 1], "rotation": 90, "texture": "#1"}
			}
		},
		{
			"from": [9.03247, 8.5, 0.91414],
			"to": [9.53247, 8.75, 15.21414],
			"rotation": {"angle": 0, "axis": "y", "origin": [4, 7.5, -0.4]},
			"faces": {
				"north": {"uv": [0, 0, 1, 1], "rotation": 270, "texture": "#1"},
				"east": {"uv": [0, 0, 1, 1], "rotation": 270, "texture": "#1"},
				"south": {"uv": [0, 0, 1, 1], "rotation": 270, "texture": "#1"},
				"west": {"uv": [0, 0, 1, 1], "rotation": 270, "texture": "#1"},
				"up": {"uv": [0, 0, 1, 1], "rotation": 270, "texture": "#1"},
				"down": {"uv": [0, 0, 1, 1], "rotation": 270, "texture": "#1"}
			}
		},
		{
			"from": [9.03247, 7.25, 0.91414],
			"to": [9.53247, 7.5, 15.21414],
			"rotation": {"angle": 0, "axis": "y", "origin": [4, 7.5, -0.4]},
			"faces": {
				"north": {"uv": [1, 0, 0, 1], "rotation": 90, "texture": "#1"},
				"east": {"uv": [1, 0, 0, 1], "rotation": 90, "texture": "#1"},
				"south": {"uv": [1, 0, 0, 1], "rotation": 90, "texture": "#1"},
				"west": {"uv": [1, 0, 0, 1], "rotation": 90, "texture": "#1"},
				"up": {"uv": [1, 0, 0, 1], "rotation": 90, "texture": "#1"},
				"down": {"uv": [1, 0, 0, 1], "rotation": 90, "texture": "#1"}
			}
		},
		{
			"from": [7.03247, 8.5, 0.91414],
			"to": [7.53247, 8.75, 15.21414],
			"rotation": {"angle": 0, "axis": "y", "origin": [4, 7.5, -0.4]},
			"faces": {
				"north": {"uv": [0, 0, 1, 1], "rotation": 270, "texture": "#1"},
				"east": {"uv": [0, 0, 1, 1], "rotation": 270, "texture": "#1"},
				"south": {"uv": [0, 0, 1, 1], "rotation": 270, "texture": "#1"},
				"west": {"uv": [0, 0, 1, 1], "rotation": 270, "texture": "#1"},
				"up": {"uv": [0, 0, 1, 1], "rotation": 270, "texture": "#1"},
				"down": {"uv": [0, 0, 1, 1], "rotation": 270, "texture": "#1"}
			}
		},
		{
			"from": [7.03247, 7.25, 0.91414],
			"to": [7.53247, 7.5, 15.21414],
			"rotation": {"angle": 0, "axis": "y", "origin": [4, 7.5, -0.4]},
			"faces": {
				"north": {"uv": [1, 0, 0, 1], "rotation": 90, "texture": "#1"},
				"east": {"uv": [1, 0, 0, 1], "rotation": 90, "texture": "#1"},
				"south": {"uv": [1, 0, 0, 1], "rotation": 90, "texture": "#1"},
				"west": {"uv": [1, 0, 0, 1], "rotation": 90, "texture": "#1"},
				"up": {"uv": [1, 0, 0, 1], "rotation": 90, "texture": "#1"},
				"down": {"uv": [1, 0, 0, 1], "rotation": 90, "texture": "#1"}
			}
		},
		{
			"from": [5.03247, 8.5, 0.91414],
			"to": [5.53247, 8.75, 15.21414],
			"rotation": {"angle": 0, "axis": "y", "origin": [4, 7.5, -0.4]},
			"faces": {
				"north": {"uv": [0, 0, 1, 1], "rotation": 270, "texture": "#1"},
				"east": {"uv": [0, 0, 1, 1], "rotation": 270, "texture": "#1"},
				"south": {"uv": [0, 0, 1, 1], "rotation": 270, "texture": "#1"},
				"west": {"uv": [0, 0, 1, 1], "rotation": 270, "texture": "#1"},
				"up": {"uv": [0, 0, 1, 1], "rotation": 270, "texture": "#1"},
				"down": {"uv": [0, 0, 1, 1], "rotation": 270, "texture": "#1"}
			}
		},
		{
			"from": [5.03247, 7.25, 0.91414],
			"to": [5.53247, 7.5, 15.21414],
			"rotation": {"angle": 0, "axis": "y", "origin": [4, 7.5, -0.4]},
			"faces": {
				"north": {"uv": [1, 0, 0, 1], "rotation": 90, "texture": "#1"},
				"east": {"uv": [1, 0, 0, 1], "rotation": 90, "texture": "#1"},
				"south": {"uv": [1, 0, 0, 1], "rotation": 90, "texture": "#1"},
				"west": {"uv": [1, 0, 0, 1], "rotation": 90, "texture": "#1"},
				"up": {"uv": [1, 0, 0, 1], "rotation": 90, "texture": "#1"},
				"down": {"uv": [1, 0, 0, 1], "rotation": 90, "texture": "#1"}
			}
		},
		{
			"from": [3.1, 8.5, 15.1],
			"to": [13, 8.75, 15.6],
			"rotation": {"angle": 0, "axis": "y", "origin": [4, 7.5, -0.4]},
			"faces": {
				"north": {"uv": [0, 0, 1, 1], "texture": "#1"},
				"east": {"uv": [0, 0, 1, 1], "texture": "#1"},
				"south": {"uv": [0, 0, 1, 1], "texture": "#1"},
				"west": {"uv": [0, 0, 1, 1], "texture": "#1"},
				"up": {"uv": [0, 0, 1, 1], "texture": "#1"},
				"down": {"uv": [0, 0, 1, 1], "texture": "#1"}
			}
		},
		{
			"from": [3.1, 7.25, 15.1],
			"to": [13, 7.5, 15.6],
			"rotation": {"angle": 0, "axis": "y", "origin": [4, 7.5, -0.4]},
			"faces": {
				"north": {"uv": [0, 1, 1, 0], "texture": "#1"},
				"east": {"uv": [0, 1, 1, 0], "texture": "#1"},
				"south": {"uv": [0, 1, 1, 0], "texture": "#1"},
				"west": {"uv": [0, 1, 1, 0], "texture": "#1"},
				"up": {"uv": [0, 1, 1, 0], "texture": "#1"},
				"down": {"uv": [0, 1, 1, 0], "texture": "#1"}
			}
		},
		{
			"from": [3.1, 8.7, 0.5],
			"to": [12.9, 8.95, 0.8],
			"rotation": {"angle": 0, "axis": "y", "origin": [4, 7.5, -0.4]},
			"faces": {
				"north": {"uv": [0, 0, 1, 1], "texture": "#1"},
				"east": {"uv": [0, 0, 1, 1], "texture": "#1"},
				"south": {"uv": [0, 0, 1, 1], "texture": "#1"},
				"west": {"uv": [0, 0, 1, 1], "texture": "#1"},
				"up": {"uv": [0, 0, 1, 1], "texture": "#1"},
				"down": {"uv": [0, 0, 1, 1], "texture": "#1"}
			}
		},
		{
			"from": [11.13247, 8.7, 1.01414],
			"to": [11.43247, 8.95, 15.21414],
			"rotation": {"angle": 0, "axis": "y", "origin": [4, 7.5, -0.4]},
			"faces": {
				"north": {"uv": [0, 0, 1, 1], "rotation": 270, "texture": "#1"},
				"east": {"uv": [0, 0, 1, 1], "rotation": 270, "texture": "#1"},
				"south": {"uv": [0, 0, 1, 1], "rotation": 270, "texture": "#1"},
				"west": {"uv": [0, 0, 1, 1], "rotation": 270, "texture": "#1"},
				"up": {"uv": [0, 0, 1, 1], "rotation": 270, "texture": "#1"},
				"down": {"uv": [0, 0, 1, 1], "rotation": 270, "texture": "#1"}
			}
		},
		{
			"from": [11.13247, 7.05, 1.01414],
			"to": [11.43247, 7.3, 15.21414],
			"rotation": {"angle": 0, "axis": "y", "origin": [4, 7.5, -0.4]},
			"faces": {
				"north": {"uv": [1, 0, 0, 1], "rotation": 90, "texture": "#1"},
				"east": {"uv": [1, 0, 0, 1], "rotation": 90, "texture": "#1"},
				"south": {"uv": [1, 0, 0, 1], "rotation": 90, "texture": "#1"},
				"west": {"uv": [1, 0, 0, 1], "rotation": 90, "texture": "#1"},
				"up": {"uv": [1, 0, 0, 1], "rotation": 90, "texture": "#1"},
				"down": {"uv": [1, 0, 0, 1], "rotation": 90, "texture": "#1"}
			}
		},
		{
			"from": [9.13247, 8.7, 1.01414],
			"to": [9.43247, 8.95, 15.21414],
			"rotation": {"angle": 0, "axis": "y", "origin": [4, 7.5, -0.4]},
			"faces": {
				"north": {"uv": [0, 0, 1, 1], "rotation": 270, "texture": "#1"},
				"east": {"uv": [0, 0, 1, 1], "rotation": 270, "texture": "#1"},
				"south": {"uv": [0, 0, 1, 1], "rotation": 270, "texture": "#1"},
				"west": {"uv": [0, 0, 1, 1], "rotation": 270, "texture": "#1"},
				"up": {"uv": [0, 0, 1, 1], "rotation": 270, "texture": "#1"},
				"down": {"uv": [0, 0, 1, 1], "rotation": 270, "texture": "#1"}
			}
		},
		{
			"from": [9.13247, 7.05, 1.01414],
			"to": [9.43247, 7.3, 15.21414],
			"rotation": {"angle": 0, "axis": "y", "origin": [4, 7.5, -0.4]},
			"faces": {
				"north": {"uv": [1, 0, 0, 1], "rotation": 90, "texture": "#1"},
				"east": {"uv": [1, 0, 0, 1], "rotation": 90, "texture": "#1"},
				"south": {"uv": [1, 0, 0, 1], "rotation": 90, "texture": "#1"},
				"west": {"uv": [1, 0, 0, 1], "rotation": 90, "texture": "#1"},
				"up": {"uv": [1, 0, 0, 1], "rotation": 90, "texture": "#1"},
				"down": {"uv": [1, 0, 0, 1], "rotation": 90, "texture": "#1"}
			}
		},
		{
			"from": [3.20109, 8.7, 12.56889],
			"to": [12.65109, 8.95, 12.86889],
			"rotation": {"angle": 0, "axis": "y", "origin": [4, 7.5, -0.4]},
			"faces": {
				"north": {"uv": [0, 0, 1, 1], "rotation": 180, "texture": "#1"},
				"east": {"uv": [0, 0, 1, 1], "rotation": 180, "texture": "#1"},
				"south": {"uv": [0, 0, 1, 1], "rotation": 180, "texture": "#1"},
				"west": {"uv": [0, 0, 1, 1], "rotation": 180, "texture": "#1"},
				"up": {"uv": [0, 0, 1, 1], "rotation": 180, "texture": "#1"},
				"down": {"uv": [0, 0, 1, 1], "rotation": 180, "texture": "#1"}
			}
		},
		{
			"from": [3.20109, 7.05, 12.56889],
			"to": [12.65109, 7.3, 12.86889],
			"rotation": {"angle": 0, "axis": "y", "origin": [4, 7.5, -0.4]},
			"faces": {
				"north": {"uv": [0, 1, 1, 0], "rotation": 180, "texture": "#1"},
				"east": {"uv": [0, 1, 1, 0], "rotation": 180, "texture": "#1"},
				"south": {"uv": [0, 1, 1, 0], "rotation": 180, "texture": "#1"},
				"west": {"uv": [0, 1, 1, 0], "rotation": 180, "texture": "#1"},
				"up": {"uv": [0, 1, 1, 0], "rotation": 180, "texture": "#1"},
				"down": {"uv": [0, 1, 1, 0], "rotation": 180, "texture": "#1"}
			}
		},
		{
			"from": [3.20109, 8.7, 8.56889],
			"to": [12.65109, 8.95, 8.86889],
			"rotation": {"angle": 0, "axis": "y", "origin": [4, 7.5, -0.4]},
			"faces": {
				"north": {"uv": [0, 0, 1, 1], "rotation": 180, "texture": "#1"},
				"east": {"uv": [0, 0, 1, 1], "rotation": 180, "texture": "#1"},
				"south": {"uv": [0, 0, 1, 1], "rotation": 180, "texture": "#1"},
				"west": {"uv": [0, 0, 1, 1], "rotation": 180, "texture": "#1"},
				"up": {"uv": [0, 0, 1, 1], "rotation": 180, "texture": "#1"},
				"down": {"uv": [0, 0, 1, 1], "rotation": 180, "texture": "#1"}
			}
		},
		{
			"from": [3.20109, 7.05, 8.56889],
			"to": [12.65109, 7.3, 8.86889],
			"rotation": {"angle": 0, "axis": "y", "origin": [4, 7.5, -0.4]},
			"faces": {
				"north": {"uv": [0, 1, 1, 0], "rotation": 180, "texture": "#1"},
				"east": {"uv": [0, 1, 1, 0], "rotation": 180, "texture": "#1"},
				"south": {"uv": [0, 1, 1, 0], "rotation": 180, "texture": "#1"},
				"west": {"uv": [0, 1, 1, 0], "rotation": 180, "texture": "#1"},
				"up": {"uv": [0, 1, 1, 0], "rotation": 180, "texture": "#1"},
				"down": {"uv": [0, 1, 1, 0], "rotation": 180, "texture": "#1"}
			}
		},
		{
			"from": [3.20109, 8.7, 4.56889],
			"to": [12.65109, 8.95, 4.86889],
			"rotation": {"angle": 0, "axis": "y", "origin": [4, 7.5, -0.4]},
			"faces": {
				"north": {"uv": [0, 0, 1, 1], "rotation": 180, "texture": "#1"},
				"east": {"uv": [0, 0, 1, 1], "rotation": 180, "texture": "#1"},
				"south": {"uv": [0, 0, 1, 1], "rotation": 180, "texture": "#1"},
				"west": {"uv": [0, 0, 1, 1], "rotation": 180, "texture": "#1"},
				"up": {"uv": [0, 0, 1, 1], "rotation": 180, "texture": "#1"},
				"down": {"uv": [0, 0, 1, 1], "rotation": 180, "texture": "#1"}
			}
		},
		{
			"from": [3.20109, 7.05, 4.56889],
			"to": [12.65109, 7.3, 4.86889],
			"rotation": {"angle": 0, "axis": "y", "origin": [4, 7.5, -0.4]},
			"faces": {
				"north": {"uv": [0, 1, 1, 0], "rotation": 180, "texture": "#1"},
				"east": {"uv": [0, 1, 1, 0], "rotation": 180, "texture": "#1"},
				"south": {"uv": [0, 1, 1, 0], "rotation": 180, "texture": "#1"},
				"west": {"uv": [0, 1, 1, 0], "rotation": 180, "texture": "#1"},
				"up": {"uv": [0, 1, 1, 0], "rotation": 180, "texture": "#1"},
				"down": {"uv": [0, 1, 1, 0], "rotation": 180, "texture": "#1"}
			}
		},
		{
			"from": [3.20109, 8.7, 10.56889],
			"to": [12.65109, 8.95, 10.86889],
			"rotation": {"angle": 0, "axis": "y", "origin": [4, 7.5, -0.4]},
			"faces": {
				"north": {"uv": [0, 0, 1, 1], "rotation": 180, "texture": "#1"},
				"east": {"uv": [0, 0, 1, 1], "rotation": 180, "texture": "#1"},
				"south": {"uv": [0, 0, 1, 1], "rotation": 180, "texture": "#1"},
				"west": {"uv": [0, 0, 1, 1], "rotation": 180, "texture": "#1"},
				"up": {"uv": [0, 0, 1, 1], "rotation": 180, "texture": "#1"},
				"down": {"uv": [0, 0, 1, 1], "rotation": 180, "texture": "#1"}
			}
		},
		{
			"from": [3.20109, 7.05, 10.56889],
			"to": [12.65109, 7.3, 10.86889],
			"rotation": {"angle": 0, "axis": "y", "origin": [4, 7.5, -0.4]},
			"faces": {
				"north": {"uv": [0, 1, 1, 0], "rotation": 180, "texture": "#1"},
				"east": {"uv": [0, 1, 1, 0], "rotation": 180, "texture": "#1"},
				"south": {"uv": [0, 1, 1, 0], "rotation": 180, "texture": "#1"},
				"west": {"uv": [0, 1, 1, 0], "rotation": 180, "texture": "#1"},
				"up": {"uv": [0, 1, 1, 0], "rotation": 180, "texture": "#1"},
				"down": {"uv": [0, 1, 1, 0], "rotation": 180, "texture": "#1"}
			}
		},
		{
			"from": [3.20109, 8.7, 6.56889],
			"to": [12.65109, 8.95, 6.86889],
			"rotation": {"angle": 0, "axis": "y", "origin": [4, 7.5, -0.4]},
			"faces": {
				"north": {"uv": [0, 0, 1, 1], "rotation": 180, "texture": "#1"},
				"east": {"uv": [0, 0, 1, 1], "rotation": 180, "texture": "#1"},
				"south": {"uv": [0, 0, 1, 1], "rotation": 180, "texture": "#1"},
				"west": {"uv": [0, 0, 1, 1], "rotation": 180, "texture": "#1"},
				"up": {"uv": [0, 0, 1, 1], "rotation": 180, "texture": "#1"},
				"down": {"uv": [0, 0, 1, 1], "rotation": 180, "texture": "#1"}
			}
		},
		{
			"from": [3.20109, 7.05, 6.56889],
			"to": [12.65109, 7.3, 6.86889],
			"rotation": {"angle": 0, "axis": "y", "origin": [4, 7.5, -0.4]},
			"faces": {
				"north": {"uv": [0, 1, 1, 0], "rotation": 180, "texture": "#1"},
				"east": {"uv": [0, 1, 1, 0], "rotation": 180, "texture": "#1"},
				"south": {"uv": [0, 1, 1, 0], "rotation": 180, "texture": "#1"},
				"west": {"uv": [0, 1, 1, 0], "rotation": 180, "texture": "#1"},
				"up": {"uv": [0, 1, 1, 0], "rotation": 180, "texture": "#1"},
				"down": {"uv": [0, 1, 1, 0], "rotation": 180, "texture": "#1"}
			}
		},
		{
			"from": [3.20109, 8.7, 2.56889],
			"to": [12.65109, 8.95, 2.86889],
			"rotation": {"angle": 0, "axis": "y", "origin": [4, 7.5, -0.4]},
			"faces": {
				"north": {"uv": [0, 0, 1, 1], "rotation": 180, "texture": "#1"},
				"east": {"uv": [0, 0, 1, 1], "rotation": 180, "texture": "#1"},
				"south": {"uv": [0, 0, 1, 1], "rotation": 180, "texture": "#1"},
				"west": {"uv": [0, 0, 1, 1], "rotation": 180, "texture": "#1"},
				"up": {"uv": [0, 0, 1, 1], "rotation": 180, "texture": "#1"},
				"down": {"uv": [0, 0, 1, 1], "rotation": 180, "texture": "#1"}
			}
		},
		{
			"from": [3.20109, 7.05, 2.56889],
			"to": [12.65109, 7.3, 2.86889],
			"rotation": {"angle": 0, "axis": "y", "origin": [4, 7.5, -0.4]},
			"faces": {
				"north": {"uv": [0, 1, 1, 0], "rotation": 180, "texture": "#1"},
				"east": {"uv": [0, 1, 1, 0], "rotation": 180, "texture": "#1"},
				"south": {"uv": [0, 1, 1, 0], "rotation": 180, "texture": "#1"},
				"west": {"uv": [0, 1, 1, 0], "rotation": 180, "texture": "#1"},
				"up": {"uv": [0, 1, 1, 0], "rotation": 180, "texture": "#1"},
				"down": {"uv": [0, 1, 1, 0], "rotation": 180, "texture": "#1"}
			}
		},
		{
			"from": [3.20109, 8.7, 0.56889],
			"to": [12.65109, 8.95, 0.86889],
			"rotation": {"angle": 0, "axis": "y", "origin": [4, 7.5, -0.4]},
			"faces": {
				"north": {"uv": [0, 0, 1, 1], "rotation": 180, "texture": "#1"},
				"east": {"uv": [0, 0, 1, 1], "rotation": 180, "texture": "#1"},
				"south": {"uv": [0, 0, 1, 1], "rotation": 180, "texture": "#1"},
				"west": {"uv": [0, 0, 1, 1], "rotation": 180, "texture": "#1"},
				"up": {"uv": [0, 0, 1, 1], "rotation": 180, "texture": "#1"},
				"down": {"uv": [0, 0, 1, 1], "rotation": 180, "texture": "#1"}
			}
		},
		{
			"from": [3.20109, 7.05, 0.56889],
			"to": [12.65109, 7.3, 0.86889],
			"rotation": {"angle": 0, "axis": "y", "origin": [4, 7.5, -0.4]},
			"faces": {
				"north": {"uv": [0, 1, 1, 0], "rotation": 180, "texture": "#1"},
				"east": {"uv": [0, 1, 1, 0], "rotation": 180, "texture": "#1"},
				"south": {"uv": [0, 1, 1, 0], "rotation": 180, "texture": "#1"},
				"west": {"uv": [0, 1, 1, 0], "rotation": 180, "texture": "#1"},
				"up": {"uv": [0, 1, 1, 0], "rotation": 180, "texture": "#1"},
				"down": {"uv": [0, 1, 1, 0], "rotation": 180, "texture": "#1"}
			}
		},
		{
			"from": [3.20109, 8.45, 12.31889],
			"to": [12.65109, 8.7, 13.11889],
			"rotation": {"angle": 0, "axis": "y", "origin": [4, 7.5, -0.4]},
			"faces": {
				"north": {"uv": [0, 0, 1, 1], "rotation": 180, "texture": "#1"},
				"east": {"uv": [0, 0, 1, 1], "rotation": 180, "texture": "#1"},
				"south": {"uv": [0, 0, 1, 1], "rotation": 180, "texture": "#1"},
				"west": {"uv": [0, 0, 1, 1], "rotation": 180, "texture": "#1"},
				"up": {"uv": [0, 0, 1, 1], "rotation": 180, "texture": "#1"},
				"down": {"uv": [0, 0, 1, 1], "rotation": 180, "texture": "#1"}
			}
		},
		{
			"from": [3.20109, 7.3, 12.31889],
			"to": [12.65109, 7.55, 13.11889],
			"rotation": {"angle": 0, "axis": "y", "origin": [4, 7.5, -0.4]},
			"faces": {
				"north": {"uv": [0, 1, 1, 0], "rotation": 180, "texture": "#1"},
				"east": {"uv": [0, 1, 1, 0], "rotation": 180, "texture": "#1"},
				"south": {"uv": [0, 1, 1, 0], "rotation": 180, "texture": "#1"},
				"west": {"uv": [0, 1, 1, 0], "rotation": 180, "texture": "#1"},
				"up": {"uv": [0, 1, 1, 0], "rotation": 180, "texture": "#1"},
				"down": {"uv": [0, 1, 1, 0], "rotation": 180, "texture": "#1"}
			}
		},
		{
			"from": [3.20109, 8.45, 8.31889],
			"to": [12.65109, 8.7, 9.11889],
			"rotation": {"angle": 0, "axis": "y", "origin": [4, 7.5, -0.4]},
			"faces": {
				"north": {"uv": [0, 0, 1, 1], "rotation": 180, "texture": "#1"},
				"east": {"uv": [0, 0, 1, 1], "rotation": 180, "texture": "#1"},
				"south": {"uv": [0, 0, 1, 1], "rotation": 180, "texture": "#1"},
				"west": {"uv": [0, 0, 1, 1], "rotation": 180, "texture": "#1"},
				"up": {"uv": [0, 0, 1, 1], "rotation": 180, "texture": "#1"},
				"down": {"uv": [0, 0, 1, 1], "rotation": 180, "texture": "#1"}
			}
		},
		{
			"from": [3.20109, 7.3, 8.31889],
			"to": [12.65109, 7.55, 9.11889],
			"rotation": {"angle": 0, "axis": "y", "origin": [4, 7.5, -0.4]},
			"faces": {
				"north": {"uv": [0, 1, 1, 0], "rotation": 180, "texture": "#1"},
				"east": {"uv": [0, 1, 1, 0], "rotation": 180, "texture": "#1"},
				"south": {"uv": [0, 1, 1, 0], "rotation": 180, "texture": "#1"},
				"west": {"uv": [0, 1, 1, 0], "rotation": 180, "texture": "#1"},
				"up": {"uv": [0, 1, 1, 0], "rotation": 180, "texture": "#1"},
				"down": {"uv": [0, 1, 1, 0], "rotation": 180, "texture": "#1"}
			}
		},
		{
			"from": [3.20109, 8.45, 4.31889],
			"to": [12.65109, 8.7, 5.11889],
			"rotation": {"angle": 0, "axis": "y", "origin": [4, 7.5, -0.4]},
			"faces": {
				"north": {"uv": [0, 0, 1, 1], "rotation": 180, "texture": "#1"},
				"east": {"uv": [0, 0, 1, 1], "rotation": 180, "texture": "#1"},
				"south": {"uv": [0, 0, 1, 1], "rotation": 180, "texture": "#1"},
				"west": {"uv": [0, 0, 1, 1], "rotation": 180, "texture": "#1"},
				"up": {"uv": [0, 0, 1, 1], "rotation": 180, "texture": "#1"},
				"down": {"uv": [0, 0, 1, 1], "rotation": 180, "texture": "#1"}
			}
		},
		{
			"from": [3.20109, 7.3, 4.31889],
			"to": [12.65109, 7.55, 5.11889],
			"rotation": {"angle": 0, "axis": "y", "origin": [4, 7.5, -0.4]},
			"faces": {
				"north": {"uv": [0, 1, 1, 0], "rotation": 180, "texture": "#1"},
				"east": {"uv": [0, 1, 1, 0], "rotation": 180, "texture": "#1"},
				"south": {"uv": [0, 1, 1, 0], "rotation": 180, "texture": "#1"},
				"west": {"uv": [0, 1, 1, 0], "rotation": 180, "texture": "#1"},
				"up": {"uv": [0, 1, 1, 0], "rotation": 180, "texture": "#1"},
				"down": {"uv": [0, 1, 1, 0], "rotation": 180, "texture": "#1"}
			}
		},
		{
			"from": [3.20109, 8.45, 10.31889],
			"to": [12.65109, 8.7, 11.11889],
			"rotation": {"angle": 0, "axis": "y", "origin": [4, 7.5, -0.4]},
			"faces": {
				"north": {"uv": [0, 0, 1, 1], "rotation": 180, "texture": "#1"},
				"east": {"uv": [0, 0, 1, 1], "rotation": 180, "texture": "#1"},
				"south": {"uv": [0, 0, 1, 1], "rotation": 180, "texture": "#1"},
				"west": {"uv": [0, 0, 1, 1], "rotation": 180, "texture": "#1"},
				"up": {"uv": [0, 0, 1, 1], "rotation": 180, "texture": "#1"},
				"down": {"uv": [0, 0, 1, 1], "rotation": 180, "texture": "#1"}
			}
		},
		{
			"from": [3.20109, 7.3, 10.31889],
			"to": [12.65109, 7.55, 11.11889],
			"rotation": {"angle": 0, "axis": "y", "origin": [4, 7.5, -0.4]},
			"faces": {
				"north": {"uv": [0, 1, 1, 0], "rotation": 180, "texture": "#1"},
				"east": {"uv": [0, 1, 1, 0], "rotation": 180, "texture": "#1"},
				"south": {"uv": [0, 1, 1, 0], "rotation": 180, "texture": "#1"},
				"west": {"uv": [0, 1, 1, 0], "rotation": 180, "texture": "#1"},
				"up": {"uv": [0, 1, 1, 0], "rotation": 180, "texture": "#1"},
				"down": {"uv": [0, 1, 1, 0], "rotation": 180, "texture": "#1"}
			}
		},
		{
			"from": [3.20109, 8.45, 6.31889],
			"to": [12.65109, 8.7, 7.11889],
			"rotation": {"angle": 0, "axis": "y", "origin": [4, 7.5, -0.4]},
			"faces": {
				"north": {"uv": [0, 0, 1, 1], "rotation": 180, "texture": "#1"},
				"east": {"uv": [0, 0, 1, 1], "rotation": 180, "texture": "#1"},
				"south": {"uv": [0, 0, 1, 1], "rotation": 180, "texture": "#1"},
				"west": {"uv": [0, 0, 1, 1], "rotation": 180, "texture": "#1"},
				"up": {"uv": [0, 0, 1, 1], "rotation": 180, "texture": "#1"},
				"down": {"uv": [0, 0, 1, 1], "rotation": 180, "texture": "#1"}
			}
		},
		{
			"from": [3.20109, 7.3, 6.31889],
			"to": [12.65109, 7.55, 7.11889],
			"rotation": {"angle": 0, "axis": "y", "origin": [4, 7.5, -0.4]},
			"faces": {
				"north": {"uv": [0, 1, 1, 0], "rotation": 180, "texture": "#1"},
				"east": {"uv": [0, 1, 1, 0], "rotation": 180, "texture": "#1"},
				"south": {"uv": [0, 1, 1, 0], "rotation": 180, "texture": "#1"},
				"west": {"uv": [0, 1, 1, 0], "rotation": 180, "texture": "#1"},
				"up": {"uv": [0, 1, 1, 0], "rotation": 180, "texture": "#1"},
				"down": {"uv": [0, 1, 1, 0], "rotation": 180, "texture": "#1"}
			}
		},
		{
			"from": [3.20109, 8.45, 2.31889],
			"to": [12.65109, 8.7, 3.11889],
			"rotation": {"angle": 0, "axis": "y", "origin": [4, 7.5, -0.4]},
			"faces": {
				"north": {"uv": [0, 0, 1, 1], "rotation": 180, "texture": "#1"},
				"east": {"uv": [0, 0, 1, 1], "rotation": 180, "texture": "#1"},
				"south": {"uv": [0, 0, 1, 1], "rotation": 180, "texture": "#1"},
				"west": {"uv": [0, 0, 1, 1], "rotation": 180, "texture": "#1"},
				"up": {"uv": [0, 0, 1, 1], "rotation": 180, "texture": "#1"},
				"down": {"uv": [0, 0, 1, 1], "rotation": 180, "texture": "#1"}
			}
		},
		{
			"from": [3.20109, 7.3, 2.31889],
			"to": [12.65109, 7.55, 3.11889],
			"rotation": {"angle": 0, "axis": "y", "origin": [4, 7.5, -0.4]},
			"faces": {
				"north": {"uv": [0, 1, 1, 0], "rotation": 180, "texture": "#1"},
				"east": {"uv": [0, 1, 1, 0], "rotation": 180, "texture": "#1"},
				"south": {"uv": [0, 1, 1, 0], "rotation": 180, "texture": "#1"},
				"west": {"uv": [0, 1, 1, 0], "rotation": 180, "texture": "#1"},
				"up": {"uv": [0, 1, 1, 0], "rotation": 180, "texture": "#1"},
				"down": {"uv": [0, 1, 1, 0], "rotation": 180, "texture": "#1"}
			}
		},
		{
			"from": [3.20109, 8.45, 0.31889],
			"to": [12.65109, 8.7, 1.11889],
			"rotation": {"angle": 0, "axis": "y", "origin": [4, 7.5, -0.4]},
			"faces": {
				"north": {"uv": [0, 0, 1, 1], "rotation": 180, "texture": "#1"},
				"east": {"uv": [0, 0, 1, 1], "rotation": 180, "texture": "#1"},
				"south": {"uv": [0, 0, 1, 1], "rotation": 180, "texture": "#1"},
				"west": {"uv": [0, 0, 1, 1], "rotation": 180, "texture": "#1"},
				"up": {"uv": [0, 0, 1, 1], "rotation": 180, "texture": "#1"},
				"down": {"uv": [0, 0, 1, 1], "rotation": 180, "texture": "#1"}
			}
		},
		{
			"from": [3.20109, 7.3, 0.31889],
			"to": [12.65109, 7.55, 1.11889],
			"rotation": {"angle": 0, "axis": "y", "origin": [4, 7.5, -0.4]},
			"faces": {
				"north": {"uv": [0, 1, 1, 0], "rotation": 180, "texture": "#1"},
				"east": {"uv": [0, 1, 1, 0], "rotation": 180, "texture": "#1"},
				"south": {"uv": [0, 1, 1, 0], "rotation": 180, "texture": "#1"},
				"west": {"uv": [0, 1, 1, 0], "rotation": 180, "texture": "#1"},
				"up": {"uv": [0, 1, 1, 0], "rotation": 180, "texture": "#1"},
				"down": {"uv": [0, 1, 1, 0], "rotation": 180, "texture": "#1"}
			}
		},
		{
			"from": [7.13247, 8.7, 1.01414],
			"to": [7.43247, 8.95, 15.21414],
			"rotation": {"angle": 0, "axis": "y", "origin": [4, 7.5, -0.4]},
			"faces": {
				"north": {"uv": [0, 0, 1, 1], "rotation": 270, "texture": "#1"},
				"east": {"uv": [0, 0, 1, 1], "rotation": 270, "texture": "#1"},
				"south": {"uv": [0, 0, 1, 1], "rotation": 270, "texture": "#1"},
				"west": {"uv": [0, 0, 1, 1], "rotation": 270, "texture": "#1"},
				"up": {"uv": [0, 0, 1, 1], "rotation": 270, "texture": "#1"},
				"down": {"uv": [0, 0, 1, 1], "rotation": 270, "texture": "#1"}
			}
		},
		{
			"from": [7.13247, 7.05, 1.01414],
			"to": [7.43247, 7.3, 15.21414],
			"rotation": {"angle": 0, "axis": "y", "origin": [4, 7.5, -0.4]},
			"faces": {
				"north": {"uv": [1, 0, 0, 1], "rotation": 90, "texture": "#1"},
				"east": {"uv": [1, 0, 0, 1], "rotation": 90, "texture": "#1"},
				"south": {"uv": [1, 0, 0, 1], "rotation": 90, "texture": "#1"},
				"west": {"uv": [1, 0, 0, 1], "rotation": 90, "texture": "#1"},
				"up": {"uv": [1, 0, 0, 1], "rotation": 90, "texture": "#1"},
				"down": {"uv": [1, 0, 0, 1], "rotation": 90, "texture": "#1"}
			}
		},
		{
			"from": [5.13247, 8.7, 1.01414],
			"to": [5.43247, 8.95, 15.21414],
			"rotation": {"angle": 0, "axis": "y", "origin": [4, 7.5, -0.4]},
			"faces": {
				"north": {"uv": [0, 0, 1, 1], "rotation": 270, "texture": "#1"},
				"east": {"uv": [0, 0, 1, 1], "rotation": 270, "texture": "#1"},
				"south": {"uv": [0, 0, 1, 1], "rotation": 270, "texture": "#1"},
				"west": {"uv": [0, 0, 1, 1], "rotation": 270, "texture": "#1"},
				"up": {"uv": [0, 0, 1, 1], "rotation": 270, "texture": "#1"},
				"down": {"uv": [0, 0, 1, 1], "rotation": 270, "texture": "#1"}
			}
		},
		{
			"from": [5.13247, 7.05, 1.01414],
			"to": [5.43247, 7.3, 15.21414],
			"rotation": {"angle": 0, "axis": "y", "origin": [4, 7.5, -0.4]},
			"faces": {
				"north": {"uv": [1, 0, 0, 1], "rotation": 90, "texture": "#1"},
				"east": {"uv": [1, 0, 0, 1], "rotation": 90, "texture": "#1"},
				"south": {"uv": [1, 0, 0, 1], "rotation": 90, "texture": "#1"},
				"west": {"uv": [1, 0, 0, 1], "rotation": 90, "texture": "#1"},
				"up": {"uv": [1, 0, 0, 1], "rotation": 90, "texture": "#1"},
				"down": {"uv": [1, 0, 0, 1], "rotation": 90, "texture": "#1"}
			}
		},
		{
			"from": [3.1, 8.7, 15.2],
			"to": [12.9, 8.95, 15.5],
			"rotation": {"angle": 0, "axis": "y", "origin": [4, 7.5, -0.4]},
			"faces": {
				"north": {"uv": [0, 0, 1, 1], "texture": "#1"},
				"east": {"uv": [0, 0, 1, 1], "texture": "#1"},
				"south": {"uv": [0, 0, 1, 1], "texture": "#1"},
				"west": {"uv": [0, 0, 1, 1], "texture": "#1"},
				"up": {"uv": [0, 0, 1, 1], "texture": "#1"},
				"down": {"uv": [0, 0, 1, 1], "texture": "#1"}
			}
		},
		{
			"from": [3.1, 7.05, 15.2],
			"to": [12.9, 7.3, 15.5],
			"rotation": {"angle": 0, "axis": "y", "origin": [4, 7.5, -0.4]},
			"faces": {
				"north": {"uv": [0, 1, 1, 0], "texture": "#1"},
				"east": {"uv": [0, 1, 1, 0], "texture": "#1"},
				"south": {"uv": [0, 1, 1, 0], "texture": "#1"},
				"west": {"uv": [0, 1, 1, 0], "texture": "#1"},
				"up": {"uv": [0, 1, 1, 0], "texture": "#1"},
				"down": {"uv": [0, 1, 1, 0], "texture": "#1"}
			}
		},
		{
			"from": [3, 8.5, 0.6],
			"to": [3.5, 8.75, 15.6],
			"rotation": {"angle": 0, "axis": "y", "origin": [4, 7.5, -0.4]},
			"faces": {
				"north": {"uv": [0, 0, 1, 1], "texture": "#1"},
				"east": {"uv": [0, 0, 1, 1], "texture": "#1"},
				"south": {"uv": [0, 0, 1, 1], "texture": "#1"},
				"west": {"uv": [0, 0, 1, 1], "texture": "#1"},
				"up": {"uv": [0, 0, 1, 1], "texture": "#1"},
				"down": {"uv": [0, 0, 1, 1], "texture": "#1"}
			}
		},
		{
			"from": [3, 7.25, 0.6],
			"to": [3.5, 7.5, 15.6],
			"rotation": {"angle": 0, "axis": "y", "origin": [4, 7.5, -0.4]},
			"faces": {
				"north": {"uv": [0, 1, 1, 0], "texture": "#1"},
				"east": {"uv": [0, 1, 1, 0], "texture": "#1"},
				"south": {"uv": [0, 1, 1, 0], "texture": "#1"},
				"west": {"uv": [0, 1, 1, 0], "texture": "#1"},
				"up": {"uv": [0, 1, 1, 0], "texture": "#1"},
				"down": {"uv": [0, 1, 1, 0], "texture": "#1"}
			}
		},
		{
			"from": [12.6, 8.7, 0.8],
			"to": [12.9, 8.95, 15.5],
			"rotation": {"angle": 0, "axis": "y", "origin": [4, 7.5, -0.4]},
			"faces": {
				"north": {"uv": [0, 0, 1, 1], "texture": "#1"},
				"east": {"uv": [0, 0, 1, 1], "texture": "#1"},
				"south": {"uv": [0, 0, 1, 1], "texture": "#1"},
				"west": {"uv": [0, 0, 1, 1], "texture": "#1"},
				"up": {"uv": [0, 0, 1, 1], "texture": "#1"},
				"down": {"uv": [0, 0, 1, 1], "texture": "#1"}
			}
		},
		{
			"from": [12.6, 7.05, 0.8],
			"to": [12.9, 7.3, 15.5],
			"rotation": {"angle": 0, "axis": "y", "origin": [4, 7.5, -0.4]},
			"faces": {
				"north": {"uv": [0, 1, 1, 0], "texture": "#1"},
				"east": {"uv": [0, 1, 1, 0], "texture": "#1"},
				"south": {"uv": [0, 1, 1, 0], "texture": "#1"},
				"west": {"uv": [0, 1, 1, 0], "texture": "#1"},
				"up": {"uv": [0, 1, 1, 0], "texture": "#1"},
				"down": {"uv": [0, 1, 1, 0], "texture": "#1"}
			}
		},
		{
			"from": [3.1, 8.7, 0.7],
			"to": [3.4, 8.95, 15.5],
			"rotation": {"angle": 0, "axis": "y", "origin": [4, 7.5, -0.4]},
			"faces": {
				"north": {"uv": [0, 0, 1, 1], "texture": "#1"},
				"east": {"uv": [0, 0, 1, 1], "texture": "#1"},
				"south": {"uv": [0, 0, 1, 1], "texture": "#1"},
				"west": {"uv": [0, 0, 1, 1], "texture": "#1"},
				"up": {"uv": [0, 0, 1, 1], "texture": "#1"},
				"down": {"uv": [0, 0, 1, 1], "texture": "#1"}
			}
		},
		{
			"from": [3.1, 7.05, 0.7],
			"to": [3.4, 7.3, 15.5],
			"rotation": {"angle": 0, "axis": "y", "origin": [4, 7.5, -0.4]},
			"faces": {
				"north": {"uv": [0, 1, 1, 0], "texture": "#1"},
				"east": {"uv": [0, 1, 1, 0], "texture": "#1"},
				"south": {"uv": [0, 1, 1, 0], "texture": "#1"},
				"west": {"uv": [0, 1, 1, 0], "texture": "#1"},
				"up": {"uv": [0, 1, 1, 0], "texture": "#1"},
				"down": {"uv": [0, 1, 1, 0], "texture": "#1"}
			}
		}
	],
	"display": {
		"thirdperson_righthand": {
			"rotation": [51, -36, 53],
			"translation": [-3.25, 4, 3.75],
			"scale": [0.49, 0.49, 0.49]
		},
		"thirdperson_lefthand": {
			"rotation": [51, -36, 53],
			"translation": [-5, 4, 1.25],
			"scale": [0.49, 0.49, 0.49]
		},
		"firstperson_righthand": {
			"translation": [6.25, 6, 1.25]
		},
		"firstperson_lefthand": {
			"translation": [6.25, 6, 1.25]
		},
		"ground": {
			"translation": [0, 5.5, 0],
			"scale": [0.62, 0.62, 0.62]
		},
		"gui": {
			"rotation": [80, 32, 30],
			"translation": [-0.25, 0.75, 0]
		},
		"head": {
			"rotation": [0, -49, 0],
			"translation": [0.5, 7.25, -0.25]
		},
		"fixed": {
			"rotation": [90, 21, 0],
			"translation": [4.25, 1.75, 6.75]
		}
	}
}