{
	"credit": "Made with Blockbench",
	"textures": {
		"0": "block/spruce_door_top",
		"1": "block/light_gray_concrete_powder",
		"2": "block/cobblestone",
		"particle": "block/spruce_door_top"
	},
	"elements": [
		{
			"from": [7, -15.75, 7],
			"to": [9, 20.25, 9],
			"faces": {
				"north": {"uv": [3, 6, 5, 14], "texture": "#0"},
				"east": {"uv": [3, 6, 5, 14], "texture": "#0"},
				"south": {"uv": [3, 6, 5, 14], "texture": "#0"},
				"west": {"uv": [3, 6, 5, 14], "texture": "#0"},
				"up": {"uv": [3, 6, 5, 14], "texture": "#0"},
				"down": {"uv": [3, 6, 5, 14], "texture": "#0"}
			}
		},
		{
			"from": [6.75, 19, 6.75],
			"to": [9.25, 20.5, 9.25],
			"faces": {
				"north": {"uv": [3, 6, 5, 14], "texture": "#1"},
				"east": {"uv": [3, 6, 5, 14], "texture": "#1"},
				"south": {"uv": [3, 6, 5, 14], "texture": "#1"},
				"west": {"uv": [3, 6, 5, 14], "texture": "#1"},
				"up": {"uv": [3, 6, 5, 14], "texture": "#1"},
				"down": {"uv": [3, 6, 5, 14], "texture": "#1"}
			}
		},
		{
			"from": [6.75, 18.75, 7.25],
			"to": [9.25, 19, 8.75],
			"faces": {
				"north": {"uv": [3, 6, 5, 14], "texture": "#1"},
				"east": {"uv": [3, 6, 5, 14], "texture": "#1"},
				"south": {"uv": [3, 6, 5, 14], "texture": "#1"},
				"west": {"uv": [3, 6, 5, 14], "texture": "#1"},
				"up": {"uv": [3, 6, 5, 14], "texture": "#1"},
				"down": {"uv": [3, 6, 5, 14], "texture": "#1"}
			}
		},
		{
			"from": [7, 20.25, 7],
			"to": [9, 22.5, 9],
			"faces": {
				"north": {"uv": [3, 6, 5, 14], "texture": "#2"},
				"east": {"uv": [3, 6, 5, 14], "texture": "#2"},
				"south": {"uv": [3, 6, 5, 14], "texture": "#2"},
				"west": {"uv": [3, 6, 5, 14], "texture": "#2"},
				"up": {"uv": [3, 6, 5, 14], "texture": "#2"},
				"down": {"uv": [3, 6, 5, 14], "texture": "#2"}
			}
		},
		{
			"from": [7.5, 22.25, 7.5],
			"to": [8.5, 24.5, 8.5],
			"faces": {
				"north": {"uv": [3, 6, 5, 14], "texture": "#2"},
				"east": {"uv": [3, 6, 5, 14], "texture": "#2"},
				"south": {"uv": [3, 6, 5, 14], "texture": "#2"},
				"west": {"uv": [3, 6, 5, 14], "texture": "#2"},
				"up": {"uv": [3, 6, 5, 14], "texture": "#2"},
				"down": {"uv": [3, 6, 5, 14], "texture": "#2"}
			}
		}
	],
	"display": {
		"thirdperson_righthand": {
			"rotation": [70, 7, 0],
			"translation": [1.25, 2, 6],
			"scale": [0.71, 0.86, 0.7]
		},
		"thirdperson_lefthand": {
			"rotation": [70, 7, 0],
			"translation": [1.25, 2, 6],
			"scale": [0.71, 0.86, 0.7]
		},
		"firstperson_righthand": {
			"translation": [6.75, 0, 0]
		},
		"firstperson_lefthand": {
			"translation": [6.75, 0, 0]
		},
		"ground": {
			"translation": [0, 16.5, 0],
			"scale": [0.68, 0.68, 0.66]
		},
		"gui": {
			"rotation": [-58, 56, 61],
			"translation": [-0.75, 1.5, 0],
			"scale": [0.44, 0.44, 0.44]
		},
		"head": {
			"rotation": [0, 90, -40],
			"translation": [0, 11.25, -11]
		},
		"fixed": {
			"rotation": [180, 180, 128],
			"translation": [2.75, 0, -1.5],
			"scale": [0.85, 0.85, 0.85]
		}
	}
}