{
	"credit": "Made for LandOfParks",
	"texture_size": [64, 64],
	"textures": {
		"1": "block/santa_plush",
		"particle": "block/santa_plush"
	},
	"elements": [
		{
			"name": "torse",
			"from": [2.5, 5, 8],
			"to": [13.5, 12, 14],
			"rotation": {"angle": 0, "axis": "y", "origin": [8, 9, 11]},
			"faces": {
				"north": {"uv": [2.5, 0, 5.25, 1.75], "texture": "#1"},
				"east": {"uv": [5.5, 3.75, 7, 5.5], "texture": "#1"},
				"south": {"uv": [2.5, 2, 5.25, 3.75], "texture": "#1"},
				"west": {"uv": [2, 5.75, 3.5, 7.5], "texture": "#1"},
				"up": {"uv": [5.25, 5.5, 2.5, 4], "texture": "#1"},
				"down": {"uv": [8.25, 0, 5.5, 1.5], "texture": "#1"}
			}
		},
		{
			"name": "torse",
			"from": [4.5, 0, 9],
			"to": [11.5, 5, 13],
			"rotation": {"angle": 0, "axis": "y", "origin": [8, 2.0045, 11.85355]},
			"faces": {
				"north": {"uv": [6, 7.5, 7.75, 8.75], "texture": "#1"},
				"east": {"uv": [9, 10.75, 10, 12], "texture": "#1"},
				"south": {"uv": [7.75, 5.5, 9.5, 6.75], "texture": "#1"},
				"west": {"uv": [10.25, 10.75, 11.25, 12], "texture": "#1"},
				"up": {"uv": [4.75, 10, 3, 9], "texture": "#1"},
				"down": {"uv": [6.75, 9, 5, 10], "texture": "#1"}
			}
		},
		{
			"name": "head",
			"from": [4.5, 10.125, 4.5],
			"to": [11.5, 16.125, 11.5],
			"rotation": {"angle": -22.5, "axis": "x", "origin": [8, 12.275, 7.9]},
			"faces": {
				"north": {"uv": [3.75, 5.75, 5.5, 7.25], "texture": "#1"},
				"east": {"uv": [5.75, 5.75, 7.5, 7.25], "texture": "#1"},
				"south": {"uv": [0, 7, 1.75, 8.5], "texture": "#1"},
				"west": {"uv": [7.25, 3.75, 9, 5.25], "texture": "#1"},
				"up": {"uv": [1.75, 6.75, 0, 5], "texture": "#1"},
				"down": {"uv": [7.25, 1.75, 5.5, 3.5], "texture": "#1"}
			}
		},
		{
			"name": "head",
			"from": [4, 9.125, 3.5],
			"to": [12, 12.125, 8.5],
			"rotation": {"angle": -22.5, "axis": "x", "origin": [8, 12.275, 7.9]},
			"faces": {
				"north": {"uv": [9.75, 6, 11.75, 6.75], "texture": "#1"},
				"east": {"uv": [0, 11.5, 1.25, 12.25], "texture": "#1"},
				"south": {"uv": [9, 9.75, 11, 10.5], "texture": "#1"},
				"west": {"uv": [11.5, 10.5, 12.75, 11.25], "texture": "#1"},
				"up": {"uv": [9.5, 3, 7.5, 1.75], "texture": "#1"},
				"down": {"uv": [5.75, 7.5, 3.75, 8.75], "texture": "#1"}
			}
		},
		{
			"name": "head",
			"from": [4, 8.125, 3.5],
			"to": [12, 9.125, 3.5],
			"rotation": {"angle": -22.5, "axis": "x", "origin": [8, 12.275, 7.9]},
			"faces": {
				"north": {"uv": [12.75, 3, 14.75, 3.25], "texture": "#1"},
				"east": {"uv": [7.75, 7, 7.75, 7.25], "texture": "#1"},
				"south": {"uv": [14.75, 3, 12.75, 3.25], "texture": "#1"},
				"west": {"uv": [9.25, 4.5, 9.25, 4.75], "texture": "#1"},
				"up": {"uv": [14.75, 3.5, 12.75, 3.5], "texture": "#1"},
				"down": {"uv": [15.25, 8.75, 13.25, 8.75], "texture": "#1"}
			}
		},
		{
			"name": "head",
			"from": [12, 8.125, 3.5],
			"to": [12, 9.125, 7.5],
			"rotation": {"angle": -22.5, "axis": "x", "origin": [8, 12.275, 7.9]},
			"faces": {
				"north": {"uv": [9.25, 5, 9.25, 5.25], "texture": "#1"},
				"east": {"uv": [7.5, 3.25, 8.5, 3.5], "texture": "#1"},
				"south": {"uv": [9.5, 4.5, 9.5, 4.75], "texture": "#1"},
				"west": {"uv": [8.5, 3.25, 7.5, 3.5], "texture": "#1"},
				"up": {"uv": [3, 13.5, 3, 12.5], "texture": "#1"},
				"down": {"uv": [3.25, 12.5, 3.25, 13.5], "texture": "#1"}
			}
		},
		{
			"name": "head",
			"from": [4, 8.125, 3.5],
			"to": [4, 9.125, 7.5],
			"rotation": {"angle": -22.5, "axis": "x", "origin": [8, 12.275, 7.9]},
			"faces": {
				"north": {"uv": [9.25, 5, 9.25, 5.25], "texture": "#1"},
				"east": {"uv": [7.5, 3.25, 8.5, 3.5], "texture": "#1"},
				"south": {"uv": [9.5, 4.5, 9.5, 4.75], "texture": "#1"},
				"west": {"uv": [8.5, 3.25, 7.5, 3.5], "texture": "#1"},
				"up": {"uv": [3, 13.5, 3, 12.5], "texture": "#1"},
				"down": {"uv": [3.25, 12.5, 3.25, 13.5], "texture": "#1"}
			}
		},
		{
			"name": "head",
			"from": [7, 11.125, 2.5],
			"to": [9, 13.125, 4.5],
			"rotation": {"angle": -22.5, "axis": "x", "origin": [8, 12.275, 7.9]},
			"faces": {
				"north": {"uv": [2, 10.5, 2.5, 11], "texture": "#1"},
				"east": {"uv": [7, 12.25, 7.5, 12.75], "texture": "#1"},
				"south": {"uv": [10.75, 12.25, 11.25, 12.75], "texture": "#1"},
				"west": {"uv": [13.25, 8, 13.75, 8.5], "texture": "#1"},
				"up": {"uv": [10.25, 13.75, 9.75, 13.25], "texture": "#1"},
				"down": {"uv": [0.5, 13.5, 0, 14], "texture": "#1"}
			}
		},
		{
			"name": "head",
			"from": [3.5, 15.13156, 3.5162],
			"to": [12.5, 17.13156, 12.5162],
			"rotation": {"angle": -22.5, "axis": "x", "origin": [8, 12.28156, 7.9162]},
			"faces": {
				"north": {"uv": [3.5, 11.25, 5.75, 11.75], "texture": "#1"},
				"east": {"uv": [11.25, 3.75, 13.5, 4.25], "texture": "#1"},
				"south": {"uv": [11.25, 4.5, 13.5, 5], "texture": "#1"},
				"west": {"uv": [11.25, 5.25, 13.5, 5.75], "texture": "#1"},
				"up": {"uv": [2.25, 2.25, 0, 0], "texture": "#1"},
				"down": {"uv": [2.25, 2.5, 0, 4.75], "texture": "#1"}
			}
		},
		{
			"name": "head",
			"from": [4.5, 14.72453, 2.76989],
			"to": [11.5, 19.72453, 5.76989],
			"rotation": {"angle": 0, "axis": "y", "origin": [8, 17.72453, 5.76989]},
			"faces": {
				"north": {"uv": [8, 7, 9.75, 8.25], "texture": "#1"},
				"east": {"uv": [11.5, 11.5, 12.25, 12.75], "texture": "#1"},
				"south": {"uv": [8.5, 0, 10.25, 1.25], "texture": "#1"},
				"west": {"uv": [3.5, 12, 4.25, 13.25], "texture": "#1"},
				"up": {"uv": [11.75, 7.75, 10, 7], "texture": "#1"},
				"down": {"uv": [4.75, 10.25, 3, 11], "texture": "#1"}
			}
		},
		{
			"name": "head",
			"from": [4.5, 16.72453, 5.76989],
			"to": [11.5, 19.72453, 9.76989],
			"rotation": {"angle": 0, "axis": "y", "origin": [8, 17.72453, 5.76989]},
			"faces": {
				"north": {"uv": [5, 10.25, 6.75, 11], "texture": "#1"},
				"east": {"uv": [4.5, 12, 5.5, 12.75], "texture": "#1"},
				"south": {"uv": [10.5, 0, 12.25, 0.75], "texture": "#1"},
				"west": {"uv": [12, 6, 13, 6.75], "texture": "#1"},
				"up": {"uv": [10.75, 9.5, 9, 8.5], "texture": "#1"},
				"down": {"uv": [11, 3.25, 9.25, 4.25], "texture": "#1"}
			}
		},
		{
			"name": "head",
			"from": [4.5, 15.72453, 5.76989],
			"to": [11.5, 16.72453, 6.76989],
			"rotation": {"angle": 0, "axis": "y", "origin": [8, 17.72453, 5.76989]},
			"faces": {
				"north": {"uv": [13.25, 6, 15, 6.25], "texture": "#1"},
				"east": {"uv": [2, 5, 2.25, 5.25], "texture": "#1"},
				"south": {"uv": [13.25, 6.5, 15, 6.75], "texture": "#1"},
				"west": {"uv": [8.75, 3.25, 9, 3.5], "texture": "#1"},
				"up": {"uv": [15, 7.25, 13.25, 7], "texture": "#1"},
				"down": {"uv": [15, 7.5, 13.25, 7.75], "texture": "#1"}
			}
		},
		{
			"name": "head",
			"from": [5.5, 16.72453, 5.59489],
			"to": [10.5, 21.72453, 9.59489],
			"rotation": {"angle": 45, "axis": "x", "origin": [8, 20.72453, 7.59489]},
			"faces": {
				"north": {"uv": [9.75, 1.5, 11, 2.75], "texture": "#1"},
				"east": {"uv": [11, 8, 12, 9.25], "texture": "#1"},
				"south": {"uv": [9.75, 4.5, 11, 5.75], "texture": "#1"},
				"west": {"uv": [11.25, 1, 12.25, 2.25], "texture": "#1"},
				"up": {"uv": [3.25, 12.25, 2, 11.25], "texture": "#1"},
				"down": {"uv": [12.5, 2.5, 11.25, 3.5], "texture": "#1"}
			}
		},
		{
			"name": "head",
			"from": [6.5, 20.02085, 6.88778],
			"to": [9.5, 22.84585, 10.88778],
			"rotation": {"angle": 0, "axis": "y", "origin": [8, 21.43335, 8.88778]},
			"faces": {
				"north": {"uv": [9.75, 12.25, 10.5, 13], "texture": "#1"},
				"east": {"uv": [12, 7, 13, 7.75], "texture": "#1"},
				"south": {"uv": [0, 12.5, 0.75, 13.25], "texture": "#1"},
				"west": {"uv": [5.75, 12.25, 6.75, 13], "texture": "#1"},
				"up": {"uv": [13, 9, 12.25, 8], "texture": "#1"},
				"down": {"uv": [9.5, 12.25, 8.75, 13.25], "texture": "#1"}
			}
		},
		{
			"name": "head",
			"from": [7, 19.01742, 9.30199],
			"to": [9, 21.01742, 13.30199],
			"rotation": {"angle": 45, "axis": "x", "origin": [8, 20.01742, 12.30199]},
			"faces": {
				"north": {"uv": [13.5, 0, 14, 0.5], "texture": "#1"},
				"east": {"uv": [10.75, 13, 11.75, 13.5], "texture": "#1"},
				"south": {"uv": [0.75, 13.5, 1.25, 14], "texture": "#1"},
				"west": {"uv": [13, 10.75, 14, 11.25], "texture": "#1"},
				"up": {"uv": [3.5, 8.75, 3, 7.75], "texture": "#1"},
				"down": {"uv": [8.5, 13, 8, 14], "texture": "#1"}
			}
		},
		{
			"name": "head",
			"from": [6.5, 17.1461, 11.42331],
			"to": [9.5, 20.1461, 14.42331],
			"rotation": {"angle": 0, "axis": "y", "origin": [8, 17.8961, 14.42331]},
			"faces": {
				"north": {"uv": [12.5, 0, 13.25, 0.75], "texture": "#1"},
				"east": {"uv": [1, 12.5, 1.75, 13.25], "texture": "#1"},
				"south": {"uv": [12.5, 1, 13.25, 1.75], "texture": "#1"},
				"west": {"uv": [2, 12.5, 2.75, 13.25], "texture": "#1"},
				"up": {"uv": [13.25, 12.25, 12.5, 11.5], "texture": "#1"},
				"down": {"uv": [13.25, 12.5, 12.5, 13.25], "texture": "#1"}
			}
		},
		{
			"name": "right_arm",
			"from": [12.94583, 2.4297, 9],
			"to": [15.94583, 12.4297, 12],
			"rotation": {"angle": 22.5, "axis": "z", "origin": [17.19583, 8.2797, 12.25]},
			"faces": {
				"north": {"uv": [2, 7.75, 2.75, 10.25], "texture": "#1"},
				"east": {"uv": [8, 8.5, 8.75, 11], "texture": "#1"},
				"south": {"uv": [0, 8.75, 0.75, 11.25], "texture": "#1"},
				"west": {"uv": [1, 8.75, 1.75, 11.25], "texture": "#1"},
				"up": {"uv": [13.5, 2.75, 12.75, 2], "texture": "#1"},
				"down": {"uv": [5.25, 13, 4.5, 13.75], "texture": "#1"}
			}
		},
		{
			"name": "left_arm",
			"from": [0.05417, 2.4297, 9],
			"to": [3.05417, 12.4297, 12],
			"rotation": {"angle": -22.5, "axis": "z", "origin": [-1.19583, 8.2797, 12.25]},
			"faces": {
				"north": {"uv": [2.75, 7.75, 2, 10.25], "texture": "#1"},
				"east": {"uv": [1.75, 8.75, 1, 11.25], "texture": "#1"},
				"south": {"uv": [0.75, 8.75, 0, 11.25], "texture": "#1"},
				"west": {"uv": [8.75, 8.5, 8, 11], "texture": "#1"},
				"up": {"uv": [12.75, 2.75, 13.5, 2], "texture": "#1"},
				"down": {"uv": [4.5, 13, 5.25, 13.75], "texture": "#1"}
			}
		},
		{
			"name": "right_leg",
			"from": [8.825, 0.01, 3.5],
			"to": [11.825, 3.01, 9.5],
			"rotation": {"angle": -22.5, "axis": "y", "origin": [8, 0.01, 9.25]},
			"faces": {
				"north": {"uv": [7, 13, 7.75, 13.75], "texture": "#1"},
				"east": {"uv": [6, 11.25, 7.5, 12], "texture": "#1"},
				"south": {"uv": [13, 9.25, 13.75, 10], "texture": "#1"},
				"west": {"uv": [11.25, 9.5, 12.75, 10.25], "texture": "#1"},
				"up": {"uv": [7.75, 10.5, 7, 9], "texture": "#1"},
				"down": {"uv": [8.5, 11.25, 7.75, 12.75], "texture": "#1"}
			}
		},
		{
			"name": "left_leg",
			"from": [4.175, 0.01, 3.5],
			"to": [7.175, 3.01, 9.5],
			"rotation": {"angle": 22.5, "axis": "y", "origin": [8, 0.01, 9.25]},
			"faces": {
				"north": {"uv": [7.75, 13, 7, 13.75], "texture": "#1"},
				"east": {"uv": [12.75, 9.5, 11.25, 10.25], "texture": "#1"},
				"south": {"uv": [13.75, 9.25, 13, 10], "texture": "#1"},
				"west": {"uv": [7.5, 11.25, 6, 12], "texture": "#1"},
				"up": {"uv": [7, 10.5, 7.75, 9], "texture": "#1"},
				"down": {"uv": [7.75, 11.25, 8.5, 12.75], "texture": "#1"}
			}
		}
	],
	"gui_light": "front",
	"display": {
		"thirdperson_righthand": {
			"rotation": [34, 11, 0],
			"translation": [-0.5, -0.25, -1],
			"scale": [0.45, 0.45, 0.45]
		},
		"thirdperson_lefthand": {
			"rotation": [34, 11, 0],
			"translation": [-0.5, -0.25, -1],
			"scale": [0.45, 0.45, 0.45]
		},
		"firstperson_righthand": {
			"rotation": [0, 109, 5],
			"translation": [1.75, 2.75, 0],
			"scale": [0.52, 0.52, 0.52]
		},
		"firstperson_lefthand": {
			"rotation": [0, 109, 5],
			"translation": [1.75, 2.75, 0],
			"scale": [0.52, 0.52, 0.52]
		},
		"ground": {
			"translation": [0, 2.75, -1],
			"scale": [0.49, 0.49, 0.49]
		},
		"gui": {
			"rotation": [25, 151, 0],
			"translation": [-0.5, -1.75, 0],
			"scale": [0.59, 0.59, 0.59]
		},
		"head": {
			"translation": [0, 14.4, -2]
		},
		"fixed": {
			"rotation": [-90, 0, 0],
			"translation": [0, -1, -16],
			"scale": [2, 2, 2]
		}
	},
	"groups": [
		{
			"name": "base",
			"origin": [8, 8, 8],
			"color": 0,
			"children": [
				0,
				1,
				{
					"name": "group",
					"origin": [8, 7.5, 8.25],
					"color": 0,
					"children": [
						2,
						3,
						4,
						5,
						6,
						7,
						{
							"name": "group",
							"origin": [8, 13.4252, 13.37146],
							"color": 0,
							"children": [8, 9, 10, 11, 12, 13, 14, 15]
						}
					]
				},
				{
					"name": "group",
					"origin": [-1.19583, 9.1047, 12.25],
					"color": 0,
					"children": [16, 17]
				},
				{
					"name": "group",
					"origin": [8, 0.01, 9.25],
					"color": 0,
					"children": [18, 19]
				}
			]
		}
	]
}