{
	"credit": "Made by remiip",
	"textures": {
		"0": "block/sucreorge",
		"particle": "block/sucreorge"
	},
	"elements": [
		{
			"from": [5.58579, 0, 7.505],
			"to": [6.58579, 8, 8.495],
			"rotation": {"angle": 0, "axis": "y", "origin": [5.58579, 0, 6.405]},
			"faces": {
				"north": {"uv": [0, 0, 1, 8], "texture": "#0"},
				"east": {"uv": [1, 0, 2, 8], "texture": "#0"},
				"south": {"uv": [2, 0, 3, 8], "texture": "#0"},
				"west": {"uv": [3, 0, 4, 8], "texture": "#0"},
				"up": {"uv": [1, 9, 0, 8], "texture": "#0"},
				"down": {"uv": [9, 0, 8, 1], "texture": "#0"}
			}
		},
		{
			"from": [6.70711, 6.70711, 7.5],
			"to": [7.70711, 8.70711, 8.5],
			"rotation": {"angle": -45, "axis": "z", "origin": [7.70711, 8.70711, 7.5]},
			"faces": {
				"north": {"uv": [4, 4, 5, 6], "texture": "#0"},
				"east": {"uv": [5, 4, 6, 6], "texture": "#0"},
				"south": {"uv": [6, 0, 7, 2], "texture": "#0"},
				"west": {"uv": [6, 2, 7, 4], "texture": "#0"},
				"up": {"uv": [2, 9, 1, 8], "texture": "#0"},
				"down": {"uv": [9, 1, 8, 2], "texture": "#0"}
			}
		},
		{
			"from": [8, 8, 7.5],
			"to": [10, 9, 8.5],
			"rotation": {"angle": -45, "axis": "z", "origin": [9, 8, 7.5]},
			"faces": {
				"north": {"uv": [4, 6, 6, 7], "texture": "#0"},
				"east": {"uv": [2, 8, 3, 9], "texture": "#0"},
				"south": {"uv": [6, 4, 8, 5], "texture": "#0"},
				"west": {"uv": [8, 2, 9, 3], "texture": "#0"},
				"up": {"uv": [8, 6, 6, 5], "texture": "#0"},
				"down": {"uv": [8, 6, 6, 7], "texture": "#0"}
			}
		},
		{
			"from": [9.41421, 6, 7.505],
			"to": [10.41421, 8, 8.495],
			"rotation": {"angle": 0, "axis": "z", "origin": [9.41421, 7, 7.405]},
			"faces": {
				"north": {"uv": [7, 0, 8, 2], "texture": "#0"},
				"east": {"uv": [7, 2, 8, 4], "texture": "#0"},
				"south": {"uv": [4, 7, 5, 9], "texture": "#0"},
				"west": {"uv": [5, 7, 6, 9], "texture": "#0"},
				"up": {"uv": [4, 9, 3, 8], "texture": "#0"},
				"down": {"uv": [9, 3, 8, 4], "texture": "#0"}
			}
		},
		{
			"from": [7, 8.41421, 7.505],
			"to": [9, 9.41421, 8.495],
			"rotation": {"angle": 0, "axis": "z", "origin": [8, 8.41421, 7.505]},
			"faces": {
				"north": {"uv": [4, 0, 6, 1], "texture": "#0"},
				"east": {"uv": [6, 7, 7, 8], "texture": "#0"},
				"south": {"uv": [4, 1, 6, 2], "texture": "#0"},
				"west": {"uv": [7, 7, 8, 8], "texture": "#0"},
				"up": {"uv": [6, 3, 4, 2], "texture": "#0"},
				"down": {"uv": [6, 3, 4, 4], "texture": "#0"}
			}
		}
	],
	"display": {
		"thirdperson_righthand": {
			"rotation": [15, 138, 5],
			"translation": [-1.25, 4.25, 2]
		},
		"thirdperson_lefthand": {
			"rotation": [15, -30, 5],
			"translation": [-1.25, 4.25, 0.75]
		},
		"firstperson_righthand": {
			"rotation": [-10, 118, 0],
			"translation": [0, 5.5, 0]
		},
		"firstperson_lefthand": {
			"rotation": [-15, -73, 0],
			"translation": [3, 5.5, 0]
		},
		"ground": {
			"translation": [0, 5, 0]
		},
		"gui": {
			"rotation": [13, -32, -12],
			"translation": [0.25, 2.75, 0]
		},
		"head": {
			"translation": [0, 8, -0.5],
			"scale": [4, 4, 4]
		},
		"fixed": {
			"rotation": [0, 0, 41],
			"translation": [-4.75, 3.5, 0],
			"scale": [2, 2, 2]
		}
	}
}