{
	"credit": "Made with Blockbench",
	"textures": {
		"1": "block/light_gray_shulker_box",
		"2": "block/black_wool",
		"3": "block/redstone_block",
		"particle": "block/light_gray_shulker_box",
		"texture": "block/red_wool"
	},
	"elements": [
		{
			"name": "Element",
			"from": [4.1875, 7.25, 7.125],
			"to": [8.6875, 8, 7.375],
			"rotation": {"angle": 0, "axis": "y", "origin": [1.1875, 5.75, 6.375]},
			"faces": {
				"north": {"uv": [2.38281, 5.63281, 4.61719, 5.99219], "texture": "#texture"},
				"east": {"uv": [15.88281, 5.63281, 15.99219, 5.99219], "texture": "#texture"},
				"west": {"uv": [15.75781, 5.63281, 15.86719, 5.99219], "texture": "#texture"},
				"up": {"uv": [4.38281, 0.00781, 4.49219, 2.24219], "rotation": 90, "texture": "#texture"},
				"down": {"uv": [4.25781, 0.00781, 4.36719, 2.24219], "rotation": 270, "texture": "#texture"}
			}
		},
		{
			"name": "Element",
			"from": [12.9375, 6, 8.875],
			"to": [13.4375, 6.25, 9.125],
			"rotation": {"angle": 0, "axis": "y", "origin": [1.1875, 5.75, 6.375]},
			"faces": {
				"north": {"uv": [3.258, 3.133, 12.368, 12.243], "texture": "#1"},
				"east": {"uv": [3.258, 3.133, 12.368, 12.243], "texture": "#1"},
				"south": {"uv": [3.258, 3.133, 12.368, 12.243], "texture": "#1"},
				"west": {"uv": [3.258, 3.133, 12.368, 12.243], "texture": "#1"},
				"up": {"uv": [3.258, 3.133, 12.368, 12.243], "texture": "#1"},
				"down": {"uv": [3.258, 3.133, 12.368, 12.243], "texture": "#1"}
			}
		},
		{
			"name": "Element",
			"from": [7.1875, 8, 8.875],
			"to": [7.6875, 8.25, 9.125],
			"rotation": {"angle": 0, "axis": "y", "origin": [1.1875, 5.75, 6.375]},
			"faces": {
				"east": {"uv": [6.63281, 8.13281, 6.74219, 8.24219], "texture": "#texture"},
				"south": {"uv": [11.13281, 7.88281, 11.36719, 7.99219], "texture": "#texture"},
				"west": {"uv": [6.38281, 8.13281, 6.49219, 8.24219], "texture": "#texture"},
				"up": {"uv": [1.88281, 6.63281, 1.99219, 6.86719], "rotation": 90, "texture": "#texture"}
			}
		},
		{
			"name": "Element",
			"from": [7.9375, 8.5, 6.625],
			"to": [8.1875, 9, 6.875],
			"rotation": {"angle": 0, "axis": "y", "origin": [1.1875, 5.75, 6.375]},
			"faces": {
				"north": {"uv": [1.25781, 6.63281, 1.36719, 6.86719], "texture": "#texture"},
				"east": {"uv": [1.13281, 6.63281, 1.24219, 6.86719], "texture": "#texture"},
				"south": {"uv": [1.38281, 6.63281, 1.49219, 6.86719], "texture": "#texture"},
				"west": {"uv": [1.00781, 6.63281, 1.11719, 6.86719], "texture": "#texture"},
				"up": {"uv": [5.88281, 8.13281, 5.99219, 8.24219], "rotation": 90, "texture": "#texture"},
				"down": {"uv": [5.75781, 8.13281, 5.86719, 8.24219], "rotation": 270, "texture": "#texture"}
			}
		},
		{
			"name": "Element",
			"from": [12.1875, 6, 8.875],
			"to": [12.6875, 6.25, 9.125],
			"rotation": {"angle": 0, "axis": "y", "origin": [1.1875, 5.75, 6.375]},
			"faces": {
				"north": {"uv": [3.258, 3.133, 12.368, 12.243], "texture": "#1"},
				"east": {"uv": [3.258, 3.133, 12.368, 12.243], "texture": "#1"},
				"south": {"uv": [3.258, 3.133, 12.368, 12.243], "texture": "#1"},
				"west": {"uv": [3.258, 3.133, 12.368, 12.243], "texture": "#1"},
				"up": {"uv": [3.258, 3.133, 12.368, 12.243], "texture": "#1"},
				"down": {"uv": [3.258, 3.133, 12.368, 12.243], "texture": "#1"}
			}
		},
		{
			"name": "Element",
			"from": [8.1875, 9, 8.875],
			"to": [8.4375, 9.5, 9.125],
			"rotation": {"angle": 0, "axis": "y", "origin": [1.1875, 5.75, 6.375]},
			"faces": {
				"east": {"uv": [15.75781, 6.38281, 15.86719, 6.61719], "texture": "#texture"},
				"south": {"uv": [0.13281, 6.63281, 0.24219, 6.86719], "texture": "#texture"},
				"west": {"uv": [15.63281, 6.38281, 15.74219, 6.61719], "texture": "#texture"},
				"up": {"uv": [2.75781, 8.13281, 2.86719, 8.24219], "rotation": 90, "texture": "#texture"},
				"down": {"uv": [2.63281, 8.13281, 2.74219, 8.24219], "rotation": 270, "texture": "#texture"}
			}
		},
		{
			"name": "Element",
			"from": [7.9375, 9.75, 6.875],
			"to": [8.1875, 10, 7.125],
			"rotation": {"angle": 0, "axis": "y", "origin": [1.1875, 5.75, 6.375]},
			"faces": {
				"north": {"uv": [0.50781, 8.13281, 0.61719, 8.24219], "texture": "#3"},
				"east": {"uv": [0.50781, 8.13281, 0.61719, 8.24219], "texture": "#3"},
				"south": {"uv": [0.50781, 8.13281, 0.61719, 8.24219], "texture": "#3"},
				"west": {"uv": [0.50781, 8.13281, 0.61719, 8.24219], "texture": "#3"},
				"up": {"uv": [0.50781, 8.13281, 0.61719, 8.24219], "texture": "#3"},
				"down": {"uv": [0.50781, 8.13281, 0.61719, 8.24219], "texture": "#3"}
			}
		},
		{
			"name": "Element",
			"from": [10.6875, 7.5, 8.875],
			"to": [11.1875, 7.75, 9.125],
			"rotation": {"angle": 0, "axis": "y", "origin": [1.1875, 5.75, 6.375]},
			"faces": {
				"north": {"uv": [3.258, 3.133, 12.368, 12.243], "texture": "#1"},
				"east": {"uv": [3.258, 3.133, 12.368, 12.243], "texture": "#1"},
				"south": {"uv": [3.258, 3.133, 12.368, 12.243], "texture": "#1"},
				"west": {"uv": [3.258, 3.133, 12.368, 12.243], "texture": "#1"},
				"up": {"uv": [3.258, 3.133, 12.368, 12.243], "texture": "#1"},
				"down": {"uv": [3.258, 3.133, 12.368, 12.243], "texture": "#1"}
			}
		},
		{
			"name": "Element",
			"from": [5.4375, 5.75, 6.625],
			"to": [7.4375, 6, 6.875],
			"rotation": {"angle": 0, "axis": "y", "origin": [1.1875, 5.75, 6.375]},
			"faces": {
				"north": {"uv": [6.25781, 7.75781, 7.24219, 7.86719], "texture": "#texture"},
				"east": {"uv": [10.00781, 8.13281, 10.11719, 8.24219], "texture": "#texture"},
				"west": {"uv": [9.88281, 8.13281, 9.99219, 8.24219], "texture": "#texture"},
				"down": {"uv": [11.38281, 0.00781, 11.49219, 0.99219], "rotation": 270, "texture": "#texture"}
			}
		},
		{
			"name": "Element",
			"from": [2.1875, 7.75, 7.625],
			"to": [8.6875, 8, 8.125],
			"rotation": {"angle": 0, "axis": "y", "origin": [1.1875, 5.75, 6.375]},
			"faces": {
				"north": {"uv": [6.88281, 7.00781, 10.11719, 7.11719], "texture": "#2"},
				"east": {"uv": [6.88281, 7.00781, 10.11719, 7.11719], "texture": "#2"},
				"south": {"uv": [6.88281, 7.00781, 10.11719, 7.11719], "texture": "#2"},
				"west": {"uv": [6.88281, 7.00781, 10.11719, 7.11719], "texture": "#2"},
				"up": {"uv": [6.88281, 7.00781, 10.11719, 7.11719], "texture": "#2"},
				"down": {"uv": [6.88281, 7.00781, 10.11719, 7.11719], "texture": "#2"}
			}
		},
		{
			"name": "Element",
			"from": [5.1875, 6, 9.375],
			"to": [8.6875, 6.25, 9.625],
			"rotation": {"angle": 0, "axis": "y", "origin": [1.1875, 5.75, 6.375]},
			"faces": {
				"east": {"uv": [11.00781, 8.00781, 11.11719, 8.11719], "texture": "#texture"},
				"south": {"uv": [1.75781, 7.50781, 3.49219, 7.61719], "texture": "#texture"},
				"west": {"uv": [10.75781, 8.00781, 10.86719, 8.11719], "texture": "#texture"},
				"down": {"uv": [8.38281, 0.00781, 8.49219, 1.74219], "rotation": 270, "texture": "#texture"}
			}
		},
		{
			"name": "Element",
			"from": [4.1875, 7, 7.125],
			"to": [8.4375, 7.25, 7.375],
			"rotation": {"angle": 0, "axis": "y", "origin": [1.1875, 5.75, 6.375]},
			"faces": {
				"north": {"uv": [11.00781, 7.25781, 13.11719, 7.36719], "texture": "#texture"},
				"east": {"uv": [4.13281, 8.13281, 4.24219, 8.24219], "texture": "#texture"},
				"west": {"uv": [4.00781, 8.13281, 4.11719, 8.24219], "texture": "#texture"},
				"down": {"uv": [5.38281, 0.00781, 5.49219, 2.11719], "rotation": 270, "texture": "#texture"}
			}
		},
		{
			"name": "Element",
			"from": [4.4375, 6.25, 8.625],
			"to": [5.1875, 7, 8.875],
			"rotation": {"angle": 0, "axis": "y", "origin": [1.1875, 5.75, 6.375]},
			"faces": {
				"north": {"uv": [11.13281, 5.63281, 11.49219, 5.99219], "texture": "#texture"},
				"east": {"uv": [15.13281, 5.63281, 15.24219, 5.99219], "texture": "#texture"},
				"south": {"uv": [11.50781, 5.63281, 11.86719, 5.99219], "texture": "#texture"},
				"west": {"uv": [15.00781, 5.63281, 15.11719, 5.99219], "texture": "#texture"}
			}
		},
		{
			"name": "Element",
			"from": [5.1875, 8.25, 8.625],
			"to": [8.1875, 8.5, 8.875],
			"rotation": {"angle": 0, "axis": "y", "origin": [1.1875, 5.75, 6.375]},
			"faces": {
				"east": {"uv": [13.88281, 8.00781, 13.99219, 8.11719], "texture": "#texture"},
				"south": {"uv": [6.38281, 7.63281, 7.86719, 7.74219], "texture": "#texture"},
				"west": {"uv": [13.63281, 8.00781, 13.74219, 8.11719], "texture": "#texture"},
				"up": {"uv": [10.00781, 0.00781, 10.11719, 1.49219], "rotation": 90, "texture": "#texture"}
			}
		},
		{
			"name": "Element",
			"from": [5.4375, 7.5, 8.875],
			"to": [8.9375, 7.75, 9.125],
			"rotation": {"angle": 0, "axis": "y", "origin": [1.1875, 5.75, 6.375]},
			"faces": {
				"north": {"uv": [3.258, 3.133, 12.368, 12.243], "texture": "#1"},
				"east": {"uv": [3.258, 3.133, 12.368, 12.243], "texture": "#1"},
				"south": {"uv": [3.258, 3.133, 12.368, 12.243], "texture": "#1"},
				"west": {"uv": [3.258, 3.133, 12.368, 12.243], "texture": "#1"},
				"up": {"uv": [3.258, 3.133, 12.368, 12.243], "texture": "#1"},
				"down": {"uv": [3.258, 3.133, 12.368, 12.243], "texture": "#1"}
			}
		},
		{
			"name": "Element",
			"from": [6.4375, 7.75, 6.625],
			"to": [8.1875, 8, 6.875],
			"rotation": {"angle": 0, "axis": "y", "origin": [1.1875, 5.75, 6.375]},
			"faces": {
				"north": {"uv": [10.88281, 7.75781, 11.74219, 7.86719], "texture": "#texture"},
				"east": {"uv": [7.88281, 8.13281, 7.99219, 8.24219], "texture": "#texture"},
				"west": {"uv": [7.75781, 8.13281, 7.86719, 8.24219], "texture": "#texture"},
				"up": {"uv": [12.13281, 0.00781, 12.24219, 0.86719], "rotation": 90, "texture": "#texture"}
			}
		},
		{
			"name": "Element",
			"from": [4.1875, 7.75, 7.375],
			"to": [8.6875, 8.25, 7.625],
			"rotation": {"angle": 0, "axis": "y", "origin": [1.1875, 5.75, 6.375]},
			"faces": {
				"north": {"uv": [9.63281, 6.38281, 11.86719, 6.61719], "texture": "#texture"},
				"east": {"uv": [5.38281, 6.63281, 5.49219, 6.86719], "texture": "#texture"},
				"west": {"uv": [5.25781, 6.63281, 5.36719, 6.86719], "texture": "#texture"},
				"up": {"uv": [4.88281, 0.00781, 4.99219, 2.24219], "rotation": 90, "texture": "#texture"}
			}
		},
		{
			"name": "Element",
			"from": [13.6875, 7.5, 8.875],
			"to": [14.1875, 7.75, 9.125],
			"rotation": {"angle": 0, "axis": "y", "origin": [1.1875, 5.75, 6.375]},
			"faces": {
				"north": {"uv": [3.258, 3.133, 12.368, 12.243], "texture": "#1"},
				"east": {"uv": [3.258, 3.133, 12.368, 12.243], "texture": "#1"},
				"south": {"uv": [3.258, 3.133, 12.368, 12.243], "texture": "#1"},
				"west": {"uv": [3.258, 3.133, 12.368, 12.243], "texture": "#1"},
				"up": {"uv": [3.258, 3.133, 12.368, 12.243], "texture": "#1"},
				"down": {"uv": [3.258, 3.133, 12.368, 12.243], "texture": "#1"}
			}
		},
		{
			"name": "Element",
			"from": [7.6875, 8.25, 6.625],
			"to": [7.9375, 8.5, 6.875],
			"rotation": {"angle": 0, "axis": "y", "origin": [1.1875, 5.75, 6.375]},
			"faces": {
				"north": {"uv": [0.38281, 8.13281, 0.49219, 8.24219], "texture": "#texture"},
				"east": {"uv": [0.00781, 8.13281, 0.11719, 8.24219], "texture": "#texture"},
				"west": {"uv": [15.88281, 8.00781, 15.99219, 8.11719], "texture": "#texture"},
				"up": {"uv": [0.25781, 8.13281, 0.36719, 8.24219], "rotation": 90, "texture": "#texture"},
				"down": {"uv": [0.13281, 8.13281, 0.24219, 8.24219], "rotation": 270, "texture": "#texture"}
			}
		},
		{
			"name": "Element",
			"from": [5.1875, 6.25, 9.375],
			"to": [8.9375, 7.25, 9.625],
			"rotation": {"angle": 0, "axis": "y", "origin": [1.1875, 5.75, 6.375]},
			"faces": {
				"east": {"uv": [15.00781, 5.00781, 15.11719, 5.49219], "texture": "#texture"},
				"south": {"uv": [11.00781, 5.00781, 12.86719, 5.49219], "texture": "#texture"},
				"west": {"uv": [14.88281, 5.00781, 14.99219, 5.49219], "texture": "#texture"},
				"up": {"uv": [7.25781, 0.00781, 7.36719, 1.86719], "rotation": 90, "texture": "#texture"},
				"down": {"uv": [7.13281, 0.00781, 7.24219, 1.86719], "rotation": 270, "texture": "#texture"}
			}
		},
		{
			"name": "Element",
			"from": [4.6875, 8.25, 7.125],
			"to": [8.1875, 8.5, 7.375],
			"rotation": {"angle": 0, "axis": "y", "origin": [1.1875, 5.75, 6.375]},
			"faces": {
				"north": {"uv": [5.25781, 7.50781, 6.99219, 7.61719], "texture": "#texture"},
				"east": {"uv": [2.00781, 8.13281, 2.11719, 8.24219], "texture": "#texture"},
				"west": {"uv": [1.75781, 8.13281, 1.86719, 8.24219], "texture": "#texture"},
				"up": {"uv": [8.50781, 0.00781, 8.61719, 1.74219], "rotation": 90, "texture": "#texture"}
			}
		},
		{
			"name": "Element",
			"from": [4.6875, 8.25, 8.375],
			"to": [8.1875, 8.5, 8.625],
			"rotation": {"angle": 0, "axis": "y", "origin": [1.1875, 5.75, 6.375]},
			"faces": {
				"east": {"uv": [4.88281, 8.13281, 4.99219, 8.24219], "texture": "#texture"},
				"south": {"uv": [7.00781, 7.50781, 8.74219, 7.61719], "texture": "#texture"},
				"west": {"uv": [4.75781, 8.13281, 4.86719, 8.24219], "texture": "#texture"},
				"up": {"uv": [8.63281, 0.00781, 8.74219, 1.74219], "rotation": 90, "texture": "#texture"}
			}
		},
		{
			"name": "Element",
			"from": [9.9375, 7.5, 8.875],
			"to": [10.4375, 7.75, 9.125],
			"rotation": {"angle": 0, "axis": "y", "origin": [1.1875, 5.75, 6.375]},
			"faces": {
				"north": {"uv": [3.258, 3.133, 12.368, 12.243], "texture": "#1"},
				"east": {"uv": [3.258, 3.133, 12.368, 12.243], "texture": "#1"},
				"south": {"uv": [3.258, 3.133, 12.368, 12.243], "texture": "#1"},
				"west": {"uv": [3.258, 3.133, 12.368, 12.243], "texture": "#1"},
				"up": {"uv": [3.258, 3.133, 12.368, 12.243], "texture": "#1"},
				"down": {"uv": [3.258, 3.133, 12.368, 12.243], "texture": "#1"}
			}
		},
		{
			"name": "Element",
			"from": [4.4375, 8, 7.125],
			"to": [8.4375, 8.25, 7.375],
			"rotation": {"angle": 0, "axis": "y", "origin": [1.1875, 5.75, 6.375]},
			"faces": {
				"east": {"uv": [1.50781, 8.13281, 1.61719, 8.24219], "texture": "#texture"},
				"west": {"uv": [1.38281, 8.13281, 1.49219, 8.24219], "texture": "#texture"},
				"up": {"uv": [6.00781, 0.00781, 6.11719, 1.99219], "rotation": 90, "texture": "#texture"}
			}
		},
		{
			"name": "Element",
			"from": [4.1875, 7, 8.375],
			"to": [8.4375, 8, 8.625],
			"rotation": {"angle": 0, "axis": "y", "origin": [1.1875, 5.75, 6.375]},
			"faces": {
				"east": {"uv": [15.50781, 5.00781, 15.61719, 5.49219], "texture": "#texture"},
				"south": {"uv": [6.88281, 5.00781, 8.99219, 5.49219], "texture": "#texture"},
				"west": {"uv": [15.38281, 5.00781, 15.49219, 5.49219], "texture": "#texture"},
				"up": {"uv": [5.50781, 0.00781, 5.61719, 2.11719], "rotation": 90, "texture": "#texture"},
				"down": {"uv": [5.25781, 0.00781, 5.36719, 2.11719], "rotation": 270, "texture": "#texture"}
			}
		},
		{
			"name": "Element",
			"from": [8.1875, 9, 6.625],
			"to": [8.4375, 9.5, 6.875],
			"rotation": {"angle": 0, "axis": "y", "origin": [1.1875, 5.75, 6.375]},
			"faces": {
				"north": {"uv": [1.75781, 6.63281, 1.86719, 6.86719], "texture": "#texture"},
				"east": {"uv": [1.63281, 6.63281, 1.74219, 6.86719], "texture": "#texture"},
				"west": {"uv": [1.50781, 6.63281, 1.61719, 6.86719], "texture": "#texture"},
				"up": {"uv": [6.50781, 8.13281, 6.61719, 8.24219], "rotation": 90, "texture": "#texture"},
				"down": {"uv": [6.25781, 8.13281, 6.36719, 8.24219], "rotation": 270, "texture": "#texture"}
			}
		},
		{
			"name": "Element",
			"from": [8.4375, 6, 7.125],
			"to": [8.6875, 6.75, 8.375],
			"rotation": {"angle": 0, "axis": "y", "origin": [1.1875, 5.75, 6.375]},
			"faces": {
				"east": {"uv": [9.50781, 5.63281, 10.11719, 5.99219], "texture": "#texture"},
				"west": {"uv": [8.88281, 5.63281, 9.49219, 5.99219], "texture": "#texture"},
				"up": {"uv": [15.38281, 7.75781, 15.99219, 7.86719], "rotation": 90, "texture": "#texture"},
				"down": {"uv": [14.75781, 7.75781, 15.36719, 7.86719], "rotation": 270, "texture": "#texture"}
			}
		},
		{
			"name": "Element",
			"from": [4.1875, 6.25, 8.375],
			"to": [4.4375, 7, 8.625],
			"rotation": {"angle": 0, "axis": "y", "origin": [1.1875, 5.75, 6.375]},
			"faces": {
				"east": {"uv": [0.63281, 6.00781, 0.74219, 6.36719], "texture": "#texture"},
				"south": {"uv": [0.75781, 6.00781, 0.86719, 6.36719], "texture": "#texture"},
				"west": {"uv": [0.50781, 6.00781, 0.61719, 6.36719], "texture": "#texture"}
			}
		},
		{
			"name": "Element",
			"from": [5.4375, 7.5, 9.375],
			"to": [8.6875, 7.75, 9.625],
			"rotation": {"angle": 0, "axis": "y", "origin": [1.1875, 5.75, 6.375]},
			"faces": {
				"east": {"uv": [9.38281, 8.00781, 9.49219, 8.11719], "texture": "#texture"},
				"south": {"uv": [0.00781, 7.63281, 1.61719, 7.74219], "texture": "#texture"},
				"west": {"uv": [9.25781, 8.00781, 9.36719, 8.11719], "texture": "#texture"},
				"up": {"uv": [9.50781, 0.00781, 9.61719, 1.61719], "rotation": 90, "texture": "#texture"}
			}
		},
		{
			"name": "Element",
			"from": [14.4375, 6, 8.875],
			"to": [14.6875, 6.25, 9.125],
			"rotation": {"angle": 0, "axis": "y", "origin": [1.1875, 5.75, 6.375]},
			"faces": {
				"north": {"uv": [3.258, 3.133, 12.368, 12.243], "texture": "#3"},
				"east": {"uv": [3.258, 3.133, 12.368, 12.243], "texture": "#3"},
				"south": {"uv": [3.258, 3.133, 12.368, 12.243], "texture": "#3"},
				"west": {"uv": [3.258, 3.133, 12.368, 12.243], "texture": "#3"},
				"up": {"uv": [3.258, 3.133, 12.368, 12.243], "texture": "#3"},
				"down": {"uv": [3.258, 3.133, 12.368, 12.243], "texture": "#3"}
			}
		},
		{
			"name": "Element",
			"from": [14.4375, 6.9, 8.775],
			"to": [14.6875, 7.15, 9.025],
			"rotation": {"angle": 0, "axis": "y", "origin": [1.1875, 5.75, 6.375]},
			"faces": {
				"north": {"uv": [3.258, 3.133, 12.368, 12.243], "texture": "#3"},
				"east": {"uv": [3.258, 3.133, 12.368, 12.243], "texture": "#3"},
				"south": {"uv": [3.258, 3.133, 12.368, 12.243], "texture": "#3"},
				"west": {"uv": [3.258, 3.133, 12.368, 12.243], "texture": "#3"},
				"up": {"uv": [3.258, 3.133, 12.368, 12.243], "texture": "#3"},
				"down": {"uv": [3.258, 3.133, 12.368, 12.243], "texture": "#3"}
			}
		},
		{
			"name": "Element",
			"from": [14.4375, 7.1, 8.975],
			"to": [14.6875, 7.35, 9.225],
			"rotation": {"angle": 0, "axis": "y", "origin": [1.1875, 5.75, 6.375]},
			"faces": {
				"north": {"uv": [3.258, 3.133, 12.368, 12.243], "texture": "#3"},
				"east": {"uv": [3.258, 3.133, 12.368, 12.243], "texture": "#3"},
				"south": {"uv": [3.258, 3.133, 12.368, 12.243], "texture": "#3"},
				"west": {"uv": [3.258, 3.133, 12.368, 12.243], "texture": "#3"},
				"up": {"uv": [3.258, 3.133, 12.368, 12.243], "texture": "#3"},
				"down": {"uv": [3.258, 3.133, 12.368, 12.243], "texture": "#3"}
			}
		},
		{
			"name": "Element",
			"from": [10.2375, 6.5, 8.775],
			"to": [10.4875, 6.75, 9.025],
			"rotation": {"angle": 0, "axis": "y", "origin": [1.1875, 5.75, 6.375]},
			"faces": {
				"north": {"uv": [3.258, 3.133, 12.368, 12.243], "texture": "#3"},
				"east": {"uv": [3.258, 3.133, 12.368, 12.243], "texture": "#3"},
				"south": {"uv": [3.258, 3.133, 12.368, 12.243], "texture": "#3"},
				"west": {"uv": [3.258, 3.133, 12.368, 12.243], "texture": "#3"},
				"up": {"uv": [3.258, 3.133, 12.368, 12.243], "texture": "#3"},
				"down": {"uv": [3.258, 3.133, 12.368, 12.243], "texture": "#3"}
			}
		},
		{
			"name": "Element",
			"from": [10.2375, 6.7, 8.975],
			"to": [10.4875, 6.95, 9.225],
			"rotation": {"angle": 0, "axis": "y", "origin": [1.1875, 5.75, 6.375]},
			"faces": {
				"north": {"uv": [3.258, 3.133, 12.368, 12.243], "texture": "#3"},
				"east": {"uv": [3.258, 3.133, 12.368, 12.243], "texture": "#3"},
				"south": {"uv": [3.258, 3.133, 12.368, 12.243], "texture": "#3"},
				"west": {"uv": [3.258, 3.133, 12.368, 12.243], "texture": "#3"},
				"up": {"uv": [3.258, 3.133, 12.368, 12.243], "texture": "#3"},
				"down": {"uv": [3.258, 3.133, 12.368, 12.243], "texture": "#3"}
			}
		},
		{
			"name": "Element",
			"from": [7.9375, 8.75, 6.875],
			"to": [8.1875, 9, 8.875],
			"rotation": {"angle": 0, "axis": "y", "origin": [1.1875, 5.75, 6.375]},
			"faces": {
				"east": {"uv": [3.25781, 7.75781, 4.24219, 7.86719], "texture": "#texture"},
				"west": {"uv": [2.25781, 7.75781, 3.24219, 7.86719], "texture": "#texture"},
				"up": {"uv": [5.25781, 7.75781, 6.24219, 7.86719], "rotation": 90, "texture": "#texture"},
				"down": {"uv": [4.25781, 7.75781, 5.24219, 7.86719], "rotation": 270, "texture": "#texture"}
			}
		},
		{
			"name": "Element",
			"from": [7.6875, 10, 7.375],
			"to": [8.1875, 10.25, 8.375],
			"rotation": {"angle": 0, "axis": "y", "origin": [1.1875, 5.75, 6.375]},
			"faces": {
				"north": {"uv": [2.88281, 7.88281, 3.36719, 7.99219], "texture": "#3"},
				"east": {"uv": [2.88281, 7.88281, 3.36719, 7.99219], "texture": "#3"},
				"south": {"uv": [2.88281, 7.88281, 3.36719, 7.99219], "texture": "#3"},
				"west": {"uv": [2.88281, 7.88281, 3.36719, 7.99219], "texture": "#3"},
				"up": {"uv": [2.88281, 7.88281, 3.36719, 7.99219], "texture": "#3"},
				"down": {"uv": [2.88281, 7.88281, 3.36719, 7.99219], "texture": "#3"}
			}
		},
		{
			"name": "Element",
			"from": [8.1875, 9, 7.375],
			"to": [8.4375, 10, 8.375],
			"rotation": {"angle": 0, "axis": "y", "origin": [1.1875, 5.75, 6.375]},
			"faces": {
				"north": {"uv": [15.75781, 5.00781, 15.86719, 5.49219], "texture": "#texture"},
				"east": {"uv": [13.38281, 5.00781, 13.86719, 5.49219], "texture": "#texture"},
				"south": {"uv": [15.88281, 5.00781, 15.99219, 5.49219], "texture": "#texture"},
				"west": {"uv": [12.88281, 5.00781, 13.36719, 5.49219], "texture": "#texture"},
				"up": {"uv": [5.38281, 7.88281, 5.86719, 7.99219], "rotation": 90, "texture": "#texture"},
				"down": {"uv": [4.88281, 7.88281, 5.36719, 7.99219], "rotation": 270, "texture": "#texture"}
			}
		},
		{
			"name": "Element",
			"from": [3.6875, 5.75, 6.875],
			"to": [8.1875, 6, 7.125],
			"rotation": {"angle": 0, "axis": "y", "origin": [1.1875, 5.75, 6.375]},
			"faces": {
				"north": {"uv": [13.63281, 7.13281, 15.86719, 7.24219], "texture": "#2"},
				"east": {"uv": [13.63281, 7.13281, 15.86719, 7.24219], "texture": "#2"},
				"south": {"uv": [13.63281, 7.13281, 15.86719, 7.24219], "texture": "#2"},
				"west": {"uv": [13.63281, 7.13281, 15.86719, 7.24219], "texture": "#2"},
				"up": {"uv": [13.63281, 7.13281, 15.86719, 7.24219], "texture": "#2"},
				"down": {"uv": [13.63281, 7.13281, 15.86719, 7.24219], "texture": "#2"}
			}
		},
		{
			"name": "Element",
			"from": [5.6875, 7.75, 6.625],
			"to": [5.9375, 8, 6.875],
			"rotation": {"angle": 0, "axis": "y", "origin": [1.1875, 5.75, 6.375]},
			"faces": {
				"north": {"uv": [15.63281, 8.00781, 15.74219, 8.11719], "texture": "#texture"},
				"east": {"uv": [15.38281, 8.00781, 15.49219, 8.11719], "texture": "#texture"},
				"west": {"uv": [15.13281, 8.00781, 15.24219, 8.11719], "texture": "#texture"},
				"up": {"uv": [15.50781, 8.00781, 15.61719, 8.11719], "rotation": 90, "texture": "#texture"}
			}
		},
		{
			"name": "Element",
			"from": [8.1875, 9, 6.875],
			"to": [8.4375, 9.75, 7.375],
			"rotation": {"angle": 0, "axis": "y", "origin": [1.1875, 5.75, 6.375]},
			"faces": {
				"north": {"uv": [14.88281, 5.63281, 14.99219, 5.99219], "texture": "#texture"},
				"east": {"uv": [12.13281, 5.63281, 12.36719, 5.99219], "texture": "#texture"},
				"west": {"uv": [11.88281, 5.63281, 12.11719, 5.99219], "texture": "#texture"},
				"up": {"uv": [7.63281, 7.88281, 7.86719, 7.99219], "rotation": 90, "texture": "#texture"},
				"down": {"uv": [7.38281, 7.88281, 7.61719, 7.99219], "rotation": 270, "texture": "#texture"}
			}
		},
		{
			"name": "Element",
			"from": [1.4375, 5.75, 7.625],
			"to": [8.6875, 6, 8.125],
			"rotation": {"angle": 0, "axis": "y", "origin": [1.1875, 5.75, 6.375]},
			"faces": {
				"north": {"uv": [0.00781, 6.88281, 3.61719, 6.99219], "texture": "#2"},
				"east": {"uv": [0.00781, 6.88281, 3.61719, 6.99219], "texture": "#2"},
				"south": {"uv": [0.00781, 6.88281, 3.61719, 6.99219], "texture": "#2"},
				"west": {"uv": [0.00781, 6.88281, 3.61719, 6.99219], "texture": "#2"},
				"up": {"uv": [0.00781, 6.88281, 3.61719, 6.99219], "texture": "#2"},
				"down": {"uv": [0.00781, 6.88281, 3.61719, 6.99219], "texture": "#2"}
			}
		},
		{
			"name": "Element",
			"from": [5.4375, 8.25, 6.375],
			"to": [6.1875, 8.5, 6.625],
			"rotation": {"angle": 0, "axis": "y", "origin": [1.1875, 5.75, 6.375]},
			"faces": {
				"north": {"uv": [5.88281, 7.88281, 6.24219, 7.99219], "texture": "#2"},
				"east": {"uv": [5.88281, 7.88281, 6.24219, 7.99219], "texture": "#2"},
				"south": {"uv": [5.88281, 7.88281, 6.24219, 7.99219], "texture": "#2"},
				"west": {"uv": [5.88281, 7.88281, 6.24219, 7.99219], "texture": "#2"},
				"up": {"uv": [5.88281, 7.88281, 6.24219, 7.99219], "texture": "#2"},
				"down": {"uv": [5.88281, 7.88281, 6.24219, 7.99219], "texture": "#2"}
			}
		},
		{
			"name": "Element",
			"from": [4.4375, 7.25, 8.625],
			"to": [8.4375, 8.25, 8.875],
			"rotation": {"angle": 0, "axis": "y", "origin": [1.1875, 5.75, 6.375]},
			"faces": {
				"east": {"uv": [15.25781, 5.00781, 15.36719, 5.49219], "texture": "#texture"},
				"south": {"uv": [9.00781, 5.00781, 10.99219, 5.49219], "texture": "#texture"},
				"west": {"uv": [15.13281, 5.00781, 15.24219, 5.49219], "texture": "#texture"},
				"up": {"uv": [5.88281, 0.00781, 5.99219, 1.99219], "rotation": 90, "texture": "#texture"}
			}
		},
		{
			"name": "Element",
			"from": [13.6875, 6, 8.875],
			"to": [14.1875, 6.25, 9.125],
			"rotation": {"angle": 0, "axis": "y", "origin": [1.1875, 5.75, 6.375]},
			"faces": {
				"north": {"uv": [3.258, 3.133, 12.368, 12.243], "texture": "#1"},
				"east": {"uv": [3.258, 3.133, 12.368, 12.243], "texture": "#1"},
				"south": {"uv": [3.258, 3.133, 12.368, 12.243], "texture": "#1"},
				"west": {"uv": [3.258, 3.133, 12.368, 12.243], "texture": "#1"},
				"up": {"uv": [3.258, 3.133, 12.368, 12.243], "texture": "#1"},
				"down": {"uv": [3.258, 3.133, 12.368, 12.243], "texture": "#1"}
			}
		},
		{
			"name": "Element",
			"from": [3.6875, 5.75, 8.625],
			"to": [8.6875, 6, 8.875],
			"rotation": {"angle": 0, "axis": "y", "origin": [1.1875, 5.75, 6.375]},
			"faces": {
				"north": {"uv": [0, 0, 0, 0], "texture": "#2"},
				"east": {"uv": [0, 0, 0, 0], "texture": "#2"},
				"south": {"uv": [0, 0, 0, 0], "texture": "#2"},
				"west": {"uv": [0, 0, 0, 0], "texture": "#2"},
				"up": {"uv": [0, 0, 0, 0], "texture": "#2"},
				"down": {"uv": [0, 0, 0, 0], "texture": "#2"}
			}
		},
		{
			"name": "Element",
			"from": [3.1875, 7, 7.625],
			"to": [3.4375, 7.25, 8.125],
			"rotation": {"angle": 0, "axis": "y", "origin": [1.1875, 5.75, 6.375]},
			"faces": {
				"north": {"uv": [15.13281, 8.13281, 15.24219, 8.24219], "texture": "#texture"},
				"east": {"uv": [8.50781, 8.00781, 8.74219, 8.11719], "texture": "#texture"},
				"south": {"uv": [15.25781, 8.13281, 15.36719, 8.24219], "texture": "#texture"},
				"west": {"uv": [8.25781, 8.00781, 8.49219, 8.11719], "texture": "#texture"},
				"down": {"uv": [8.75781, 8.00781, 8.99219, 8.11719], "rotation": 270, "texture": "#texture"}
			}
		},
		{
			"name": "Element",
			"from": [6.6875, 9, 8.625],
			"to": [6.9375, 9.5, 8.875],
			"rotation": {"angle": 0, "axis": "y", "origin": [1.1875, 5.75, 6.375]},
			"faces": {
				"north": {"uv": [14.38281, 6.38281, 14.49219, 6.61719], "texture": "#texture"},
				"east": {"uv": [14.13281, 6.38281, 14.24219, 6.61719], "texture": "#texture"},
				"south": {"uv": [14.50781, 6.38281, 14.61719, 6.61719], "texture": "#texture"},
				"west": {"uv": [13.88281, 6.38281, 13.99219, 6.61719], "texture": "#texture"},
				"up": {"uv": [15.00781, 8.00781, 15.11719, 8.11719], "rotation": 90, "texture": "#texture"},
				"down": {"uv": [14.75781, 8.00781, 14.86719, 8.11719], "rotation": 270, "texture": "#texture"}
			}
		},
		{
			"name": "Element",
			"from": [4.1875, 7.75, 8.125],
			"to": [8.6875, 8, 8.375],
			"rotation": {"angle": 0, "axis": "y", "origin": [1.1875, 5.75, 6.375]},
			"faces": {
				"east": {"uv": [13.75781, 8.13281, 13.86719, 8.24219], "texture": "#texture"},
				"south": {"uv": [2.25781, 7.25781, 4.49219, 7.36719], "texture": "#texture"},
				"west": {"uv": [13.63281, 8.13281, 13.74219, 8.24219], "texture": "#texture"},
				"up": {"uv": [4.75781, 0.00781, 4.86719, 2.24219], "rotation": 90, "texture": "#texture"}
			}
		},
		{
			"name": "Element",
			"from": [12.9375, 7.5, 8.875],
			"to": [13.4375, 7.75, 9.125],
			"rotation": {"angle": 0, "axis": "y", "origin": [1.1875, 5.75, 6.375]},
			"faces": {
				"north": {"uv": [3.258, 3.133, 12.368, 12.243], "texture": "#3"},
				"east": {"uv": [3.258, 3.133, 12.368, 12.243], "texture": "#3"},
				"south": {"uv": [3.258, 3.133, 12.368, 12.243], "texture": "#3"},
				"west": {"uv": [3.258, 3.133, 12.368, 12.243], "texture": "#3"},
				"up": {"uv": [3.258, 3.133, 12.368, 12.243], "texture": "#3"},
				"down": {"uv": [3.258, 3.133, 12.368, 12.243], "texture": "#3"}
			}
		},
		{
			"name": "Element",
			"from": [4.9375, 6, 9.125],
			"to": [8.6875, 6.25, 9.375],
			"rotation": {"angle": 0, "axis": "y", "origin": [1.1875, 5.75, 6.375]},
			"faces": {
				"north": {"uv": [3.75781, 7.38281, 5.61719, 7.49219], "texture": "#texture"},
				"east": {"uv": [3.25781, 8.13281, 3.36719, 8.24219], "texture": "#texture"},
				"south": {"uv": [5.63281, 7.38281, 7.49219, 7.49219], "texture": "#texture"},
				"west": {"uv": [3.00781, 8.13281, 3.11719, 8.24219], "texture": "#texture"},
				"down": {"uv": [7.50781, 0.00781, 7.61719, 1.86719], "rotation": 270, "texture": "#texture"}
			}
		},
		{
			"name": "Element",
			"from": [5.1875, 6.75, 8.875],
			"to": [15.1875, 7, 9.125],
			"rotation": {"angle": 0, "axis": "y", "origin": [1.1875, 5.75, 6.375]},
			"faces": {
				"north": {"uv": [3.258, 3.133, 12.368, 12.243], "texture": "#1"},
				"east": {"uv": [3.258, 3.133, 12.368, 12.243], "texture": "#1"},
				"south": {"uv": [3.258, 3.133, 12.368, 12.243], "texture": "#1"},
				"west": {"uv": [3.258, 3.133, 12.368, 12.243], "texture": "#1"},
				"up": {"uv": [3.258, 3.133, 12.368, 12.243], "texture": "#1"},
				"down": {"uv": [3.258, 3.133, 12.368, 12.243], "texture": "#1"}
			}
		},
		{
			"name": "Element",
			"from": [5.1875, 6, 6.625],
			"to": [8.1875, 6.25, 6.875],
			"rotation": {"angle": 0, "axis": "y", "origin": [1.1875, 5.75, 6.375]},
			"faces": {
				"north": {"uv": [9.38281, 7.63281, 10.86719, 7.74219], "texture": "#texture"},
				"east": {"uv": [10.88281, 8.13281, 10.99219, 8.24219], "texture": "#texture"},
				"west": {"uv": [10.63281, 8.13281, 10.74219, 8.24219], "texture": "#texture"},
				"down": {"uv": [10.25781, 0.00781, 10.36719, 1.49219], "rotation": 270, "texture": "#texture"}
			}
		},
		{
			"name": "Element",
			"from": [3.4375, 6, 8.625],
			"to": [5.1875, 6.25, 8.875],
			"rotation": {"angle": 0, "axis": "y", "origin": [1.1875, 5.75, 6.375]},
			"faces": {
				"north": {"uv": [9.13281, 7.75781, 9.99219, 7.86719], "texture": "#2"},
				"east": {"uv": [9.13281, 7.75781, 9.99219, 7.86719], "texture": "#2"},
				"south": {"uv": [9.13281, 7.75781, 9.99219, 7.86719], "texture": "#2"},
				"west": {"uv": [9.13281, 7.75781, 9.99219, 7.86719], "texture": "#2"},
				"up": {"uv": [9.13281, 7.75781, 9.99219, 7.86719], "texture": "#2"},
				"down": {"uv": [9.13281, 7.75781, 9.99219, 7.86719], "texture": "#2"}
			}
		},
		{
			"name": "Element",
			"from": [8.1875, 9, 8.375],
			"to": [8.4375, 9.75, 8.875],
			"rotation": {"angle": 0, "axis": "y", "origin": [1.1875, 5.75, 6.375]},
			"faces": {
				"east": {"uv": [12.63281, 5.63281, 12.86719, 5.99219], "texture": "#texture"},
				"south": {"uv": [15.25781, 5.63281, 15.36719, 5.99219], "texture": "#texture"},
				"west": {"uv": [12.38281, 5.63281, 12.61719, 5.99219], "texture": "#texture"},
				"up": {"uv": [9.63281, 7.88281, 9.86719, 7.99219], "rotation": 90, "texture": "#texture"},
				"down": {"uv": [9.38281, 7.88281, 9.61719, 7.99219], "rotation": 270, "texture": "#texture"}
			}
		},
		{
			"name": "Element",
			"from": [6.6875, 9.25, 7.125],
			"to": [6.9375, 9.5, 8.625],
			"rotation": {"angle": 0, "axis": "y", "origin": [1.1875, 5.75, 6.375]},
			"faces": {
				"east": {"uv": [12.50781, 7.75781, 13.24219, 7.86719], "texture": "#texture"},
				"west": {"uv": [11.75781, 7.75781, 12.49219, 7.86719], "texture": "#texture"},
				"up": {"uv": [14.00781, 7.75781, 14.74219, 7.86719], "rotation": 90, "texture": "#texture"},
				"down": {"uv": [13.25781, 7.75781, 13.99219, 7.86719], "rotation": 270, "texture": "#texture"}
			}
		},
		{
			"name": "Element",
			"from": [11.4375, 7.5, 8.875],
			"to": [11.9375, 7.75, 9.125],
			"rotation": {"angle": 0, "axis": "y", "origin": [1.1875, 5.75, 6.375]},
			"faces": {
				"north": {"uv": [3.258, 3.133, 12.368, 12.243], "texture": "#1"},
				"east": {"uv": [3.258, 3.133, 12.368, 12.243], "texture": "#1"},
				"south": {"uv": [3.258, 3.133, 12.368, 12.243], "texture": "#1"},
				"west": {"uv": [3.258, 3.133, 12.368, 12.243], "texture": "#1"},
				"up": {"uv": [3.258, 3.133, 12.368, 12.243], "texture": "#1"},
				"down": {"uv": [3.258, 3.133, 12.368, 12.243], "texture": "#1"}
			}
		},
		{
			"name": "Element",
			"from": [9.1875, 6, 8.875],
			"to": [9.6875, 6.25, 9.125],
			"rotation": {"angle": 0, "axis": "y", "origin": [1.1875, 5.75, 6.375]},
			"faces": {
				"north": {"uv": [3.258, 3.133, 12.368, 12.243], "texture": "#1"},
				"east": {"uv": [3.258, 3.133, 12.368, 12.243], "texture": "#1"},
				"south": {"uv": [3.258, 3.133, 12.368, 12.243], "texture": "#1"},
				"west": {"uv": [3.258, 3.133, 12.368, 12.243], "texture": "#1"},
				"up": {"uv": [3.258, 3.133, 12.368, 12.243], "texture": "#1"},
				"down": {"uv": [3.258, 3.133, 12.368, 12.243], "texture": "#1"}
			}
		},
		{
			"name": "Element",
			"from": [4.9375, 5.75, 8.875],
			"to": [8.4375, 6, 9.375],
			"rotation": {"angle": 0, "axis": "y", "origin": [1.1875, 5.75, 6.375]},
			"faces": {
				"east": {"uv": [8.63281, 7.88281, 8.86719, 7.99219], "texture": "#texture"},
				"south": {"uv": [3.50781, 7.50781, 5.24219, 7.61719], "texture": "#texture"},
				"west": {"uv": [8.38281, 7.88281, 8.61719, 7.99219], "texture": "#texture"},
				"up": {"uv": [8.00781, 0.00781, 8.24219, 1.74219], "rotation": 90, "texture": "#texture"},
				"down": {"uv": [7.75781, 0.00781, 7.99219, 1.74219], "rotation": 270, "texture": "#texture"}
			}
		},
		{
			"name": "Element",
			"from": [5.1875, 6.25, 6.625],
			"to": [8.4375, 7.5, 6.875],
			"rotation": {"angle": 0, "axis": "y", "origin": [1.1875, 5.75, 6.375]},
			"faces": {
				"north": {"uv": [4.00781, 5.00781, 5.61719, 5.61719], "texture": "#texture"},
				"east": {"uv": [6.00781, 5.00781, 6.11719, 5.61719], "texture": "#texture"},
				"west": {"uv": [5.88281, 5.00781, 5.99219, 5.61719], "texture": "#texture"},
				"up": {"uv": [9.75781, 0.00781, 9.86719, 1.61719], "rotation": 90, "texture": "#texture"},
				"down": {"uv": [9.63281, 0.00781, 9.74219, 1.61719], "rotation": 270, "texture": "#texture"}
			}
		},
		{
			"name": "Element",
			"from": [5.1875, 6, 8.875],
			"to": [8.9375, 6.25, 9.125],
			"rotation": {"angle": 0, "axis": "y", "origin": [1.1875, 5.75, 6.375]},
			"faces": {
				"north": {"uv": [3.258, 3.133, 12.368, 12.243], "texture": "#1"},
				"east": {"uv": [3.258, 3.133, 12.368, 12.243], "texture": "#1"},
				"south": {"uv": [3.258, 3.133, 12.368, 12.243], "texture": "#1"},
				"west": {"uv": [3.258, 3.133, 12.368, 12.243], "texture": "#1"},
				"up": {"uv": [3.258, 3.133, 12.368, 12.243], "texture": "#1"},
				"down": {"uv": [3.258, 3.133, 12.368, 12.243], "texture": "#1"}
			}
		},
		{
			"name": "Element",
			"from": [7.1875, 8, 6.625],
			"to": [7.6875, 8.25, 6.875],
			"rotation": {"angle": 0, "axis": "y", "origin": [1.1875, 5.75, 6.375]},
			"faces": {
				"north": {"uv": [10.63281, 7.88281, 10.86719, 7.99219], "texture": "#texture"},
				"east": {"uv": [5.63281, 8.13281, 5.74219, 8.24219], "texture": "#texture"},
				"west": {"uv": [5.50781, 8.13281, 5.61719, 8.24219], "texture": "#texture"},
				"up": {"uv": [0.88281, 6.63281, 0.99219, 6.86719], "rotation": 90, "texture": "#texture"}
			}
		},
		{
			"name": "Element",
			"from": [6.4375, 9, 8.875],
			"to": [6.9375, 9.25, 9.125],
			"rotation": {"angle": 0, "axis": "y", "origin": [1.1875, 5.75, 6.375]},
			"faces": {
				"north": {"uv": [9.88281, 7.88281, 10.11719, 7.99219], "texture": "#texture"},
				"east": {"uv": [2.25781, 8.13281, 2.36719, 8.24219], "texture": "#texture"},
				"south": {"uv": [10.13281, 7.88281, 10.36719, 7.99219], "texture": "#texture"},
				"west": {"uv": [2.13281, 8.13281, 2.24219, 8.24219], "texture": "#texture"},
				"up": {"uv": [15.25781, 6.38281, 15.36719, 6.61719], "rotation": 90, "texture": "#texture"},
				"down": {"uv": [15.13281, 6.38281, 15.24219, 6.61719], "rotation": 270, "texture": "#texture"}
			}
		},
		{
			"name": "Element",
			"from": [5.6875, 7.75, 9.375],
			"to": [8.1875, 8, 9.625],
			"rotation": {"angle": 0, "axis": "y", "origin": [1.1875, 5.75, 6.375]},
			"faces": {
				"east": {"uv": [9.63281, 8.00781, 9.74219, 8.11719], "texture": "#texture"},
				"south": {"uv": [0.00781, 7.75781, 1.24219, 7.86719], "texture": "#texture"},
				"west": {"uv": [9.50781, 8.00781, 9.61719, 8.11719], "texture": "#texture"},
				"up": {"uv": [11.00781, 0.00781, 11.11719, 1.24219], "rotation": 90, "texture": "#texture"}
			}
		},
		{
			"name": "Element",
			"from": [1.6875, 5.75, 8.125],
			"to": [8.6875, 6, 8.375],
			"rotation": {"angle": 0, "axis": "y", "origin": [1.1875, 5.75, 6.375]},
			"faces": {
				"north": {"uv": [0, 0, 0, 0], "texture": "#2"},
				"east": {"uv": [0, 0, 0, 0], "texture": "#2"},
				"south": {"uv": [0, 0, 0, 0], "texture": "#2"},
				"west": {"uv": [0, 0, 0, 0], "texture": "#2"},
				"up": {"uv": [0, 0, 0, 0], "texture": "#2"},
				"down": {"uv": [0, 0, 0, 0], "texture": "#2"}
			}
		},
		{
			"name": "Element",
			"from": [4.1875, 8, 7.625],
			"to": [8.6875, 8.25, 8.125],
			"rotation": {"angle": 0, "axis": "y", "origin": [1.1875, 5.75, 6.375]},
			"faces": {
				"east": {"uv": [4.25781, 8.00781, 4.49219, 8.11719], "texture": "#texture"},
				"south": {"uv": [4.50781, 7.25781, 6.74219, 7.36719], "texture": "#texture"},
				"west": {"uv": [4.00781, 8.00781, 4.24219, 8.11719], "texture": "#texture"},
				"up": {"uv": [4.00781, 0.00781, 4.24219, 2.24219], "rotation": 90, "texture": "#texture"}
			}
		},
		{
			"name": "Element",
			"from": [7.6875, 8.25, 8.875],
			"to": [7.9375, 8.5, 9.125],
			"rotation": {"angle": 0, "axis": "y", "origin": [1.1875, 5.75, 6.375]},
			"faces": {
				"east": {"uv": [13.50781, 8.00781, 13.61719, 8.11719], "texture": "#texture"},
				"south": {"uv": [14.13281, 8.00781, 14.24219, 8.11719], "texture": "#texture"},
				"west": {"uv": [13.38281, 8.00781, 13.49219, 8.11719], "texture": "#texture"},
				"up": {"uv": [14.00781, 8.00781, 14.11719, 8.11719], "rotation": 90, "texture": "#texture"},
				"down": {"uv": [13.75781, 8.00781, 13.86719, 8.11719], "rotation": 270, "texture": "#texture"}
			}
		},
		{
			"name": "Element",
			"from": [5.4375, 7.5, 6.625],
			"to": [8.1875, 7.75, 6.875],
			"rotation": {"angle": 0, "axis": "y", "origin": [1.1875, 5.75, 6.375]},
			"faces": {
				"north": {"uv": [13.88281, 7.63281, 15.24219, 7.74219], "texture": "#texture"},
				"east": {"uv": [7.25781, 8.13281, 7.36719, 8.24219], "texture": "#texture"},
				"west": {"uv": [7.00781, 8.13281, 7.11719, 8.24219], "texture": "#texture"},
				"up": {"uv": [10.88281, 0.00781, 10.99219, 1.36719], "rotation": 90, "texture": "#texture"}
			}
		},
		{
			"name": "Element",
			"from": [5.4375, 8, 9.125],
			"to": [5.9375, 8.25, 9.375],
			"rotation": {"angle": 0, "axis": "y", "origin": [1.1875, 5.75, 6.375]},
			"faces": {
				"north": {"uv": [10.38281, 7.88281, 10.61719, 7.99219], "texture": "#texture"},
				"east": {"uv": [5.38281, 8.13281, 5.49219, 8.24219], "texture": "#texture"},
				"south": {"uv": [10.88281, 7.88281, 11.11719, 7.99219], "texture": "#texture"},
				"west": {"uv": [5.25781, 8.13281, 5.36719, 8.24219], "texture": "#texture"},
				"up": {"uv": [0.75781, 6.63281, 0.86719, 6.86719], "rotation": 90, "texture": "#texture"}
			}
		},
		{
			"name": "Element",
			"from": [11.4375, 6, 8.875],
			"to": [11.9375, 6.25, 9.125],
			"rotation": {"angle": 0, "axis": "y", "origin": [1.1875, 5.75, 6.375]},
			"faces": {
				"north": {"uv": [3.258, 3.133, 12.368, 12.243], "texture": "#1"},
				"east": {"uv": [3.258, 3.133, 12.368, 12.243], "texture": "#1"},
				"south": {"uv": [3.258, 3.133, 12.368, 12.243], "texture": "#1"},
				"west": {"uv": [3.258, 3.133, 12.368, 12.243], "texture": "#1"},
				"up": {"uv": [3.258, 3.133, 12.368, 12.243], "texture": "#1"},
				"down": {"uv": [3.258, 3.133, 12.368, 12.243], "texture": "#1"}
			}
		},
		{
			"name": "Element",
			"from": [5.9375, 5.75, 9.375],
			"to": [7.6875, 6, 9.625],
			"rotation": {"angle": 0, "axis": "y", "origin": [1.1875, 5.75, 6.375]},
			"faces": {
				"east": {"uv": [10.63281, 8.00781, 10.74219, 8.11719], "texture": "#texture"},
				"south": {"uv": [8.25781, 7.75781, 9.11719, 7.86719], "texture": "#texture"},
				"west": {"uv": [10.50781, 8.00781, 10.61719, 8.11719], "texture": "#texture"},
				"down": {"uv": [11.75781, 0.00781, 11.86719, 0.86719], "rotation": 270, "texture": "#texture"}
			}
		},
		{
			"name": "Element",
			"from": [4.4375, 8.25, 7.375],
			"to": [8.1875, 8.5, 8.375],
			"rotation": {"angle": 0, "axis": "y", "origin": [1.1875, 5.75, 6.375]},
			"faces": {
				"north": {"uv": [11.25781, 7.38281, 13.11719, 7.49219], "texture": "#texture"},
				"east": {"uv": [4.38281, 7.88281, 4.86719, 7.99219], "texture": "#texture"},
				"south": {"uv": [13.13281, 7.38281, 14.99219, 7.49219], "texture": "#texture"},
				"west": {"uv": [3.88281, 7.88281, 4.36719, 7.99219], "texture": "#texture"},
				"up": {"uv": [6.63281, 0.00781, 7.11719, 1.86719], "rotation": 90, "texture": "#texture"}
			}
		},
		{
			"name": "Element",
			"from": [2.6875, 5.75, 8.375],
			"to": [8.6875, 6, 8.625],
			"rotation": {"angle": 0, "axis": "y", "origin": [1.1875, 5.75, 6.375]},
			"faces": {
				"north": {"uv": [0, 0, 0, 0], "texture": "#2"},
				"east": {"uv": [0, 0, 0, 0], "texture": "#2"},
				"south": {"uv": [0, 0, 0, 0], "texture": "#2"},
				"west": {"uv": [0, 0, 0, 0], "texture": "#2"},
				"up": {"uv": [0, 0, 0, 0], "texture": "#2"},
				"down": {"uv": [0, 0, 0, 0], "texture": "#2"}
			}
		},
		{
			"name": "Element",
			"from": [3.9375, 7, 7.625],
			"to": [8.6875, 7.5, 8.125],
			"rotation": {"angle": 0, "axis": "y", "origin": [1.1875, 5.75, 6.375]},
			"faces": {
				"east": {"uv": [13.38281, 6.38281, 13.61719, 6.61719], "texture": "#texture"},
				"south": {"uv": [7.25781, 6.38281, 9.61719, 6.61719], "texture": "#texture"},
				"west": {"uv": [13.13281, 6.38281, 13.36719, 6.61719], "texture": "#texture"},
				"down": {"uv": [3.25781, 0.00781, 3.49219, 2.36719], "rotation": 270, "texture": "#texture"}
			}
		},
		{
			"name": "Element",
			"from": [4.9375, 6.25, 9.125],
			"to": [8.9375, 7.5, 9.375],
			"rotation": {"angle": 0, "axis": "y", "origin": [1.1875, 5.75, 6.375]},
			"faces": {
				"north": {"uv": [12.25781, 0.00781, 14.24219, 0.61719], "texture": "#texture"},
				"east": {"uv": [5.75781, 5.00781, 5.86719, 5.61719], "texture": "#texture"},
				"south": {"uv": [0.00781, 5.00781, 1.99219, 5.61719], "texture": "#texture"},
				"west": {"uv": [5.63281, 5.00781, 5.74219, 5.61719], "texture": "#texture"},
				"up": {"uv": [6.25781, 0.00781, 6.36719, 1.99219], "rotation": 90, "texture": "#texture"},
				"down": {"uv": [6.13281, 0.00781, 6.24219, 1.99219], "rotation": 270, "texture": "#texture"}
			}
		},
		{
			"name": "Element",
			"from": [6.1875, 8.75, 8.875],
			"to": [6.6875, 9, 9.125],
			"rotation": {"angle": 0, "axis": "y", "origin": [1.1875, 5.75, 6.375]},
			"faces": {
				"north": {"uv": [8.88281, 7.88281, 9.11719, 7.99219], "texture": "#texture"},
				"east": {"uv": [1.88281, 8.13281, 1.99219, 8.24219], "texture": "#texture"},
				"south": {"uv": [9.13281, 7.88281, 9.36719, 7.99219], "texture": "#texture"},
				"west": {"uv": [1.63281, 8.13281, 1.74219, 8.24219], "texture": "#texture"},
				"up": {"uv": [15.00781, 6.38281, 15.11719, 6.61719], "rotation": 90, "texture": "#texture"},
				"down": {"uv": [14.88281, 6.38281, 14.99219, 6.61719], "rotation": 270, "texture": "#texture"}
			}
		},
		{
			"name": "Element",
			"from": [12.1875, 7.5, 8.875],
			"to": [12.6875, 7.75, 9.125],
			"rotation": {"angle": 0, "axis": "y", "origin": [1.1875, 5.75, 6.375]},
			"faces": {
				"north": {"uv": [3.258, 3.133, 12.368, 12.243], "texture": "#1"},
				"east": {"uv": [3.258, 3.133, 12.368, 12.243], "texture": "#1"},
				"south": {"uv": [3.258, 3.133, 12.368, 12.243], "texture": "#1"},
				"west": {"uv": [3.258, 3.133, 12.368, 12.243], "texture": "#1"},
				"up": {"uv": [3.258, 3.133, 12.368, 12.243], "texture": "#1"},
				"down": {"uv": [3.258, 3.133, 12.368, 12.243], "texture": "#1"}
			}
		},
		{
			"name": "Element",
			"from": [4.1875, 6.25, 7.125],
			"to": [4.4375, 7, 7.375],
			"rotation": {"angle": 0, "axis": "y", "origin": [1.1875, 5.75, 6.375]},
			"faces": {
				"north": {"uv": [15.63281, 5.63281, 15.74219, 5.99219], "texture": "#texture"},
				"east": {"uv": [15.50781, 5.63281, 15.61719, 5.99219], "texture": "#texture"},
				"west": {"uv": [15.38281, 5.63281, 15.49219, 5.99219], "texture": "#texture"}
			}
		},
		{
			"name": "Element",
			"from": [3.4375, 6, 6.875],
			"to": [8.6875, 6.25, 7.125],
			"rotation": {"angle": 0, "axis": "y", "origin": [1.1875, 5.75, 6.375]},
			"faces": {
				"north": {"uv": [5.88281, 7.13281, 8.49219, 7.24219], "texture": "#2"},
				"east": {"uv": [5.88281, 7.13281, 8.49219, 7.24219], "texture": "#2"},
				"south": {"uv": [5.88281, 7.13281, 8.49219, 7.24219], "texture": "#2"},
				"west": {"uv": [5.88281, 7.13281, 8.49219, 7.24219], "texture": "#2"},
				"up": {"uv": [5.88281, 7.13281, 8.49219, 7.24219], "texture": "#2"},
				"down": {"uv": [5.88281, 7.13281, 8.49219, 7.24219], "texture": "#2"}
			}
		},
		{
			"name": "Element",
			"from": [5.1875, 7.75, 9.125],
			"to": [8.6875, 8, 9.375],
			"rotation": {"angle": 0, "axis": "y", "origin": [1.1875, 5.75, 6.375]},
			"faces": {
				"north": {"uv": [8.75781, 7.50781, 10.49219, 7.61719], "texture": "#texture"},
				"east": {"uv": [5.13281, 8.13281, 5.24219, 8.24219], "texture": "#texture"},
				"south": {"uv": [10.50781, 7.50781, 12.24219, 7.61719], "texture": "#texture"},
				"west": {"uv": [5.00781, 8.13281, 5.11719, 8.24219], "texture": "#texture"},
				"up": {"uv": [8.75781, 0.00781, 8.86719, 1.74219], "rotation": 90, "texture": "#texture"}
			}
		},
		{
			"name": "Element",
			"from": [2.4375, 6, 7.125],
			"to": [4.4375, 6.25, 7.375],
			"rotation": {"angle": 0, "axis": "y", "origin": [1.1875, 5.75, 6.375]},
			"faces": {
				"north": {"uv": [1.25781, 7.75781, 2.24219, 7.86719], "texture": "#2"},
				"east": {"uv": [1.25781, 7.75781, 2.24219, 7.86719], "texture": "#2"},
				"south": {"uv": [1.25781, 7.75781, 2.24219, 7.86719], "texture": "#2"},
				"west": {"uv": [1.25781, 7.75781, 2.24219, 7.86719], "texture": "#2"},
				"up": {"uv": [1.25781, 7.75781, 2.24219, 7.86719], "texture": "#2"},
				"down": {"uv": [1.25781, 7.75781, 2.24219, 7.86719], "texture": "#2"}
			}
		},
		{
			"name": "Element",
			"from": [5.1875, 7.25, 9.375],
			"to": [8.6875, 7.5, 9.625],
			"rotation": {"angle": 0, "axis": "y", "origin": [1.1875, 5.75, 6.375]},
			"faces": {
				"east": {"uv": [9.13281, 8.00781, 9.24219, 8.11719], "texture": "#texture"},
				"south": {"uv": [0.00781, 7.50781, 1.74219, 7.61719], "texture": "#texture"},
				"west": {"uv": [9.00781, 8.00781, 9.11719, 8.11719], "texture": "#texture"},
				"up": {"uv": [8.25781, 0.00781, 8.36719, 1.74219], "rotation": 90, "texture": "#texture"}
			}
		},
		{
			"name": "Element",
			"from": [7.9375, 9.75, 7.125],
			"to": [8.1875, 10.25, 7.375],
			"rotation": {"angle": 0, "axis": "y", "origin": [1.1875, 5.75, 6.375]},
			"faces": {
				"north": {"uv": [0.25781, 6.63281, 0.36719, 6.86719], "texture": "#3"},
				"east": {"uv": [0.25781, 6.63281, 0.36719, 6.86719], "texture": "#3"},
				"south": {"uv": [0.25781, 6.63281, 0.36719, 6.86719], "texture": "#3"},
				"west": {"uv": [0.25781, 6.63281, 0.36719, 6.86719], "texture": "#3"},
				"up": {"uv": [0.25781, 6.63281, 0.36719, 6.86719], "texture": "#3"},
				"down": {"uv": [0.25781, 6.63281, 0.36719, 6.86719], "texture": "#3"}
			}
		},
		{
			"name": "Element",
			"from": [5.1875, 6.25, 8.875],
			"to": [14.9375, 6.75, 9.125],
			"rotation": {"angle": 0, "axis": "y", "origin": [1.1875, 5.75, 6.375]},
			"faces": {
				"north": {"uv": [3.258, 3.133, 12.368, 12.243], "texture": "#1"},
				"east": {"uv": [3.258, 3.133, 12.368, 12.243], "texture": "#1"},
				"south": {"uv": [3.258, 3.133, 12.368, 12.243], "texture": "#1"},
				"west": {"uv": [3.258, 3.133, 12.368, 12.243], "texture": "#1"},
				"up": {"uv": [3.258, 3.133, 12.368, 12.243], "texture": "#1"},
				"down": {"uv": [3.258, 3.133, 12.368, 12.243], "texture": "#1"}
			}
		},
		{
			"name": "Element",
			"from": [5.6875, 7.75, 8.875],
			"to": [8.6875, 8, 9.125],
			"rotation": {"angle": 0, "axis": "y", "origin": [1.1875, 5.75, 6.375]},
			"faces": {
				"north": {"uv": [3.258, 3.133, 12.368, 12.243], "texture": "#1"},
				"east": {"uv": [3.258, 3.133, 12.368, 12.243], "texture": "#1"},
				"south": {"uv": [3.258, 3.133, 12.368, 12.243], "texture": "#1"},
				"west": {"uv": [3.258, 3.133, 12.368, 12.243], "texture": "#1"},
				"up": {"uv": [3.258, 3.133, 12.368, 12.243], "texture": "#1"},
				"down": {"uv": [3.258, 3.133, 12.368, 12.243], "texture": "#1"}
			}
		},
		{
			"name": "Element",
			"from": [9.9375, 6, 8.875],
			"to": [10.4375, 6.25, 9.125],
			"rotation": {"angle": 0, "axis": "y", "origin": [1.1875, 5.75, 6.375]},
			"faces": {
				"north": {"uv": [3.258, 3.133, 12.368, 12.243], "texture": "#1"},
				"east": {"uv": [3.258, 3.133, 12.368, 12.243], "texture": "#1"},
				"south": {"uv": [3.258, 3.133, 12.368, 12.243], "texture": "#1"},
				"west": {"uv": [3.258, 3.133, 12.368, 12.243], "texture": "#1"},
				"up": {"uv": [3.258, 3.133, 12.368, 12.243], "texture": "#1"},
				"down": {"uv": [3.258, 3.133, 12.368, 12.243], "texture": "#1"}
			}
		},
		{
			"name": "Element",
			"from": [5.6875, 8, 6.375],
			"to": [5.9375, 8.25, 6.625],
			"rotation": {"angle": 0, "axis": "y", "origin": [1.1875, 5.75, 6.375]},
			"faces": {
				"north": {"uv": [14.63281, 8.00781, 14.74219, 8.11719], "texture": "#texture"},
				"east": {"uv": [14.38281, 8.00781, 14.49219, 8.11719], "texture": "#texture"},
				"south": {"uv": [14.88281, 8.00781, 14.99219, 8.11719], "texture": "#texture"},
				"west": {"uv": [14.25781, 8.00781, 14.36719, 8.11719], "texture": "#texture"},
				"down": {"uv": [14.50781, 8.00781, 14.61719, 8.11719], "rotation": 270, "texture": "#texture"}
			}
		},
		{
			"name": "Element",
			"from": [5.1875, 8.25, 6.875],
			"to": [8.1875, 8.5, 7.125],
			"rotation": {"angle": 0, "axis": "y", "origin": [1.1875, 5.75, 6.375]},
			"faces": {
				"north": {"uv": [4.88281, 7.63281, 6.36719, 7.74219], "texture": "#texture"},
				"east": {"uv": [12.00781, 8.00781, 12.11719, 8.11719], "texture": "#texture"},
				"west": {"uv": [11.75781, 8.00781, 11.86719, 8.11719], "texture": "#texture"},
				"up": {"uv": [9.88281, 0.00781, 9.99219, 1.49219], "rotation": 90, "texture": "#texture"}
			}
		},
		{
			"name": "Element",
			"from": [3.9375, 6.25, 7.375],
			"to": [4.4375, 7, 8.375],
			"rotation": {"angle": 0, "axis": "y", "origin": [1.1875, 5.75, 6.375]},
			"faces": {
				"north": {"uv": [14.38281, 5.63281, 14.61719, 5.99219], "texture": "#texture"},
				"east": {"uv": [10.63281, 5.63281, 11.11719, 5.99219], "texture": "#texture"},
				"south": {"uv": [14.63281, 5.63281, 14.86719, 5.99219], "texture": "#texture"},
				"west": {"uv": [10.13281, 5.63281, 10.61719, 5.99219], "texture": "#texture"}
			}
		},
		{
			"name": "Element",
			"from": [8.1875, 6.75, 7.125],
			"to": [8.4375, 7, 8.375],
			"rotation": {"angle": 0, "axis": "y", "origin": [1.1875, 5.75, 6.375]},
			"faces": {
				"east": {"uv": [0.63281, 7.88281, 1.24219, 7.99219], "texture": "#texture"},
				"south": {"uv": [3.88281, 8.13281, 3.99219, 8.24219], "texture": "#texture"},
				"west": {"uv": [0.00781, 7.88281, 0.61719, 7.99219], "texture": "#texture"},
				"down": {"uv": [1.25781, 7.88281, 1.86719, 7.99219], "rotation": 270, "texture": "#texture"}
			}
		},
		{
			"name": "Element",
			"from": [3.9375, 7, 7.375],
			"to": [8.6875, 7.75, 7.625],
			"rotation": {"angle": 0, "axis": "y", "origin": [1.1875, 5.75, 6.375]},
			"faces": {
				"north": {"uv": [0.00781, 5.63281, 2.36719, 5.99219], "texture": "#texture"},
				"east": {"uv": [1.00781, 6.00781, 1.11719, 6.36719], "texture": "#texture"},
				"west": {"uv": [0.88281, 6.00781, 0.99219, 6.36719], "texture": "#texture"},
				"up": {"uv": [3.88281, 0.00781, 3.99219, 2.36719], "rotation": 90, "texture": "#texture"},
				"down": {"uv": [3.75781, 0.00781, 3.86719, 2.36719], "rotation": 270, "texture": "#texture"}
			}
		},
		{
			"name": "Element",
			"from": [7.9375, 9.75, 8.625],
			"to": [8.1875, 10, 8.875],
			"rotation": {"angle": 0, "axis": "y", "origin": [1.1875, 5.75, 6.375]},
			"faces": {
				"north": {"uv": [11.25781, 8.00781, 11.36719, 8.11719], "texture": "#3"},
				"east": {"uv": [11.25781, 8.00781, 11.36719, 8.11719], "texture": "#3"},
				"south": {"uv": [11.25781, 8.00781, 11.36719, 8.11719], "texture": "#3"},
				"west": {"uv": [11.25781, 8.00781, 11.36719, 8.11719], "texture": "#3"},
				"up": {"uv": [11.25781, 8.00781, 11.36719, 8.11719], "texture": "#3"},
				"down": {"uv": [11.25781, 8.00781, 11.36719, 8.11719], "texture": "#3"}
			}
		},
		{
			"name": "Element",
			"from": [9.1875, 7.5, 8.875],
			"to": [9.6875, 7.75, 9.125],
			"rotation": {"angle": 0, "axis": "y", "origin": [1.1875, 5.75, 6.375]},
			"faces": {
				"north": {"uv": [3.258, 3.133, 12.368, 12.243], "texture": "#1"},
				"east": {"uv": [3.258, 3.133, 12.368, 12.243], "texture": "#1"},
				"south": {"uv": [3.258, 3.133, 12.368, 12.243], "texture": "#1"},
				"west": {"uv": [3.258, 3.133, 12.368, 12.243], "texture": "#1"},
				"up": {"uv": [3.258, 3.133, 12.368, 12.243], "texture": "#1"},
				"down": {"uv": [3.258, 3.133, 12.368, 12.243], "texture": "#1"}
			}
		},
		{
			"name": "Element",
			"from": [1.4375, 6, 7.375],
			"to": [4.4375, 6.25, 7.625],
			"rotation": {"angle": 0, "axis": "y", "origin": [1.1875, 5.75, 6.375]},
			"faces": {
				"north": {"uv": [12.38281, 7.63281, 13.86719, 7.74219], "texture": "#2"},
				"east": {"uv": [12.38281, 7.63281, 13.86719, 7.74219], "texture": "#2"},
				"south": {"uv": [12.38281, 7.63281, 13.86719, 7.74219], "texture": "#2"},
				"west": {"uv": [12.38281, 7.63281, 13.86719, 7.74219], "texture": "#2"},
				"up": {"uv": [12.38281, 7.63281, 13.86719, 7.74219], "texture": "#2"},
				"down": {"uv": [12.38281, 7.63281, 13.86719, 7.74219], "texture": "#2"}
			}
		},
		{
			"name": "Element",
			"from": [1.1875, 6.25, 7.625],
			"to": [1.6875, 7, 8.125],
			"rotation": {"angle": 0, "axis": "y", "origin": [1.1875, 5.75, 6.375]},
			"faces": {
				"north": {"uv": [13.38281, 5.63281, 13.61719, 5.99219], "texture": "#2"},
				"east": {"uv": [13.38281, 5.63281, 13.61719, 5.99219], "texture": "#2"},
				"south": {"uv": [13.38281, 5.63281, 13.61719, 5.99219], "texture": "#2"},
				"west": {"uv": [13.38281, 5.63281, 13.61719, 5.99219], "texture": "#2"},
				"up": {"uv": [13.38281, 5.63281, 13.61719, 5.99219], "texture": "#2"},
				"down": {"uv": [13.38281, 5.63281, 13.61719, 5.99219], "texture": "#2"}
			}
		},
		{
			"name": "Element",
			"from": [1.1875, 6, 7.625],
			"to": [4.4375, 6.25, 8.125],
			"rotation": {"angle": 0, "axis": "y", "origin": [1.1875, 5.75, 6.375]},
			"faces": {
				"north": {"uv": [1.63281, 7.63281, 3.24219, 7.74219], "texture": "#2"},
				"east": {"uv": [1.63281, 7.63281, 3.24219, 7.74219], "texture": "#2"},
				"south": {"uv": [1.63281, 7.63281, 3.24219, 7.74219], "texture": "#2"},
				"west": {"uv": [1.63281, 7.63281, 3.24219, 7.74219], "texture": "#2"},
				"up": {"uv": [1.63281, 7.63281, 3.24219, 7.74219], "texture": "#2"},
				"down": {"uv": [1.63281, 7.63281, 3.24219, 7.74219], "texture": "#2"}
			}
		},
		{
			"name": "Element",
			"from": [4.4375, 6.25, 6.875],
			"to": [8.6875, 7, 7.125],
			"rotation": {"angle": 0, "axis": "y", "origin": [1.1875, 5.75, 6.375]},
			"faces": {
				"north": {"uv": [4.63281, 5.63281, 6.74219, 5.99219], "texture": "#texture"},
				"east": {"uv": [0.38281, 6.00781, 0.49219, 6.36719], "texture": "#texture"},
				"south": {"uv": [6.75781, 5.63281, 8.86719, 5.99219], "texture": "#texture"},
				"west": {"uv": [0.25781, 6.00781, 0.36719, 6.36719], "texture": "#texture"},
				"up": {"uv": [5.63281, 0.00781, 5.74219, 2.11719], "rotation": 90, "texture": "#texture"}
			}
		},
		{
			"name": "Element",
			"from": [7.9375, 8.5, 8.875],
			"to": [8.1875, 9, 9.125],
			"rotation": {"angle": 0, "axis": "y", "origin": [1.1875, 5.75, 6.375]},
			"faces": {
				"north": {"uv": [2.50781, 6.63281, 2.61719, 6.86719], "texture": "#texture"},
				"east": {"uv": [2.38281, 6.63281, 2.49219, 6.86719], "texture": "#texture"},
				"south": {"uv": [2.63281, 6.63281, 2.74219, 6.86719], "texture": "#texture"},
				"west": {"uv": [2.25781, 6.63281, 2.36719, 6.86719], "texture": "#texture"},
				"up": {"uv": [7.63281, 8.13281, 7.74219, 8.24219], "rotation": 90, "texture": "#texture"},
				"down": {"uv": [7.50781, 8.13281, 7.61719, 8.24219], "rotation": 270, "texture": "#texture"}
			}
		},
		{
			"name": "Element",
			"from": [1.4375, 7.25, 7.625],
			"to": [2.4375, 7.5, 8.125],
			"rotation": {"angle": 0, "axis": "y", "origin": [1.1875, 5.75, 6.375]},
			"faces": {
				"north": {"uv": [1.88281, 7.88281, 2.36719, 7.99219], "texture": "#2"},
				"east": {"uv": [1.88281, 7.88281, 2.36719, 7.99219], "texture": "#2"},
				"south": {"uv": [1.88281, 7.88281, 2.36719, 7.99219], "texture": "#2"},
				"west": {"uv": [1.88281, 7.88281, 2.36719, 7.99219], "texture": "#2"},
				"up": {"uv": [1.88281, 7.88281, 2.36719, 7.99219], "texture": "#2"},
				"down": {"uv": [1.88281, 7.88281, 2.36719, 7.99219], "texture": "#2"}
			}
		},
		{
			"name": "Element",
			"from": [5.6875, 8.25, 9.125],
			"to": [6.1875, 8.5, 9.375],
			"rotation": {"angle": 0, "axis": "y", "origin": [1.1875, 5.75, 6.375]},
			"faces": {
				"north": {"uv": [7.88281, 7.88281, 8.11719, 7.99219], "texture": "#texture"},
				"east": {"uv": [10.38281, 8.00781, 10.49219, 8.11719], "texture": "#texture"},
				"south": {"uv": [8.13281, 7.88281, 8.36719, 7.99219], "texture": "#texture"},
				"west": {"uv": [10.25781, 8.00781, 10.36719, 8.11719], "texture": "#texture"},
				"up": {"uv": [13.75781, 6.38281, 13.86719, 6.61719], "rotation": 90, "texture": "#texture"},
				"down": {"uv": [13.63281, 6.38281, 13.74219, 6.61719], "rotation": 270, "texture": "#texture"}
			}
		},
		{
			"name": "Element",
			"from": [4.4375, 7, 6.875],
			"to": [8.4375, 8.25, 7.125],
			"rotation": {"angle": 0, "axis": "y", "origin": [1.1875, 5.75, 6.375]},
			"faces": {
				"north": {"uv": [2.00781, 5.00781, 3.99219, 5.61719], "texture": "#texture"},
				"east": {"uv": [6.75781, 5.00781, 6.86719, 5.61719], "texture": "#texture"},
				"west": {"uv": [6.63281, 5.00781, 6.74219, 5.61719], "texture": "#texture"},
				"up": {"uv": [6.50781, 0.00781, 6.61719, 1.99219], "rotation": 90, "texture": "#texture"}
			}
		},
		{
			"name": "Element",
			"from": [1.1875, 7, 7.625],
			"to": [1.9375, 7.25, 8.125],
			"rotation": {"angle": 0, "axis": "y", "origin": [1.1875, 5.75, 6.375]},
			"faces": {
				"north": {"uv": [6.63281, 7.88281, 6.99219, 7.99219], "texture": "#2"},
				"east": {"uv": [6.63281, 7.88281, 6.99219, 7.99219], "texture": "#2"},
				"south": {"uv": [6.63281, 7.88281, 6.99219, 7.99219], "texture": "#2"},
				"west": {"uv": [6.63281, 7.88281, 6.99219, 7.99219], "texture": "#2"},
				"up": {"uv": [6.63281, 7.88281, 6.99219, 7.99219], "texture": "#2"},
				"down": {"uv": [6.63281, 7.88281, 6.99219, 7.99219], "texture": "#2"}
			}
		},
		{
			"name": "Element",
			"from": [3.1875, 7.25, 7.625],
			"to": [3.6875, 7.5, 8.125],
			"rotation": {"angle": 0, "axis": "y", "origin": [1.1875, 5.75, 6.375]},
			"faces": {
				"north": {"uv": [5.25781, 8.00781, 5.49219, 8.11719], "texture": "#texture"},
				"east": {"uv": [4.75781, 8.00781, 4.99219, 8.11719], "texture": "#texture"},
				"south": {"uv": [5.50781, 8.00781, 5.74219, 8.11719], "texture": "#texture"},
				"west": {"uv": [4.50781, 8.00781, 4.74219, 8.11719], "texture": "#texture"},
				"down": {"uv": [12.88281, 6.38281, 13.11719, 6.61719], "rotation": 270, "texture": "#texture"}
			}
		},
		{
			"name": "Element",
			"from": [3.9375, 7.25, 8.125],
			"to": [8.6875, 7.75, 8.375],
			"rotation": {"angle": 0, "axis": "y", "origin": [1.1875, 5.75, 6.375]},
			"faces": {
				"east": {"uv": [4.88281, 6.63281, 4.99219, 6.86719], "texture": "#texture"},
				"south": {"uv": [4.88281, 6.38281, 7.24219, 6.61719], "texture": "#texture"},
				"west": {"uv": [4.75781, 6.63281, 4.86719, 6.86719], "texture": "#texture"},
				"up": {"uv": [3.63281, 0.00781, 3.74219, 2.36719], "rotation": 90, "texture": "#texture"},
				"down": {"uv": [3.50781, 0.00781, 3.61719, 2.36719], "rotation": 270, "texture": "#texture"}
			}
		},
		{
			"name": "Element",
			"from": [7.9375, 9.75, 8.375],
			"to": [8.1875, 10.25, 8.625],
			"rotation": {"angle": 0, "axis": "y", "origin": [1.1875, 5.75, 6.375]},
			"faces": {
				"north": {"uv": [15.38281, 6.38281, 15.49219, 6.61719], "texture": "#3"},
				"east": {"uv": [15.38281, 6.38281, 15.49219, 6.61719], "texture": "#3"},
				"south": {"uv": [15.38281, 6.38281, 15.49219, 6.61719], "texture": "#3"},
				"west": {"uv": [15.38281, 6.38281, 15.49219, 6.61719], "texture": "#3"},
				"up": {"uv": [15.38281, 6.38281, 15.49219, 6.61719], "texture": "#3"},
				"down": {"uv": [15.38281, 6.38281, 15.49219, 6.61719], "texture": "#3"}
			}
		},
		{
			"name": "Element",
			"from": [3.9375, 7, 8.125],
			"to": [8.4375, 7.25, 8.375],
			"rotation": {"angle": 0, "axis": "y", "origin": [1.1875, 5.75, 6.375]},
			"faces": {
				"east": {"uv": [12.75781, 8.13281, 12.86719, 8.24219], "texture": "#texture"},
				"south": {"uv": [0.00781, 7.25781, 2.24219, 7.36719], "texture": "#texture"},
				"west": {"uv": [12.63281, 8.13281, 12.74219, 8.24219], "texture": "#texture"},
				"down": {"uv": [4.63281, 0.00781, 4.74219, 2.24219], "rotation": 270, "texture": "#texture"}
			}
		},
		{
			"name": "Element",
			"from": [4.1875, 8, 8.125],
			"to": [8.4375, 8.25, 8.375],
			"rotation": {"angle": 0, "axis": "y", "origin": [1.1875, 5.75, 6.375]},
			"faces": {
				"east": {"uv": [14.00781, 8.13281, 14.11719, 8.24219], "texture": "#texture"},
				"south": {"uv": [13.13281, 7.25781, 15.24219, 7.36719], "texture": "#texture"},
				"west": {"uv": [13.88281, 8.13281, 13.99219, 8.24219], "texture": "#texture"},
				"up": {"uv": [5.75781, 0.00781, 5.86719, 2.11719], "rotation": 90, "texture": "#texture"}
			}
		},
		{
			"name": "Element",
			"from": [2.4375, 6, 8.375],
			"to": [4.4375, 6.25, 8.625],
			"rotation": {"angle": 0, "axis": "y", "origin": [1.1875, 5.75, 6.375]},
			"faces": {
				"north": {"uv": [0, 0, 0, 0], "texture": "#2"},
				"east": {"uv": [0, 0, 0, 0], "texture": "#2"},
				"south": {"uv": [0, 0, 0, 0], "texture": "#2"},
				"west": {"uv": [0, 0, 0, 0], "texture": "#2"},
				"up": {"uv": [0, 0, 0, 0], "texture": "#2"},
				"down": {"uv": [0, 0, 0, 0], "texture": "#2"}
			}
		},
		{
			"name": "Element",
			"from": [1.6875, 7.5, 7.625],
			"to": [8.6875, 7.75, 8.125],
			"rotation": {"angle": 0, "axis": "y", "origin": [1.1875, 5.75, 6.375]},
			"faces": {
				"north": {"uv": [10.75781, 6.88281, 14.24219, 6.99219], "texture": "#2"},
				"east": {"uv": [10.75781, 6.88281, 14.24219, 6.99219], "texture": "#2"},
				"south": {"uv": [10.75781, 6.88281, 14.24219, 6.99219], "texture": "#2"},
				"west": {"uv": [10.75781, 6.88281, 14.24219, 6.99219], "texture": "#2"},
				"up": {"uv": [10.75781, 6.88281, 14.24219, 6.99219], "texture": "#2"},
				"down": {"uv": [10.75781, 6.88281, 14.24219, 6.99219], "texture": "#2"}
			}
		},
		{
			"name": "Element",
			"from": [4.4375, 7, 8.625],
			"to": [8.6875, 7.25, 8.875],
			"rotation": {"angle": 0, "axis": "y", "origin": [1.1875, 5.75, 6.375]},
			"faces": {
				"north": {"uv": [6.75781, 7.25781, 8.86719, 7.36719], "texture": "#texture"},
				"east": {"uv": [11.13281, 8.00781, 11.24219, 8.11719], "texture": "#texture"},
				"south": {"uv": [8.88281, 7.25781, 10.99219, 7.36719], "texture": "#texture"},
				"west": {"uv": [10.88281, 8.00781, 10.99219, 8.11719], "texture": "#texture"},
				"up": {"uv": [5.13281, 0.00781, 5.24219, 2.11719], "rotation": 90, "texture": "#texture"},
				"down": {"uv": [5.00781, 0.00781, 5.11719, 2.11719], "rotation": 270, "texture": "#texture"}
			}
		},
		{
			"name": "Element",
			"from": [8.4375, 6, 8.375],
			"to": [8.6875, 7, 8.875],
			"rotation": {"angle": 0, "axis": "y", "origin": [1.1875, 5.75, 6.375]},
			"faces": {
				"north": {"uv": [15.63281, 5.00781, 15.74219, 5.49219], "texture": "#texture"},
				"east": {"uv": [14.63281, 5.00781, 14.86719, 5.49219], "texture": "#texture"},
				"west": {"uv": [14.38281, 5.00781, 14.61719, 5.49219], "texture": "#texture"},
				"up": {"uv": [5.00781, 8.00781, 5.24219, 8.11719], "rotation": 90, "texture": "#texture"}
			}
		},
		{
			"name": "Element",
			"from": [6.6875, 9, 6.875],
			"to": [6.9375, 9.5, 7.125],
			"rotation": {"angle": 0, "axis": "y", "origin": [1.1875, 5.75, 6.375]},
			"faces": {
				"north": {"uv": [14.63281, 6.38281, 14.74219, 6.61719], "texture": "#texture"},
				"east": {"uv": [14.25781, 6.38281, 14.36719, 6.61719], "texture": "#texture"},
				"south": {"uv": [14.75781, 6.38281, 14.86719, 6.61719], "texture": "#texture"},
				"west": {"uv": [14.00781, 6.38281, 14.11719, 6.61719], "texture": "#texture"},
				"up": {"uv": [15.75781, 8.00781, 15.86719, 8.11719], "rotation": 90, "texture": "#texture"},
				"down": {"uv": [15.25781, 8.00781, 15.36719, 8.11719], "rotation": 270, "texture": "#texture"}
			}
		},
		{
			"name": "Element",
			"from": [2.6875, 5.75, 7.125],
			"to": [8.4375, 6, 7.375],
			"rotation": {"angle": 0, "axis": "y", "origin": [1.1875, 5.75, 6.375]},
			"faces": {
				"north": {"uv": [3.00781, 7.13281, 5.86719, 7.24219], "texture": "#2"},
				"east": {"uv": [3.00781, 7.13281, 5.86719, 7.24219], "texture": "#2"},
				"south": {"uv": [3.00781, 7.13281, 5.86719, 7.24219], "texture": "#2"},
				"west": {"uv": [3.00781, 7.13281, 5.86719, 7.24219], "texture": "#2"},
				"up": {"uv": [3.00781, 7.13281, 5.86719, 7.24219], "texture": "#2"},
				"down": {"uv": [3.00781, 7.13281, 5.86719, 7.24219], "texture": "#2"}
			}
		},
		{
			"name": "Element",
			"from": [5.1875, 7, 8.875],
			"to": [14.9375, 7.5, 9.125],
			"rotation": {"angle": 0, "axis": "y", "origin": [1.1875, 5.75, 6.375]},
			"faces": {
				"north": {"uv": [3.258, 3.133, 12.368, 12.243], "texture": "#1"},
				"east": {"uv": [3.258, 3.133, 12.368, 12.243], "texture": "#1"},
				"south": {"uv": [3.258, 3.133, 12.368, 12.243], "texture": "#1"},
				"west": {"uv": [3.258, 3.133, 12.368, 12.243], "texture": "#1"},
				"up": {"uv": [3.258, 3.133, 12.368, 12.243], "texture": "#1"},
				"down": {"uv": [3.258, 3.133, 12.368, 12.243], "texture": "#1"}
			}
		},
		{
			"name": "Element",
			"from": [14.4375, 7.5, 8.875],
			"to": [14.6875, 7.75, 9.125],
			"rotation": {"angle": 0, "axis": "y", "origin": [1.1875, 5.75, 6.375]},
			"faces": {
				"north": {"uv": [3.258, 3.133, 12.368, 12.243], "texture": "#1"},
				"east": {"uv": [3.258, 3.133, 12.368, 12.243], "texture": "#1"},
				"south": {"uv": [3.258, 3.133, 12.368, 12.243], "texture": "#1"},
				"west": {"uv": [3.258, 3.133, 12.368, 12.243], "texture": "#1"},
				"up": {"uv": [3.258, 3.133, 12.368, 12.243], "texture": "#1"},
				"down": {"uv": [3.258, 3.133, 12.368, 12.243], "texture": "#1"}
			}
		},
		{
			"name": "Element",
			"from": [6.6875, 8, 6.625],
			"to": [6.9375, 9.25, 6.875],
			"rotation": {"angle": 0, "axis": "y", "origin": [1.1875, 5.75, 6.375]},
			"faces": {
				"north": {"uv": [6.38281, 5.00781, 6.49219, 5.61719], "texture": "#texture"},
				"east": {"uv": [6.25781, 5.00781, 6.36719, 5.61719], "texture": "#texture"},
				"south": {"uv": [6.50781, 5.00781, 6.61719, 5.61719], "texture": "#texture"},
				"west": {"uv": [6.13281, 5.00781, 6.24219, 5.61719], "texture": "#texture"},
				"up": {"uv": [8.50781, 8.13281, 8.61719, 8.24219], "rotation": 90, "texture": "#texture"}
			}
		},
		{
			"name": "Element",
			"from": [5.9375, 8.5, 8.875],
			"to": [6.4375, 8.75, 9.125],
			"rotation": {"angle": 0, "axis": "y", "origin": [1.1875, 5.75, 6.375]},
			"faces": {
				"north": {"uv": [11.38281, 7.88281, 11.61719, 7.99219], "texture": "#texture"},
				"east": {"uv": [6.88281, 8.13281, 6.99219, 8.24219], "texture": "#texture"},
				"south": {"uv": [11.63281, 7.88281, 11.86719, 7.99219], "texture": "#texture"},
				"west": {"uv": [6.75781, 8.13281, 6.86719, 8.24219], "texture": "#texture"},
				"up": {"uv": [2.13281, 6.63281, 2.24219, 6.86719], "rotation": 90, "texture": "#texture"},
				"down": {"uv": [2.00781, 6.63281, 2.11719, 6.86719], "rotation": 270, "texture": "#texture"}
			}
		},
		{
			"name": "Element",
			"from": [10.6875, 6, 8.875],
			"to": [11.1875, 6.25, 9.125],
			"rotation": {"angle": 0, "axis": "y", "origin": [1.1875, 5.75, 6.375]},
			"faces": {
				"north": {"uv": [3.258, 3.133, 12.368, 12.243], "texture": "#3"},
				"east": {"uv": [3.258, 3.133, 12.368, 12.243], "texture": "#3"},
				"south": {"uv": [3.258, 3.133, 12.368, 12.243], "texture": "#3"},
				"west": {"uv": [3.258, 3.133, 12.368, 12.243], "texture": "#3"},
				"up": {"uv": [3.258, 3.133, 12.368, 12.243], "texture": "#3"},
				"down": {"uv": [3.258, 3.133, 12.368, 12.243], "texture": "#3"}
			}
		},
		{
			"name": "Element",
			"from": [1.6875, 5.75, 7.375],
			"to": [8.4375, 6, 7.625],
			"rotation": {"angle": 0, "axis": "y", "origin": [1.1875, 5.75, 6.375]},
			"faces": {
				"north": {"uv": [3.50781, 7.00781, 6.86719, 7.11719], "texture": "#2"},
				"east": {"uv": [3.50781, 7.00781, 6.86719, 7.11719], "texture": "#2"},
				"south": {"uv": [3.50781, 7.00781, 6.86719, 7.11719], "texture": "#2"},
				"west": {"uv": [3.50781, 7.00781, 6.86719, 7.11719], "texture": "#2"},
				"up": {"uv": [3.50781, 7.00781, 6.86719, 7.11719], "texture": "#2"},
				"down": {"uv": [3.50781, 7.00781, 6.86719, 7.11719], "texture": "#2"}
			}
		},
		{
			"name": "Element",
			"from": [1.4375, 6, 8.125],
			"to": [4.4375, 6.25, 8.375],
			"rotation": {"angle": 0, "axis": "y", "origin": [1.1875, 5.75, 6.375]},
			"faces": {
				"north": {"uv": [0, 0, 0, 0], "texture": "#2"},
				"east": {"uv": [0, 0, 0, 0], "texture": "#2"},
				"south": {"uv": [0, 0, 0, 0], "texture": "#2"},
				"west": {"uv": [0, 0, 0, 0], "texture": "#2"},
				"up": {"uv": [0, 0, 0, 0], "texture": "#2"},
				"down": {"uv": [0, 0, 0, 0], "texture": "#2"}
			}
		},
		{
			"name": "Element",
			"from": [4.9375, 7.5, 9.125],
			"to": [8.6875, 7.75, 9.375],
			"rotation": {"angle": 0, "axis": "y", "origin": [1.1875, 5.75, 6.375]},
			"faces": {
				"north": {"uv": [7.50781, 7.38281, 9.36719, 7.49219], "texture": "#texture"},
				"east": {"uv": [4.38281, 8.13281, 4.49219, 8.24219], "texture": "#texture"},
				"south": {"uv": [9.38281, 7.38281, 11.24219, 7.49219], "texture": "#texture"},
				"west": {"uv": [4.25781, 8.13281, 4.36719, 8.24219], "texture": "#texture"},
				"up": {"uv": [7.63281, 0.00781, 7.74219, 1.86719], "rotation": 90, "texture": "#texture"}
			}
		},
		{
			"name": "Element",
			"from": [4.4375, 8, 8.375],
			"to": [8.4375, 8.25, 8.625],
			"rotation": {"angle": 0, "axis": "y", "origin": [1.1875, 5.75, 6.375]},
			"faces": {
				"east": {"uv": [4.63281, 8.13281, 4.74219, 8.24219], "texture": "#texture"},
				"west": {"uv": [4.50781, 8.13281, 4.61719, 8.24219], "texture": "#texture"},
				"up": {"uv": [6.38281, 0.00781, 6.49219, 1.99219], "rotation": 90, "texture": "#texture"}
			}
		}
	],
	"display": {
		"thirdperson_righthand": {
			"rotation": [68, 49, -15],
			"translation": [2.685, 1.5, -0.5],
			"scale": [1.61, 1.61, 1.61]
		},
		"thirdperson_lefthand": {
			"rotation": [29, -146, -15],
			"translation": [-4.065, 5.5, 0.5],
			"scale": [1.61, 1.61, 1.61]
		},
		"firstperson_righthand": {
			"rotation": [11, 111, 0],
			"translation": [-1, 3.75, 5],
			"scale": [0.9, 0.9, 0.9]
		},
		"firstperson_lefthand": {
			"rotation": [11, 111, 0],
			"translation": [-1, 3.75, 5],
			"scale": [0.9, 0.9, 0.9]
		},
		"gui": {
			"rotation": [20, -150, 0],
			"translation": [0, 0.5, 0],
			"scale": [1.63, 1.63, 1.63]
		},
		"head": {
			"rotation": [0, 63, 0],
			"translation": [2, 10.25, 0],
			"scale": [2.2, 2.2, 2.2]
		},
		"fixed": {
			"translation": [3, 1.5, -2.75],
			"scale": [2.7, 2.7, 2.7]
		}
	}
}