{
	"credit": "Made with Blockbench",
	"textures": {
		"0": "block/pins_pe",
		"particle": "block/pins_pe"
	},
	"elements": [
		{
			"from": [1, 0, 15.15],
			"to": [15, 14, 15.25],
			"faces": {
				"north": {"uv": [0, 0, 16, 16], "texture": "#0"},
				"south": {"uv": [16, 0, 0, 16], "texture": "#0"}
			}
		}
	],
	"display": {
		"thirdperson_righthand": {
			"translation": [-0.5, 2.5, -2.5],
			"scale": [0.44, 0.44, 0.44]
		},
		"thirdperson_lefthand": {
			"translation": [-0.5, 2.5, -2.5],
			"scale": [0.44, 0.44, 0.44]
		},
		"firstperson_righthand": {
			"rotation": [0, -54, 0],
			"translation": [0.5, 5.25, 1.5],
			"scale": [-0.44, 0.44, 0.44]
		},
		"firstperson_lefthand": {
			"rotation": [0, -37, 0],
			"translation": [0, 5.25, 0.25],
			"scale": [-0.44, 0.44, 0.44]
		},
		"ground": {
			"translation": [0, 0, -3.25],
			"scale": [0.34, 0.33, 0.36]
		},
		"gui": {
			"translation": [0.5, 0.5, 0],
			"scale": [-1.05, 1.05, 1.05]
		},
		"head": {
			"translation": [0, -15.25, -11]
		},
		"fixed": {
			"translation": [0, 0, -19.25],
			"scale": [1.22, 1.22, 2.7]
		}
	}
}