{
    "targets": [
        "translucent",
        "itemEntity",
        "particles",
        "clouds",
        "weather",
        "swap1",
        "swap2",
        "swap3",
        "passthrough",
        "temporal1",
        "temporal2",
        { "name": "lights", "width": 1024, "height": 4, "bilinear": false }
    ],
    "passes": [
        {
            "name": "filter",
            "intarget": "itemEntity",
            "outtarget": "swap1",
            "auxtargets": [
                {
                    "name": "DiffuseDepthSampler",
                    "id": "itemEntity:depth"
                }
            ],
            "uniforms": [
                {
                    "name":"Range",
                    "values": [ 128.0 ]
                }
            ]
        },
        {
            "name": "centers",
            "intarget": "swap1",
            "outtarget": "swap3"
        },
        {
            "name": "aggregate_1",
            "intarget": "swap3",
            "outtarget": "swap1",
            "uniforms": [
                {
                    "name":"Step",
                    "values": [ 8.0 ]
                },
                {
                    "name":"Test",
                    "values": [ 0.0 ]
                }
            ]
        },
        {
            "name": "aggregate_2",
            "intarget": "swap1",
            "outtarget": "swap2",
            "uniforms": [
                {
                    "name":"Step",
                    "values": [ 8.0 ]
                },
                {
                    "name":"Test",
                    "values": [ 0.0 ]
                }
            ]
        },
        {
            "name": "aggregate_3",
            "intarget": "swap2",
            "outtarget": "swap1",
            "uniforms": [
                {
                    "name":"Step",
                    "values": [ 8.0 ]
                },
                {
                    "name":"Test",
                    "values": [ 0.0 ]
                }
            ]
        },
        {
            "name": "aggregate_4",
            "intarget": "swap1",
            "outtarget": "swap2",
            "uniforms": [
                {
                    "name":"Step",
                    "values": [ 8.0 ]
                },
                {
                    "name":"Test",
                    "values": [ 0.0 ]
                }
            ]
        },
        {
            "name": "aggregate_5",
            "intarget": "swap2",
            "outtarget": "swap1",
            "uniforms": [
                {
                    "name":"Step",
                    "values": [ 8.0 ]
                },
                {
                    "name":"Test",
                    "values": [ 0.0 ]
                }
            ]
        },
        {
            "name": "aggregate_6",
            "intarget": "swap1",
            "outtarget": "lights",
            "auxtargets": [
                {
                    "name": "ItemEntityDepthSampler",
                    "id": "itemEntity:depth"
                },
                {
                    "name": "ColoredCentersSampler",
                    "id": "swap3"
                }
            ],
            "uniforms": [
                {
                    "name":"Step",
                    "values": [ 8.0 ]
                },
                {
                    "name":"FOV",
                    "values": [ 70.0 ]
                },
                {
                    "name":"Test",
                    "values": [ 0.0 ]
                }
            ]
        },
        {
            "name": "light",
            "intarget": "temporal1",
            "outtarget": "swap1",
            "auxtargets": [
                {
                    "name": "DiffuseDepthSampler",
                    "id": "minecraft:main:depth"
                },
                {
                    "name": "LightsSampler",
                    "id": "lights"
                }
            ],
            "uniforms": [
                {
                    "name":"FOV",
                    "values": [ 70.0 ]
                },
                {
                    "name":"Range",
                    "values": [ 128.0 ]
                }
            ]
        },
        {
            "name": "copy",
            "intarget": "swap1",
            "outtarget": "temporal1"
        },
        {
            "name": "light_t",
            "intarget": "temporal2",
            "outtarget": "swap1",
            "auxtargets": [
                {
                    "name": "DiffuseDepthSampler",
                    "id": "translucent:depth"
                },
                {
                    "name": "LightsSampler",
                    "id": "lights"
                },
                {
                    "name": "CompareDepthSampler",
                    "id": "minecraft:main:depth"
                }
            ],
            "uniforms": [
                {
                    "name":"FOV",
                    "values": [ 70.0 ]
                },
                {
                    "name":"Range",
                    "values": [ 128.0 ]
                }
            ]
        },
        {
            "name": "copy",
            "intarget": "swap1",
            "outtarget": "temporal2"
        },
        {
            "name": "blur_custom",
            "intarget": "minecraft:main",
            "outtarget": "swap1",
            "uniforms": [
                {
                    "name": "Radius",
                    "values": [ 0.01 ]
                }
            ]
        },
        {
            "name": "blur_custom",
            "intarget": "swap1",
            "outtarget": "swap3",
            "uniforms": [
                {
                    "name": "Radius",
                    "values": [ 0.015 ]
                },
                {
                    "name": "Offset",
                    "values": [ 7.0 ]
                }
            ]
        },
        {
            "name": "blur_custom",
            "intarget": "swap3",
            "outtarget": "swap1",
            "uniforms": [
                {
                    "name": "Radius",
                    "values": [ 0.02 ]
                },
                {
                    "name": "Offset",
                    "values": [ 21.0 ]
                }
            ]
        },
        {
            "name": "blur_custom",
            "intarget": "swap1",
            "outtarget": "swap3",
            "uniforms": [
                {
                    "name": "Radius",
                    "values": [ 0.02 ]
                },
                {
                    "name": "Offset",
                    "values": [ 45.0 ]
                }
            ]
        },
        {
            "name": "light_apply",
            "intarget": "minecraft:main",
            "outtarget": "swap1",
            "auxtargets": [
                {
                    "name": "LightMapSampler",
                    "id": "temporal1"
                },
                {
                    "name": "BlurSampler",
                    "id": "swap3"
                }
            ],
            "uniforms": [
                {
                    "name":"Intensity",
                    "values": [ 1.5 ]
                }
            ]
        },
        {
            "name": "light_apply_t",
            "intarget": "translucent",
            "outtarget": "swap2",
            "auxtargets": [
                {
                    "name": "LightMapSampler",
                    "id": "temporal2"
                }
            ],
            "uniforms": [
                {
                    "name":"Intensity",
                    "values": [ 1.5 ]
                }
            ]
        },
        {
            "name": "transparency",
            "intarget": "swap1",
            "outtarget": "swap3",
            "auxtargets": [
                {
                    "name": "DiffuseDepthSampler",
                    "id": "minecraft:main:depth"
                },
                {
                    "name": "TranslucentSampler",
                    "id": "swap2"
                },
                {
                    "name": "TranslucentDepthSampler",
                    "id": "translucent:depth"
                },
                {
                    "name": "ItemEntitySampler",
                    "id": "itemEntity"
                },
                {
                    "name": "ItemEntityDepthSampler",
                    "id": "itemEntity:depth"
                },
                {
                    "name": "ParticlesSampler",
                    "id": "particles"
                },
                {
                    "name": "ParticlesDepthSampler",
                    "id": "particles:depth"
                },
                {
                    "name": "CloudsSampler",
                    "id": "clouds"
                },
                {
                    "name": "CloudsDepthSampler",
                    "id": "clouds:depth"
                },
                {
                    "name": "WeatherSampler",
                    "id": "weather"
                },
                {
                    "name": "WeatherDepthSampler",
                    "id": "weather:depth"
                }
            ]
        },
        {
            "name": "blit",
            "intarget": "swap3",
            "outtarget": "minecraft:main"
        }
    ]
}
