{
	"credit": "Made with Blockbench",
	"textures": {
		"0": "block/white_concrete",
		"1": "block/bee_nest_bottom",
		"2": "block/bee_nest_side",
		"3": "block/beehive_end",
		"5": "block/cut_sandstone",
		"6": "block/end_stone_bricks",
		"7": "block/light_blue_terracotta",
		"8": "block/quartz_block_side",
		"9": "block/stripped_birch_log",
		"10": "block/yellow_terracotta",
		"11": "block/blue_glazed_terracotta",
		"12": "block/blue_shulker_box",
		"13": "block/redstone_lamp_on",
		"14": "block/light_blue_glazed_terracotta",
		"15": "block/honeycomb_block",
		"16": "block/anvil",
		"17": "block/beehive_front",
		"18": "block/frosted_ice_2",
		"19": "block/fire_coral_block",
		"20": "block/lime_terracotta",
		"21": "block/warped_door_bottom",
		"22": "block/stripped_oak_log",
		"23": "block/barrel_top",
		"particle": "block/white_concrete"
	},
	"elements": [
		{
			"from": [2.82, 2.535, 5.595],
			"to": [13.18, 18.075, 11.515],
			"rotation": {"angle": 0, "axis": "y", "origin": [2.08, 2.535, -0.325]},
			"faces": {
				"north": {"uv": [0, 0, 8, 16], "texture": "#9"},
				"east": {"uv": [0, 0, 8, 16], "texture": "#9"},
				"south": {"uv": [0, 0, 8, 16], "texture": "#9"},
				"west": {"uv": [0, 0, 8, 16], "texture": "#9"},
				"up": {"uv": [0, 0, 8, 16], "texture": "#9"},
				"down": {"uv": [0, 0, 8, 16], "texture": "#9"}
			}
		},
		{
			"from": [2.82, 2.535, 11.515],
			"to": [13.18, 28.275, 14.015],
			"rotation": {"angle": 0, "axis": "y", "origin": [2.08, 2.535, -0.325]},
			"faces": {
				"north": {"uv": [0, 0, 8, 16], "texture": "#9"},
				"east": {"uv": [0, 0, 8, 16], "texture": "#9"},
				"south": {"uv": [0, 0, 8, 16], "texture": "#9"},
				"west": {"uv": [0, 0, 8, 16], "texture": "#9"},
				"up": {"uv": [0, 0, 8, 16], "texture": "#9"},
				"down": {"uv": [0, 0, 8, 16], "texture": "#9"}
			}
		},
		{
			"from": [5.82, 17.535, 11.265],
			"to": [10.18, 22.275, 11.515],
			"rotation": {"angle": 0, "axis": "y", "origin": [2.08, 1.535, -0.325]},
			"faces": {
				"north": {"uv": [0, 0, 8, 16], "texture": "#7"},
				"east": {"uv": [0, 0, 8, 16], "texture": "#7"},
				"south": {"uv": [0, 0, 8, 16], "texture": "#7"},
				"west": {"uv": [0, 0, 8, 16], "texture": "#7"},
				"up": {"uv": [0, 0, 8, 16], "texture": "#7"},
				"down": {"uv": [0, 0, 8, 16], "texture": "#7"}
			}
		},
		{
			"from": [6.07, 17.535, 9.265],
			"to": [9.93, 19.525, 11.515],
			"rotation": {"angle": 0, "axis": "y", "origin": [2.08, 1.535, -0.325]},
			"faces": {
				"north": {"uv": [0, 0, 8, 16], "texture": "#7"},
				"east": {"uv": [0, 0, 8, 16], "texture": "#7"},
				"south": {"uv": [0, 0, 8, 16], "texture": "#7"},
				"west": {"uv": [0, 0, 8, 16], "texture": "#7"},
				"up": {"uv": [0, 0, 8, 16], "texture": "#7"},
				"down": {"uv": [0, 0, 8, 16], "texture": "#7"}
			}
		},
		{
			"from": [5.82, 21.535, 11.365],
			"to": [10.32, 26.035, 11.515],
			"rotation": {"angle": 45, "axis": "z", "origin": [8, 23.655, 11.39]},
			"faces": {
				"north": {"uv": [0, 0, 16, 16], "texture": "#12"},
				"east": {"uv": [0, 0, 16, 16], "texture": "#12"},
				"south": {"uv": [0, 0, 16, 16], "texture": "#12"},
				"west": {"uv": [0, 0, 16, 16], "texture": "#12"},
				"up": {"uv": [0, 0, 16, 16], "texture": "#12"},
				"down": {"uv": [0, 0, 16, 16], "texture": "#12"}
			}
		},
		{
			"from": [3.82, 19.535, 11.465],
			"to": [12.32, 28.035, 11.515],
			"rotation": {"angle": 45, "axis": "z", "origin": [8, 23.655, 11.39]},
			"faces": {
				"north": {"uv": [0, 0, 16, 16], "texture": "#13"},
				"east": {"uv": [0, 0, 16, 16], "texture": "#13"},
				"south": {"uv": [0, 0, 16, 16], "texture": "#13"},
				"west": {"uv": [0, 0, 16, 16], "texture": "#13"},
				"up": {"uv": [0, 0, 16, 16], "texture": "#13"},
				"down": {"uv": [0, 0, 16, 16], "texture": "#13"}
			}
		},
		{
			"from": [13.18, 2.535, 11.515],
			"to": [15.18, 23.275, 14.015],
			"rotation": {"angle": 0, "axis": "y", "origin": [2.08, 2.535, -0.325]},
			"faces": {
				"north": {"uv": [0, 0, 2, 16], "texture": "#9"},
				"east": {"uv": [0, 0, 8, 16], "texture": "#9"},
				"south": {"uv": [0, 0, 8, 16], "texture": "#9"},
				"west": {"uv": [0, 0, 8, 16], "texture": "#9"},
				"up": {"uv": [0, 0, 8, 16], "texture": "#9"},
				"down": {"uv": [0, 0, 8, 16], "texture": "#9"}
			}
		},
		{
			"from": [0.82, 2.535, 11.515],
			"to": [2.82, 23.275, 14.015],
			"rotation": {"angle": 0, "axis": "y", "origin": [13.92, 2.535, -0.325]},
			"faces": {
				"north": {"uv": [2, 0, 0, 16], "texture": "#9"},
				"east": {"uv": [8, 0, 0, 16], "texture": "#9"},
				"south": {"uv": [8, 0, 0, 16], "texture": "#9"},
				"west": {"uv": [8, 0, 0, 16], "texture": "#9"},
				"up": {"uv": [8, 0, 0, 16], "texture": "#9"},
				"down": {"uv": [8, 0, 0, 16], "texture": "#9"}
			}
		},
		{
			"from": [-1.18, 9.135, 13.515],
			"to": [1.82, 21.475, 17.015],
			"rotation": {"angle": 0, "axis": "y", "origin": [13.92, 2.535, -0.325]},
			"faces": {
				"north": {"uv": [14, 3, 1, 15], "texture": "#5"},
				"east": {"uv": [14, 3, 1, 15], "texture": "#5"},
				"south": {"uv": [14, 3, 1, 15], "texture": "#5"},
				"west": {"uv": [14, 3, 1, 15], "texture": "#5"},
				"up": {"uv": [14, 3, 1, 15], "texture": "#5"},
				"down": {"uv": [14, 3, 1, 15], "texture": "#5"}
			}
		},
		{
			"from": [14.18, 9.135, 13.515],
			"to": [17.18, 21.475, 17.015],
			"rotation": {"angle": 0, "axis": "y", "origin": [2.08, 2.535, -0.325]},
			"faces": {
				"north": {"uv": [1, 3, 14, 15], "texture": "#5"},
				"east": {"uv": [1, 3, 14, 15], "texture": "#5"},
				"south": {"uv": [1, 3, 14, 15], "texture": "#5"},
				"west": {"uv": [1, 3, 14, 15], "texture": "#5"},
				"up": {"uv": [1, 3, 14, 15], "texture": "#5"},
				"down": {"uv": [1, 3, 14, 15], "texture": "#5"}
			}
		},
		{
			"from": [-1.28, 6.60271, 15.32702],
			"to": [1.92, 9.79271, 18.82702],
			"rotation": {"angle": -22.5, "axis": "x", "origin": [8, 4.92271, 16.07702]},
			"faces": {
				"north": {"uv": [14, 3, 1, 15], "texture": "#5"},
				"east": {"uv": [14, 3, 1, 15], "texture": "#5"},
				"south": {"uv": [14, 3, 1, 15], "texture": "#5"},
				"west": {"uv": [14, 3, 1, 15], "texture": "#5"},
				"up": {"uv": [14, 3, 1, 15], "texture": "#5"},
				"down": {"uv": [14, 3, 1, 15], "texture": "#5"}
			}
		},
		{
			"from": [14.08, 6.60271, 15.32702],
			"to": [17.28, 9.79271, 18.82702],
			"rotation": {"angle": -22.5, "axis": "x", "origin": [8, 4.92271, 16.07702]},
			"faces": {
				"north": {"uv": [1, 3, 14, 15], "texture": "#5"},
				"east": {"uv": [1, 3, 14, 15], "texture": "#5"},
				"south": {"uv": [1, 3, 14, 15], "texture": "#5"},
				"west": {"uv": [1, 3, 14, 15], "texture": "#5"},
				"up": {"uv": [1, 3, 14, 15], "texture": "#5"},
				"down": {"uv": [1, 3, 14, 15], "texture": "#5"}
			}
		},
		{
			"from": [-1.18, 3.99948, 13.65942],
			"to": [1.82, 7.18948, 17.15942],
			"rotation": {"angle": -45, "axis": "x", "origin": [8, 7.99448, 15.40942]},
			"faces": {
				"north": {"uv": [14, 3, 1, 15], "texture": "#5"},
				"east": {"uv": [14, 3, 1, 15], "texture": "#5"},
				"south": {"uv": [14, 3, 1, 15], "texture": "#5"},
				"west": {"uv": [14, 3, 1, 15], "texture": "#5"},
				"up": {"uv": [14, 3, 1, 15], "texture": "#5"},
				"down": {"uv": [14, 3, 1, 15], "texture": "#5"}
			}
		},
		{
			"from": [14.18, 3.99948, 13.65942],
			"to": [17.18, 7.18948, 17.15942],
			"rotation": {"angle": -45, "axis": "x", "origin": [8, 7.99448, 15.40942]},
			"faces": {
				"north": {"uv": [1, 3, 14, 15], "texture": "#5"},
				"east": {"uv": [1, 3, 14, 15], "texture": "#5"},
				"south": {"uv": [1, 3, 14, 15], "texture": "#5"},
				"west": {"uv": [1, 3, 14, 15], "texture": "#5"},
				"up": {"uv": [1, 3, 14, 15], "texture": "#5"},
				"down": {"uv": [1, 3, 14, 15], "texture": "#5"}
			}
		},
		{
			"from": [-1.28, 4.18353, 17.74307],
			"to": [1.92, 7.68353, 20.93307],
			"rotation": {"angle": 22.5, "axis": "x", "origin": [8, 5.93353, 16.73807]},
			"faces": {
				"north": {"uv": [14, 3, 1, 15], "rotation": 180, "texture": "#5"},
				"east": {"uv": [14, 3, 1, 15], "rotation": 90, "texture": "#5"},
				"south": {"uv": [14, 3, 1, 15], "texture": "#5"},
				"west": {"uv": [14, 3, 1, 15], "rotation": 270, "texture": "#5"},
				"up": {"uv": [14, 3, 1, 15], "texture": "#5"},
				"down": {"uv": [14, 3, 1, 15], "rotation": 180, "texture": "#5"}
			}
		},
		{
			"from": [14.08, 4.18353, 17.74307],
			"to": [17.28, 7.68353, 20.93307],
			"rotation": {"angle": 22.5, "axis": "x", "origin": [8, 5.93353, 16.73807]},
			"faces": {
				"north": {"uv": [1, 3, 14, 15], "rotation": 180, "texture": "#5"},
				"east": {"uv": [1, 3, 14, 15], "rotation": 90, "texture": "#5"},
				"south": {"uv": [1, 3, 14, 15], "texture": "#5"},
				"west": {"uv": [1, 3, 14, 15], "rotation": 270, "texture": "#5"},
				"up": {"uv": [1, 3, 14, 15], "texture": "#5"},
				"down": {"uv": [1, 3, 14, 15], "rotation": 180, "texture": "#5"}
			}
		},
		{
			"from": [-1.18, 2.71139, 19.94405],
			"to": [1.82, 6.21139, 24.23405],
			"rotation": {"angle": 0, "axis": "x", "origin": [8, 4.46139, 18.03905]},
			"faces": {
				"north": {"uv": [14, 3, 1, 15], "rotation": 180, "texture": "#5"},
				"east": {"uv": [14, 3, 1, 15], "rotation": 90, "texture": "#5"},
				"south": {"uv": [14, 3, 1, 15], "texture": "#5"},
				"west": {"uv": [14, 3, 1, 15], "rotation": 270, "texture": "#5"},
				"up": {"uv": [14, 3, 1, 15], "texture": "#5"},
				"down": {"uv": [14, 3, 1, 15], "rotation": 180, "texture": "#5"}
			}
		},
		{
			"from": [14.18, 2.71139, 19.94405],
			"to": [17.18, 6.21139, 24.23405],
			"rotation": {"angle": 0, "axis": "x", "origin": [8, 4.46139, 18.03905]},
			"faces": {
				"north": {"uv": [1, 3, 14, 15], "rotation": 180, "texture": "#5"},
				"east": {"uv": [1, 3, 14, 15], "rotation": 90, "texture": "#5"},
				"south": {"uv": [1, 3, 14, 15], "texture": "#5"},
				"west": {"uv": [1, 3, 14, 15], "rotation": 270, "texture": "#5"},
				"up": {"uv": [1, 3, 14, 15], "texture": "#5"},
				"down": {"uv": [1, 3, 14, 15], "rotation": 180, "texture": "#5"}
			}
		},
		{
			"from": [13.9115, 20.82485, 13.615],
			"to": [16.9115, 22.82485, 16.915],
			"rotation": {"angle": 22.5, "axis": "z", "origin": [15.4115, 21.82485, 15.265]},
			"faces": {
				"north": {"uv": [1, 3, 14, 15], "texture": "#5"},
				"east": {"uv": [1, 3, 14, 15], "texture": "#5"},
				"south": {"uv": [1, 3, 14, 15], "texture": "#5"},
				"west": {"uv": [1, 3, 14, 15], "texture": "#5"},
				"up": {"uv": [1, 3, 14, 15], "texture": "#5"},
				"down": {"uv": [1, 3, 14, 15], "texture": "#5"}
			}
		},
		{
			"from": [13.14687, 21.96921, 13.715],
			"to": [16.14687, 23.96921, 16.815],
			"rotation": {"angle": 45, "axis": "z", "origin": [14.64687, 22.96921, 15.265]},
			"faces": {
				"north": {"uv": [1, 3, 14, 15], "texture": "#5"},
				"east": {"uv": [1, 3, 14, 15], "texture": "#5"},
				"south": {"uv": [1, 3, 14, 15], "texture": "#5"},
				"west": {"uv": [1, 3, 14, 15], "texture": "#5"},
				"up": {"uv": [1, 3, 14, 15], "texture": "#5"},
				"down": {"uv": [1, 3, 14, 15], "texture": "#5"}
			}
		},
		{
			"from": [-0.9115, 20.82485, 13.615],
			"to": [2.0885, 22.82485, 16.915],
			"rotation": {"angle": -22.5, "axis": "z", "origin": [0.5885, 21.82485, 15.265]},
			"faces": {
				"north": {"uv": [14, 3, 1, 15], "texture": "#5"},
				"east": {"uv": [14, 3, 1, 15], "texture": "#5"},
				"south": {"uv": [14, 3, 1, 15], "texture": "#5"},
				"west": {"uv": [14, 3, 1, 15], "texture": "#5"},
				"up": {"uv": [14, 3, 1, 15], "texture": "#5"},
				"down": {"uv": [14, 3, 1, 15], "texture": "#5"}
			}
		},
		{
			"from": [-0.14687, 21.96921, 13.715],
			"to": [2.85313, 23.96921, 16.815],
			"rotation": {"angle": -45, "axis": "z", "origin": [1.35313, 22.96921, 15.265]},
			"faces": {
				"north": {"uv": [14, 3, 1, 15], "texture": "#5"},
				"east": {"uv": [14, 3, 1, 15], "texture": "#5"},
				"south": {"uv": [14, 3, 1, 15], "texture": "#5"},
				"west": {"uv": [14, 3, 1, 15], "texture": "#5"},
				"up": {"uv": [14, 3, 1, 15], "texture": "#5"},
				"down": {"uv": [14, 3, 1, 15], "texture": "#5"}
			}
		},
		{
			"from": [0.72, 17.535, 11.215],
			"to": [2.72, 28.075, 14.215],
			"rotation": {"angle": -22.5, "axis": "z", "origin": [3.82, 22.805, 12.015]},
			"faces": {
				"north": {"uv": [0, 0, 8, 16], "texture": "#6"},
				"east": {"uv": [0, 0, 8, 16], "texture": "#6"},
				"south": {"uv": [0, 0, 8, 16], "texture": "#6"},
				"west": {"uv": [0, 0, 8, 16], "texture": "#6"},
				"up": {"uv": [0, 0, 8, 16], "texture": "#6"},
				"down": {"uv": [0, 0, 8, 16], "texture": "#6"}
			}
		},
		{
			"from": [0.72, 17.535, 14.215],
			"to": [1.32, 28.075, 17.215],
			"rotation": {"angle": -22.5, "axis": "z", "origin": [3.82, 22.805, 12.015]},
			"faces": {
				"north": {"uv": [0, 0, 8, 16], "texture": "#10"},
				"east": {"uv": [0, 0, 8, 16], "texture": "#10"},
				"south": {"uv": [0, 0, 8, 16], "texture": "#10"},
				"west": {"uv": [0, 0, 8, 16], "texture": "#10"},
				"up": {"uv": [0, 0, 8, 16], "texture": "#10"},
				"down": {"uv": [0, 0, 8, 16], "texture": "#10"}
			}
		},
		{
			"from": [1.32, 17.535, 14.215],
			"to": [4.32, 28.475, 17.115],
			"rotation": {"angle": -22.5, "axis": "z", "origin": [3.82, 22.805, 12.015]},
			"faces": {
				"north": {"uv": [0, 0, 8, 16], "texture": "#7"},
				"east": {"uv": [0, 0, 8, 16], "texture": "#7"},
				"south": {"uv": [0, 0, 8, 16], "texture": "#7"},
				"west": {"uv": [0, 0, 8, 16], "texture": "#7"},
				"up": {"uv": [0, 0, 8, 16], "texture": "#7"},
				"down": {"uv": [0, 0, 8, 16], "texture": "#7"}
			}
		},
		{
			"from": [3, 17.91768, 14.215],
			"to": [13, 28.45768, 17.315],
			"rotation": {"angle": 0, "axis": "z", "origin": [2.7, 23.18768, 15.665]},
			"faces": {
				"north": {"uv": [0, 0, 8, 16], "texture": "#7"},
				"east": {"uv": [0, 0, 8, 16], "texture": "#7"},
				"south": {"uv": [0, 0, 8, 16], "texture": "#7"},
				"west": {"uv": [0, 0, 8, 16], "texture": "#7"},
				"up": {"uv": [0, 0, 8, 16], "texture": "#7"},
				"down": {"uv": [0, 0, 8, 16], "texture": "#7"}
			}
		},
		{
			"from": [1.5, 15.97414, 14.81247],
			"to": [6, 19.01414, 17.91247],
			"rotation": {"angle": -45, "axis": "x", "origin": [3.75, 17.49414, 16.36247]},
			"faces": {
				"north": {"uv": [0, 0, 8, 16], "texture": "#7"},
				"east": {"uv": [0, 0, 8, 16], "texture": "#7"},
				"south": {"uv": [0, 0, 8, 16], "texture": "#7"},
				"west": {"uv": [0, 0, 8, 16], "texture": "#7"},
				"up": {"uv": [0, 0, 8, 16], "texture": "#7"},
				"down": {"uv": [0, 0, 8, 16], "texture": "#7"}
			}
		},
		{
			"from": [1.4, 15.97414, 14.81247],
			"to": [6.1, 16.51414, 18.01247],
			"rotation": {"angle": -45, "axis": "x", "origin": [3.75, 17.49414, 16.36247]},
			"faces": {
				"north": {"uv": [0, 0, 8, 16], "texture": "#10"},
				"east": {"uv": [0, 0, 8, 16], "texture": "#10"},
				"south": {"uv": [0, 0, 8, 16], "texture": "#10"},
				"west": {"uv": [0, 0, 8, 16], "texture": "#10"},
				"up": {"uv": [0, 0, 8, 16], "texture": "#10"},
				"down": {"uv": [0, 0, 8, 16], "texture": "#10"}
			}
		},
		{
			"from": [1.5, 13.99789, 16.13296],
			"to": [6, 17.03789, 19.23296],
			"rotation": {"angle": -22.5, "axis": "x", "origin": [3.75, 15.51789, 17.68296]},
			"faces": {
				"north": {"uv": [0, 0, 8, 16], "texture": "#7"},
				"east": {"uv": [0, 0, 8, 16], "texture": "#7"},
				"south": {"uv": [0, 0, 8, 16], "texture": "#7"},
				"west": {"uv": [0, 0, 8, 16], "texture": "#7"},
				"up": {"uv": [0, 0, 8, 16], "texture": "#7"},
				"down": {"uv": [0, 0, 8, 16], "texture": "#7"}
			}
		},
		{
			"from": [1.4, 15.19789, 16.13296],
			"to": [6.1, 15.63789, 19.33296],
			"rotation": {"angle": -22.5, "axis": "x", "origin": [3.75, 15.51789, 17.68296]},
			"faces": {
				"north": {"uv": [0, 0, 8, 16], "texture": "#10"},
				"east": {"uv": [0, 0, 8, 16], "texture": "#10"},
				"south": {"uv": [0, 0, 8, 16], "texture": "#10"},
				"west": {"uv": [0, 0, 8, 16], "texture": "#10"},
				"up": {"uv": [0, 0, 8, 16], "texture": "#10"},
				"down": {"uv": [0, 0, 8, 16], "texture": "#10"}
			}
		},
		{
			"from": [1.5, 11.66675, 16.59665],
			"to": [6, 14.70675, 19.69665],
			"rotation": {"angle": 0, "axis": "x", "origin": [3.75, 13.18675, 18.14665]},
			"faces": {
				"north": {"uv": [0, 0, 8, 16], "texture": "#7"},
				"east": {"uv": [0, 0, 8, 16], "texture": "#7"},
				"south": {"uv": [0, 0, 8, 16], "texture": "#7"},
				"west": {"uv": [0, 0, 8, 16], "texture": "#7"},
				"up": {"uv": [0, 0, 8, 16], "texture": "#7"},
				"down": {"uv": [0, 0, 8, 16], "texture": "#7"}
			}
		},
		{
			"from": [1.4, 14.26675, 16.59665],
			"to": [6.1, 14.70675, 19.79665],
			"rotation": {"angle": 0, "axis": "x", "origin": [3.75, 13.18675, 18.14665]},
			"faces": {
				"north": {"uv": [0, 0, 8, 16], "texture": "#10"},
				"east": {"uv": [0, 0, 8, 16], "texture": "#10"},
				"south": {"uv": [0, 0, 8, 16], "texture": "#10"},
				"west": {"uv": [0, 0, 8, 16], "texture": "#10"},
				"up": {"uv": [0, 0, 8, 16], "texture": "#10"},
				"down": {"uv": [0, 0, 8, 16], "texture": "#10"}
			}
		},
		{
			"from": [1.4, 12.26675, 16.59665],
			"to": [6.1, 12.70675, 19.79665],
			"rotation": {"angle": 0, "axis": "x", "origin": [3.75, 13.18675, 18.14665]},
			"faces": {
				"north": {"uv": [0, 0, 8, 16], "texture": "#10"},
				"east": {"uv": [0, 0, 8, 16], "texture": "#10"},
				"south": {"uv": [0, 0, 8, 16], "texture": "#10"},
				"west": {"uv": [0, 0, 8, 16], "texture": "#10"},
				"up": {"uv": [0, 0, 8, 16], "texture": "#10"},
				"down": {"uv": [0, 0, 8, 16], "texture": "#10"}
			}
		},
		{
			"from": [9.9, 12.26675, 16.59665],
			"to": [14.6, 12.70675, 19.79665],
			"rotation": {"angle": 0, "axis": "x", "origin": [12.25, 13.18675, 18.14665]},
			"faces": {
				"north": {"uv": [8, 0, 0, 16], "texture": "#10"},
				"east": {"uv": [8, 0, 0, 16], "texture": "#10"},
				"south": {"uv": [8, 0, 0, 16], "texture": "#10"},
				"west": {"uv": [8, 0, 0, 16], "texture": "#10"},
				"up": {"uv": [8, 0, 0, 16], "texture": "#10"},
				"down": {"uv": [8, 0, 0, 16], "texture": "#10"}
			}
		},
		{
			"from": [9.9, 14.26675, 16.59665],
			"to": [14.6, 14.70675, 19.79665],
			"rotation": {"angle": 0, "axis": "x", "origin": [12.25, 13.18675, 18.14665]},
			"faces": {
				"north": {"uv": [8, 0, 0, 16], "texture": "#10"},
				"east": {"uv": [8, 0, 0, 16], "texture": "#10"},
				"south": {"uv": [8, 0, 0, 16], "texture": "#10"},
				"west": {"uv": [8, 0, 0, 16], "texture": "#10"},
				"up": {"uv": [8, 0, 0, 16], "texture": "#10"},
				"down": {"uv": [8, 0, 0, 16], "texture": "#10"}
			}
		},
		{
			"from": [5.65, 14.26675, 16.59665],
			"to": [10.35, 14.70675, 19.29665],
			"rotation": {"angle": 0, "axis": "x", "origin": [12.25, 13.18675, 18.14665]},
			"faces": {
				"north": {"uv": [8, 0, 0, 16], "texture": "#19"},
				"east": {"uv": [8, 0, 0, 16], "texture": "#19"},
				"south": {"uv": [8, 0, 0, 16], "texture": "#19"},
				"west": {"uv": [8, 0, 0, 16], "texture": "#19"},
				"up": {"uv": [8, 0, 0, 16], "texture": "#19"},
				"down": {"uv": [8, 0, 0, 16], "texture": "#19"}
			}
		},
		{
			"from": [5.65, 13.66675, 16.59665],
			"to": [10.35, 14.10675, 19.29665],
			"rotation": {"angle": 0, "axis": "x", "origin": [12.25, 13.18675, 18.14665]},
			"faces": {
				"north": {"uv": [8, 0, 0, 16], "texture": "#18"},
				"east": {"uv": [8, 0, 0, 16], "texture": "#18"},
				"south": {"uv": [8, 0, 0, 16], "texture": "#18"},
				"west": {"uv": [8, 0, 0, 16], "texture": "#18"},
				"up": {"uv": [8, 0, 0, 16], "texture": "#18"},
				"down": {"uv": [8, 0, 0, 16], "texture": "#18"}
			}
		},
		{
			"from": [5.65, 14.86675, 16.59665],
			"to": [10.35, 15.30675, 19.29665],
			"rotation": {"angle": 0, "axis": "x", "origin": [12.25, 13.18675, 18.14665]},
			"faces": {
				"north": {"uv": [8, 0, 0, 16], "texture": "#20"},
				"east": {"uv": [8, 0, 0, 16], "texture": "#20"},
				"south": {"uv": [8, 0, 0, 16], "texture": "#20"},
				"west": {"uv": [8, 0, 0, 16], "texture": "#20"},
				"up": {"uv": [8, 0, 0, 16], "texture": "#20"},
				"down": {"uv": [8, 0, 0, 16], "texture": "#20"}
			}
		},
		{
			"from": [9.9, 15.19789, 16.13296],
			"to": [14.6, 15.63789, 19.33296],
			"rotation": {"angle": -22.5, "axis": "x", "origin": [12.25, 15.51789, 17.68296]},
			"faces": {
				"north": {"uv": [8, 0, 0, 16], "texture": "#10"},
				"east": {"uv": [8, 0, 0, 16], "texture": "#10"},
				"south": {"uv": [8, 0, 0, 16], "texture": "#10"},
				"west": {"uv": [8, 0, 0, 16], "texture": "#10"},
				"up": {"uv": [8, 0, 0, 16], "texture": "#10"},
				"down": {"uv": [8, 0, 0, 16], "texture": "#10"}
			}
		},
		{
			"from": [9.9, 15.97414, 14.81247],
			"to": [14.6, 16.51414, 18.01247],
			"rotation": {"angle": -45, "axis": "x", "origin": [12.25, 17.49414, 16.36247]},
			"faces": {
				"north": {"uv": [8, 0, 0, 16], "texture": "#10"},
				"east": {"uv": [8, 0, 0, 16], "texture": "#10"},
				"south": {"uv": [8, 0, 0, 16], "texture": "#10"},
				"west": {"uv": [8, 0, 0, 16], "texture": "#10"},
				"up": {"uv": [8, 0, 0, 16], "texture": "#10"},
				"down": {"uv": [8, 0, 0, 16], "texture": "#10"}
			}
		},
		{
			"from": [10, 13.99789, 16.13296],
			"to": [14.5, 17.03789, 19.23296],
			"rotation": {"angle": -22.5, "axis": "x", "origin": [12.25, 15.51789, 17.68296]},
			"faces": {
				"north": {"uv": [8, 0, 0, 16], "texture": "#7"},
				"east": {"uv": [8, 0, 0, 16], "texture": "#7"},
				"south": {"uv": [8, 0, 0, 16], "texture": "#7"},
				"west": {"uv": [8, 0, 0, 16], "texture": "#7"},
				"up": {"uv": [8, 0, 0, 16], "texture": "#7"},
				"down": {"uv": [8, 0, 0, 16], "texture": "#7"}
			}
		},
		{
			"from": [10, 15.97414, 14.81247],
			"to": [14.5, 19.01414, 17.91247],
			"rotation": {"angle": -45, "axis": "x", "origin": [12.25, 17.49414, 16.36247]},
			"faces": {
				"north": {"uv": [8, 0, 0, 16], "texture": "#7"},
				"east": {"uv": [8, 0, 0, 16], "texture": "#7"},
				"south": {"uv": [8, 0, 0, 16], "texture": "#7"},
				"west": {"uv": [8, 0, 0, 16], "texture": "#7"},
				"up": {"uv": [8, 0, 0, 16], "texture": "#7"},
				"down": {"uv": [8, 0, 0, 16], "texture": "#7"}
			}
		},
		{
			"from": [10, 11.66675, 16.59665],
			"to": [14.5, 14.70675, 19.69665],
			"rotation": {"angle": 0, "axis": "x", "origin": [12.25, 13.18675, 18.14665]},
			"faces": {
				"north": {"uv": [8, 0, 0, 16], "texture": "#7"},
				"east": {"uv": [8, 0, 0, 16], "texture": "#7"},
				"south": {"uv": [8, 0, 0, 16], "texture": "#7"},
				"west": {"uv": [8, 0, 0, 16], "texture": "#7"},
				"up": {"uv": [8, 0, 0, 16], "texture": "#7"},
				"down": {"uv": [8, 0, 0, 16], "texture": "#7"}
			}
		},
		{
			"from": [3.9, 25.91768, 14.215],
			"to": [12.1, 29.45768, 19.415],
			"rotation": {"angle": 0, "axis": "z", "origin": [2.7, 23.18768, 15.665]},
			"faces": {
				"north": {"uv": [0, 0, 8, 16], "texture": "#7"},
				"east": {"uv": [0, 0, 8, 16], "texture": "#7"},
				"south": {"uv": [0, 0, 8, 16], "texture": "#7"},
				"west": {"uv": [0, 0, 8, 16], "texture": "#7"},
				"up": {"uv": [0, 0, 8, 16], "texture": "#7"},
				"down": {"uv": [0, 0, 8, 16], "texture": "#7"}
			}
		},
		{
			"from": [3.8, 26.91768, 14.215],
			"to": [12.2, 27.45768, 19.515],
			"rotation": {"angle": 0, "axis": "z", "origin": [2.7, 23.18768, 15.665]},
			"faces": {
				"north": {"uv": [0, 0, 8, 16], "texture": "#10"},
				"east": {"uv": [0, 0, 8, 16], "texture": "#10"},
				"south": {"uv": [0, 0, 8, 16], "texture": "#10"},
				"west": {"uv": [0, 0, 8, 16], "texture": "#10"},
				"up": {"uv": [0, 0, 8, 16], "texture": "#10"},
				"down": {"uv": [0, 0, 8, 16], "texture": "#10"}
			}
		},
		{
			"from": [7.4, 25.61768, 19.015],
			"to": [8.6, 27.75768, 20.315],
			"rotation": {"angle": 0, "axis": "z", "origin": [-0.8, 23.18768, 15.665]},
			"faces": {
				"north": {"uv": [0, 0, 8, 16], "texture": "#10"},
				"east": {"uv": [0, 0, 8, 16], "texture": "#10"},
				"south": {"uv": [0, 0, 8, 16], "texture": "#10"},
				"west": {"uv": [0, 0, 8, 16], "texture": "#10"},
				"up": {"uv": [0, 0, 8, 16], "texture": "#10"},
				"down": {"uv": [0, 0, 8, 16], "texture": "#10"}
			}
		},
		{
			"from": [7.3, 27.11768, 20.015],
			"to": [8.7, 28.45768, 21.015],
			"rotation": {"angle": 0, "axis": "z", "origin": [-0.8, 23.18768, 15.665]},
			"faces": {
				"north": {"uv": [0, 0, 16, 16], "texture": "#15"},
				"east": {"uv": [0, 0, 16, 16], "texture": "#15"},
				"south": {"uv": [0, 0, 16, 16], "texture": "#15"},
				"west": {"uv": [0, 0, 16, 16], "texture": "#15"},
				"up": {"uv": [0, 0, 16, 16], "texture": "#15"},
				"down": {"uv": [0, 0, 16, 16], "texture": "#15"}
			}
		},
		{
			"from": [3.8, 28.41768, 14.215],
			"to": [12.2, 28.95768, 19.515],
			"rotation": {"angle": 0, "axis": "z", "origin": [2.7, 23.18768, 15.665]},
			"faces": {
				"north": {"uv": [0, 0, 8, 16], "texture": "#10"},
				"east": {"uv": [0, 0, 8, 16], "texture": "#10"},
				"south": {"uv": [0, 0, 8, 16], "texture": "#10"},
				"west": {"uv": [0, 0, 8, 16], "texture": "#10"},
				"up": {"uv": [0, 0, 8, 16], "texture": "#10"},
				"down": {"uv": [0, 0, 8, 16], "texture": "#10"}
			}
		},
		{
			"from": [4, 19.41768, 14.215],
			"to": [12, 25.95768, 19.315],
			"rotation": {"angle": 0, "axis": "z", "origin": [2.7, 23.18768, 15.665]},
			"faces": {
				"north": {"uv": [1, 3, 15, 15], "texture": "#5"},
				"east": {"uv": [1, 3, 15, 15], "texture": "#5"},
				"south": {"uv": [1, 3, 15, 15], "texture": "#5"},
				"west": {"uv": [1, 3, 15, 15], "texture": "#5"},
				"up": {"uv": [1, 3, 15, 15], "texture": "#5"},
				"down": {"uv": [1, 3, 15, 15], "texture": "#5"}
			}
		},
		{
			"from": [5, 18.41768, 14.215],
			"to": [11, 19.41768, 18.815],
			"rotation": {"angle": 0, "axis": "z", "origin": [2.7, 23.18768, 15.665]},
			"faces": {
				"north": {"uv": [1, 3, 15, 15], "texture": "#5"},
				"east": {"uv": [1, 3, 15, 15], "texture": "#5"},
				"south": {"uv": [1, 3, 15, 15], "texture": "#5"},
				"west": {"uv": [1, 3, 15, 15], "texture": "#5"},
				"up": {"uv": [1, 3, 15, 15], "texture": "#5"},
				"down": {"uv": [1, 3, 15, 15], "texture": "#5"}
			}
		},
		{
			"from": [6, 11.41768, 14.215],
			"to": [10, 18.41768, 18.315],
			"rotation": {"angle": 0, "axis": "z", "origin": [2.7, 23.18768, 15.665]},
			"faces": {
				"north": {"uv": [1, 3, 15, 15], "texture": "#5"},
				"east": {"uv": [1, 3, 15, 15], "texture": "#5"},
				"south": {"uv": [1, 3, 15, 15], "texture": "#5"},
				"west": {"uv": [1, 3, 15, 15], "texture": "#5"},
				"up": {"uv": [1, 3, 15, 15], "texture": "#5"},
				"down": {"uv": [1, 3, 15, 15], "texture": "#5"}
			}
		},
		{
			"from": [2, 2.66768, 14.215],
			"to": [14, 16.66768, 18.815],
			"rotation": {"angle": 0, "axis": "z", "origin": [2.7, 23.18768, 15.665]},
			"faces": {
				"north": {"uv": [1, 3, 15, 15], "texture": "#5"},
				"east": {"uv": [1, 3, 15, 15], "texture": "#5"},
				"south": {"uv": [1, 3, 15, 15], "texture": "#5"},
				"west": {"uv": [1, 3, 15, 15], "texture": "#5"},
				"up": {"uv": [1, 3, 15, 15], "texture": "#5"},
				"down": {"uv": [1, 3, 15, 15], "texture": "#5"}
			}
		},
		{
			"from": [3.1, 23.41768, 17.215],
			"to": [4, 25.70768, 17.565],
			"rotation": {"angle": 0, "axis": "z", "origin": [2.7, 23.18768, 15.665]},
			"faces": {
				"north": {"uv": [1, 3, 15, 15], "texture": "#5"},
				"east": {"uv": [1, 3, 15, 15], "texture": "#5"},
				"south": {"uv": [1, 3, 15, 15], "texture": "#5"},
				"west": {"uv": [1, 3, 15, 15], "texture": "#5"},
				"up": {"uv": [1, 3, 15, 15], "texture": "#5"},
				"down": {"uv": [1, 3, 15, 15], "texture": "#5"}
			}
		},
		{
			"from": [3.5, 23.31768, 17.115],
			"to": [4, 23.70768, 17.665],
			"rotation": {"angle": 0, "axis": "z", "origin": [2.7, 23.18768, 15.665]},
			"faces": {
				"north": {"uv": [1, 14, 2, 15], "texture": "#14"},
				"east": {"uv": [1, 14, 2, 15], "texture": "#14"},
				"south": {"uv": [1, 14, 2, 15], "texture": "#14"},
				"west": {"uv": [1, 14, 2, 15], "texture": "#14"},
				"up": {"uv": [1, 14, 2, 15], "texture": "#14"},
				"down": {"uv": [1, 14, 2, 15], "texture": "#14"}
			}
		},
		{
			"from": [12, 23.31768, 17.115],
			"to": [12.5, 23.70768, 17.665],
			"rotation": {"angle": 0, "axis": "z", "origin": [13.3, 23.18768, 15.665]},
			"faces": {
				"north": {"uv": [2, 14, 1, 15], "texture": "#14"},
				"east": {"uv": [2, 14, 1, 15], "texture": "#14"},
				"south": {"uv": [2, 14, 1, 15], "texture": "#14"},
				"west": {"uv": [2, 14, 1, 15], "texture": "#14"},
				"up": {"uv": [2, 14, 1, 15], "texture": "#14"},
				"down": {"uv": [2, 14, 1, 15], "texture": "#14"}
			}
		},
		{
			"from": [12, 23.41768, 17.215],
			"to": [12.9, 25.70768, 17.565],
			"rotation": {"angle": 0, "axis": "z", "origin": [13.3, 23.18768, 15.665]},
			"faces": {
				"north": {"uv": [15, 3, 1, 15], "texture": "#5"},
				"east": {"uv": [15, 3, 1, 15], "texture": "#5"},
				"south": {"uv": [15, 3, 1, 15], "texture": "#5"},
				"west": {"uv": [15, 3, 1, 15], "texture": "#5"},
				"up": {"uv": [15, 3, 1, 15], "texture": "#5"},
				"down": {"uv": [15, 3, 1, 15], "texture": "#5"}
			}
		},
		{
			"from": [6, 19.66768, 19.315],
			"to": [10, 20.20768, 19.565],
			"rotation": {"angle": 0, "axis": "z", "origin": [2.7, 23.18768, 15.665]},
			"faces": {
				"north": {"uv": [1, 3, 15, 15], "texture": "#3"},
				"east": {"uv": [1, 3, 15, 15], "texture": "#3"},
				"south": {"uv": [1, 3, 15, 15], "texture": "#3"},
				"west": {"uv": [1, 3, 15, 15], "texture": "#3"},
				"up": {"uv": [1, 3, 15, 15], "texture": "#3"},
				"down": {"uv": [1, 3, 15, 15], "texture": "#3"}
			}
		},
		{
			"from": [5, 23.16768, 19.315],
			"to": [6.5, 24.20768, 19.465],
			"rotation": {"angle": 0, "axis": "z", "origin": [2.7, 23.18768, 15.665]},
			"faces": {
				"north": {"uv": [1, 3, 15, 15], "texture": "#0"},
				"east": {"uv": [1, 3, 15, 15], "texture": "#0"},
				"south": {"uv": [1, 3, 15, 15], "texture": "#0"},
				"west": {"uv": [1, 3, 15, 15], "texture": "#0"},
				"up": {"uv": [1, 3, 15, 15], "texture": "#0"},
				"down": {"uv": [1, 3, 15, 15], "texture": "#0"}
			}
		},
		{
			"from": [5.4, 23.36768, 19.465],
			"to": [6.5, 23.95768, 19.565],
			"rotation": {"angle": 0, "axis": "z", "origin": [2.7, 23.18768, 15.665]},
			"faces": {
				"north": {"uv": [0, 0, 16, 16], "texture": "#12"},
				"east": {"uv": [0, 0, 16, 16], "texture": "#12"},
				"south": {"uv": [0, 0, 16, 16], "texture": "#12"},
				"west": {"uv": [0, 0, 16, 16], "texture": "#12"},
				"up": {"uv": [0, 0, 16, 16], "texture": "#12"},
				"down": {"uv": [0, 0, 16, 16], "texture": "#12"}
			}
		},
		{
			"from": [9.5, 23.36768, 19.465],
			"to": [10.6, 23.95768, 19.565],
			"rotation": {"angle": 0, "axis": "z", "origin": [13.3, 23.18768, 15.665]},
			"faces": {
				"north": {"uv": [16, 0, 0, 16], "texture": "#12"},
				"east": {"uv": [16, 0, 0, 16], "texture": "#12"},
				"south": {"uv": [16, 0, 0, 16], "texture": "#12"},
				"west": {"uv": [16, 0, 0, 16], "texture": "#12"},
				"up": {"uv": [16, 0, 0, 16], "texture": "#12"},
				"down": {"uv": [16, 0, 0, 16], "texture": "#12"}
			}
		},
		{
			"from": [4.7, 23.41768, 19.315],
			"to": [6.8, 23.95768, 19.365],
			"rotation": {"angle": 0, "axis": "z", "origin": [2.7, 23.18768, 15.665]},
			"faces": {
				"north": {"uv": [1, 3, 15, 15], "texture": "#0"},
				"east": {"uv": [1, 3, 15, 15], "texture": "#0"},
				"south": {"uv": [1, 3, 15, 15], "texture": "#0"},
				"west": {"uv": [1, 3, 15, 15], "texture": "#0"},
				"up": {"uv": [1, 3, 15, 15], "texture": "#0"},
				"down": {"uv": [1, 3, 15, 15], "texture": "#0"}
			}
		},
		{
			"from": [9.5, 23.16768, 19.315],
			"to": [11, 24.20768, 19.465],
			"rotation": {"angle": 0, "axis": "z", "origin": [13.3, 23.18768, 15.665]},
			"faces": {
				"north": {"uv": [15, 3, 1, 15], "texture": "#0"},
				"east": {"uv": [15, 3, 1, 15], "texture": "#0"},
				"south": {"uv": [15, 3, 1, 15], "texture": "#0"},
				"west": {"uv": [15, 3, 1, 15], "texture": "#0"},
				"up": {"uv": [15, 3, 1, 15], "texture": "#0"},
				"down": {"uv": [15, 3, 1, 15], "texture": "#0"}
			}
		},
		{
			"from": [9.2, 23.41768, 19.315],
			"to": [11.3, 23.95768, 19.365],
			"rotation": {"angle": 0, "axis": "z", "origin": [13.3, 23.18768, 15.665]},
			"faces": {
				"north": {"uv": [15, 3, 1, 15], "texture": "#0"},
				"east": {"uv": [15, 3, 1, 15], "texture": "#0"},
				"south": {"uv": [15, 3, 1, 15], "texture": "#0"},
				"west": {"uv": [15, 3, 1, 15], "texture": "#0"},
				"up": {"uv": [15, 3, 1, 15], "texture": "#0"},
				"down": {"uv": [15, 3, 1, 15], "texture": "#0"}
			}
		},
		{
			"from": [7, 20.76768, 19.015],
			"to": [9, 22.55768, 19.765],
			"rotation": {"angle": -22.5, "axis": "x", "origin": [8, 21.41268, 19.44]},
			"faces": {
				"north": {"uv": [1, 3, 15, 15], "texture": "#5"},
				"east": {"uv": [1, 3, 15, 15], "texture": "#5"},
				"south": {"uv": [1, 3, 15, 15], "texture": "#5"},
				"west": {"uv": [1, 3, 15, 15], "texture": "#5"},
				"up": {"uv": [1, 3, 15, 15], "texture": "#5"},
				"down": {"uv": [1, 3, 15, 15], "texture": "#5"}
			}
		},
		{
			"from": [7.25, 20.51768, 19.015],
			"to": [8.75, 23.05768, 20.015],
			"rotation": {"angle": -22.5, "axis": "x", "origin": [8, 21.41268, 19.44]},
			"faces": {
				"north": {"uv": [1, 3, 15, 15], "texture": "#5"},
				"east": {"uv": [1, 3, 15, 15], "texture": "#5"},
				"south": {"uv": [1, 3, 15, 15], "texture": "#5"},
				"west": {"uv": [1, 3, 15, 15], "texture": "#5"},
				"up": {"uv": [1, 3, 15, 15], "texture": "#5"},
				"down": {"uv": [1, 3, 15, 15], "texture": "#5"}
			}
		},
		{
			"from": [2.75, 27.01768, 14.215],
			"to": [13.25, 27.45768, 17.415],
			"rotation": {"angle": 0, "axis": "z", "origin": [2.7, 23.18768, 15.665]},
			"faces": {
				"north": {"uv": [0, 0, 8, 16], "texture": "#10"},
				"east": {"uv": [0, 0, 8, 16], "texture": "#10"},
				"south": {"uv": [0, 0, 8, 16], "texture": "#10"},
				"west": {"uv": [0, 0, 8, 16], "texture": "#10"},
				"up": {"uv": [0, 0, 8, 16], "texture": "#10"},
				"down": {"uv": [0, 0, 8, 16], "texture": "#10"}
			}
		},
		{
			"from": [3.375, 28.51768, 14.215],
			"to": [12.625, 28.95768, 17.415],
			"rotation": {"angle": 0, "axis": "z", "origin": [2.825, 23.18768, 15.665]},
			"faces": {
				"north": {"uv": [0, 0, 8, 16], "texture": "#10"},
				"east": {"uv": [0, 0, 8, 16], "texture": "#10"},
				"south": {"uv": [0, 0, 8, 16], "texture": "#10"},
				"west": {"uv": [0, 0, 8, 16], "texture": "#10"},
				"up": {"uv": [0, 0, 8, 16], "texture": "#10"},
				"down": {"uv": [0, 0, 8, 16], "texture": "#10"}
			}
		},
		{
			"from": [1.75, 25.01768, 14.215],
			"to": [14.25, 25.45768, 17.415],
			"rotation": {"angle": 0, "axis": "z", "origin": [2.7, 23.18768, 15.665]},
			"faces": {
				"north": {"uv": [0, 0, 8, 16], "texture": "#10"},
				"east": {"uv": [0, 0, 8, 16], "texture": "#10"},
				"south": {"uv": [0, 0, 8, 16], "texture": "#10"},
				"west": {"uv": [0, 0, 8, 16], "texture": "#10"},
				"up": {"uv": [0, 0, 8, 16], "texture": "#10"},
				"down": {"uv": [0, 0, 8, 16], "texture": "#10"}
			}
		},
		{
			"from": [0.75, 23.01768, 14.215],
			"to": [15.25, 23.45768, 17.415],
			"rotation": {"angle": 0, "axis": "z", "origin": [2.7, 23.18768, 15.665]},
			"faces": {
				"north": {"uv": [0, 0, 8, 16], "texture": "#10"},
				"east": {"uv": [0, 0, 8, 16], "texture": "#10"},
				"south": {"uv": [0, 0, 8, 16], "texture": "#10"},
				"west": {"uv": [0, 0, 8, 16], "texture": "#10"},
				"up": {"uv": [0, 0, 8, 16], "texture": "#10"},
				"down": {"uv": [0, 0, 8, 16], "texture": "#10"}
			}
		},
		{
			"from": [-0.25, 21.01768, 14.215],
			"to": [16.25, 21.45768, 17.415],
			"rotation": {"angle": 0, "axis": "z", "origin": [2.7, 23.18768, 15.665]},
			"faces": {
				"north": {"uv": [0, 0, 8, 16], "texture": "#10"},
				"east": {"uv": [0, 0, 8, 16], "texture": "#10"},
				"south": {"uv": [0, 0, 8, 16], "texture": "#10"},
				"west": {"uv": [0, 0, 8, 16], "texture": "#10"},
				"up": {"uv": [0, 0, 8, 16], "texture": "#10"},
				"down": {"uv": [0, 0, 8, 16], "texture": "#10"}
			}
		},
		{
			"from": [-1.25, 19.01768, 14.215],
			"to": [17.25, 19.45768, 17.415],
			"rotation": {"angle": 0, "axis": "z", "origin": [2.7, 23.18768, 15.665]},
			"faces": {
				"north": {"uv": [0, 0, 8, 16], "texture": "#10"},
				"east": {"uv": [0, 0, 8, 16], "texture": "#10"},
				"south": {"uv": [0, 0, 8, 16], "texture": "#10"},
				"west": {"uv": [0, 0, 8, 16], "texture": "#10"},
				"up": {"uv": [0, 0, 8, 16], "texture": "#10"},
				"down": {"uv": [0, 0, 8, 16], "texture": "#10"}
			}
		},
		{
			"from": [3.65, 28.45768, 14.215],
			"to": [12.35, 29.45768, 17.015],
			"rotation": {"angle": 0, "axis": "z", "origin": [2.55, 23.18768, 15.665]},
			"faces": {
				"north": {"uv": [0, 0, 8, 16], "texture": "#7"},
				"east": {"uv": [0, 0, 8, 16], "texture": "#7"},
				"south": {"uv": [0, 0, 8, 16], "texture": "#7"},
				"west": {"uv": [0, 0, 8, 16], "texture": "#7"},
				"up": {"uv": [0, 0, 8, 16], "texture": "#7"},
				"down": {"uv": [0, 0, 8, 16], "texture": "#7"}
			}
		},
		{
			"from": [11.68, 17.535, 14.215],
			"to": [14.68, 28.275, 17.115],
			"rotation": {"angle": 22.5, "axis": "z", "origin": [12.18, 22.805, 12.015]},
			"faces": {
				"north": {"uv": [8, 0, 0, 16], "texture": "#7"},
				"east": {"uv": [8, 0, 0, 16], "texture": "#7"},
				"south": {"uv": [8, 0, 0, 16], "texture": "#7"},
				"west": {"uv": [8, 0, 0, 16], "texture": "#7"},
				"up": {"uv": [8, 0, 0, 16], "texture": "#7"},
				"down": {"uv": [8, 0, 0, 16], "texture": "#7"}
			}
		},
		{
			"from": [14.68, 17.535, 14.215],
			"to": [15.28, 28.075, 17.215],
			"rotation": {"angle": 22.5, "axis": "z", "origin": [12.18, 22.805, 12.015]},
			"faces": {
				"north": {"uv": [8, 0, 0, 16], "texture": "#10"},
				"east": {"uv": [8, 0, 0, 16], "texture": "#10"},
				"south": {"uv": [8, 0, 0, 16], "texture": "#10"},
				"west": {"uv": [8, 0, 0, 16], "texture": "#10"},
				"up": {"uv": [8, 0, 0, 16], "texture": "#10"},
				"down": {"uv": [8, 0, 0, 16], "texture": "#10"}
			}
		},
		{
			"from": [13.28, 17.535, 11.215],
			"to": [15.28, 28.075, 14.215],
			"rotation": {"angle": 22.5, "axis": "z", "origin": [12.18, 22.805, 12.015]},
			"faces": {
				"north": {"uv": [8, 0, 0, 16], "texture": "#6"},
				"east": {"uv": [8, 0, 0, 16], "texture": "#6"},
				"south": {"uv": [8, 0, 0, 16], "texture": "#6"},
				"west": {"uv": [8, 0, 0, 16], "texture": "#6"},
				"up": {"uv": [8, 0, 0, 16], "texture": "#6"},
				"down": {"uv": [8, 0, 0, 16], "texture": "#6"}
			}
		},
		{
			"from": [10.61307, 27.86016, 10.965],
			"to": [12.61307, 29.86016, 14.465],
			"rotation": {"angle": 45, "axis": "z", "origin": [11.61307, 28.86016, 11.965]},
			"faces": {
				"north": {"uv": [8, 0, 0, 16], "texture": "#6"},
				"east": {"uv": [8, 0, 0, 16], "texture": "#6"},
				"south": {"uv": [8, 0, 0, 16], "texture": "#6"},
				"west": {"uv": [8, 0, 0, 16], "texture": "#6"},
				"up": {"uv": [8, 0, 0, 16], "texture": "#6"},
				"down": {"uv": [8, 0, 0, 16], "texture": "#6"}
			}
		},
		{
			"from": [4.41307, 28.27438, 10.715],
			"to": [11.61307, 30.27438, 14.715],
			"rotation": {"angle": 0, "axis": "z", "origin": [10.61307, 29.27438, 11.965]},
			"faces": {
				"north": {"uv": [8, 0, 0, 16], "texture": "#6"},
				"east": {"uv": [8, 0, 0, 16], "texture": "#6"},
				"south": {"uv": [8, 0, 0, 16], "texture": "#6"},
				"west": {"uv": [8, 0, 0, 16], "texture": "#6"},
				"up": {"uv": [8, 0, 0, 16], "texture": "#6"},
				"down": {"uv": [8, 0, 0, 16], "texture": "#6"}
			}
		},
		{
			"from": [3.02376, 28.73694, 14.415],
			"to": [4.12376, 29.33694, 17.215],
			"rotation": {"angle": 45, "axis": "z", "origin": [3.57376, 29.03694, 16.015]},
			"faces": {
				"north": {"uv": [8, 0, 0, 16], "texture": "#10"},
				"east": {"uv": [8, 0, 0, 16], "texture": "#10"},
				"south": {"uv": [8, 0, 0, 16], "texture": "#10"},
				"west": {"uv": [8, 0, 0, 16], "texture": "#10"},
				"up": {"uv": [8, 0, 0, 16], "texture": "#10"},
				"down": {"uv": [8, 0, 0, 16], "texture": "#10"}
			}
		},
		{
			"from": [3.92243, 28.7738, 14.415],
			"to": [5.02243, 29.3738, 17.215],
			"rotation": {"angle": 22.5, "axis": "z", "origin": [3.17243, 29.0738, 16.015]},
			"faces": {
				"north": {"uv": [8, 0, 0, 16], "texture": "#10"},
				"east": {"uv": [8, 0, 0, 16], "texture": "#10"},
				"south": {"uv": [8, 0, 0, 16], "texture": "#10"},
				"west": {"uv": [8, 0, 0, 16], "texture": "#10"},
				"up": {"uv": [8, 0, 0, 16], "texture": "#10"},
				"down": {"uv": [8, 0, 0, 16], "texture": "#10"}
			}
		},
		{
			"from": [4.7668, 29.45893, 14.415],
			"to": [11.2668, 30.05893, 17.215],
			"rotation": {"angle": 0, "axis": "z", "origin": [5.3168, 29.75893, 16.015]},
			"faces": {
				"north": {"uv": [8, 0, 0, 16], "texture": "#10"},
				"east": {"uv": [8, 0, 0, 16], "texture": "#10"},
				"south": {"uv": [8, 0, 0, 16], "texture": "#10"},
				"west": {"uv": [8, 0, 0, 16], "texture": "#10"},
				"up": {"uv": [8, 0, 0, 16], "texture": "#10"},
				"down": {"uv": [8, 0, 0, 16], "texture": "#10"}
			}
		},
		{
			"from": [11.87624, 28.73694, 14.415],
			"to": [12.97624, 29.33694, 17.215],
			"rotation": {"angle": -45, "axis": "z", "origin": [12.42624, 29.03694, 16.015]},
			"faces": {
				"north": {"uv": [0, 0, 8, 16], "texture": "#10"},
				"east": {"uv": [0, 0, 8, 16], "texture": "#10"},
				"south": {"uv": [0, 0, 8, 16], "texture": "#10"},
				"west": {"uv": [0, 0, 8, 16], "texture": "#10"},
				"up": {"uv": [0, 0, 8, 16], "texture": "#10"},
				"down": {"uv": [0, 0, 8, 16], "texture": "#10"}
			}
		},
		{
			"from": [10.97757, 28.7738, 14.415],
			"to": [12.07757, 29.3738, 17.215],
			"rotation": {"angle": -22.5, "axis": "z", "origin": [12.82757, 29.0738, 16.015]},
			"faces": {
				"north": {"uv": [0, 0, 8, 16], "texture": "#10"},
				"east": {"uv": [0, 0, 8, 16], "texture": "#10"},
				"south": {"uv": [0, 0, 8, 16], "texture": "#10"},
				"west": {"uv": [0, 0, 8, 16], "texture": "#10"},
				"up": {"uv": [0, 0, 8, 16], "texture": "#10"},
				"down": {"uv": [0, 0, 8, 16], "texture": "#10"}
			}
		},
		{
			"from": [3.38693, 27.86016, 10.965],
			"to": [5.38693, 29.86016, 14.465],
			"rotation": {"angle": -45, "axis": "z", "origin": [4.38693, 28.86016, 11.965]},
			"faces": {
				"north": {"uv": [0, 0, 8, 16], "texture": "#6"},
				"east": {"uv": [0, 0, 8, 16], "texture": "#6"},
				"south": {"uv": [0, 0, 8, 16], "texture": "#6"},
				"west": {"uv": [0, 0, 8, 16], "texture": "#6"},
				"up": {"uv": [0, 0, 8, 16], "texture": "#6"},
				"down": {"uv": [0, 0, 8, 16], "texture": "#6"}
			}
		},
		{
			"from": [2.08, 0.315, -12.165],
			"to": [13.92, 4.755, -5.145],
			"rotation": {"angle": 0, "axis": "y", "origin": [2.08, 2.535, -0.325]},
			"faces": {
				"north": {"uv": [0, 0, 8, 16], "texture": "#9"},
				"east": {"uv": [0, 0, 8, 16], "texture": "#9"},
				"south": {"uv": [0, 0, 8, 16], "texture": "#9"},
				"west": {"uv": [0, 0, 8, 16], "texture": "#9"},
				"up": {"uv": [0, 0, 8, 16], "texture": "#9"},
				"down": {"uv": [0, 0, 8, 16], "texture": "#9"}
			}
		},
		{
			"from": [-1.92, 3.955, -12.365],
			"to": [3.38, 4.955, -6.745],
			"rotation": {"angle": 0, "axis": "y", "origin": [2.08, 2.535, -0.325]},
			"faces": {
				"north": {"uv": [0, 0, 16, 16], "texture": "#3"},
				"east": {"uv": [0, 0, 16, 16], "texture": "#3"},
				"south": {"uv": [0, 0, 16, 16], "texture": "#3"},
				"west": {"uv": [0, 0, 16, 16], "texture": "#3"},
				"up": {"uv": [0, 0, 16, 16], "texture": "#3"},
				"down": {"uv": [0, 0, 16, 16], "texture": "#3"}
			}
		},
		{
			"from": [-1.92, 4.955, -12.365],
			"to": [3.38, 5.955, -6.745],
			"rotation": {"angle": 45, "axis": "y", "origin": [0.73, 5.455, -9.555]},
			"faces": {
				"north": {"uv": [1, 2, 11, 9], "texture": "#14"},
				"east": {"uv": [1, 2, 11, 9], "texture": "#14"},
				"south": {"uv": [1, 2, 11, 9], "texture": "#14"},
				"west": {"uv": [1, 2, 11, 9], "texture": "#14"},
				"up": {"uv": [1, 2, 11, 9], "texture": "#14"},
				"down": {"uv": [1, 2, 11, 9], "texture": "#14"}
			}
		},
		{
			"from": [12.62, 4.955, -12.365],
			"to": [17.92, 5.955, -6.745],
			"rotation": {"angle": -45, "axis": "y", "origin": [15.27, 5.455, -9.555]},
			"faces": {
				"north": {"uv": [11, 2, 1, 9], "texture": "#14"},
				"east": {"uv": [11, 2, 1, 9], "texture": "#14"},
				"south": {"uv": [11, 2, 1, 9], "texture": "#14"},
				"west": {"uv": [11, 2, 1, 9], "texture": "#14"},
				"up": {"uv": [11, 2, 1, 9], "texture": "#14"},
				"down": {"uv": [11, 2, 1, 9], "texture": "#14"}
			}
		},
		{
			"from": [0.03, 2.705, -12.365],
			"to": [1.83, 3.955, -4.745],
			"rotation": {"angle": 0, "axis": "y", "origin": [2.08, 2.535, -0.325]},
			"faces": {
				"north": {"uv": [0, 0, 16, 16], "texture": "#6"},
				"east": {"uv": [0, 0, 16, 16], "texture": "#6"},
				"south": {"uv": [0, 0, 16, 16], "texture": "#6"},
				"west": {"uv": [0, 0, 16, 16], "texture": "#6"},
				"up": {"uv": [0, 0, 16, 16], "texture": "#6"},
				"down": {"uv": [0, 0, 16, 16], "texture": "#6"}
			}
		},
		{
			"from": [14.17, 2.705, -12.365],
			"to": [15.97, 3.955, -4.745],
			"rotation": {"angle": 0, "axis": "y", "origin": [13.92, 2.535, -0.325]},
			"faces": {
				"north": {"uv": [16, 0, 0, 16], "texture": "#6"},
				"east": {"uv": [16, 0, 0, 16], "texture": "#6"},
				"south": {"uv": [16, 0, 0, 16], "texture": "#6"},
				"west": {"uv": [16, 0, 0, 16], "texture": "#6"},
				"up": {"uv": [16, 0, 0, 16], "texture": "#6"},
				"down": {"uv": [16, 0, 0, 16], "texture": "#6"}
			}
		},
		{
			"from": [12.62, 3.955, -12.365],
			"to": [17.92, 4.955, -6.745],
			"rotation": {"angle": 0, "axis": "y", "origin": [13.92, 2.535, -0.325]},
			"faces": {
				"north": {"uv": [16, 0, 0, 16], "texture": "#3"},
				"east": {"uv": [16, 0, 0, 16], "texture": "#3"},
				"south": {"uv": [16, 0, 0, 16], "texture": "#3"},
				"west": {"uv": [16, 0, 0, 16], "texture": "#3"},
				"up": {"uv": [16, 0, 0, 16], "texture": "#3"},
				"down": {"uv": [16, 0, 0, 16], "texture": "#3"}
			}
		},
		{
			"from": [11.92, 4.955, -12.115],
			"to": [12.27, 10.555, -11.495],
			"rotation": {"angle": 0, "axis": "y", "origin": [13.92, 2.535, -0.325]},
			"faces": {
				"north": {"uv": [16, 0, 0, 16], "texture": "#2"},
				"east": {"uv": [16, 0, 0, 16], "texture": "#2"},
				"south": {"uv": [16, 0, 0, 16], "texture": "#2"},
				"west": {"uv": [16, 0, 0, 16], "texture": "#2"},
				"up": {"uv": [16, 0, 0, 16], "texture": "#2"},
				"down": {"uv": [16, 0, 0, 16], "texture": "#2"}
			}
		},
		{
			"from": [11.82, 8.13375, -16],
			"to": [12.37, 8.75375, -10.3],
			"rotation": {"angle": -45, "axis": "x", "origin": [12.095, 8.04375, -13.7807]},
			"faces": {
				"north": {"uv": [16, 0, 0, 16], "rotation": 90, "texture": "#10"},
				"east": {"uv": [16, 0, 0, 16], "rotation": 90, "texture": "#10"},
				"south": {"uv": [16, 0, 0, 16], "rotation": 90, "texture": "#10"},
				"west": {"uv": [16, 0, 0, 16], "rotation": 90, "texture": "#10"},
				"up": {"uv": [16, 0, 0, 16], "rotation": 90, "texture": "#10"},
				"down": {"uv": [16, 0, 0, 16], "rotation": 90, "texture": "#10"}
			}
		},
		{
			"from": [11.82, 10.66441, -11.86471],
			"to": [12.37, 11.26441, -11.24471],
			"rotation": {"angle": 22.5, "axis": "x", "origin": [12.095, 10.96441, -11.55471]},
			"faces": {
				"north": {"uv": [16, 0, 0, 16], "rotation": 270, "texture": "#10"},
				"east": {"uv": [16, 0, 0, 16], "rotation": 180, "texture": "#10"},
				"south": {"uv": [16, 0, 0, 16], "rotation": 90, "texture": "#10"},
				"west": {"uv": [16, 0, 0, 16], "texture": "#10"},
				"up": {"uv": [16, 0, 0, 16], "rotation": 90, "texture": "#10"},
				"down": {"uv": [16, 0, 0, 16], "rotation": 270, "texture": "#10"}
			}
		},
		{
			"from": [11.92, 2.355, -15.815],
			"to": [12.27, 6.855, -15.195],
			"rotation": {"angle": 0, "axis": "y", "origin": [13.92, 2.535, -0.325]},
			"faces": {
				"north": {"uv": [16, 0, 0, 16], "texture": "#2"},
				"east": {"uv": [16, 0, 0, 16], "texture": "#2"},
				"south": {"uv": [16, 0, 0, 16], "texture": "#2"},
				"west": {"uv": [16, 0, 0, 16], "texture": "#2"},
				"up": {"uv": [16, 0, 0, 16], "texture": "#2"},
				"down": {"uv": [16, 0, 0, 16], "texture": "#2"}
			}
		},
		{
			"from": [11.92, 6.955, -7.715],
			"to": [12.27, 11.455, -7.095],
			"rotation": {"angle": 0, "axis": "y", "origin": [13.92, 7.135, 7.775]},
			"faces": {
				"north": {"uv": [16, 0, 0, 16], "texture": "#2"},
				"east": {"uv": [16, 0, 0, 16], "texture": "#2"},
				"south": {"uv": [16, 0, 0, 16], "texture": "#2"},
				"west": {"uv": [16, 0, 0, 16], "texture": "#2"},
				"up": {"uv": [16, 0, 0, 16], "texture": "#2"},
				"down": {"uv": [16, 0, 0, 16], "texture": "#2"}
			}
		},
		{
			"from": [12.97, 5.955, -7.665],
			"to": [13.37, 11.455, -7.245],
			"rotation": {"angle": 0, "axis": "y", "origin": [13.92, 7.135, 7.775]},
			"faces": {
				"north": {"uv": [16, 0, 0, 16], "texture": "#15"},
				"east": {"uv": [16, 0, 0, 16], "texture": "#15"},
				"south": {"uv": [16, 0, 0, 16], "texture": "#15"},
				"west": {"uv": [16, 0, 0, 16], "texture": "#15"},
				"up": {"uv": [16, 0, 0, 16], "texture": "#15"},
				"down": {"uv": [16, 0, 0, 16], "texture": "#15"}
			}
		},
		{
			"from": [0.32289, 11.455, -9.45789],
			"to": [0.92289, 11.705, -6.83789],
			"rotation": {"angle": 45, "axis": "y", "origin": [2.12289, 11.58, -6.74789]},
			"faces": {
				"north": {"uv": [0, 0, 16, 16], "texture": "#16"},
				"east": {"uv": [0, 0, 16, 16], "texture": "#16"},
				"south": {"uv": [0, 0, 16, 16], "texture": "#16"},
				"west": {"uv": [0, 0, 16, 16], "texture": "#16"},
				"up": {"uv": [0, 0, 16, 16], "texture": "#16"},
				"down": {"uv": [0, 0, 16, 16], "texture": "#16"}
			}
		},
		{
			"from": [2.53, 11.455, -7.765],
			"to": [3.13, 11.705, -5.145],
			"rotation": {"angle": -45, "axis": "y", "origin": [2.83, 11.58, -7.455]},
			"faces": {
				"north": {"uv": [0, 0, 16, 16], "texture": "#16"},
				"east": {"uv": [0, 0, 16, 16], "texture": "#16"},
				"south": {"uv": [0, 0, 16, 16], "texture": "#16"},
				"west": {"uv": [0, 0, 16, 16], "texture": "#16"},
				"up": {"uv": [0, 0, 16, 16], "texture": "#16"},
				"down": {"uv": [0, 0, 16, 16], "texture": "#16"}
			}
		},
		{
			"from": [-0.87, 5.955, -7.665],
			"to": [-0.47, 11.455, -7.245],
			"rotation": {"angle": 0, "axis": "y", "origin": [2.08, 7.135, 7.775]},
			"faces": {
				"north": {"uv": [0, 0, 16, 16], "texture": "#15"},
				"east": {"uv": [0, 0, 16, 16], "texture": "#15"},
				"south": {"uv": [0, 0, 16, 16], "texture": "#15"},
				"west": {"uv": [0, 0, 16, 16], "texture": "#15"},
				"up": {"uv": [0, 0, 16, 16], "texture": "#15"},
				"down": {"uv": [0, 0, 16, 16], "texture": "#15"}
			}
		},
		{
			"from": [2.63, 5.955, -7.665],
			"to": [3.03, 11.455, -7.245],
			"rotation": {"angle": 0, "axis": "y", "origin": [2.08, 7.135, 7.775]},
			"faces": {
				"north": {"uv": [0, 0, 16, 16], "texture": "#15"},
				"east": {"uv": [0, 0, 16, 16], "texture": "#15"},
				"south": {"uv": [0, 0, 16, 16], "texture": "#15"},
				"west": {"uv": [0, 0, 16, 16], "texture": "#15"},
				"up": {"uv": [0, 0, 16, 16], "texture": "#15"},
				"down": {"uv": [0, 0, 16, 16], "texture": "#15"}
			}
		},
		{
			"from": [12.87, 11.455, -7.765],
			"to": [13.47, 11.705, -5.145],
			"rotation": {"angle": 45, "axis": "y", "origin": [13.17, 11.58, -7.455]},
			"faces": {
				"north": {"uv": [16, 0, 0, 16], "texture": "#16"},
				"east": {"uv": [16, 0, 0, 16], "texture": "#16"},
				"south": {"uv": [16, 0, 0, 16], "texture": "#16"},
				"west": {"uv": [16, 0, 0, 16], "texture": "#16"},
				"up": {"uv": [16, 0, 0, 16], "texture": "#16"},
				"down": {"uv": [16, 0, 0, 16], "texture": "#16"}
			}
		},
		{
			"from": [15.07711, 11.455, -9.45789],
			"to": [15.67711, 11.705, -6.83789],
			"rotation": {"angle": -45, "axis": "y", "origin": [13.87711, 11.58, -6.74789]},
			"faces": {
				"north": {"uv": [16, 0, 0, 16], "texture": "#16"},
				"east": {"uv": [16, 0, 0, 16], "texture": "#16"},
				"south": {"uv": [16, 0, 0, 16], "texture": "#16"},
				"west": {"uv": [16, 0, 0, 16], "texture": "#16"},
				"up": {"uv": [16, 0, 0, 16], "texture": "#16"},
				"down": {"uv": [16, 0, 0, 16], "texture": "#16"}
			}
		},
		{
			"from": [16.47, 5.955, -7.665],
			"to": [16.87, 11.455, -7.245],
			"rotation": {"angle": 0, "axis": "y", "origin": [13.92, 7.135, 7.775]},
			"faces": {
				"north": {"uv": [16, 0, 0, 16], "texture": "#15"},
				"east": {"uv": [16, 0, 0, 16], "texture": "#15"},
				"south": {"uv": [16, 0, 0, 16], "texture": "#15"},
				"west": {"uv": [16, 0, 0, 16], "texture": "#15"},
				"up": {"uv": [16, 0, 0, 16], "texture": "#15"},
				"down": {"uv": [16, 0, 0, 16], "texture": "#15"}
			}
		},
		{
			"from": [11.82, 12.73375, -7.9],
			"to": [12.37, 13.35375, 8.8],
			"rotation": {"angle": -45, "axis": "x", "origin": [12.095, 12.64375, -5.6807]},
			"faces": {
				"north": {"uv": [16, 0, 0, 16], "rotation": 90, "texture": "#10"},
				"east": {"uv": [16, 0, 0, 16], "rotation": 90, "texture": "#10"},
				"south": {"uv": [16, 0, 0, 16], "rotation": 90, "texture": "#10"},
				"west": {"uv": [16, 0, 0, 16], "rotation": 90, "texture": "#10"},
				"up": {"uv": [16, 0, 0, 16], "rotation": 90, "texture": "#10"},
				"down": {"uv": [16, 0, 0, 16], "rotation": 90, "texture": "#10"}
			}
		},
		{
			"from": [11.92, 11.255, -1.915],
			"to": [12.27, 17.155, -1.295],
			"rotation": {"angle": 0, "axis": "y", "origin": [13.92, 10.835, 11.475]},
			"faces": {
				"north": {"uv": [16, 0, 0, 16], "texture": "#2"},
				"east": {"uv": [16, 0, 0, 16], "texture": "#2"},
				"south": {"uv": [16, 0, 0, 16], "texture": "#2"},
				"west": {"uv": [16, 0, 0, 16], "texture": "#2"},
				"up": {"uv": [16, 0, 0, 16], "texture": "#2"},
				"down": {"uv": [16, 0, 0, 16], "texture": "#2"}
			}
		},
		{
			"from": [11.92, 18.255, 3.685],
			"to": [12.27, 22.855, 4.305],
			"rotation": {"angle": 0, "axis": "y", "origin": [13.92, 10.835, 11.475]},
			"faces": {
				"north": {"uv": [16, 0, 0, 16], "texture": "#2"},
				"east": {"uv": [16, 0, 0, 16], "texture": "#2"},
				"south": {"uv": [16, 0, 0, 16], "texture": "#2"},
				"west": {"uv": [16, 0, 0, 16], "texture": "#2"},
				"up": {"uv": [16, 0, 0, 16], "texture": "#2"},
				"down": {"uv": [16, 0, 0, 16], "texture": "#2"}
			}
		},
		{
			"from": [3.73, 6.955, -7.715],
			"to": [4.08, 11.455, -7.095],
			"rotation": {"angle": 0, "axis": "y", "origin": [2.08, 7.135, 7.775]},
			"faces": {
				"north": {"uv": [0, 0, 16, 16], "texture": "#2"},
				"east": {"uv": [0, 0, 16, 16], "texture": "#2"},
				"south": {"uv": [0, 0, 16, 16], "texture": "#2"},
				"west": {"uv": [0, 0, 16, 16], "texture": "#2"},
				"up": {"uv": [0, 0, 16, 16], "texture": "#2"},
				"down": {"uv": [0, 0, 16, 16], "texture": "#2"}
			}
		},
		{
			"from": [3.63, 12.73375, -7.9],
			"to": [4.18, 13.35375, 8.8],
			"rotation": {"angle": -45, "axis": "x", "origin": [3.905, 12.64375, -5.6807]},
			"faces": {
				"north": {"uv": [16, 16, 0, 0], "rotation": 90, "texture": "#10"},
				"east": {"uv": [16, 16, 0, 0], "rotation": 90, "texture": "#10"},
				"south": {"uv": [16, 16, 0, 0], "rotation": 90, "texture": "#10"},
				"west": {"uv": [16, 16, 0, 0], "rotation": 90, "texture": "#10"},
				"up": {"uv": [16, 16, 0, 0], "rotation": 90, "texture": "#10"},
				"down": {"uv": [16, 16, 0, 0], "rotation": 90, "texture": "#10"}
			}
		},
		{
			"from": [3.73, 11.255, -1.915],
			"to": [4.08, 17.155, -1.295],
			"rotation": {"angle": 0, "axis": "y", "origin": [2.08, 10.835, 11.475]},
			"faces": {
				"north": {"uv": [0, 0, 16, 16], "texture": "#2"},
				"east": {"uv": [0, 0, 16, 16], "texture": "#2"},
				"south": {"uv": [0, 0, 16, 16], "texture": "#2"},
				"west": {"uv": [0, 0, 16, 16], "texture": "#2"},
				"up": {"uv": [0, 0, 16, 16], "texture": "#2"},
				"down": {"uv": [0, 0, 16, 16], "texture": "#2"}
			}
		},
		{
			"from": [3.73, 18.255, 3.685],
			"to": [4.08, 22.855, 4.305],
			"rotation": {"angle": 0, "axis": "y", "origin": [2.08, 10.835, 11.475]},
			"faces": {
				"north": {"uv": [0, 0, 16, 16], "texture": "#2"},
				"east": {"uv": [0, 0, 16, 16], "texture": "#2"},
				"south": {"uv": [0, 0, 16, 16], "texture": "#2"},
				"west": {"uv": [0, 0, 16, 16], "texture": "#2"},
				"up": {"uv": [0, 0, 16, 16], "texture": "#2"},
				"down": {"uv": [0, 0, 16, 16], "texture": "#2"}
			}
		},
		{
			"from": [3.63, 8.13375, -16],
			"to": [4.18, 8.75375, -10.3],
			"rotation": {"angle": -45, "axis": "x", "origin": [3.905, 8.04375, -13.7807]},
			"faces": {
				"north": {"uv": [16, 16, 0, 0], "rotation": 90, "texture": "#10"},
				"east": {"uv": [16, 16, 0, 0], "rotation": 90, "texture": "#10"},
				"south": {"uv": [16, 16, 0, 0], "rotation": 90, "texture": "#10"},
				"west": {"uv": [16, 16, 0, 0], "rotation": 90, "texture": "#10"},
				"up": {"uv": [16, 16, 0, 0], "rotation": 90, "texture": "#10"},
				"down": {"uv": [16, 16, 0, 0], "rotation": 90, "texture": "#10"}
			}
		},
		{
			"from": [3.73, 2.355, -15.815],
			"to": [4.08, 6.855, -15.195],
			"rotation": {"angle": 0, "axis": "y", "origin": [2.08, 2.535, -0.325]},
			"faces": {
				"north": {"uv": [0, 0, 16, 16], "texture": "#2"},
				"east": {"uv": [0, 0, 16, 16], "texture": "#2"},
				"south": {"uv": [0, 0, 16, 16], "texture": "#2"},
				"west": {"uv": [0, 0, 16, 16], "texture": "#2"},
				"up": {"uv": [0, 0, 16, 16], "texture": "#2"},
				"down": {"uv": [0, 0, 16, 16], "texture": "#2"}
			}
		},
		{
			"from": [3.73, 4.955, -12.115],
			"to": [4.08, 10.555, -11.495],
			"rotation": {"angle": 0, "axis": "y", "origin": [2.08, 2.535, -0.325]},
			"faces": {
				"north": {"uv": [0, 0, 16, 16], "texture": "#2"},
				"east": {"uv": [0, 0, 16, 16], "texture": "#2"},
				"south": {"uv": [0, 0, 16, 16], "texture": "#2"},
				"west": {"uv": [0, 0, 16, 16], "texture": "#2"},
				"up": {"uv": [0, 0, 16, 16], "texture": "#2"},
				"down": {"uv": [0, 0, 16, 16], "texture": "#2"}
			}
		},
		{
			"from": [-0.92, 0.315, -5.165],
			"to": [16.92, 4.455, 26.455],
			"rotation": {"angle": 0, "axis": "y", "origin": [2.08, 2.535, -0.325]},
			"faces": {
				"north": {"uv": [0, 0, 8, 16], "texture": "#9"},
				"east": {"uv": [0, 0, 8, 16], "texture": "#9"},
				"south": {"uv": [0, 0, 8, 16], "texture": "#9"},
				"west": {"uv": [0, 0, 8, 16], "texture": "#9"},
				"up": {"uv": [0, 0, 8, 16], "texture": "#9"},
				"down": {"uv": [0, 0, 8, 16], "texture": "#9"}
			}
		},
		{
			"from": [0.33, 4.455, 25.335],
			"to": [0.92, 25.455, 25.955],
			"rotation": {"angle": 0, "axis": "y", "origin": [2.08, 2.535, -0.325]},
			"faces": {
				"north": {"uv": [0, 0, 8, 16], "texture": "#16"},
				"east": {"uv": [0, 0, 8, 16], "texture": "#16"},
				"south": {"uv": [0, 0, 8, 16], "texture": "#16"},
				"west": {"uv": [0, 0, 8, 16], "texture": "#16"},
				"up": {"uv": [0, 0, 8, 16], "texture": "#16"},
				"down": {"uv": [0, 0, 8, 16], "texture": "#16"}
			}
		},
		{
			"from": [-0.92, 25.455, 25.085],
			"to": [2.17, 26.455, 26.205],
			"rotation": {"angle": 45, "axis": "x", "origin": [0.625, 25.955, 25.645]},
			"faces": {
				"north": {"uv": [0, 0, 8, 16], "texture": "#10"},
				"east": {"uv": [0, 0, 8, 16], "texture": "#10"},
				"south": {"uv": [0, 0, 8, 16], "texture": "#10"},
				"west": {"uv": [0, 0, 8, 16], "texture": "#10"},
				"up": {"uv": [0, 0, 8, 16], "texture": "#10"},
				"down": {"uv": [0, 0, 8, 16], "texture": "#10"}
			}
		},
		{
			"from": [13.83, 25.455, 25.085],
			"to": [16.92, 26.455, 26.205],
			"rotation": {"angle": 45, "axis": "x", "origin": [15.375, 25.955, 25.645]},
			"faces": {
				"north": {"uv": [8, 0, 0, 16], "texture": "#10"},
				"east": {"uv": [8, 0, 0, 16], "texture": "#10"},
				"south": {"uv": [8, 0, 0, 16], "texture": "#10"},
				"west": {"uv": [8, 0, 0, 16], "texture": "#10"},
				"up": {"uv": [8, 0, 0, 16], "texture": "#10"},
				"down": {"uv": [8, 0, 0, 16], "texture": "#10"}
			}
		},
		{
			"from": [15.08, 4.455, 25.335],
			"to": [15.67, 25.455, 25.955],
			"rotation": {"angle": 0, "axis": "y", "origin": [13.92, 2.535, -0.325]},
			"faces": {
				"north": {"uv": [8, 0, 0, 16], "texture": "#16"},
				"east": {"uv": [8, 0, 0, 16], "texture": "#16"},
				"south": {"uv": [8, 0, 0, 16], "texture": "#16"},
				"west": {"uv": [8, 0, 0, 16], "texture": "#16"},
				"up": {"uv": [8, 0, 0, 16], "texture": "#16"},
				"down": {"uv": [8, 0, 0, 16], "texture": "#16"}
			}
		},
		{
			"from": [0.08, 26.455, 24.085],
			"to": [1.17, 27.455, 25.205],
			"rotation": {"angle": 45, "axis": "x", "origin": [0.625, 25.955, 25.645]},
			"faces": {
				"north": {"uv": [0, 0, 8, 16], "texture": "#10"},
				"east": {"uv": [0, 0, 8, 16], "texture": "#10"},
				"south": {"uv": [0, 0, 8, 16], "texture": "#10"},
				"west": {"uv": [0, 0, 8, 16], "texture": "#10"},
				"up": {"uv": [0, 0, 8, 16], "texture": "#10"},
				"down": {"uv": [0, 0, 8, 16], "texture": "#10"}
			}
		},
		{
			"from": [14.83, 26.455, 24.085],
			"to": [15.92, 27.455, 25.205],
			"rotation": {"angle": 45, "axis": "x", "origin": [15.375, 25.955, 25.645]},
			"faces": {
				"north": {"uv": [8, 0, 0, 16], "texture": "#10"},
				"east": {"uv": [8, 0, 0, 16], "texture": "#10"},
				"south": {"uv": [8, 0, 0, 16], "texture": "#10"},
				"west": {"uv": [8, 0, 0, 16], "texture": "#10"},
				"up": {"uv": [8, 0, 0, 16], "texture": "#10"},
				"down": {"uv": [8, 0, 0, 16], "texture": "#10"}
			}
		},
		{
			"from": [-0.795, 1.015, 25.155],
			"to": [16.795, 3.855, 26.805],
			"rotation": {"angle": -22.5, "axis": "x", "origin": [7.875, 2.385, 26.83]},
			"faces": {
				"north": {"uv": [0, 0, 16, 16], "texture": "#14"},
				"east": {"uv": [0, 0, 16, 16], "texture": "#14"},
				"south": {"uv": [0, 0, 16, 16], "texture": "#14"},
				"west": {"uv": [0, 0, 16, 16], "texture": "#14"},
				"up": {"uv": [0, 0, 16, 16], "texture": "#14"},
				"down": {"uv": [0, 0, 16, 16], "texture": "#14"}
			}
		},
		{
			"from": [2.08, 4.455, 18.835],
			"to": [5.92, 10.455, 22.455],
			"rotation": {"angle": 22.5, "axis": "y", "origin": [4, 7.455, 20.645]},
			"faces": {
				"north": {"uv": [0, 0, 16, 16], "texture": "#21"},
				"east": {"uv": [0, 0, 16, 16], "texture": "#21"},
				"south": {"uv": [0, 0, 16, 16], "texture": "#21"},
				"west": {"uv": [0, 0, 16, 16], "texture": "#21"},
				"up": {"uv": [0, 0, 16, 16], "texture": "#21"},
				"down": {"uv": [0, 0, 16, 16], "texture": "#21"}
			}
		},
		{
			"from": [10.48, 4.455, 15.835],
			"to": [14.32, 7.455, 19.455],
			"rotation": {"angle": -22.5, "axis": "y", "origin": [4, 7.455, 20.645]},
			"faces": {
				"north": {"uv": [0, 0, 16, 16], "texture": "#21"},
				"east": {"uv": [0, 0, 16, 16], "texture": "#21"},
				"south": {"uv": [0, 0, 16, 16], "texture": "#21"},
				"west": {"uv": [0, 0, 16, 16], "texture": "#21"},
				"up": {"uv": [0, 0, 16, 16], "texture": "#21"},
				"down": {"uv": [0, 0, 16, 16], "texture": "#21"}
			}
		},
		{
			"from": [2.894, 6.679, -12.165],
			"to": [3.56, 13.117, 5.595],
			"rotation": {"angle": -45, "axis": "x", "origin": [3.19, 14.375, -1.065]},
			"faces": {
				"north": {"uv": [0, 3, 15, 15], "texture": "#8"},
				"east": {"uv": [0, 3, 15, 15], "texture": "#8"},
				"south": {"uv": [0, 3, 15, 15], "texture": "#8"},
				"west": {"uv": [0, 3, 15, 15], "texture": "#8"},
				"up": {"uv": [0, 3, 15, 15], "texture": "#8"},
				"down": {"uv": [0, 3, 15, 15], "texture": "#8"}
			}
		},
		{
			"from": [1.194, 3.079, -10.165],
			"to": [3.56, 9.679, 7.595],
			"rotation": {"angle": -45, "axis": "x", "origin": [3.19, 14.375, -1.065]},
			"faces": {
				"north": {"uv": [1, 3, 16, 15], "texture": "#5"},
				"east": {"uv": [1, 3, 16, 15], "texture": "#5"},
				"south": {"uv": [1, 3, 16, 15], "texture": "#5"},
				"west": {"uv": [1, 3, 15, 15], "texture": "#5"},
				"up": {"uv": [1, 3, 16, 15], "texture": "#5"},
				"down": {"uv": [1, 3, 16, 15], "texture": "#5"}
			}
		},
		{
			"from": [0.194, 4.49764, 5.07123],
			"to": [3.56, 13.09764, 11.58123],
			"rotation": {"angle": 0, "axis": "x", "origin": [2.377, 6.79764, 6.20123]},
			"faces": {
				"north": {"uv": [1, 3, 16, 15], "texture": "#5"},
				"east": {"uv": [1, 3, 16, 15], "texture": "#5"},
				"south": {"uv": [1, 3, 16, 15], "texture": "#5"},
				"west": {"uv": [1, 3, 16, 15], "texture": "#5"},
				"up": {"uv": [1, 3, 16, 15], "texture": "#5"},
				"down": {"uv": [1, 3, 16, 15], "texture": "#5"}
			}
		},
		{
			"from": [0.144, 8.34764, 7.87123],
			"to": [0.194, 9.44764, 11.38123],
			"rotation": {"angle": 0, "axis": "x", "origin": [2.377, 6.79764, 6.20123]},
			"faces": {
				"north": {"uv": [0, 0, 16, 16], "texture": "#8"},
				"east": {"uv": [0, 0, 16, 16], "texture": "#8"},
				"south": {"uv": [0, 0, 16, 16], "texture": "#8"},
				"west": {"uv": [0, 0, 16, 16], "texture": "#8"},
				"up": {"uv": [0, 0, 16, 16], "texture": "#8"},
				"down": {"uv": [0, 0, 16, 16], "texture": "#8"}
			}
		},
		{
			"from": [0.144, 11.34764, 7.87123],
			"to": [0.194, 12.44764, 11.38123],
			"rotation": {"angle": 0, "axis": "x", "origin": [2.377, 6.79764, 6.20123]},
			"faces": {
				"north": {"uv": [0, 0, 16, 16], "texture": "#8"},
				"east": {"uv": [0, 0, 16, 16], "texture": "#8"},
				"south": {"uv": [0, 0, 16, 16], "texture": "#8"},
				"west": {"uv": [0, 0, 16, 16], "texture": "#18"},
				"up": {"uv": [0, 0, 16, 16], "texture": "#8"},
				"down": {"uv": [0, 0, 16, 16], "texture": "#8"}
			}
		},
		{
			"from": [0.144, 9.74764, 6.07123],
			"to": [0.194, 10.84764, 9.58123],
			"rotation": {"angle": 0, "axis": "x", "origin": [2.377, 6.79764, 6.20123]},
			"faces": {
				"north": {"uv": [0, 0, 16, 16], "texture": "#17"},
				"east": {"uv": [0, 0, 16, 16], "texture": "#17"},
				"south": {"uv": [0, 0, 16, 16], "texture": "#17"},
				"west": {"uv": [0, 0, 16, 16], "texture": "#17"},
				"up": {"uv": [0, 0, 16, 16], "texture": "#17"},
				"down": {"uv": [0, 0, 16, 16], "texture": "#17"}
			}
		},
		{
			"from": [15.806, 11.34764, 7.87123],
			"to": [15.856, 12.44764, 11.38123],
			"rotation": {"angle": 0, "axis": "x", "origin": [13.623, 6.79764, 6.20123]},
			"faces": {
				"north": {"uv": [16, 0, 0, 16], "texture": "#8"},
				"east": {"uv": [16, 0, 0, 16], "texture": "#18"},
				"south": {"uv": [16, 0, 0, 16], "texture": "#8"},
				"west": {"uv": [16, 0, 0, 16], "texture": "#8"},
				"up": {"uv": [16, 0, 0, 16], "texture": "#8"},
				"down": {"uv": [16, 0, 0, 16], "texture": "#8"}
			}
		},
		{
			"from": [15.806, 9.74764, 6.07123],
			"to": [15.856, 10.84764, 9.58123],
			"rotation": {"angle": 0, "axis": "x", "origin": [13.623, 6.79764, 6.20123]},
			"faces": {
				"north": {"uv": [16, 0, 0, 16], "texture": "#17"},
				"east": {"uv": [16, 0, 0, 16], "texture": "#17"},
				"south": {"uv": [16, 0, 0, 16], "texture": "#17"},
				"west": {"uv": [16, 0, 0, 16], "texture": "#17"},
				"up": {"uv": [16, 0, 0, 16], "texture": "#17"},
				"down": {"uv": [16, 0, 0, 16], "texture": "#17"}
			}
		},
		{
			"from": [15.806, 8.34764, 7.87123],
			"to": [15.856, 9.44764, 11.38123],
			"rotation": {"angle": 0, "axis": "x", "origin": [13.623, 6.79764, 6.20123]},
			"faces": {
				"north": {"uv": [16, 0, 0, 16], "texture": "#8"},
				"east": {"uv": [16, 0, 0, 16], "texture": "#8"},
				"south": {"uv": [16, 0, 0, 16], "texture": "#8"},
				"west": {"uv": [16, 0, 0, 16], "texture": "#8"},
				"up": {"uv": [16, 0, 0, 16], "texture": "#8"},
				"down": {"uv": [16, 0, 0, 16], "texture": "#8"}
			}
		},
		{
			"from": [15.806, 6.34764, 7.87123],
			"to": [17.106, 7.44764, 11.38123],
			"rotation": {"angle": 0, "axis": "x", "origin": [13.623, 6.79764, 6.20123]},
			"faces": {
				"north": {"uv": [16, 0, 0, 16], "texture": "#1"},
				"east": {"uv": [16, 0, 0, 16], "texture": "#1"},
				"south": {"uv": [16, 0, 0, 16], "texture": "#1"},
				"west": {"uv": [16, 0, 0, 16], "texture": "#1"},
				"up": {"uv": [16, 0, 0, 16], "texture": "#1"},
				"down": {"uv": [16, 0, 0, 16], "texture": "#1"}
			}
		},
		{
			"from": [-1.106, 6.34764, 7.87123],
			"to": [0.194, 7.44764, 11.38123],
			"rotation": {"angle": 0, "axis": "x", "origin": [2.377, 6.79764, 6.20123]},
			"faces": {
				"north": {"uv": [0, 0, 16, 16], "texture": "#1"},
				"east": {"uv": [0, 0, 16, 16], "texture": "#1"},
				"south": {"uv": [0, 0, 16, 16], "texture": "#1"},
				"west": {"uv": [0, 0, 16, 16], "texture": "#1"},
				"up": {"uv": [0, 0, 16, 16], "texture": "#1"},
				"down": {"uv": [0, 0, 16, 16], "texture": "#1"}
			}
		},
		{
			"from": [0.694, 12.99764, 7.07123],
			"to": [3.56, 16.09764, 11.58123],
			"rotation": {"angle": 0, "axis": "x", "origin": [2.377, 6.79764, 6.20123]},
			"faces": {
				"north": {"uv": [1, 3, 16, 15], "texture": "#5"},
				"east": {"uv": [1, 3, 16, 15], "texture": "#5"},
				"south": {"uv": [1, 3, 16, 15], "texture": "#5"},
				"west": {"uv": [1, 3, 16, 15], "texture": "#5"},
				"up": {"uv": [1, 3, 16, 15], "texture": "#5"},
				"down": {"uv": [1, 3, 16, 15], "texture": "#5"}
			}
		},
		{
			"from": [12.44, 12.99764, 7.07123],
			"to": [15.306, 16.09764, 11.58123],
			"rotation": {"angle": 0, "axis": "x", "origin": [13.623, 6.79764, 6.20123]},
			"faces": {
				"north": {"uv": [16, 3, 1, 15], "texture": "#5"},
				"east": {"uv": [16, 3, 1, 15], "texture": "#5"},
				"south": {"uv": [16, 3, 1, 15], "texture": "#5"},
				"west": {"uv": [16, 3, 1, 15], "texture": "#5"},
				"up": {"uv": [16, 3, 1, 15], "texture": "#5"},
				"down": {"uv": [16, 3, 1, 15], "texture": "#5"}
			}
		},
		{
			"from": [12.44, 4.49764, 5.07123],
			"to": [15.806, 13.09764, 11.58123],
			"rotation": {"angle": 0, "axis": "x", "origin": [13.623, 6.79764, 6.20123]},
			"faces": {
				"north": {"uv": [16, 3, 1, 15], "texture": "#5"},
				"east": {"uv": [16, 3, 1, 15], "texture": "#5"},
				"south": {"uv": [16, 3, 1, 15], "texture": "#5"},
				"west": {"uv": [16, 3, 1, 15], "texture": "#5"},
				"up": {"uv": [16, 3, 1, 15], "texture": "#5"},
				"down": {"uv": [16, 3, 1, 15], "texture": "#5"}
			}
		},
		{
			"from": [12.44, 3.079, -10.165],
			"to": [14.806, 9.679, 7.595],
			"rotation": {"angle": -45, "axis": "x", "origin": [12.81, 14.375, -1.065]},
			"faces": {
				"north": {"uv": [16, 3, 1, 15], "texture": "#5"},
				"east": {"uv": [15, 3, 1, 15], "texture": "#5"},
				"south": {"uv": [16, 3, 1, 15], "texture": "#5"},
				"west": {"uv": [16, 3, 1, 15], "texture": "#5"},
				"up": {"uv": [16, 3, 1, 15], "texture": "#5"},
				"down": {"uv": [16, 3, 1, 15], "texture": "#5"}
			}
		},
		{
			"from": [1.294, 13.99645, 9.48935],
			"to": [3.56, 18.19645, 13.49935],
			"rotation": {"angle": -22.5, "axis": "x", "origin": [8, 14.89645, 11.49435]},
			"faces": {
				"north": {"uv": [1, 3, 16, 15], "texture": "#5"},
				"east": {"uv": [1, 3, 16, 15], "texture": "#5"},
				"south": {"uv": [1, 3, 16, 15], "texture": "#5"},
				"west": {"uv": [1, 3, 16, 15], "texture": "#5"},
				"up": {"uv": [1, 3, 16, 15], "texture": "#5"},
				"down": {"uv": [1, 3, 16, 15], "texture": "#5"}
			}
		},
		{
			"from": [12.44, 13.99645, 9.48935],
			"to": [14.706, 18.19645, 13.49935],
			"rotation": {"angle": -22.5, "axis": "x", "origin": [8, 14.89645, 11.49435]},
			"faces": {
				"north": {"uv": [16, 3, 1, 15], "texture": "#5"},
				"east": {"uv": [16, 3, 1, 15], "texture": "#5"},
				"south": {"uv": [16, 3, 1, 15], "texture": "#5"},
				"west": {"uv": [16, 3, 1, 15], "texture": "#5"},
				"up": {"uv": [16, 3, 1, 15], "texture": "#5"},
				"down": {"uv": [16, 3, 1, 15], "texture": "#5"}
			}
		},
		{
			"from": [12.44, 6.679, -12.165],
			"to": [13.106, 13.117, 5.595],
			"rotation": {"angle": -45, "axis": "x", "origin": [12.81, 14.375, -1.065]},
			"faces": {
				"north": {"uv": [15, 3, 0, 15], "texture": "#8"},
				"east": {"uv": [15, 3, 0, 15], "texture": "#8"},
				"south": {"uv": [15, 3, 0, 15], "texture": "#8"},
				"west": {"uv": [15, 3, 0, 15], "texture": "#8"},
				"up": {"uv": [15, 3, 0, 15], "texture": "#8"},
				"down": {"uv": [15, 3, 0, 15], "texture": "#8"}
			}
		},
		{
			"from": [3.56, 15.855, 3.375],
			"to": [12.44, 18.075, 5.595],
			"rotation": {"angle": 0, "axis": "y", "origin": [2.08, 2.535, -0.325]},
			"faces": {
				"north": {"uv": [0, 4, 16, 11], "texture": "#11"},
				"east": {"uv": [0, 4, 16, 11], "texture": "#11"},
				"south": {"uv": [0, 4, 16, 11], "texture": "#11"},
				"west": {"uv": [0, 4, 16, 11], "texture": "#11"},
				"up": {"uv": [0, 4, 16, 11], "texture": "#11"},
				"down": {"uv": [0, 4, 16, 11], "texture": "#11"}
			}
		},
		{
			"from": [3.56, 13.635, 1.155],
			"to": [12.44, 15.855, 3.375],
			"rotation": {"angle": 0, "axis": "y", "origin": [2.08, 2.535, -0.325]},
			"faces": {
				"north": {"uv": [0, 4, 16, 11], "texture": "#11"},
				"east": {"uv": [0, 4, 16, 11], "texture": "#11"},
				"south": {"uv": [0, 4, 16, 11], "texture": "#11"},
				"west": {"uv": [0, 4, 16, 11], "texture": "#11"},
				"up": {"uv": [0, 4, 16, 11], "texture": "#11"},
				"down": {"uv": [0, 4, 16, 11], "texture": "#11"}
			}
		},
		{
			"from": [3.56, 9.195, -3.285],
			"to": [12.44, 11.415, -1.065],
			"rotation": {"angle": 0, "axis": "y", "origin": [2.08, 2.535, -0.325]},
			"faces": {
				"north": {"uv": [0, 4, 16, 11], "texture": "#11"},
				"east": {"uv": [0, 4, 16, 11], "texture": "#11"},
				"south": {"uv": [0, 4, 16, 11], "texture": "#11"},
				"west": {"uv": [0, 4, 16, 11], "texture": "#11"},
				"up": {"uv": [0, 4, 16, 11], "texture": "#11"},
				"down": {"uv": [0, 4, 16, 11], "texture": "#11"}
			}
		},
		{
			"from": [3.56, 11.415, -1.065],
			"to": [12.44, 13.635, 1.155],
			"rotation": {"angle": 0, "axis": "y", "origin": [2.08, 2.535, -0.325]},
			"faces": {
				"north": {"uv": [0, 4, 16, 11], "texture": "#11"},
				"east": {"uv": [0, 4, 16, 11], "texture": "#11"},
				"south": {"uv": [0, 4, 16, 11], "texture": "#11"},
				"west": {"uv": [0, 4, 16, 11], "texture": "#11"},
				"up": {"uv": [0, 4, 16, 11], "texture": "#11"},
				"down": {"uv": [0, 4, 16, 11], "texture": "#11"}
			}
		},
		{
			"from": [3.56, 4.755, -7.725],
			"to": [12.44, 6.975, -5.505],
			"rotation": {"angle": 0, "axis": "y", "origin": [2.08, 2.535, -0.325]},
			"faces": {
				"north": {"uv": [0, 4, 16, 11], "texture": "#11"},
				"east": {"uv": [0, 4, 16, 11], "texture": "#11"},
				"south": {"uv": [0, 4, 16, 11], "texture": "#11"},
				"west": {"uv": [0, 4, 16, 11], "texture": "#11"},
				"up": {"uv": [0, 4, 16, 11], "texture": "#11"},
				"down": {"uv": [0, 4, 16, 11], "texture": "#11"}
			}
		},
		{
			"from": [3.56, 2.313, -13.165],
			"to": [12.44, 4.833, -10.945],
			"rotation": {"angle": 0, "axis": "y", "origin": [2.08, 2.535, -0.325]},
			"faces": {
				"north": {"uv": [0, 4, 16, 11], "texture": "#11"},
				"east": {"uv": [0, 4, 16, 11], "texture": "#11"},
				"south": {"uv": [0, 4, 16, 11], "texture": "#11"},
				"west": {"uv": [0, 4, 16, 11], "texture": "#11"},
				"up": {"uv": [0, 4, 16, 11], "texture": "#11"},
				"down": {"uv": [0, 4, 16, 11], "texture": "#11"}
			}
		},
		{
			"from": [3.56, 1.813, -14.765],
			"to": [12.44, 4.033, -13.145],
			"rotation": {"angle": 0, "axis": "y", "origin": [2.08, 2.535, -0.325]},
			"faces": {
				"north": {"uv": [0, 4, 16, 11], "texture": "#9"},
				"east": {"uv": [0, 4, 16, 11], "texture": "#9"},
				"south": {"uv": [0, 4, 16, 11], "texture": "#9"},
				"west": {"uv": [0, 4, 16, 11], "texture": "#9"},
				"up": {"uv": [0, 4, 16, 11], "texture": "#9"},
				"down": {"uv": [0, 4, 16, 11], "texture": "#9"}
			}
		},
		{
			"from": [4.56, 2.813, -15.015],
			"to": [11.44, 3.533, -14.765],
			"rotation": {"angle": 0, "axis": "y", "origin": [2.08, 2.535, -0.325]},
			"faces": {
				"north": {"uv": [0, 4, 16, 11], "texture": "#10"},
				"east": {"uv": [0, 4, 16, 11], "texture": "#10"},
				"south": {"uv": [0, 4, 16, 11], "texture": "#10"},
				"west": {"uv": [0, 4, 16, 11], "texture": "#10"},
				"up": {"uv": [0, 4, 16, 11], "texture": "#10"},
				"down": {"uv": [0, 4, 16, 11], "texture": "#10"}
			}
		},
		{
			"from": [7.56, 2.813, -14.915],
			"to": [8.44, 3.783, -14.765],
			"rotation": {"angle": 0, "axis": "y", "origin": [2.08, 2.535, -0.325]},
			"faces": {
				"north": {"uv": [0, 4, 16, 11], "texture": "#10"},
				"east": {"uv": [0, 4, 16, 11], "texture": "#10"},
				"south": {"uv": [0, 4, 16, 11], "texture": "#10"},
				"west": {"uv": [0, 4, 16, 11], "texture": "#10"},
				"up": {"uv": [0, 4, 16, 11], "texture": "#10"},
				"down": {"uv": [0, 4, 16, 11], "texture": "#10"}
			}
		},
		{
			"from": [3.46, 0.213, -16],
			"to": [12.54, 2.433, -11.545],
			"rotation": {"angle": 0, "axis": "y", "origin": [2.08, 2.535, -0.325]},
			"faces": {
				"north": {"uv": [0, 4, 16, 11], "texture": "#9"},
				"east": {"uv": [0, 4, 16, 11], "texture": "#9"},
				"south": {"uv": [0, 4, 16, 11], "texture": "#9"},
				"west": {"uv": [0, 4, 16, 11], "texture": "#9"},
				"up": {"uv": [0, 4, 16, 11], "texture": "#9"},
				"down": {"uv": [0, 4, 16, 11], "texture": "#9"}
			}
		},
		{
			"from": [3.56, 6.975, -5.505],
			"to": [12.44, 9.195, -3.285],
			"rotation": {"angle": 0, "axis": "y", "origin": [2.08, 2.535, -0.325]},
			"faces": {
				"north": {"uv": [0, 4, 16, 11], "texture": "#11"},
				"east": {"uv": [0, 4, 16, 11], "texture": "#11"},
				"south": {"uv": [0, 4, 16, 11], "texture": "#11"},
				"west": {"uv": [0, 4, 16, 11], "texture": "#11"},
				"up": {"uv": [0, 4, 16, 11], "texture": "#11"},
				"down": {"uv": [0, 4, 16, 11], "texture": "#11"}
			}
		},
		{
			"name": "head",
			"from": [8.5416, 11.9022, 18.8416],
			"to": [11.0584, 14.419, 21.3584],
			"rotation": {"angle": -22.5, "axis": "y", "origin": [9.8, 9.7, 20.1]},
			"faces": {
				"north": {"uv": [6, 2, 8, 4], "texture": "#15"},
				"east": {"uv": [6, 2, 8, 4], "texture": "#15"},
				"south": {"uv": [6, 2, 8, 4], "texture": "#15"},
				"west": {"uv": [6, 2, 8, 4], "texture": "#15"},
				"up": {"uv": [6, 2, 8, 4], "texture": "#15"},
				"down": {"uv": [6, 2, 8, 4], "texture": "#15"}
			}
		},
		{
			"name": "head",
			"from": [8.7916, 13.2022, 21.3584],
			"to": [9.5584, 13.719, 21.4584],
			"rotation": {"angle": -22.5, "axis": "y", "origin": [9.8, 9.7, 20.1]},
			"faces": {
				"north": {"uv": [6, 2, 8, 4], "texture": "#8"},
				"east": {"uv": [6, 2, 8, 4], "texture": "#8"},
				"south": {"uv": [6, 2, 8, 4], "texture": "#8"},
				"west": {"uv": [6, 2, 8, 4], "texture": "#8"},
				"up": {"uv": [6, 2, 8, 4], "texture": "#8"},
				"down": {"uv": [6, 2, 8, 4], "texture": "#8"}
			}
		},
		{
			"name": "head",
			"from": [10.0916, 13.2022, 21.3584],
			"to": [10.8584, 13.719, 21.4584],
			"rotation": {"angle": -22.5, "axis": "y", "origin": [9.8, 9.7, 20.1]},
			"faces": {
				"north": {"uv": [6, 2, 8, 4], "texture": "#8"},
				"east": {"uv": [6, 2, 8, 4], "texture": "#8"},
				"south": {"uv": [6, 2, 8, 4], "texture": "#8"},
				"west": {"uv": [6, 2, 8, 4], "texture": "#8"},
				"up": {"uv": [6, 2, 8, 4], "texture": "#8"},
				"down": {"uv": [6, 2, 8, 4], "texture": "#8"}
			}
		},
		{
			"name": "head",
			"from": [10.2916, 13.4022, 21.4584],
			"to": [10.6584, 13.569, 21.5584],
			"rotation": {"angle": -22.5, "axis": "y", "origin": [9.8, 9.7, 20.1]},
			"faces": {
				"north": {"uv": [5, 0, 7, 2], "texture": "#14"},
				"east": {"uv": [5, 0, 7, 2], "texture": "#14"},
				"south": {"uv": [5, 0, 7, 2], "texture": "#14"},
				"west": {"uv": [5, 0, 7, 2], "texture": "#14"},
				"up": {"uv": [5, 0, 7, 2], "texture": "#14"},
				"down": {"uv": [5, 0, 7, 2], "texture": "#14"}
			}
		},
		{
			"name": "head",
			"from": [8.9916, 13.4022, 21.4584],
			"to": [9.3584, 13.569, 21.5584],
			"rotation": {"angle": -22.5, "axis": "y", "origin": [9.8, 9.7, 20.1]},
			"faces": {
				"north": {"uv": [5, 0, 7, 2], "texture": "#14"},
				"east": {"uv": [5, 0, 7, 2], "texture": "#14"},
				"south": {"uv": [5, 0, 7, 2], "texture": "#14"},
				"west": {"uv": [5, 0, 7, 2], "texture": "#14"},
				"up": {"uv": [5, 0, 7, 2], "texture": "#14"},
				"down": {"uv": [5, 0, 7, 2], "texture": "#14"}
			}
		},
		{
			"name": "body",
			"from": [8.5416, 8.127, 19.4708],
			"to": [11.0584, 11.9022, 20.7292],
			"rotation": {"angle": -22.5, "axis": "y", "origin": [9.8, 9.7, 20.1]},
			"faces": {
				"north": {"uv": [8, 5, 10, 8], "texture": "#15"},
				"east": {"uv": [8, 5, 10, 8], "texture": "#15"},
				"south": {"uv": [8, 5, 10, 8], "texture": "#15"},
				"west": {"uv": [8, 5, 10, 8], "texture": "#15"},
				"up": {"uv": [8, 5, 10, 8], "texture": "#15"},
				"down": {"uv": [8, 5, 10, 8], "texture": "#15"}
			}
		},
		{
			"name": "right_arm",
			"from": [11.0584, 10.127, 19.4708],
			"to": [12.0022, 11.9022, 20.7292],
			"rotation": {"angle": -22.5, "axis": "y", "origin": [9.8, 10.0146, 20.1]},
			"faces": {
				"north": {"uv": [12.75, 5, 13.5, 8], "texture": "#15"},
				"east": {"uv": [12.75, 5, 13.5, 8], "texture": "#15"},
				"south": {"uv": [12.75, 5, 13.5, 8], "texture": "#15"},
				"west": {"uv": [12.75, 5, 13.5, 8], "texture": "#15"},
				"up": {"uv": [12.75, 5, 13.5, 8], "texture": "#15"},
				"down": {"uv": [12.75, 5, 13.5, 8], "texture": "#15"}
			}
		},
		{
			"name": "left_arm",
			"from": [7.5978, 10.127, 19.4708],
			"to": [8.5416, 11.9022, 20.7292],
			"rotation": {"angle": -22.5, "axis": "y", "origin": [9.8, 10.0146, 20.1]},
			"faces": {
				"north": {"uv": [10.75, 13, 11.5, 16], "texture": "#15"},
				"east": {"uv": [10.75, 13, 11.5, 16], "texture": "#15"},
				"south": {"uv": [10.75, 13, 11.5, 16], "texture": "#15"},
				"west": {"uv": [10.75, 13, 11.5, 16], "texture": "#15"},
				"up": {"uv": [10.75, 13, 11.5, 16], "texture": "#15"},
				"down": {"uv": [10.75, 13, 11.5, 16], "texture": "#15"}
			}
		},
		{
			"name": "right_arm",
			"from": [10.3084, 9.177, 20.2208],
			"to": [11.2522, 10.1522, 21.4792],
			"rotation": {"angle": -22.5, "axis": "y", "origin": [9.8, 9.0146, 20.1]},
			"faces": {
				"north": {"uv": [12.75, 5, 13.5, 8], "texture": "#15"},
				"east": {"uv": [12.75, 5, 13.5, 8], "texture": "#15"},
				"south": {"uv": [12.75, 5, 13.5, 8], "texture": "#15"},
				"west": {"uv": [12.75, 5, 13.5, 8], "texture": "#15"},
				"up": {"uv": [12.75, 5, 13.5, 8], "texture": "#15"},
				"down": {"uv": [12.75, 5, 13.5, 8], "texture": "#15"}
			}
		},
		{
			"name": "right_arm",
			"from": [9.4084, 10.177, 20.2208],
			"to": [10.3522, 11.2522, 21.3792],
			"rotation": {"angle": -22.5, "axis": "y", "origin": [9.8, 9.0146, 20.1]},
			"faces": {
				"north": {"uv": [12.75, 5, 13.5, 8], "texture": "#15"},
				"east": {"uv": [12.75, 5, 13.5, 8], "texture": "#15"},
				"south": {"uv": [12.75, 5, 13.5, 8], "texture": "#15"},
				"west": {"uv": [12.75, 5, 13.5, 8], "texture": "#15"},
				"up": {"uv": [12.75, 5, 13.5, 8], "texture": "#15"},
				"down": {"uv": [12.75, 5, 13.5, 8], "texture": "#15"}
			}
		},
		{
			"name": "left_arm",
			"from": [8.3478, 9.177, 20.2208],
			"to": [9.2916, 10.1522, 21.4792],
			"rotation": {"angle": -22.5, "axis": "y", "origin": [9.8, 9.0146, 20.1]},
			"faces": {
				"north": {"uv": [10.75, 13, 11.5, 16], "texture": "#15"},
				"east": {"uv": [10.75, 13, 11.5, 16], "texture": "#15"},
				"south": {"uv": [10.75, 13, 11.5, 16], "texture": "#15"},
				"west": {"uv": [10.75, 13, 11.5, 16], "texture": "#15"},
				"up": {"uv": [10.75, 13, 11.5, 16], "texture": "#15"},
				"down": {"uv": [10.75, 13, 11.5, 16], "texture": "#15"}
			}
		},
		{
			"name": "left_arm",
			"from": [9.2478, 10.177, 20.2208],
			"to": [10.1916, 11.1522, 21.4792],
			"rotation": {"angle": -22.5, "axis": "y", "origin": [9.8, 9.0146, 20.1]},
			"faces": {
				"north": {"uv": [10.75, 13, 11.5, 16], "texture": "#15"},
				"east": {"uv": [10.75, 13, 11.5, 16], "texture": "#15"},
				"south": {"uv": [10.75, 13, 11.5, 16], "texture": "#15"},
				"west": {"uv": [10.75, 13, 11.5, 16], "texture": "#15"},
				"up": {"uv": [10.75, 13, 11.5, 16], "texture": "#15"},
				"down": {"uv": [10.75, 13, 11.5, 16], "texture": "#15"}
			}
		},
		{
			"name": "right_leg",
			"from": [8.5416, 4.3518, 19.4708],
			"to": [9.8, 8.127, 20.7292],
			"rotation": {"angle": -22.5, "axis": "y", "origin": [9.8, 9.7, 20.1]},
			"faces": {
				"north": {"uv": [7, 13, 8, 16], "texture": "#15"},
				"east": {"uv": [7, 13, 8, 16], "texture": "#15"},
				"south": {"uv": [7, 13, 8, 16], "texture": "#15"},
				"west": {"uv": [7, 13, 8, 16], "texture": "#15"},
				"up": {"uv": [7, 13, 8, 16], "texture": "#15"},
				"down": {"uv": [7, 13, 8, 16], "texture": "#15"}
			}
		},
		{
			"name": "left_leg",
			"from": [9.8, 4.3518, 19.4708],
			"to": [11.0584, 8.127, 20.7292],
			"rotation": {"angle": -22.5, "axis": "y", "origin": [9.8, 9.7, 20.1]},
			"faces": {
				"north": {"uv": [3, 5, 4, 8], "texture": "#15"},
				"east": {"uv": [3, 5, 4, 8], "texture": "#15"},
				"south": {"uv": [3, 5, 4, 8], "texture": "#15"},
				"west": {"uv": [3, 5, 4, 8], "texture": "#15"},
				"up": {"uv": [3, 5, 4, 8], "texture": "#15"},
				"down": {"uv": [3, 5, 4, 8], "texture": "#15"}
			}
		},
		{
			"from": [14.7, 1.08076, -2.91924],
			"to": [18.2, 2.08076, -1.91924],
			"rotation": {"angle": 0, "axis": "x", "origin": [16.45, 1.58076, -2.41924]},
			"faces": {
				"north": {"uv": [16, 0, 0, 16], "texture": "#23"},
				"east": {"uv": [16, 0, 0, 16], "texture": "#23"},
				"south": {"uv": [16, 0, 0, 16], "texture": "#23"},
				"west": {"uv": [16, 0, 0, 16], "texture": "#23"},
				"up": {"uv": [16, 0, 0, 16], "texture": "#23"},
				"down": {"uv": [16, 0, 0, 16], "texture": "#23"}
			}
		},
		{
			"from": [15.7, -1.3, -4],
			"to": [17.7, 3.7, 1],
			"rotation": {"angle": 45, "axis": "x", "origin": [16.7, 2.5, -1.5]},
			"faces": {
				"north": {"uv": [16, 0, 0, 16], "texture": "#22"},
				"east": {"uv": [16, 0, 0, 16], "texture": "#22"},
				"south": {"uv": [16, 0, 0, 16], "texture": "#22"},
				"west": {"uv": [16, 0, 0, 16], "texture": "#22"},
				"up": {"uv": [16, 0, 0, 16], "texture": "#22"},
				"down": {"uv": [16, 0, 0, 16], "texture": "#22"}
			}
		},
		{
			"from": [14.7, 1.08076, 5.08076],
			"to": [18.2, 2.08076, 6.08076],
			"rotation": {"angle": 0, "axis": "x", "origin": [16.45, 1.58076, 5.58076]},
			"faces": {
				"north": {"uv": [16, 0, 0, 16], "texture": "#23"},
				"east": {"uv": [16, 0, 0, 16], "texture": "#23"},
				"south": {"uv": [16, 0, 0, 16], "texture": "#23"},
				"west": {"uv": [16, 0, 0, 16], "texture": "#23"},
				"up": {"uv": [16, 0, 0, 16], "texture": "#23"},
				"down": {"uv": [16, 0, 0, 16], "texture": "#23"}
			}
		},
		{
			"from": [15.7, -1.3, 4],
			"to": [17.7, 3.7, 9],
			"rotation": {"angle": 45, "axis": "x", "origin": [16.7, 2.5, 6.5]},
			"faces": {
				"north": {"uv": [16, 0, 0, 16], "texture": "#22"},
				"east": {"uv": [16, 0, 0, 16], "texture": "#22"},
				"south": {"uv": [16, 0, 0, 16], "texture": "#22"},
				"west": {"uv": [16, 0, 0, 16], "texture": "#22"},
				"up": {"uv": [16, 0, 0, 16], "texture": "#22"},
				"down": {"uv": [16, 0, 0, 16], "texture": "#22"}
			}
		},
		{
			"from": [14.7, 1.08076, 13.08076],
			"to": [18.2, 2.08076, 14.08076],
			"rotation": {"angle": 0, "axis": "x", "origin": [16.45, 1.58076, 13.58076]},
			"faces": {
				"north": {"uv": [16, 0, 0, 16], "texture": "#23"},
				"east": {"uv": [16, 0, 0, 16], "texture": "#23"},
				"south": {"uv": [16, 0, 0, 16], "texture": "#23"},
				"west": {"uv": [16, 0, 0, 16], "texture": "#23"},
				"up": {"uv": [16, 0, 0, 16], "texture": "#23"},
				"down": {"uv": [16, 0, 0, 16], "texture": "#23"}
			}
		},
		{
			"from": [15.7, -1.3, 12],
			"to": [17.7, 3.7, 17],
			"rotation": {"angle": 45, "axis": "x", "origin": [16.7, 2.5, 14.5]},
			"faces": {
				"north": {"uv": [16, 0, 0, 16], "texture": "#22"},
				"east": {"uv": [16, 0, 0, 16], "texture": "#22"},
				"south": {"uv": [16, 0, 0, 16], "texture": "#22"},
				"west": {"uv": [16, 0, 0, 16], "texture": "#22"},
				"up": {"uv": [16, 0, 0, 16], "texture": "#22"},
				"down": {"uv": [16, 0, 0, 16], "texture": "#22"}
			}
		},
		{
			"from": [14.7, 1.08076, 21.08076],
			"to": [18.2, 2.08076, 22.08076],
			"rotation": {"angle": 0, "axis": "x", "origin": [16.45, 1.58076, 21.58076]},
			"faces": {
				"north": {"uv": [16, 0, 0, 16], "texture": "#23"},
				"east": {"uv": [16, 0, 0, 16], "texture": "#23"},
				"south": {"uv": [16, 0, 0, 16], "texture": "#23"},
				"west": {"uv": [16, 0, 0, 16], "texture": "#23"},
				"up": {"uv": [16, 0, 0, 16], "texture": "#23"},
				"down": {"uv": [16, 0, 0, 16], "texture": "#23"}
			}
		},
		{
			"from": [15.7, -1.3, 20],
			"to": [17.7, 3.7, 25],
			"rotation": {"angle": 45, "axis": "x", "origin": [16.7, 2.5, 22.5]},
			"faces": {
				"north": {"uv": [16, 0, 0, 16], "texture": "#22"},
				"east": {"uv": [16, 0, 0, 16], "texture": "#22"},
				"south": {"uv": [16, 0, 0, 16], "texture": "#22"},
				"west": {"uv": [16, 0, 0, 16], "texture": "#22"},
				"up": {"uv": [16, 0, 0, 16], "texture": "#22"},
				"down": {"uv": [16, 0, 0, 16], "texture": "#22"}
			}
		},
		{
			"from": [-2.2, 1.08076, 21.08076],
			"to": [1.3, 2.08076, 22.08076],
			"rotation": {"angle": 0, "axis": "x", "origin": [-0.45, 1.58076, 21.58076]},
			"faces": {
				"north": {"uv": [0, 0, 16, 16], "texture": "#23"},
				"east": {"uv": [0, 0, 16, 16], "texture": "#23"},
				"south": {"uv": [0, 0, 16, 16], "texture": "#23"},
				"west": {"uv": [0, 0, 16, 16], "texture": "#23"},
				"up": {"uv": [0, 0, 16, 16], "texture": "#23"},
				"down": {"uv": [0, 0, 16, 16], "texture": "#23"}
			}
		},
		{
			"from": [-1.7, -1.3, 20],
			"to": [0.3, 3.7, 25],
			"rotation": {"angle": 45, "axis": "x", "origin": [-0.7, 2.5, 22.5]},
			"faces": {
				"north": {"uv": [0, 0, 16, 16], "texture": "#22"},
				"east": {"uv": [0, 0, 16, 16], "texture": "#22"},
				"south": {"uv": [0, 0, 16, 16], "texture": "#22"},
				"west": {"uv": [0, 0, 16, 16], "texture": "#22"},
				"up": {"uv": [0, 0, 16, 16], "texture": "#22"},
				"down": {"uv": [0, 0, 16, 16], "texture": "#22"}
			}
		},
		{
			"from": [-1.7, -1.3, 12],
			"to": [0.3, 3.7, 17],
			"rotation": {"angle": 45, "axis": "x", "origin": [-0.7, 2.5, 14.5]},
			"faces": {
				"north": {"uv": [0, 0, 16, 16], "texture": "#22"},
				"east": {"uv": [0, 0, 16, 16], "texture": "#22"},
				"south": {"uv": [0, 0, 16, 16], "texture": "#22"},
				"west": {"uv": [0, 0, 16, 16], "texture": "#22"},
				"up": {"uv": [0, 0, 16, 16], "texture": "#22"},
				"down": {"uv": [0, 0, 16, 16], "texture": "#22"}
			}
		},
		{
			"from": [-2.2, 1.08076, 13.08076],
			"to": [1.3, 2.08076, 14.08076],
			"rotation": {"angle": 0, "axis": "x", "origin": [-0.45, 1.58076, 13.58076]},
			"faces": {
				"north": {"uv": [0, 0, 16, 16], "texture": "#23"},
				"east": {"uv": [0, 0, 16, 16], "texture": "#23"},
				"south": {"uv": [0, 0, 16, 16], "texture": "#23"},
				"west": {"uv": [0, 0, 16, 16], "texture": "#23"},
				"up": {"uv": [0, 0, 16, 16], "texture": "#23"},
				"down": {"uv": [0, 0, 16, 16], "texture": "#23"}
			}
		},
		{
			"from": [-1.7, -1.3, 4],
			"to": [0.3, 3.7, 9],
			"rotation": {"angle": 45, "axis": "x", "origin": [-0.7, 2.5, 6.5]},
			"faces": {
				"north": {"uv": [0, 0, 16, 16], "texture": "#22"},
				"east": {"uv": [0, 0, 16, 16], "texture": "#22"},
				"south": {"uv": [0, 0, 16, 16], "texture": "#22"},
				"west": {"uv": [0, 0, 16, 16], "texture": "#22"},
				"up": {"uv": [0, 0, 16, 16], "texture": "#22"},
				"down": {"uv": [0, 0, 16, 16], "texture": "#22"}
			}
		},
		{
			"from": [-2.2, 1.08076, 5.08076],
			"to": [1.3, 2.08076, 6.08076],
			"rotation": {"angle": 0, "axis": "x", "origin": [-0.45, 1.58076, 5.58076]},
			"faces": {
				"north": {"uv": [0, 0, 16, 16], "texture": "#23"},
				"east": {"uv": [0, 0, 16, 16], "texture": "#23"},
				"south": {"uv": [0, 0, 16, 16], "texture": "#23"},
				"west": {"uv": [0, 0, 16, 16], "texture": "#23"},
				"up": {"uv": [0, 0, 16, 16], "texture": "#23"},
				"down": {"uv": [0, 0, 16, 16], "texture": "#23"}
			}
		},
		{
			"from": [-2.2, 1.08076, -2.91924],
			"to": [1.3, 2.08076, -1.91924],
			"rotation": {"angle": 0, "axis": "x", "origin": [-0.45, 1.58076, -2.41924]},
			"faces": {
				"north": {"uv": [0, 0, 16, 16], "texture": "#23"},
				"east": {"uv": [0, 0, 16, 16], "texture": "#23"},
				"south": {"uv": [0, 0, 16, 16], "texture": "#23"},
				"west": {"uv": [0, 0, 16, 16], "texture": "#23"},
				"up": {"uv": [0, 0, 16, 16], "texture": "#23"},
				"down": {"uv": [0, 0, 16, 16], "texture": "#23"}
			}
		},
		{
			"from": [-1.7, -1.3, -4],
			"to": [0.3, 3.7, 1],
			"rotation": {"angle": 45, "axis": "x", "origin": [-0.7, 2.5, -1.5]},
			"faces": {
				"north": {"uv": [0, 0, 16, 16], "texture": "#22"},
				"east": {"uv": [0, 0, 16, 16], "texture": "#22"},
				"south": {"uv": [0, 0, 16, 16], "texture": "#22"},
				"west": {"uv": [0, 0, 16, 16], "texture": "#22"},
				"up": {"uv": [0, 0, 16, 16], "texture": "#22"},
				"down": {"uv": [0, 0, 16, 16], "texture": "#22"}
			}
		}
	],
	"display": {
		"thirdperson_righthand": {
			"scale": [3, 3, 3]
		}
	},
	"groups": [
		0,
		1,
		2,
		3,
		4,
		5,
		6,
		7,
		8,
		9,
		10,
		11,
		12,
		13,
		14,
		15,
		16,
		17,
		18,
		19,
		20,
		21,
		22,
		23,
		24,
		25,
		26,
		27,
		28,
		29,
		30,
		31,
		32,
		33,
		34,
		35,
		36,
		37,
		38,
		39,
		40,
		41,
		42,
		43,
		44,
		45,
		46,
		47,
		48,
		49,
		50,
		51,
		52,
		53,
		54,
		55,
		56,
		57,
		58,
		59,
		60,
		61,
		62,
		63,
		64,
		65,
		66,
		67,
		68,
		69,
		70,
		71,
		72,
		73,
		74,
		75,
		76,
		77,
		78,
		79,
		80,
		81,
		82,
		83,
		84,
		85,
		86,
		87,
		88,
		89,
		90,
		91,
		92,
		93,
		94,
		95,
		96,
		97,
		98,
		99,
		100,
		101,
		102,
		103,
		104,
		105,
		106,
		107,
		108,
		109,
		110,
		111,
		112,
		113,
		114,
		115,
		116,
		117,
		118,
		119,
		120,
		121,
		122,
		123,
		124,
		125,
		126,
		127,
		128,
		129,
		130,
		131,
		132,
		133,
		134,
		135,
		136,
		137,
		138,
		139,
		140,
		141,
		142,
		143,
		144,
		145,
		146,
		147,
		148,
		149,
		150,
		151,
		{
			"name": "alex",
			"origin": [8, 8, 8],
			"color": 0,
			"nbt": "{}",
			"armAnimationEnabled": false,
			"children": [152, 153, 154, 155, 156, 157, 158, 159, 160, 161, 162, 163, 164, 165]
		},
		166,
		167,
		168,
		169,
		170,
		171,
		172,
		173,
		174,
		175,
		176,
		177,
		178,
		179,
		180,
		181
	]
}