{
	"credit": "Made with Blockbench",
	"textures": {
		"0": "item/adventcalendar_icon",
		"particle": "item/adventcalendar_icon"
	},
	"elements": [
		{
			"name": "adventcalendar_icon_0",
			"from": [4.16, 0.32, 0],
			"to": [4.48, 15.36, 0.32],
			"faces": {
				"north": {"uv": [4.48, 0.64, 4.16, 15.68], "texture": "#0"},
				"east": {"uv": [4.16, 0.64, 4.48, 15.68], "texture": "#0"},
				"south": {"uv": [4.16, 0.64, 4.48, 15.68], "texture": "#0"},
				"west": {"uv": [4.16, 0.64, 4.48, 15.68], "texture": "#0"},
				"up": {"uv": [4.16, 0.64, 4.48, 0.96], "texture": "#0"},
				"down": {"uv": [4.16, 15.36, 4.48, 15.68], "texture": "#0"}
			}
		},
		{
			"name": "adventcalendar_icon_1",
			"from": [4.48, 0.32, 0],
			"to": [4.8, 15.36, 0.32],
			"faces": {
				"north": {"uv": [4.8, 0.64, 4.48, 15.68], "texture": "#0"},
				"east": {"uv": [4.48, 0.64, 4.8, 15.68], "texture": "#0"},
				"south": {"uv": [4.48, 0.64, 4.8, 15.68], "texture": "#0"},
				"west": {"uv": [4.48, 0.64, 4.8, 15.68], "texture": "#0"},
				"up": {"uv": [4.48, 0.64, 4.8, 0.96], "texture": "#0"},
				"down": {"uv": [4.48, 15.36, 4.8, 15.68], "texture": "#0"}
			}
		},
		{
			"name": "adventcalendar_icon_2",
			"from": [4.8, 0.32, 0],
			"to": [5.12, 15.36, 0.32],
			"faces": {
				"north": {"uv": [5.12, 0.64, 4.8, 15.68], "texture": "#0"},
				"east": {"uv": [4.8, 0.64, 5.12, 15.68], "texture": "#0"},
				"south": {"uv": [4.8, 0.64, 5.12, 15.68], "texture": "#0"},
				"west": {"uv": [4.8, 0.64, 5.12, 15.68], "texture": "#0"},
				"up": {"uv": [4.8, 0.64, 5.12, 0.96], "texture": "#0"},
				"down": {"uv": [4.8, 15.36, 5.12, 15.68], "texture": "#0"}
			}
		},
		{
			"name": "adventcalendar_icon_3",
			"from": [5.12, 0.32, 0],
			"to": [5.44, 15.36, 0.32],
			"faces": {
				"north": {"uv": [5.44, 0.64, 5.12, 15.68], "texture": "#0"},
				"east": {"uv": [5.12, 0.64, 5.44, 15.68], "texture": "#0"},
				"south": {"uv": [5.12, 0.64, 5.44, 15.68], "texture": "#0"},
				"west": {"uv": [5.12, 0.64, 5.44, 15.68], "texture": "#0"},
				"up": {"uv": [5.12, 0.64, 5.44, 0.96], "texture": "#0"},
				"down": {"uv": [5.12, 15.36, 5.44, 15.68], "texture": "#0"}
			}
		},
		{
			"name": "adventcalendar_icon_4",
			"from": [10.56, 0.32, 0],
			"to": [10.88, 15.36, 0.32],
			"faces": {
				"north": {"uv": [10.88, 0.64, 10.56, 15.68], "texture": "#0"},
				"east": {"uv": [10.56, 0.64, 10.88, 15.68], "texture": "#0"},
				"south": {"uv": [10.56, 0.64, 10.88, 15.68], "texture": "#0"},
				"west": {"uv": [10.56, 0.64, 10.88, 15.68], "texture": "#0"},
				"up": {"uv": [10.56, 0.64, 10.88, 0.96], "texture": "#0"},
				"down": {"uv": [10.56, 15.36, 10.88, 15.68], "texture": "#0"}
			}
		},
		{
			"name": "adventcalendar_icon_5",
			"from": [10.88, 0.32, 0],
			"to": [11.2, 15.36, 0.32],
			"faces": {
				"north": {"uv": [11.2, 0.64, 10.88, 15.68], "texture": "#0"},
				"east": {"uv": [10.88, 0.64, 11.2, 15.68], "texture": "#0"},
				"south": {"uv": [10.88, 0.64, 11.2, 15.68], "texture": "#0"},
				"west": {"uv": [10.88, 0.64, 11.2, 15.68], "texture": "#0"},
				"up": {"uv": [10.88, 0.64, 11.2, 0.96], "texture": "#0"},
				"down": {"uv": [10.88, 15.36, 11.2, 15.68], "texture": "#0"}
			}
		},
		{
			"name": "adventcalendar_icon_6",
			"from": [11.2, 0.32, 0],
			"to": [11.52, 15.36, 0.32],
			"faces": {
				"north": {"uv": [11.52, 0.64, 11.2, 15.68], "texture": "#0"},
				"east": {"uv": [11.2, 0.64, 11.52, 15.68], "texture": "#0"},
				"south": {"uv": [11.2, 0.64, 11.52, 15.68], "texture": "#0"},
				"west": {"uv": [11.2, 0.64, 11.52, 15.68], "texture": "#0"},
				"up": {"uv": [11.2, 0.64, 11.52, 0.96], "texture": "#0"},
				"down": {"uv": [11.2, 15.36, 11.52, 15.68], "texture": "#0"}
			}
		},
		{
			"name": "adventcalendar_icon_7",
			"from": [11.52, 0.32, 0],
			"to": [11.84, 15.36, 0.32],
			"faces": {
				"north": {"uv": [11.84, 0.64, 11.52, 15.68], "texture": "#0"},
				"east": {"uv": [11.52, 0.64, 11.84, 15.68], "texture": "#0"},
				"south": {"uv": [11.52, 0.64, 11.84, 15.68], "texture": "#0"},
				"west": {"uv": [11.52, 0.64, 11.84, 15.68], "texture": "#0"},
				"up": {"uv": [11.52, 0.64, 11.84, 0.96], "texture": "#0"},
				"down": {"uv": [11.52, 15.36, 11.84, 15.68], "texture": "#0"}
			}
		},
		{
			"name": "adventcalendar_icon_8",
			"from": [5.44, 0.32, 0],
			"to": [5.76, 15.04, 0.32],
			"faces": {
				"north": {"uv": [5.76, 0.96, 5.44, 15.68], "texture": "#0"},
				"east": {"uv": [5.44, 0.96, 5.76, 15.68], "texture": "#0"},
				"south": {"uv": [5.44, 0.96, 5.76, 15.68], "texture": "#0"},
				"west": {"uv": [5.44, 0.96, 5.76, 15.68], "texture": "#0"},
				"up": {"uv": [5.44, 0.96, 5.76, 1.28], "texture": "#0"},
				"down": {"uv": [5.44, 15.36, 5.76, 15.68], "texture": "#0"}
			}
		},
		{
			"name": "adventcalendar_icon_9",
			"from": [11.84, 0.32, 0],
			"to": [12.16, 15.04, 0.32],
			"faces": {
				"north": {"uv": [12.16, 0.96, 11.84, 15.68], "texture": "#0"},
				"east": {"uv": [11.84, 0.96, 12.16, 15.68], "texture": "#0"},
				"south": {"uv": [11.84, 0.96, 12.16, 15.68], "texture": "#0"},
				"west": {"uv": [11.84, 0.96, 12.16, 15.68], "texture": "#0"},
				"up": {"uv": [11.84, 0.96, 12.16, 1.28], "texture": "#0"},
				"down": {"uv": [11.84, 15.36, 12.16, 15.68], "texture": "#0"}
			}
		},
		{
			"name": "adventcalendar_icon_10",
			"from": [3.84, 0.32, 0],
			"to": [4.16, 14.72, 0.32],
			"faces": {
				"north": {"uv": [4.16, 1.28, 3.84, 15.68], "texture": "#0"},
				"east": {"uv": [3.84, 1.28, 4.16, 15.68], "texture": "#0"},
				"south": {"uv": [3.84, 1.28, 4.16, 15.68], "texture": "#0"},
				"west": {"uv": [3.84, 1.28, 4.16, 15.68], "texture": "#0"},
				"up": {"uv": [3.84, 1.28, 4.16, 1.6], "texture": "#0"},
				"down": {"uv": [3.84, 15.36, 4.16, 15.68], "texture": "#0"}
			}
		},
		{
			"name": "adventcalendar_icon_11",
			"from": [1.28, 0.64, 0],
			"to": [1.6, 14.08, 0.32],
			"faces": {
				"north": {"uv": [1.6, 1.92, 1.28, 15.36], "texture": "#0"},
				"east": {"uv": [1.28, 1.92, 1.6, 15.36], "texture": "#0"},
				"south": {"uv": [1.28, 1.92, 1.6, 15.36], "texture": "#0"},
				"west": {"uv": [1.28, 1.92, 1.6, 15.36], "texture": "#0"},
				"up": {"uv": [1.28, 1.92, 1.6, 2.24], "texture": "#0"},
				"down": {"uv": [1.28, 15.04, 1.6, 15.36], "texture": "#0"}
			}
		},
		{
			"name": "adventcalendar_icon_12",
			"from": [1.6, 0.32, 0],
			"to": [1.92, 14.08, 0.32],
			"faces": {
				"north": {"uv": [1.92, 1.92, 1.6, 15.68], "texture": "#0"},
				"east": {"uv": [1.6, 1.92, 1.92, 15.68], "texture": "#0"},
				"south": {"uv": [1.6, 1.92, 1.92, 15.68], "texture": "#0"},
				"west": {"uv": [1.6, 1.92, 1.92, 15.68], "texture": "#0"},
				"up": {"uv": [1.6, 1.92, 1.92, 2.24], "texture": "#0"},
				"down": {"uv": [1.6, 15.36, 1.92, 15.68], "texture": "#0"}
			}
		},
		{
			"name": "adventcalendar_icon_13",
			"from": [1.92, 0.32, 0],
			"to": [2.24, 14.08, 0.32],
			"faces": {
				"north": {"uv": [2.24, 1.92, 1.92, 15.68], "texture": "#0"},
				"east": {"uv": [1.92, 1.92, 2.24, 15.68], "texture": "#0"},
				"south": {"uv": [1.92, 1.92, 2.24, 15.68], "texture": "#0"},
				"west": {"uv": [1.92, 1.92, 2.24, 15.68], "texture": "#0"},
				"up": {"uv": [1.92, 1.92, 2.24, 2.24], "texture": "#0"},
				"down": {"uv": [1.92, 15.36, 2.24, 15.68], "texture": "#0"}
			}
		},
		{
			"name": "adventcalendar_icon_14",
			"from": [2.24, 0.32, 0],
			"to": [2.56, 14.08, 0.32],
			"faces": {
				"north": {"uv": [2.56, 1.92, 2.24, 15.68], "texture": "#0"},
				"east": {"uv": [2.24, 1.92, 2.56, 15.68], "texture": "#0"},
				"south": {"uv": [2.24, 1.92, 2.56, 15.68], "texture": "#0"},
				"west": {"uv": [2.24, 1.92, 2.56, 15.68], "texture": "#0"},
				"up": {"uv": [2.24, 1.92, 2.56, 2.24], "texture": "#0"},
				"down": {"uv": [2.24, 15.36, 2.56, 15.68], "texture": "#0"}
			}
		},
		{
			"name": "adventcalendar_icon_15",
			"from": [2.56, 0.32, 0],
			"to": [2.88, 14.08, 0.32],
			"faces": {
				"north": {"uv": [2.88, 1.92, 2.56, 15.68], "texture": "#0"},
				"east": {"uv": [2.56, 1.92, 2.88, 15.68], "texture": "#0"},
				"south": {"uv": [2.56, 1.92, 2.88, 15.68], "texture": "#0"},
				"west": {"uv": [2.56, 1.92, 2.88, 15.68], "texture": "#0"},
				"up": {"uv": [2.56, 1.92, 2.88, 2.24], "texture": "#0"},
				"down": {"uv": [2.56, 15.36, 2.88, 15.68], "texture": "#0"}
			}
		},
		{
			"name": "adventcalendar_icon_16",
			"from": [2.88, 0.32, 0],
			"to": [3.2, 14.08, 0.32],
			"faces": {
				"north": {"uv": [3.2, 1.92, 2.88, 15.68], "texture": "#0"},
				"east": {"uv": [2.88, 1.92, 3.2, 15.68], "texture": "#0"},
				"south": {"uv": [2.88, 1.92, 3.2, 15.68], "texture": "#0"},
				"west": {"uv": [2.88, 1.92, 3.2, 15.68], "texture": "#0"},
				"up": {"uv": [2.88, 1.92, 3.2, 2.24], "texture": "#0"},
				"down": {"uv": [2.88, 15.36, 3.2, 15.68], "texture": "#0"}
			}
		},
		{
			"name": "adventcalendar_icon_17",
			"from": [3.2, 0.32, 0],
			"to": [3.52, 14.08, 0.32],
			"faces": {
				"north": {"uv": [3.52, 1.92, 3.2, 15.68], "texture": "#0"},
				"east": {"uv": [3.2, 1.92, 3.52, 15.68], "texture": "#0"},
				"south": {"uv": [3.2, 1.92, 3.52, 15.68], "texture": "#0"},
				"west": {"uv": [3.2, 1.92, 3.52, 15.68], "texture": "#0"},
				"up": {"uv": [3.2, 1.92, 3.52, 2.24], "texture": "#0"},
				"down": {"uv": [3.2, 15.36, 3.52, 15.68], "texture": "#0"}
			}
		},
		{
			"name": "adventcalendar_icon_18",
			"from": [3.52, 0.32, 0],
			"to": [3.84, 14.08, 0.32],
			"faces": {
				"north": {"uv": [3.84, 1.92, 3.52, 15.68], "texture": "#0"},
				"east": {"uv": [3.52, 1.92, 3.84, 15.68], "texture": "#0"},
				"south": {"uv": [3.52, 1.92, 3.84, 15.68], "texture": "#0"},
				"west": {"uv": [3.52, 1.92, 3.84, 15.68], "texture": "#0"},
				"up": {"uv": [3.52, 1.92, 3.84, 2.24], "texture": "#0"},
				"down": {"uv": [3.52, 15.36, 3.84, 15.68], "texture": "#0"}
			}
		},
		{
			"name": "adventcalendar_icon_19",
			"from": [5.76, 0.32, 0],
			"to": [6.08, 14.08, 0.32],
			"faces": {
				"north": {"uv": [6.08, 1.92, 5.76, 15.68], "texture": "#0"},
				"east": {"uv": [5.76, 1.92, 6.08, 15.68], "texture": "#0"},
				"south": {"uv": [5.76, 1.92, 6.08, 15.68], "texture": "#0"},
				"west": {"uv": [5.76, 1.92, 6.08, 15.68], "texture": "#0"},
				"up": {"uv": [5.76, 1.92, 6.08, 2.24], "texture": "#0"},
				"down": {"uv": [5.76, 15.36, 6.08, 15.68], "texture": "#0"}
			}
		},
		{
			"name": "adventcalendar_icon_20",
			"from": [6.08, 0.32, 0],
			"to": [6.4, 14.08, 0.32],
			"faces": {
				"north": {"uv": [6.4, 1.92, 6.08, 15.68], "texture": "#0"},
				"east": {"uv": [6.08, 1.92, 6.4, 15.68], "texture": "#0"},
				"south": {"uv": [6.08, 1.92, 6.4, 15.68], "texture": "#0"},
				"west": {"uv": [6.08, 1.92, 6.4, 15.68], "texture": "#0"},
				"up": {"uv": [6.08, 1.92, 6.4, 2.24], "texture": "#0"},
				"down": {"uv": [6.08, 15.36, 6.4, 15.68], "texture": "#0"}
			}
		},
		{
			"name": "adventcalendar_icon_21",
			"from": [6.4, 0.32, 0],
			"to": [6.72, 14.08, 0.32],
			"faces": {
				"north": {"uv": [6.72, 1.92, 6.4, 15.68], "texture": "#0"},
				"east": {"uv": [6.4, 1.92, 6.72, 15.68], "texture": "#0"},
				"south": {"uv": [6.4, 1.92, 6.72, 15.68], "texture": "#0"},
				"west": {"uv": [6.4, 1.92, 6.72, 15.68], "texture": "#0"},
				"up": {"uv": [6.4, 1.92, 6.72, 2.24], "texture": "#0"},
				"down": {"uv": [6.4, 15.36, 6.72, 15.68], "texture": "#0"}
			}
		},
		{
			"name": "adventcalendar_icon_22",
			"from": [6.72, 0.32, 0],
			"to": [7.04, 14.08, 0.32],
			"faces": {
				"north": {"uv": [7.04, 1.92, 6.72, 15.68], "texture": "#0"},
				"east": {"uv": [6.72, 1.92, 7.04, 15.68], "texture": "#0"},
				"south": {"uv": [6.72, 1.92, 7.04, 15.68], "texture": "#0"},
				"west": {"uv": [6.72, 1.92, 7.04, 15.68], "texture": "#0"},
				"up": {"uv": [6.72, 1.92, 7.04, 2.24], "texture": "#0"},
				"down": {"uv": [6.72, 15.36, 7.04, 15.68], "texture": "#0"}
			}
		},
		{
			"name": "adventcalendar_icon_23",
			"from": [7.04, 0.32, 0],
			"to": [7.36, 14.08, 0.32],
			"faces": {
				"north": {"uv": [7.36, 1.92, 7.04, 15.68], "texture": "#0"},
				"east": {"uv": [7.04, 1.92, 7.36, 15.68], "texture": "#0"},
				"south": {"uv": [7.04, 1.92, 7.36, 15.68], "texture": "#0"},
				"west": {"uv": [7.04, 1.92, 7.36, 15.68], "texture": "#0"},
				"up": {"uv": [7.04, 1.92, 7.36, 2.24], "texture": "#0"},
				"down": {"uv": [7.04, 15.36, 7.36, 15.68], "texture": "#0"}
			}
		},
		{
			"name": "adventcalendar_icon_24",
			"from": [7.36, 0.32, 0],
			"to": [7.68, 14.08, 0.32],
			"faces": {
				"north": {"uv": [7.68, 1.92, 7.36, 15.68], "texture": "#0"},
				"east": {"uv": [7.36, 1.92, 7.68, 15.68], "texture": "#0"},
				"south": {"uv": [7.36, 1.92, 7.68, 15.68], "texture": "#0"},
				"west": {"uv": [7.36, 1.92, 7.68, 15.68], "texture": "#0"},
				"up": {"uv": [7.36, 1.92, 7.68, 2.24], "texture": "#0"},
				"down": {"uv": [7.36, 15.36, 7.68, 15.68], "texture": "#0"}
			}
		},
		{
			"name": "adventcalendar_icon_25",
			"from": [7.68, 0.32, 0],
			"to": [8, 14.08, 0.32],
			"faces": {
				"north": {"uv": [8, 1.92, 7.68, 15.68], "texture": "#0"},
				"east": {"uv": [7.68, 1.92, 8, 15.68], "texture": "#0"},
				"south": {"uv": [7.68, 1.92, 8, 15.68], "texture": "#0"},
				"west": {"uv": [7.68, 1.92, 8, 15.68], "texture": "#0"},
				"up": {"uv": [7.68, 1.92, 8, 2.24], "texture": "#0"},
				"down": {"uv": [7.68, 15.36, 8, 15.68], "texture": "#0"}
			}
		},
		{
			"name": "adventcalendar_icon_26",
			"from": [8, 0.32, 0],
			"to": [8.32, 14.08, 0.32],
			"faces": {
				"north": {"uv": [8.32, 1.92, 8, 15.68], "texture": "#0"},
				"east": {"uv": [8, 1.92, 8.32, 15.68], "texture": "#0"},
				"south": {"uv": [8, 1.92, 8.32, 15.68], "texture": "#0"},
				"west": {"uv": [8, 1.92, 8.32, 15.68], "texture": "#0"},
				"up": {"uv": [8, 1.92, 8.32, 2.24], "texture": "#0"},
				"down": {"uv": [8, 15.36, 8.32, 15.68], "texture": "#0"}
			}
		},
		{
			"name": "adventcalendar_icon_27",
			"from": [8.32, 0.32, 0],
			"to": [8.64, 14.08, 0.32],
			"faces": {
				"north": {"uv": [8.64, 1.92, 8.32, 15.68], "texture": "#0"},
				"east": {"uv": [8.32, 1.92, 8.64, 15.68], "texture": "#0"},
				"south": {"uv": [8.32, 1.92, 8.64, 15.68], "texture": "#0"},
				"west": {"uv": [8.32, 1.92, 8.64, 15.68], "texture": "#0"},
				"up": {"uv": [8.32, 1.92, 8.64, 2.24], "texture": "#0"},
				"down": {"uv": [8.32, 15.36, 8.64, 15.68], "texture": "#0"}
			}
		},
		{
			"name": "adventcalendar_icon_28",
			"from": [8.64, 0.32, 0],
			"to": [8.96, 14.08, 0.32],
			"faces": {
				"north": {"uv": [8.96, 1.92, 8.64, 15.68], "texture": "#0"},
				"east": {"uv": [8.64, 1.92, 8.96, 15.68], "texture": "#0"},
				"south": {"uv": [8.64, 1.92, 8.96, 15.68], "texture": "#0"},
				"west": {"uv": [8.64, 1.92, 8.96, 15.68], "texture": "#0"},
				"up": {"uv": [8.64, 1.92, 8.96, 2.24], "texture": "#0"},
				"down": {"uv": [8.64, 15.36, 8.96, 15.68], "texture": "#0"}
			}
		},
		{
			"name": "adventcalendar_icon_29",
			"from": [8.96, 0.32, 0],
			"to": [9.28, 14.08, 0.32],
			"faces": {
				"north": {"uv": [9.28, 1.92, 8.96, 15.68], "texture": "#0"},
				"east": {"uv": [8.96, 1.92, 9.28, 15.68], "texture": "#0"},
				"south": {"uv": [8.96, 1.92, 9.28, 15.68], "texture": "#0"},
				"west": {"uv": [8.96, 1.92, 9.28, 15.68], "texture": "#0"},
				"up": {"uv": [8.96, 1.92, 9.28, 2.24], "texture": "#0"},
				"down": {"uv": [8.96, 15.36, 9.28, 15.68], "texture": "#0"}
			}
		},
		{
			"name": "adventcalendar_icon_30",
			"from": [9.28, 0.32, 0],
			"to": [9.6, 14.08, 0.32],
			"faces": {
				"north": {"uv": [9.6, 1.92, 9.28, 15.68], "texture": "#0"},
				"east": {"uv": [9.28, 1.92, 9.6, 15.68], "texture": "#0"},
				"south": {"uv": [9.28, 1.92, 9.6, 15.68], "texture": "#0"},
				"west": {"uv": [9.28, 1.92, 9.6, 15.68], "texture": "#0"},
				"up": {"uv": [9.28, 1.92, 9.6, 2.24], "texture": "#0"},
				"down": {"uv": [9.28, 15.36, 9.6, 15.68], "texture": "#0"}
			}
		},
		{
			"name": "adventcalendar_icon_31",
			"from": [9.6, 0.32, 0],
			"to": [9.92, 14.08, 0.32],
			"faces": {
				"north": {"uv": [9.92, 1.92, 9.6, 15.68], "texture": "#0"},
				"east": {"uv": [9.6, 1.92, 9.92, 15.68], "texture": "#0"},
				"south": {"uv": [9.6, 1.92, 9.92, 15.68], "texture": "#0"},
				"west": {"uv": [9.6, 1.92, 9.92, 15.68], "texture": "#0"},
				"up": {"uv": [9.6, 1.92, 9.92, 2.24], "texture": "#0"},
				"down": {"uv": [9.6, 15.36, 9.92, 15.68], "texture": "#0"}
			}
		},
		{
			"name": "adventcalendar_icon_32",
			"from": [9.92, 0.32, 0],
			"to": [10.24, 14.08, 0.32],
			"faces": {
				"north": {"uv": [10.24, 1.92, 9.92, 15.68], "texture": "#0"},
				"east": {"uv": [9.92, 1.92, 10.24, 15.68], "texture": "#0"},
				"south": {"uv": [9.92, 1.92, 10.24, 15.68], "texture": "#0"},
				"west": {"uv": [9.92, 1.92, 10.24, 15.68], "texture": "#0"},
				"up": {"uv": [9.92, 1.92, 10.24, 2.24], "texture": "#0"},
				"down": {"uv": [9.92, 15.36, 10.24, 15.68], "texture": "#0"}
			}
		},
		{
			"name": "adventcalendar_icon_33",
			"from": [10.24, 0.32, 0],
			"to": [10.56, 14.08, 0.32],
			"faces": {
				"north": {"uv": [10.56, 1.92, 10.24, 15.68], "texture": "#0"},
				"east": {"uv": [10.24, 1.92, 10.56, 15.68], "texture": "#0"},
				"south": {"uv": [10.24, 1.92, 10.56, 15.68], "texture": "#0"},
				"west": {"uv": [10.24, 1.92, 10.56, 15.68], "texture": "#0"},
				"up": {"uv": [10.24, 1.92, 10.56, 2.24], "texture": "#0"},
				"down": {"uv": [10.24, 15.36, 10.56, 15.68], "texture": "#0"}
			}
		},
		{
			"name": "adventcalendar_icon_34",
			"from": [12.16, 0.32, 0],
			"to": [12.48, 14.08, 0.32],
			"faces": {
				"north": {"uv": [12.48, 1.92, 12.16, 15.68], "texture": "#0"},
				"east": {"uv": [12.16, 1.92, 12.48, 15.68], "texture": "#0"},
				"south": {"uv": [12.16, 1.92, 12.48, 15.68], "texture": "#0"},
				"west": {"uv": [12.16, 1.92, 12.48, 15.68], "texture": "#0"},
				"up": {"uv": [12.16, 1.92, 12.48, 2.24], "texture": "#0"},
				"down": {"uv": [12.16, 15.36, 12.48, 15.68], "texture": "#0"}
			}
		},
		{
			"name": "adventcalendar_icon_35",
			"from": [12.48, 0.32, 0],
			"to": [12.8, 14.08, 0.32],
			"faces": {
				"north": {"uv": [12.8, 1.92, 12.48, 15.68], "texture": "#0"},
				"east": {"uv": [12.48, 1.92, 12.8, 15.68], "texture": "#0"},
				"south": {"uv": [12.48, 1.92, 12.8, 15.68], "texture": "#0"},
				"west": {"uv": [12.48, 1.92, 12.8, 15.68], "texture": "#0"},
				"up": {"uv": [12.48, 1.92, 12.8, 2.24], "texture": "#0"},
				"down": {"uv": [12.48, 15.36, 12.8, 15.68], "texture": "#0"}
			}
		},
		{
			"name": "adventcalendar_icon_36",
			"from": [12.8, 0.32, 0],
			"to": [13.12, 14.08, 0.32],
			"faces": {
				"north": {"uv": [13.12, 1.92, 12.8, 15.68], "texture": "#0"},
				"east": {"uv": [12.8, 1.92, 13.12, 15.68], "texture": "#0"},
				"south": {"uv": [12.8, 1.92, 13.12, 15.68], "texture": "#0"},
				"west": {"uv": [12.8, 1.92, 13.12, 15.68], "texture": "#0"},
				"up": {"uv": [12.8, 1.92, 13.12, 2.24], "texture": "#0"},
				"down": {"uv": [12.8, 15.36, 13.12, 15.68], "texture": "#0"}
			}
		},
		{
			"name": "adventcalendar_icon_37",
			"from": [13.12, 0.32, 0],
			"to": [13.44, 14.08, 0.32],
			"faces": {
				"north": {"uv": [13.44, 1.92, 13.12, 15.68], "texture": "#0"},
				"east": {"uv": [13.12, 1.92, 13.44, 15.68], "texture": "#0"},
				"south": {"uv": [13.12, 1.92, 13.44, 15.68], "texture": "#0"},
				"west": {"uv": [13.12, 1.92, 13.44, 15.68], "texture": "#0"},
				"up": {"uv": [13.12, 1.92, 13.44, 2.24], "texture": "#0"},
				"down": {"uv": [13.12, 15.36, 13.44, 15.68], "texture": "#0"}
			}
		},
		{
			"name": "adventcalendar_icon_38",
			"from": [13.44, 0.32, 0],
			"to": [13.76, 14.08, 0.32],
			"faces": {
				"north": {"uv": [13.76, 1.92, 13.44, 15.68], "texture": "#0"},
				"east": {"uv": [13.44, 1.92, 13.76, 15.68], "texture": "#0"},
				"south": {"uv": [13.44, 1.92, 13.76, 15.68], "texture": "#0"},
				"west": {"uv": [13.44, 1.92, 13.76, 15.68], "texture": "#0"},
				"up": {"uv": [13.44, 1.92, 13.76, 2.24], "texture": "#0"},
				"down": {"uv": [13.44, 15.36, 13.76, 15.68], "texture": "#0"}
			}
		},
		{
			"name": "adventcalendar_icon_39",
			"from": [13.76, 0.32, 0],
			"to": [14.08, 14.08, 0.32],
			"faces": {
				"north": {"uv": [14.08, 1.92, 13.76, 15.68], "texture": "#0"},
				"east": {"uv": [13.76, 1.92, 14.08, 15.68], "texture": "#0"},
				"south": {"uv": [13.76, 1.92, 14.08, 15.68], "texture": "#0"},
				"west": {"uv": [13.76, 1.92, 14.08, 15.68], "texture": "#0"},
				"up": {"uv": [13.76, 1.92, 14.08, 2.24], "texture": "#0"},
				"down": {"uv": [13.76, 15.36, 14.08, 15.68], "texture": "#0"}
			}
		},
		{
			"name": "adventcalendar_icon_40",
			"from": [14.08, 0.32, 0],
			"to": [14.4, 14.08, 0.32],
			"faces": {
				"north": {"uv": [14.4, 1.92, 14.08, 15.68], "texture": "#0"},
				"east": {"uv": [14.08, 1.92, 14.4, 15.68], "texture": "#0"},
				"south": {"uv": [14.08, 1.92, 14.4, 15.68], "texture": "#0"},
				"west": {"uv": [14.08, 1.92, 14.4, 15.68], "texture": "#0"},
				"up": {"uv": [14.08, 1.92, 14.4, 2.24], "texture": "#0"},
				"down": {"uv": [14.08, 15.36, 14.4, 15.68], "texture": "#0"}
			}
		},
		{
			"name": "adventcalendar_icon_41",
			"from": [14.4, 0.32, 0],
			"to": [14.72, 14.08, 0.32],
			"faces": {
				"north": {"uv": [14.72, 1.92, 14.4, 15.68], "texture": "#0"},
				"east": {"uv": [14.4, 1.92, 14.72, 15.68], "texture": "#0"},
				"south": {"uv": [14.4, 1.92, 14.72, 15.68], "texture": "#0"},
				"west": {"uv": [14.4, 1.92, 14.72, 15.68], "texture": "#0"},
				"up": {"uv": [14.4, 1.92, 14.72, 2.24], "texture": "#0"},
				"down": {"uv": [14.4, 15.36, 14.72, 15.68], "texture": "#0"}
			}
		},
		{
			"name": "adventcalendar_icon_42",
			"from": [0.96, 0.64, 0],
			"to": [1.28, 13.76, 0.32],
			"faces": {
				"north": {"uv": [1.28, 2.24, 0.96, 15.36], "texture": "#0"},
				"east": {"uv": [0.96, 2.24, 1.28, 15.36], "texture": "#0"},
				"south": {"uv": [0.96, 2.24, 1.28, 15.36], "texture": "#0"},
				"west": {"uv": [0.96, 2.24, 1.28, 15.36], "texture": "#0"},
				"up": {"uv": [0.96, 2.24, 1.28, 2.56], "texture": "#0"},
				"down": {"uv": [0.96, 15.04, 1.28, 15.36], "texture": "#0"}
			}
		},
		{
			"name": "adventcalendar_icon_43",
			"from": [14.72, 0.64, 0],
			"to": [15.04, 13.76, 0.32],
			"faces": {
				"north": {"uv": [15.04, 2.24, 14.72, 15.36], "texture": "#0"},
				"east": {"uv": [14.72, 2.24, 15.04, 15.36], "texture": "#0"},
				"south": {"uv": [14.72, 2.24, 15.04, 15.36], "texture": "#0"},
				"west": {"uv": [14.72, 2.24, 15.04, 15.36], "texture": "#0"},
				"up": {"uv": [14.72, 2.24, 15.04, 2.56], "texture": "#0"},
				"down": {"uv": [14.72, 15.04, 15.04, 15.36], "texture": "#0"}
			}
		},
		{
			"name": "adventcalendar_icon_44",
			"from": [0.64, 0.96, 0],
			"to": [0.96, 13.44, 0.32],
			"faces": {
				"north": {"uv": [0.96, 2.56, 0.64, 15.04], "texture": "#0"},
				"east": {"uv": [0.64, 2.56, 0.96, 15.04], "texture": "#0"},
				"south": {"uv": [0.64, 2.56, 0.96, 15.04], "texture": "#0"},
				"west": {"uv": [0.64, 2.56, 0.96, 15.04], "texture": "#0"},
				"up": {"uv": [0.64, 2.56, 0.96, 2.88], "texture": "#0"},
				"down": {"uv": [0.64, 14.72, 0.96, 15.04], "texture": "#0"}
			}
		},
		{
			"name": "adventcalendar_icon_45",
			"from": [15.04, 0.64, 0],
			"to": [15.36, 13.44, 0.32],
			"faces": {
				"north": {"uv": [15.36, 2.56, 15.04, 15.36], "texture": "#0"},
				"east": {"uv": [15.04, 2.56, 15.36, 15.36], "texture": "#0"},
				"south": {"uv": [15.04, 2.56, 15.36, 15.36], "texture": "#0"},
				"west": {"uv": [15.04, 2.56, 15.36, 15.36], "texture": "#0"},
				"up": {"uv": [15.04, 2.56, 15.36, 2.88], "texture": "#0"},
				"down": {"uv": [15.04, 15.04, 15.36, 15.36], "texture": "#0"}
			}
		},
		{
			"name": "adventcalendar_icon_46",
			"from": [15.36, 1.28, 0],
			"to": [15.68, 12.8, 0.32],
			"faces": {
				"north": {"uv": [15.68, 3.2, 15.36, 14.72], "texture": "#0"},
				"east": {"uv": [15.36, 3.2, 15.68, 14.72], "texture": "#0"},
				"south": {"uv": [15.36, 3.2, 15.68, 14.72], "texture": "#0"},
				"west": {"uv": [15.36, 3.2, 15.68, 14.72], "texture": "#0"},
				"up": {"uv": [15.36, 3.2, 15.68, 3.52], "texture": "#0"},
				"down": {"uv": [15.36, 14.4, 15.68, 14.72], "texture": "#0"}
			}
		}
	],
	"display": {
		"thirdperson_righthand": {
			"translation": [0, 1.25, 13.25],
			"scale": [0.22, 0.22, 1.65]
		},
		"firstperson_righthand": {
			"rotation": [0, -11, 0],
			"translation": [5.75, -0.5, 0],
			"scale": [0.57, 0.56, 0.55]
		},
		"gui": {
			"translation": [0, 0.25, 0],
			"scale": [0.9, 0.9, 0.9]
		}
	},
	"groups": [
		{
			"name": "adventcalendar_icon",
			"origin": [8, 8, 8],
			"color": 0,
			"children": [
				0,
				1,
				2,
				3,
				4,
				5,
				6,
				7,
				8,
				9,
				10,
				11,
				12,
				13,
				14,
				15,
				16,
				17,
				18,
				19,
				20,
				21,
				22,
				23,
				24,
				25,
				26,
				27,
				28,
				29,
				30,
				31,
				32,
				33,
				34,
				35,
				36,
				37,
				38,
				39,
				40,
				41,
				42,
				43,
				44,
				45,
				46
			]
		}
	]
}