{
	"credit": "Made with Blockbench",
	"texture_size": [32, 32],
	"textures": {
		"1": "item/coupeachievements_v2"
	},
	"elements": [
		{
			"from": [6, 2, 6],
			"to": [10, 4, 10],
			"rotation": {"angle": 0, "axis": "y", "origin": [6, 2, 6]},
			"faces": {
				"north": {"uv": [7, 0, 9, 1], "texture": "#1"},
				"east": {"uv": [7, 1, 9, 2], "texture": "#1"},
				"south": {"uv": [7, 2, 9, 3], "texture": "#1"},
				"west": {"uv": [3, 7, 5, 8], "texture": "#1"},
				"up": {"uv": [5, 2, 3, 0], "texture": "#1"},
				"down": {"uv": [5, 2, 3, 4], "texture": "#1"}
			}
		},
		{
			"from": [6, 6, 6],
			"to": [10, 10, 8],
			"rotation": {"angle": 0, "axis": "x", "origin": [8, 8, 8]},
			"faces": {
				"north": {"uv": [3, 4, 5, 6], "texture": "#1"},
				"east": {"uv": [7, 3, 8, 5], "texture": "#1"},
				"south": {"uv": [5, 0, 7, 2], "texture": "#1"},
				"west": {"uv": [5, 7, 6, 9], "texture": "#1"},
				"up": {"uv": [9, 6, 7, 5], "texture": "#1"},
				"down": {"uv": [8, 7, 6, 8], "texture": "#1"}
			}
		},
		{
			"from": [6, 6, 8],
			"to": [10, 10, 10],
			"rotation": {"angle": 0, "axis": "x", "origin": [8, 8, 10]},
			"faces": {
				"north": {"uv": [5, 2, 7, 4], "texture": "#1"},
				"east": {"uv": [0, 8, 1, 10], "texture": "#1"},
				"south": {"uv": [5, 4, 7, 6], "texture": "#1"},
				"west": {"uv": [1, 8, 2, 10], "texture": "#1"},
				"up": {"uv": [4, 9, 2, 8], "texture": "#1"},
				"down": {"uv": [10, 3, 8, 4], "texture": "#1"}
			}
		},
		{
			"from": [7, 4, 7],
			"to": [9, 6, 9],
			"rotation": {"angle": 0, "axis": "y", "origin": [7, 4, 7]},
			"faces": {
				"north": {"uv": [4, 8, 5, 9], "texture": "#1"},
				"east": {"uv": [8, 4, 9, 5], "texture": "#1"},
				"south": {"uv": [6, 8, 7, 9], "texture": "#1"},
				"west": {"uv": [7, 8, 8, 9], "texture": "#1"},
				"up": {"uv": [9, 8, 8, 7], "texture": "#1"},
				"down": {"uv": [9, 8, 8, 9], "texture": "#1"}
			}
		},
		{
			"from": [5, 0, 5],
			"to": [11, 2, 11],
			"rotation": {"angle": 0, "axis": "y", "origin": [5.5, 0, 5.5]},
			"faces": {
				"north": {"uv": [0, 6, 3, 7], "texture": "#1"},
				"east": {"uv": [3, 6, 6, 7], "texture": "#1"},
				"south": {"uv": [6, 6, 9, 7], "texture": "#1"},
				"west": {"uv": [0, 7, 3, 8], "texture": "#1"},
				"up": {"uv": [3, 3, 0, 0], "texture": "#1"},
				"down": {"uv": [3, 3, 0, 6], "texture": "#1"}
			}
		},
		{
			"from": [7, 0.5, 4.7],
			"to": [9, 1.5, 5.7],
			"rotation": {"angle": 22.5, "axis": "x", "origin": [8, 1, 5.2]},
			"faces": {
				"north": {"uv": [9, 0, 10, 0.5], "texture": "#1"},
				"east": {"uv": [2, 9, 2.5, 9.5], "texture": "#1"},
				"south": {"uv": [9, 0.5, 10, 1], "texture": "#1"},
				"west": {"uv": [9, 2, 9.5, 2.5], "texture": "#1"},
				"up": {"uv": [10, 1.5, 9, 1], "texture": "#1"},
				"down": {"uv": [10, 1.5, 9, 2], "texture": "#1"}
			}
		}
	],
	"display": {
		"thirdperson_righthand": {
			"translation": [0, -0.75, 0],
			"scale": [0.6, 0.6, 0.6]
		},
		"thirdperson_lefthand": {
			"translation": [0, -0.75, 0],
			"scale": [0.6, 0.6, 0.6]
		},
		"firstperson_righthand": {
			"translation": [0, -0.75, 0]
		},
		"firstperson_lefthand": {
			"translation": [0, -0.75, 0]
		},
		"gui": {
			"rotation": [20, 156, 0],
			"translation": [0.25, 2.75, 0]
		},
		"head": {
			"rotation": [180, 180, 24],
			"translation": [-2, 8, 0],
			"scale": [2.1, 2.1, 2.1]
		}
	}
}