{
	"credit": "Made with Blockbench",
	"textures": {
		"0": "item/7",
		"2": "item/diams",
		"particle": "item/7"
	},
	"elements": [
		{
			"from": [0, 0, 0],
			"to": [5, 5, 2],
			"faces": {
				"north": {"uv": [0, 0, 16, 16], "texture": "#0"},
				"east": {"uv": [0, 0, 2, 5], "texture": "#missing"},
				"south": {"uv": [0, 0, 16, 16], "texture": "#2"},
				"west": {"uv": [0, 0, 2, 5], "texture": "#missing"},
				"up": {"uv": [0, 0, 5, 2], "texture": "#missing"},
				"down": {"uv": [0, 0, 5, 2], "texture": "#missing"}
			}
		}
	],
	"display": {
		"gui": {
			"translation": [14.25, 14.75, 0],
			"scale": [2.61, 2.68, 2.63]
		}
	}
}