{
	"credit": "Made with Blockbench",
	"textures": {
		"0": "item/25decembre",
		"particle": "item/25decembre"
	},
	"elements": [
		{
			"from": [0, 0, 0],
			"to": [4, 4, 2],
			"faces": {
				"north": {"uv": [0, 0, 16, 16], "texture": "#0"},
				"east": {"uv": [0, 0, 2, 4], "texture": "#missing"},
				"south": {"uv": [0, 0, 8, 4], "texture": "#missing"},
				"west": {"uv": [0, 0, 2, 4], "texture": "#missing"},
				"up": {"uv": [0, 0, 8, 2], "texture": "#missing"},
				"down": {"uv": [0, 0, 8, 2], "texture": "#missing"}
			}
		}
	],
	"display": {
		"gui": {
			"rotation": [180, 0, 180],
			"translation": [-21.5, 22.25, 0],
			"scale": [3.64, 3.66, 3.62]
		}
	}
}