{
	"credit": "Made by Jeqo",
	"textures": {
		"1": "item/icon_previous_grey"
	},
	"elements": [
		{
			"from": [0, 1, 8],
			"to": [16, 17, 9],
			"faces": {
				"north": {"uv": [0, 0, 16, 16], "texture": "#1"},
				"south": {"uv": [0, 0, 16, 16], "texture": "#1"}
			}
		}
	],
	"gui_light": "front",
	"display": {
		"thirdperson_righthand": {
			"scale": [0, 0, 0]
		},
		"thirdperson_lefthand": {
			"scale": [0, 0, 0]
		},
		"firstperson_righthand": {
			"scale": [0, 0, 0]
		},
		"firstperson_lefthand": {
			"scale": [0, 0, 0]
		},
		"gui": {
			"translation": [0, -0.9574, 0],
			"scale": [0.99, 0.99, 0.99]
		},
		"fixed": {
			"translation": [0, 0, -0.25]
		}
	}
}