{
	"credit": "Made with Blockbench",
	"texture_size": [32, 32],
	"textures": {
		"0": "item/sacados_cosmetic",
		"particle": "item/sacados_cosmetic"
	},
	"elements": [
		{
			"from": [6, 0, 5],
			"to": [9, 7, 12],
			"rotation": {"angle": 0, "axis": "y", "origin": [6, 0, 5]},
			"faces": {
				"north": {"uv": [3.5, 0, 5, 3.5], "texture": "#0"},
				"east": {"uv": [0, 0, 3.5, 3.5], "texture": "#0"},
				"south": {"uv": [3.5, 3.5, 5, 7], "texture": "#0"},
				"west": {"uv": [0, 3.5, 3.5, 7], "texture": "#0"},
				"up": {"uv": [6.5, 3.5, 5, 0], "texture": "#0"},
				"down": {"uv": [6.5, 3.5, 5, 7], "texture": "#0"}
			}
		},
		{
			"from": [6.2, 7, 6.5],
			"to": [8.7, 8, 10.5],
			"rotation": {"angle": 0, "axis": "y", "origin": [6.2, 7, 6.5]},
			"faces": {
				"north": {"uv": [5, 7.5, 6.5, 8], "texture": "#0"},
				"east": {"uv": [4, 7, 6, 7.5], "texture": "#0"},
				"south": {"uv": [6.5, 7.5, 8, 8], "texture": "#0"},
				"west": {"uv": [6, 7, 8, 7.5], "texture": "#0"},
				"up": {"uv": [8, 2, 6.5, 0], "texture": "#0"},
				"down": {"uv": [8, 2, 6.5, 4], "texture": "#0"}
			}
		},
		{
			"from": [9, 0.2, 6.5],
			"to": [10, 3.2, 10.5],
			"rotation": {"angle": 0, "axis": "y", "origin": [9, 0.2, 6.5]},
			"faces": {
				"north": {"uv": [8, 0, 8.5, 1.5], "texture": "#0"},
				"east": {"uv": [6.5, 4, 8.5, 5.5], "texture": "#0"},
				"south": {"uv": [8, 1.5, 8.5, 3], "texture": "#0"},
				"west": {"uv": [6.5, 5.5, 8.5, 7], "texture": "#0"},
				"up": {"uv": [4.5, 9.5, 4, 7.5], "texture": "#0"},
				"down": {"uv": [5, 7.5, 4.5, 9.5], "texture": "#0"}
			}
		},
		{
			"from": [5.5, 6.5, 6],
			"to": [6, 7, 7],
			"rotation": {"angle": 0, "axis": "y", "origin": [5.5, 6.5, 6]},
			"faces": {
				"north": {"uv": [6, 8, 6.5, 8.5], "texture": "#0"},
				"east": {"uv": [6.5, 8, 7, 8.5], "texture": "#0"},
				"south": {"uv": [7, 8, 7.5, 8.5], "texture": "#0"},
				"west": {"uv": [8, 7, 8.5, 7.5], "texture": "#0"},
				"up": {"uv": [8, 8.5, 7.5, 8], "texture": "#0"},
				"down": {"uv": [8.5, 7.5, 8, 8], "texture": "#0"}
			}
		},
		{
			"from": [5, 0.5, 6],
			"to": [5.5, 7, 7],
			"rotation": {"angle": 0, "axis": "y", "origin": [5, 0.5, 6]},
			"faces": {
				"north": {"uv": [0, 7, 0.5, 10.5], "texture": "#0"},
				"east": {"uv": [0.5, 7, 1, 10.5], "texture": "#0"},
				"south": {"uv": [1, 7, 1.5, 10.5], "texture": "#0"},
				"west": {"uv": [1.5, 7, 2, 10.5], "texture": "#0"},
				"up": {"uv": [9, 3, 8.5, 2.5], "texture": "#0"},
				"down": {"uv": [9, 4, 8.5, 4.5], "texture": "#0"}
			}
		},
		{
			"from": [5.5, 0.5, 6],
			"to": [6, 1, 7],
			"rotation": {"angle": 0, "axis": "y", "origin": [5.5, 0.5, 6]},
			"faces": {
				"north": {"uv": [8, 8, 8.5, 8.5], "texture": "#0"},
				"east": {"uv": [8.5, 0, 9, 0.5], "texture": "#0"},
				"south": {"uv": [8.5, 0.5, 9, 1], "texture": "#0"},
				"west": {"uv": [8.5, 1, 9, 1.5], "texture": "#0"},
				"up": {"uv": [9, 2, 8.5, 1.5], "texture": "#0"},
				"down": {"uv": [9, 2, 8.5, 2.5], "texture": "#0"}
			}
		},
		{
			"from": [5.5, 6.5, 10],
			"to": [6, 7, 11],
			"rotation": {"angle": 0, "axis": "y", "origin": [5.5, 6.5, 10]},
			"faces": {
				"north": {"uv": [8.5, 7, 9, 7.5], "texture": "#0"},
				"east": {"uv": [7.5, 8.5, 8, 9], "texture": "#0"},
				"south": {"uv": [8.5, 7.5, 9, 8], "texture": "#0"},
				"west": {"uv": [8, 8.5, 8.5, 9], "texture": "#0"},
				"up": {"uv": [9, 8.5, 8.5, 8], "texture": "#0"},
				"down": {"uv": [9, 8.5, 8.5, 9], "texture": "#0"}
			}
		},
		{
			"from": [5.5, 0.5, 10],
			"to": [6, 1, 11],
			"rotation": {"angle": 0, "axis": "y", "origin": [5.5, 0.5, 10]},
			"faces": {
				"north": {"uv": [8.5, 5.5, 9, 6], "texture": "#0"},
				"east": {"uv": [6, 8.5, 6.5, 9], "texture": "#0"},
				"south": {"uv": [8.5, 6, 9, 6.5], "texture": "#0"},
				"west": {"uv": [6.5, 8.5, 7, 9], "texture": "#0"},
				"up": {"uv": [9, 7, 8.5, 6.5], "texture": "#0"},
				"down": {"uv": [7.5, 8.5, 7, 9], "texture": "#0"}
			}
		},
		{
			"from": [5, 0.5, 10],
			"to": [5.5, 7, 11],
			"rotation": {"angle": 0, "axis": "y", "origin": [5, 0.5, 10]},
			"faces": {
				"north": {"uv": [2, 7, 2.5, 10.5], "texture": "#0"},
				"east": {"uv": [2.5, 7, 3, 10.5], "texture": "#0"},
				"south": {"uv": [3, 7, 3.5, 10.5], "texture": "#0"},
				"west": {"uv": [3.5, 7, 4, 10.5], "texture": "#0"},
				"up": {"uv": [9, 5, 8.5, 4.5], "texture": "#0"},
				"down": {"uv": [9, 5, 8.5, 5.5], "texture": "#0"}
			}
		},
		{
			"from": [7, 8.5, 7.5],
			"to": [7.5, 9, 9.5],
			"rotation": {"angle": 0, "axis": "y", "origin": [7, 8.5, 7.5]},
			"faces": {
				"north": {"uv": [9, 0, 9.5, 0.5], "texture": "#0"},
				"east": {"uv": [8, 3, 9, 3.5], "texture": "#0"},
				"south": {"uv": [9, 0.5, 9.5, 1], "texture": "#0"},
				"west": {"uv": [8, 3.5, 9, 4], "texture": "#0"},
				"up": {"uv": [5.5, 9, 5, 8], "texture": "#0"},
				"down": {"uv": [6, 8, 5.5, 9], "texture": "#0"}
			}
		},
		{
			"from": [7, 8, 9.5],
			"to": [7.5, 8.5, 10],
			"rotation": {"angle": 0, "axis": "y", "origin": [8, 8, 9.5]},
			"faces": {
				"north": {"uv": [9, 1, 9.5, 1.5], "texture": "#0"},
				"east": {"uv": [9, 1.5, 9.5, 2], "texture": "#0"},
				"south": {"uv": [9, 2, 9.5, 2.5], "texture": "#0"},
				"west": {"uv": [9, 2.5, 9.5, 3], "texture": "#0"},
				"up": {"uv": [9.5, 3.5, 9, 3], "texture": "#0"},
				"down": {"uv": [9.5, 3.5, 9, 4], "texture": "#0"}
			}
		},
		{
			"from": [7, 8, 7],
			"to": [7.5, 8.5, 7.5],
			"rotation": {"angle": 0, "axis": "y", "origin": [8, 8, 7]},
			"faces": {
				"north": {"uv": [9, 4, 9.5, 4.5], "texture": "#0"},
				"east": {"uv": [9, 4.5, 9.5, 5], "texture": "#0"},
				"south": {"uv": [5, 9, 5.5, 9.5], "texture": "#0"},
				"west": {"uv": [9, 5, 9.5, 5.5], "texture": "#0"},
				"up": {"uv": [6, 9.5, 5.5, 9], "texture": "#0"},
				"down": {"uv": [9.5, 5.5, 9, 6], "texture": "#0"}
			}
		}
	],
	"display": {
		"thirdperson_righthand": {
			"rotation": [81, 30, 0],
			"translation": [0.25, -1.25, -0.5],
			"scale": [0.84, 0.84, 0.84]
		},
		"thirdperson_lefthand": {
			"rotation": [81, -150, 0],
			"translation": [0.25, -1.25, -0.5],
			"scale": [0.84, 0.84, 0.84]
		},
		"gui": {
			"rotation": [20, -125, 0],
			"translation": [0.25, 3.5, 0],
			"scale": [1.16, 1.16, 1.16]
		},
		"fixed": {
			"rotation": [0, 90, 0],
			"translation": [-1, 4, -1.5],
			"scale": [1.6, 1.6, 1.6]
		}
	},
	"groups": [
		{
			"name": "base",
			"origin": [6, 0, 5],
			"color": 0,
			"children": [0, 1, 2]
		},
		{
			"name": "bretelles",
			"origin": [5, 0.5, 10],
			"color": 0,
			"children": [3, 4, 5, 6, 7, 8]
		},
		{
			"name": "poignee",
			"origin": [8, 8, 7],
			"color": 0,
			"children": [9, 10, 11]
		}
	]
}