{
	"credit": "Made with Blockbench",
	"texture_size": [64, 64],
	"textures": {
		"0": "item/top1_balloon",
		"particle": "item/top1_balloon"
	},
	"elements": [
		{
			"from": [6, 0, 6],
			"to": [10, 1, 10],
			"rotation": {"angle": 0, "axis": "y", "origin": [6, 0, 6]},
			"faces": {
				"north": {"uv": [5.5, 4, 6.5, 4.25], "texture": "#0"},
				"east": {"uv": [6.5, 4, 7.5, 4.25], "texture": "#0"},
				"south": {"uv": [7.5, 6.25, 8.5, 6.5], "texture": "#0"},
				"west": {"uv": [7.5, 6.5, 8.5, 6.75], "texture": "#0"},
				"up": {"uv": [6, 8.25, 5, 7.25], "texture": "#0"},
				"down": {"uv": [7, 7.25, 6, 8.25], "texture": "#0"}
			}
		},
		{
			"from": [6.5, 1, 6.5],
			"to": [9.5, 2, 9.5],
			"rotation": {"angle": 0, "axis": "y", "origin": [6.5, 1, 6.5]},
			"faces": {
				"north": {"uv": [7.5, 6.75, 8.25, 7], "texture": "#0"},
				"east": {"uv": [7.5, 7, 8.25, 7.25], "texture": "#0"},
				"south": {"uv": [7.75, 7.25, 8.5, 7.5], "texture": "#0"},
				"west": {"uv": [7.75, 7.5, 8.5, 7.75], "texture": "#0"},
				"up": {"uv": [8.25, 5.5, 7.5, 4.75], "texture": "#0"},
				"down": {"uv": [8.25, 5.5, 7.5, 6.25], "texture": "#0"}
			}
		},
		{
			"from": [5, 6, 4],
			"to": [11, 23, 12],
			"rotation": {"angle": 0, "axis": "y", "origin": [5, 2, 7]},
			"faces": {
				"north": {"uv": [4, 0, 5.5, 4.25], "texture": "#0", "tintindex": 0},
				"east": {"uv": [0, 0, 2, 4.25], "texture": "#0", "tintindex": 0},
				"south": {"uv": [0, 4.25, 1.5, 8.5], "texture": "#0", "tintindex": 0},
				"west": {"uv": [2, 0, 4, 4.25], "texture": "#0", "tintindex": 0},
				"up": {"uv": [7, 2, 5.5, 0], "texture": "#0", "tintindex": 0},
				"down": {"uv": [7, 2, 5.5, 4], "texture": "#0", "tintindex": 0}
			}
		},
		{
			"from": [2, 2, 4],
			"to": [14, 6, 12],
			"rotation": {"angle": 0, "axis": "y", "origin": [5, -1, 7]},
			"faces": {
				"north": {"uv": [1.5, 6.25, 4.5, 7.25], "texture": "#0", "tintindex": 0},
				"east": {"uv": [7, 2.5, 9, 3.5], "texture": "#0", "tintindex": 0},
				"south": {"uv": [4.5, 6.25, 7.5, 7.25], "texture": "#0", "tintindex": 0},
				"west": {"uv": [1.5, 7.25, 3.5, 8.25], "texture": "#0", "tintindex": 0},
				"up": {"uv": [4.5, 6.25, 1.5, 4.25], "texture": "#0", "tintindex": 0},
				"down": {"uv": [7.5, 4.25, 4.5, 6.25], "texture": "#0", "tintindex": 0}
			}
		},
		{
			"from": [11, 16, 4],
			"to": [14, 21, 12],
			"rotation": {"angle": 0, "axis": "y", "origin": [5, 13, 7]},
			"faces": {
				"north": {"uv": [7, 7.25, 7.75, 8.5], "texture": "#0", "tintindex": 0},
				"east": {"uv": [7, 0, 9, 1.25], "texture": "#0", "tintindex": 0},
				"south": {"uv": [7.5, 3.5, 8.25, 4.75], "texture": "#0", "tintindex": 0},
				"west": {"uv": [7, 1.25, 9, 2.5], "texture": "#0", "tintindex": 0},
				"up": {"uv": [4.25, 9.25, 3.5, 7.25], "texture": "#0", "tintindex": 0},
				"down": {"uv": [5, 7.25, 4.25, 9.25], "texture": "#0", "tintindex": 0}
			}
		},
		{
			"name": "text_ridecount",
			"from": [2.8236, 21.572, 7.7824],
			"to": [5.0412, 22.1264, 8.8912],
			"rotation": {"angle": 0, "axis": "y", "origin": [5.0412, 22.1264, 7.7824]},
			"faces": {
				"north": {"uv": [7, 3.5, 7.5, 3.75], "texture": "#0"},
				"east": {"uv": [2, 8.75, 2.25, 9], "texture": "#0"},
				"south": {"uv": [7, 3.75, 7.5, 4], "texture": "#0"},
				"west": {"uv": [2.25, 8.75, 2.5, 9], "texture": "#0"},
				"up": {"uv": [8.25, 8, 7.75, 7.75], "texture": "#0"},
				"down": {"uv": [8.25, 8, 7.75, 8.25], "texture": "#0"}
			}
		},
		{
			"name": "text_ridecount",
			"from": [2.8236, 21.2948, 7.7824],
			"to": [3.378, 21.572, 8.8912],
			"rotation": {"angle": 0, "axis": "y", "origin": [5.0412, 22.1264, 7.7824]},
			"faces": {
				"north": {"uv": [2.5, 8.75, 2.75, 9], "texture": "#0"},
				"east": {"uv": [2.75, 8.75, 3, 9], "texture": "#0"},
				"south": {"uv": [3, 8.75, 3.25, 9], "texture": "#0"},
				"west": {"uv": [3.25, 8.75, 3.5, 9], "texture": "#0"},
				"up": {"uv": [9, 3.75, 8.75, 3.5], "texture": "#0"},
				"down": {"uv": [9, 3.75, 8.75, 4], "texture": "#0"}
			}
		},
		{
			"name": "text_ridecount",
			"from": [3.6552, 21.2948, 7.7824],
			"to": [4.2096, 21.572, 8.8912],
			"rotation": {"angle": 0, "axis": "y", "origin": [5.0412, 22.1264, 7.7824]},
			"faces": {
				"north": {"uv": [8.75, 4, 9, 4.25], "texture": "#0"},
				"east": {"uv": [8.75, 4.25, 9, 4.5], "texture": "#0"},
				"south": {"uv": [8.75, 4.5, 9, 4.75], "texture": "#0"},
				"west": {"uv": [8.75, 4.75, 9, 5], "texture": "#0"},
				"up": {"uv": [5.25, 9, 5, 8.75], "texture": "#0"},
				"down": {"uv": [9, 5, 8.75, 5.25], "texture": "#0"}
			}
		},
		{
			"name": "text_ridecount",
			"from": [2.8236, 20.7404, 7.7824],
			"to": [3.9324, 21.2948, 8.8912],
			"rotation": {"angle": 0, "axis": "y", "origin": [5.0412, 22.1264, 7.7824]},
			"faces": {
				"north": {"uv": [5.25, 8.75, 5.5, 9], "texture": "#0"},
				"east": {"uv": [8.75, 5.25, 9, 5.5], "texture": "#0"},
				"south": {"uv": [5.5, 8.75, 5.75, 9], "texture": "#0"},
				"west": {"uv": [8.75, 5.5, 9, 5.75], "texture": "#0"},
				"up": {"uv": [6, 9, 5.75, 8.75], "texture": "#0"},
				"down": {"uv": [9, 5.75, 8.75, 6], "texture": "#0"}
			}
		},
		{
			"name": "text_ridecount",
			"from": [4.2096, 20.7404, 7.7824],
			"to": [5.0412, 21.2948, 8.8912],
			"rotation": {"angle": 0, "axis": "y", "origin": [5.0412, 22.1264, 7.7824]},
			"faces": {
				"north": {"uv": [6, 8.75, 6.25, 9], "texture": "#0"},
				"east": {"uv": [8.75, 6, 9, 6.25], "texture": "#0"},
				"south": {"uv": [6.25, 8.75, 6.5, 9], "texture": "#0"},
				"west": {"uv": [6.5, 8.75, 6.75, 9], "texture": "#0"},
				"up": {"uv": [7, 9, 6.75, 8.75], "texture": "#0"},
				"down": {"uv": [9, 6.75, 8.75, 7], "texture": "#0"}
			}
		},
		{
			"name": "text_ridecount",
			"from": [3.9324, 21.0176, 7.7824],
			"to": [4.2096, 21.2948, 8.8912],
			"rotation": {"angle": 0, "axis": "y", "origin": [5.0412, 22.1264, 7.7824]},
			"faces": {
				"north": {"uv": [7, 8.75, 7.25, 9], "texture": "#0"},
				"east": {"uv": [8.75, 7, 9, 7.25], "texture": "#0"},
				"south": {"uv": [7.25, 8.75, 7.5, 9], "texture": "#0"},
				"west": {"uv": [7.5, 8.75, 7.75, 9], "texture": "#0"},
				"up": {"uv": [8, 9, 7.75, 8.75], "texture": "#0"},
				"down": {"uv": [9, 7.75, 8.75, 8], "texture": "#0"}
			}
		},
		{
			"name": "text_ridecount",
			"from": [2.8236, 19.80284, 7.7824],
			"to": [5.0412, 20.35724, 8.8912],
			"rotation": {"angle": 0, "axis": "y", "origin": [5.0412, 21.8264, 7.7824]},
			"faces": {
				"north": {"uv": [1.5, 8.25, 2, 8.5], "texture": "#0"},
				"east": {"uv": [8, 8.75, 8.25, 9], "texture": "#0"},
				"south": {"uv": [2, 8.25, 2.5, 8.5], "texture": "#0"},
				"west": {"uv": [8.75, 8, 9, 8.25], "texture": "#0"},
				"up": {"uv": [3, 8.5, 2.5, 8.25], "texture": "#0"},
				"down": {"uv": [3.5, 8.25, 3, 8.5], "texture": "#0"}
			}
		},
		{
			"name": "text_ridecount",
			"from": [2.8236, 18.76528, 7.7824],
			"to": [5.0412, 19.31968, 8.8912],
			"rotation": {"angle": 0, "axis": "y", "origin": [5.0412, 21.4264, 7.7824]},
			"faces": {
				"north": {"uv": [8.25, 3.5, 8.75, 3.75], "texture": "#0"},
				"east": {"uv": [8.25, 8.75, 8.5, 9], "texture": "#0"},
				"south": {"uv": [8.25, 3.75, 8.75, 4], "texture": "#0"},
				"west": {"uv": [8.75, 8.25, 9, 8.5], "texture": "#0"},
				"up": {"uv": [8.75, 4.25, 8.25, 4], "texture": "#0"},
				"down": {"uv": [8.75, 4.25, 8.25, 4.5], "texture": "#0"}
			}
		},
		{
			"name": "text_ridecount",
			"from": [4.4868, 18.21088, 7.7824],
			"to": [5.0412, 18.76528, 8.8912],
			"rotation": {"angle": 0, "axis": "y", "origin": [5.0412, 21.4264, 7.7824]},
			"faces": {
				"north": {"uv": [8.5, 8.75, 8.75, 9], "texture": "#0"},
				"east": {"uv": [8.75, 8.75, 9, 9], "texture": "#0"},
				"south": {"uv": [0, 9, 0.25, 9.25], "texture": "#0"},
				"west": {"uv": [9, 0, 9.25, 0.25], "texture": "#0"},
				"up": {"uv": [0.5, 9.25, 0.25, 9], "texture": "#0"},
				"down": {"uv": [9.25, 0.25, 9, 0.5], "texture": "#0"}
			}
		},
		{
			"name": "text_ridecount",
			"from": [2.8236, 18.21088, 7.7824],
			"to": [3.378, 18.76528, 8.8912],
			"rotation": {"angle": 0, "axis": "y", "origin": [5.0412, 21.4264, 7.7824]},
			"faces": {
				"north": {"uv": [0.5, 9, 0.75, 9.25], "texture": "#0"},
				"east": {"uv": [9, 0.5, 9.25, 0.75], "texture": "#0"},
				"south": {"uv": [0.75, 9, 1, 9.25], "texture": "#0"},
				"west": {"uv": [9, 0.75, 9.25, 1], "texture": "#0"},
				"up": {"uv": [1.25, 9.25, 1, 9], "texture": "#0"},
				"down": {"uv": [9.25, 1, 9, 1.25], "texture": "#0"}
			}
		},
		{
			"name": "text_ridecount",
			"from": [3.378, 18.21088, 7.7824],
			"to": [4.4868, 18.48808, 8.8912],
			"rotation": {"angle": 0, "axis": "y", "origin": [5.0412, 21.4264, 7.7824]},
			"faces": {
				"north": {"uv": [1.25, 9, 1.5, 9.25], "texture": "#0"},
				"east": {"uv": [9, 1.25, 9.25, 1.5], "texture": "#0"},
				"south": {"uv": [1.5, 9, 1.75, 9.25], "texture": "#0"},
				"west": {"uv": [9, 1.5, 9.25, 1.75], "texture": "#0"},
				"up": {"uv": [2, 9.25, 1.75, 9], "texture": "#0"},
				"down": {"uv": [9.25, 1.75, 9, 2], "texture": "#0"}
			}
		},
		{
			"name": "text_ridecount",
			"from": [3.1008, 17.93368, 7.7824],
			"to": [4.764, 18.21088, 8.8912],
			"rotation": {"angle": 0, "axis": "y", "origin": [5.0412, 21.4264, 7.7824]},
			"faces": {
				"north": {"uv": [8.25, 4.5, 8.75, 4.75], "texture": "#0"},
				"east": {"uv": [2, 9, 2.25, 9.25], "texture": "#0"},
				"south": {"uv": [8.25, 4.75, 8.75, 5], "texture": "#0"},
				"west": {"uv": [9, 2, 9.25, 2.25], "texture": "#0"},
				"up": {"uv": [5.5, 8.5, 5, 8.25], "texture": "#0"},
				"down": {"uv": [8.75, 5, 8.25, 5.25], "texture": "#0"}
			}
		},
		{
			"name": "text_ridecount",
			"from": [2.8236, 16.99612, 7.7824],
			"to": [5.0412, 17.55052, 8.8912],
			"rotation": {"angle": 0, "axis": "y", "origin": [5.0412, 21.1264, 7.7824]},
			"faces": {
				"north": {"uv": [8.25, 5.25, 8.75, 5.5], "texture": "#0"},
				"east": {"uv": [2.25, 9, 2.5, 9.25], "texture": "#0"},
				"south": {"uv": [5.5, 8.25, 6, 8.5], "texture": "#0"},
				"west": {"uv": [9, 2.25, 9.25, 2.5], "texture": "#0"},
				"up": {"uv": [8.75, 5.75, 8.25, 5.5], "texture": "#0"},
				"down": {"uv": [8.75, 5.75, 8.25, 6], "texture": "#0"}
			}
		},
		{
			"name": "text_ridecount",
			"from": [2.8236, 16.16452, 7.7824],
			"to": [3.378, 16.99612, 8.8912],
			"rotation": {"angle": 0, "axis": "y", "origin": [5.0412, 21.1264, 7.7824]},
			"faces": {
				"north": {"uv": [2.5, 9, 2.75, 9.25], "texture": "#0"},
				"east": {"uv": [9, 2.5, 9.25, 2.75], "texture": "#0"},
				"south": {"uv": [2.75, 9, 3, 9.25], "texture": "#0"},
				"west": {"uv": [9, 2.75, 9.25, 3], "texture": "#0"},
				"up": {"uv": [3.25, 9.25, 3, 9], "texture": "#0"},
				"down": {"uv": [9.25, 3, 9, 3.25], "texture": "#0"}
			}
		},
		{
			"name": "text_ridecount",
			"from": [3.6552, 16.44172, 7.7824],
			"to": [4.2096, 16.99612, 8.8912],
			"rotation": {"angle": 0, "axis": "y", "origin": [5.0412, 21.1264, 7.7824]},
			"faces": {
				"north": {"uv": [3.25, 9, 3.5, 9.25], "texture": "#0"},
				"east": {"uv": [9, 3.25, 9.25, 3.5], "texture": "#0"},
				"south": {"uv": [9, 3.5, 9.25, 3.75], "texture": "#0"},
				"west": {"uv": [9, 3.75, 9.25, 4], "texture": "#0"},
				"up": {"uv": [9.25, 4.25, 9, 4], "texture": "#0"},
				"down": {"uv": [9.25, 4.25, 9, 4.5], "texture": "#0"}
			}
		},
		{
			"name": "text_ridecount",
			"from": [4.4868, 16.16452, 7.7824],
			"to": [5.0412, 16.99612, 8.8912],
			"rotation": {"angle": 0, "axis": "y", "origin": [5.0412, 21.1264, 7.7824]},
			"faces": {
				"north": {"uv": [9, 4.5, 9.25, 4.75], "texture": "#0"},
				"east": {"uv": [9, 4.75, 9.25, 5], "texture": "#0"},
				"south": {"uv": [5, 9, 5.25, 9.25], "texture": "#0"},
				"west": {"uv": [9, 5, 9.25, 5.25], "texture": "#0"},
				"up": {"uv": [5.5, 9.25, 5.25, 9], "texture": "#0"},
				"down": {"uv": [9.25, 5.25, 9, 5.5], "texture": "#0"}
			}
		},
		{
			"name": "text_ridecount",
			"from": [2.8236, 15.22696, 7.7824],
			"to": [5.0412, 15.78136, 8.8912],
			"rotation": {"angle": 0, "axis": "y", "origin": [5.0412, 20.8264, 7.7824]},
			"faces": {
				"north": {"uv": [6, 8.25, 6.5, 8.5], "texture": "#0"},
				"east": {"uv": [5.5, 9, 5.75, 9.25], "texture": "#0"},
				"south": {"uv": [8.25, 6, 8.75, 6.25], "texture": "#0"},
				"west": {"uv": [9, 5.5, 9.25, 5.75], "texture": "#0"},
				"up": {"uv": [7, 8.5, 6.5, 8.25], "texture": "#0"},
				"down": {"uv": [8.75, 6.75, 8.25, 7], "texture": "#0"}
			}
		},
		{
			"name": "text_ridecount",
			"from": [2.8236, 14.39536, 7.7824],
			"to": [3.378, 15.22696, 8.8912],
			"rotation": {"angle": 0, "axis": "y", "origin": [5.0412, 20.8264, 7.7824]},
			"faces": {
				"north": {"uv": [5.75, 9, 6, 9.25], "texture": "#0"},
				"east": {"uv": [9, 5.75, 9.25, 6], "texture": "#0"},
				"south": {"uv": [6, 9, 6.25, 9.25], "texture": "#0"},
				"west": {"uv": [9, 6, 9.25, 6.25], "texture": "#0"},
				"up": {"uv": [6.5, 9.25, 6.25, 9], "texture": "#0"},
				"down": {"uv": [9.25, 6.25, 9, 6.5], "texture": "#0"}
			}
		},
		{
			"name": "text_ridecount",
			"from": [4.4868, 14.39536, 7.7824],
			"to": [5.0412, 15.22696, 8.8912],
			"rotation": {"angle": 0, "axis": "y", "origin": [5.0412, 20.8264, 7.7824]},
			"faces": {
				"north": {"uv": [6.5, 9, 6.75, 9.25], "texture": "#0"},
				"east": {"uv": [9, 6.5, 9.25, 6.75], "texture": "#0"},
				"south": {"uv": [6.75, 9, 7, 9.25], "texture": "#0"},
				"west": {"uv": [9, 6.75, 9.25, 7], "texture": "#0"},
				"up": {"uv": [7.25, 9.25, 7, 9], "texture": "#0"},
				"down": {"uv": [9.25, 7, 9, 7.25], "texture": "#0"}
			}
		},
		{
			"name": "text_ridecount",
			"from": [2.8236, 13.4578, 7.7824],
			"to": [5.0412, 14.0122, 8.8912],
			"rotation": {"angle": 0, "axis": "y", "origin": [5.0412, 20.5264, 7.7824]},
			"faces": {
				"north": {"uv": [8.25, 7, 8.75, 7.25], "texture": "#0"},
				"east": {"uv": [7.25, 9, 7.5, 9.25], "texture": "#0"},
				"south": {"uv": [7.75, 8.25, 8.25, 8.5], "texture": "#0"},
				"west": {"uv": [9, 7.25, 9.25, 7.5], "texture": "#0"},
				"up": {"uv": [8.75, 8, 8.25, 7.75], "texture": "#0"},
				"down": {"uv": [8.75, 8, 8.25, 8.25], "texture": "#0"}
			}
		},
		{
			"name": "text_ridecount",
			"from": [2.8236, 12.9034, 7.7824],
			"to": [3.378, 13.4578, 8.8912],
			"rotation": {"angle": 0, "axis": "y", "origin": [5.0412, 20.5264, 7.7824]},
			"faces": {
				"north": {"uv": [7.5, 9, 7.75, 9.25], "texture": "#0"},
				"east": {"uv": [9, 7.5, 9.25, 7.75], "texture": "#0"},
				"south": {"uv": [7.75, 9, 8, 9.25], "texture": "#0"},
				"west": {"uv": [9, 7.75, 9.25, 8], "texture": "#0"},
				"up": {"uv": [8.25, 9.25, 8, 9], "texture": "#0"},
				"down": {"uv": [9.25, 8, 9, 8.25], "texture": "#0"}
			}
		},
		{
			"name": "text_ridecount",
			"from": [2.8236, 12.349, 7.7824],
			"to": [5.0412, 12.9034, 8.8912],
			"rotation": {"angle": 0, "axis": "y", "origin": [5.0412, 20.5264, 7.7824]},
			"faces": {
				"north": {"uv": [8.25, 8.25, 8.75, 8.5], "texture": "#0"},
				"east": {"uv": [8.25, 9, 8.5, 9.25], "texture": "#0"},
				"south": {"uv": [0, 8.5, 0.5, 8.75], "texture": "#0"},
				"west": {"uv": [9, 8.25, 9.25, 8.5], "texture": "#0"},
				"up": {"uv": [1, 8.75, 0.5, 8.5], "texture": "#0"},
				"down": {"uv": [1.5, 8.5, 1, 8.75], "texture": "#0"}
			}
		},
		{
			"name": "text_ridecount",
			"from": [4.4868, 12.9034, 7.7824],
			"to": [5.0412, 13.4578, 8.8912],
			"rotation": {"angle": 0, "axis": "y", "origin": [5.0412, 20.5264, 7.7824]},
			"faces": {
				"north": {"uv": [8.5, 9, 8.75, 9.25], "texture": "#0"},
				"east": {"uv": [9, 8.5, 9.25, 8.75], "texture": "#0"},
				"south": {"uv": [8.75, 9, 9, 9.25], "texture": "#0"},
				"west": {"uv": [9, 8.75, 9.25, 9], "texture": "#0"},
				"up": {"uv": [9.25, 9.25, 9, 9], "texture": "#0"},
				"down": {"uv": [0.25, 9.25, 0, 9.5], "texture": "#0"}
			}
		},
		{
			"name": "text_ridecount",
			"from": [2.8236, 11.31144, 7.7824],
			"to": [5.0412, 11.86584, 8.8912],
			"rotation": {"angle": 0, "axis": "y", "origin": [5.0412, 20.1264, 7.7824]},
			"faces": {
				"north": {"uv": [1.5, 8.5, 2, 8.75], "texture": "#0"},
				"east": {"uv": [9.25, 0, 9.5, 0.25], "texture": "#0"},
				"south": {"uv": [2, 8.5, 2.5, 8.75], "texture": "#0"},
				"west": {"uv": [0.25, 9.25, 0.5, 9.5], "texture": "#0"},
				"up": {"uv": [3, 8.75, 2.5, 8.5], "texture": "#0"},
				"down": {"uv": [3.5, 8.5, 3, 8.75], "texture": "#0"}
			}
		},
		{
			"name": "text_ridecount",
			"from": [2.8236, 10.20264, 7.7824],
			"to": [5.0412, 10.75704, 8.8912],
			"rotation": {"angle": 0, "axis": "y", "origin": [5.0412, 20.1264, 7.7824]},
			"faces": {
				"north": {"uv": [5, 8.5, 5.5, 8.75], "texture": "#0"},
				"east": {"uv": [9.25, 0.25, 9.5, 0.5], "texture": "#0"},
				"south": {"uv": [5.5, 8.5, 6, 8.75], "texture": "#0"},
				"west": {"uv": [0.5, 9.25, 0.75, 9.5], "texture": "#0"},
				"up": {"uv": [6.5, 8.75, 6, 8.5], "texture": "#0"},
				"down": {"uv": [9, 6.25, 8.5, 6.5], "texture": "#0"}
			}
		},
		{
			"name": "text_ridecount",
			"from": [4.4868, 10.75704, 7.7824],
			"to": [5.0412, 11.31144, 8.8912],
			"rotation": {"angle": 0, "axis": "y", "origin": [5.0412, 20.1264, 7.7824]},
			"faces": {
				"north": {"uv": [9.25, 0.5, 9.5, 0.75], "texture": "#0"},
				"east": {"uv": [0.75, 9.25, 1, 9.5], "texture": "#0"},
				"south": {"uv": [9.25, 0.75, 9.5, 1], "texture": "#0"},
				"west": {"uv": [1, 9.25, 1.25, 9.5], "texture": "#0"},
				"up": {"uv": [9.5, 1.25, 9.25, 1], "texture": "#0"},
				"down": {"uv": [1.5, 9.25, 1.25, 9.5], "texture": "#0"}
			}
		},
		{
			"name": "text_ridecount",
			"from": [2.8236, 9.26508, 7.7824],
			"to": [5.0412, 9.81948, 8.8912],
			"rotation": {"angle": 0, "axis": "y", "origin": [5.0412, 19.8264, 7.7824]},
			"faces": {
				"north": {"uv": [6.5, 8.5, 7, 8.75], "texture": "#0"},
				"east": {"uv": [9.25, 1.25, 9.5, 1.5], "texture": "#0"},
				"south": {"uv": [8.5, 6.5, 9, 6.75], "texture": "#0"},
				"west": {"uv": [1.5, 9.25, 1.75, 9.5], "texture": "#0"},
				"up": {"uv": [7.5, 8.75, 7, 8.5], "texture": "#0"},
				"down": {"uv": [9, 7.25, 8.5, 7.5], "texture": "#0"}
			}
		},
		{
			"name": "text_ridecount",
			"from": [2.8236, 8.15628, 7.7824],
			"to": [5.0412, 8.71068, 8.8912],
			"rotation": {"angle": 0, "axis": "y", "origin": [5.0412, 19.8264, 7.7824]},
			"faces": {
				"north": {"uv": [7.5, 8.5, 8, 8.75], "texture": "#0"},
				"east": {"uv": [9.25, 1.5, 9.5, 1.75], "texture": "#0"},
				"south": {"uv": [8.5, 7.5, 9, 7.75], "texture": "#0"},
				"west": {"uv": [1.75, 9.25, 2, 9.5], "texture": "#0"},
				"up": {"uv": [8.5, 8.75, 8, 8.5], "texture": "#0"},
				"down": {"uv": [9, 8.5, 8.5, 8.75], "texture": "#0"}
			}
		},
		{
			"name": "text_ridecount",
			"from": [3.378, 8.98788, 7.7824],
			"to": [4.2096, 9.26508, 8.8912],
			"rotation": {"angle": 0, "axis": "y", "origin": [5.0412, 19.8264, 7.7824]},
			"faces": {
				"north": {"uv": [9.25, 1.75, 9.5, 2], "texture": "#0"},
				"east": {"uv": [2, 9.25, 2.25, 9.5], "texture": "#0"},
				"south": {"uv": [9.25, 2, 9.5, 2.25], "texture": "#0"},
				"west": {"uv": [2.25, 9.25, 2.5, 9.5], "texture": "#0"},
				"up": {"uv": [9.5, 2.5, 9.25, 2.25], "texture": "#0"},
				"down": {"uv": [2.75, 9.25, 2.5, 9.5], "texture": "#0"}
			}
		},
		{
			"name": "text_ridecount",
			"from": [3.6552, 8.71068, 7.7824],
			"to": [4.4868, 8.98788, 8.8912],
			"rotation": {"angle": 0, "axis": "y", "origin": [5.0412, 19.8264, 7.7824]},
			"faces": {
				"north": {"uv": [9.25, 2.5, 9.5, 2.75], "texture": "#0"},
				"east": {"uv": [2.75, 9.25, 3, 9.5], "texture": "#0"},
				"south": {"uv": [9.25, 2.75, 9.5, 3], "texture": "#0"},
				"west": {"uv": [3, 9.25, 3.25, 9.5], "texture": "#0"},
				"up": {"uv": [9.5, 3.25, 9.25, 3], "texture": "#0"},
				"down": {"uv": [3.5, 9.25, 3.25, 9.5], "texture": "#0"}
			}
		},
		{
			"name": "text_ridecount",
			"from": [3.378, 6.90292, 7.7824],
			"to": [5.0412, 7.45732, 8.8912],
			"rotation": {"angle": 0, "axis": "y", "origin": [5.0412, 19.6264, 7.7824]},
			"faces": {
				"north": {"uv": [0, 8.75, 0.5, 9], "texture": "#0"},
				"east": {"uv": [9.25, 3.25, 9.5, 3.5], "texture": "#0"},
				"south": {"uv": [0.5, 8.75, 1, 9], "texture": "#0"},
				"west": {"uv": [3.5, 9.25, 3.75, 9.5], "texture": "#0"},
				"up": {"uv": [1.5, 9, 1, 8.75], "texture": "#0"},
				"down": {"uv": [2, 8.75, 1.5, 9], "texture": "#0"}
			}
		},
		{
			"name": "text_ridecount",
			"from": [2.8236, 6.51186, 7.7824],
			"to": [3.378, 7.89786, 8.8912],
			"rotation": {"angle": 0, "axis": "y", "origin": [5.0412, 19.5264, 7.7824]},
			"faces": {
				"north": {"uv": [9.25, 3.5, 9.5, 3.75], "texture": "#0"},
				"east": {"uv": [3.75, 9.25, 4, 9.5], "texture": "#0"},
				"south": {"uv": [9.25, 3.75, 9.5, 4], "texture": "#0"},
				"west": {"uv": [4, 9.25, 4.25, 9.5], "texture": "#0"},
				"up": {"uv": [9.5, 4.25, 9.25, 4], "texture": "#0"},
				"down": {"uv": [4.5, 9.25, 4.25, 9.5], "texture": "#0"}
			}
		}
	],
	"display": {
		"gui": {
			"rotation": [-1, 167, 0],
			"translation": [0, -1.5, 0],
			"scale": [0.5, 0.5, 0.5]
		},
		"head": {
			"translation": [0, 4.25, 0],
			"scale": [1.47, 1.47, 1.47]
		}
	},
	"groups": [
		0,
		1,
		2,
		3,
		4,
		{
			"name": "text_ridecount",
			"origin": [34.95, 12, 14],
			"color": 3,
			"children": [
				{
					"name": "character_r",
					"origin": [34.95, 12, 14],
					"color": 3,
					"children": [5, 6, 7, 8, 9, 10]
				},
				{
					"name": "character_i",
					"origin": [34.95, 12, 14],
					"color": 3,
					"children": [11]
				},
				{
					"name": "character_d",
					"origin": [34.95, 12, 14],
					"color": 3,
					"children": [12, 13, 14, 15, 16]
				},
				{
					"name": "character_e",
					"origin": [34.95, 12, 14],
					"color": 3,
					"children": [17, 18, 19, 20]
				},
				{
					"name": "character_c",
					"origin": [34.95, 12, 14],
					"color": 3,
					"children": [21, 22, 23]
				},
				{
					"name": "character_o",
					"origin": [34.95, 12, 14],
					"color": 3,
					"children": [24, 25, 26, 27]
				},
				{
					"name": "character_u",
					"origin": [34.95, 12, 14],
					"color": 3,
					"children": [28, 29, 30]
				},
				{
					"name": "character_n",
					"origin": [34.95, 12, 14],
					"color": 3,
					"children": [31, 32, 33, 34]
				},
				{
					"name": "character_t",
					"origin": [34.95, 12, 14],
					"color": 3,
					"children": [35, 36]
				}
			]
		}
	]
}