{
	"credit": "Made with Blockbench",
	"textures": {
		"0": "item/zonegauloise_icon",
		"particle": "item/zonegauloise_icon"
	},
	"elements": [
		{
			"from": [0, 0, 0],
			"to": [5, 5, 0.1],
			"faces": {
				"north": {"uv": [0, 0, 16, 16], "texture": "#0"},
				"east": {"uv": [0, 0, 2, 5], "texture": "#missing"},
				"south": {"uv": [0, 0, 5, 5], "texture": "#missing"},
				"west": {"uv": [0, 0, 2, 5], "texture": "#missing"},
				"up": {"uv": [0, 0, 5, 2], "texture": "#missing"},
				"down": {"uv": [0, 0, 5, 2], "texture": "#missing"}
			}
		}
	],
	"display": {
		"gui": {
			"rotation": [0, 180, 0],
			"translation": [-15.5, 15.25, 0],
			"scale": [2.79, 2.79, 2.79]
		}
	}
}