{
	"credit": "Made with Blockbench",
	"textures": {
		"0": "block/anvil",
		"1": "block/7",
		"particle": "block/anvil"
	},
	"elements": [
		{
			"from": [-4.88, -3.355, 8.3475],
			"to": [20.88, 14.355, 9.1525],
			"rotation": {"angle": 0, "axis": "y", "origin": [-4.88, -3.355, -5.3375]},
			"faces": {
				"north": {"uv": [0, 0, 16, 16], "texture": "#1"},
				"east": {"uv": [0, 0, 0.5, 11], "texture": "#missing"},
				"south": {"uv": [0, 0, 16, 11], "texture": "#0"},
				"west": {"uv": [0, 0, 0.5, 11], "texture": "#missing"},
				"up": {"uv": [0, 0, 16, 0.5], "texture": "#missing"},
				"down": {"uv": [0, 0, 16, 0.5], "texture": "#missing"}
			}
		},
		{
			"from": [-4.88, 14.355, 7.8475],
			"to": [20.88, 15.355, 9.6525],
			"rotation": {"angle": 0, "axis": "y", "origin": [-4.88, -3.355, -5.3375]},
			"faces": {
				"north": {"uv": [0, 0, 16, 11], "texture": "#0"},
				"east": {"uv": [0, 0, 16, 11], "texture": "#0"},
				"south": {"uv": [0, 0, 16, 11], "texture": "#0"},
				"west": {"uv": [0, 0, 16, 11], "texture": "#0"},
				"up": {"uv": [0, 0, 16, 11], "texture": "#0"},
				"down": {"uv": [0, 0, 16, 11], "texture": "#0"}
			}
		},
		{
			"from": [20.88, -3.395, 7.8475],
			"to": [21.88, 14.355, 9.6525],
			"rotation": {"angle": 0, "axis": "y", "origin": [-4.88, -3.355, -5.3375]},
			"faces": {
				"north": {"uv": [0, 0, 16, 11], "texture": "#0"},
				"east": {"uv": [0, 0, 16, 11], "texture": "#0"},
				"south": {"uv": [0, 0, 16, 11], "texture": "#0"},
				"west": {"uv": [0, 0, 16, 11], "texture": "#0"},
				"up": {"uv": [0, 0, 16, 11], "texture": "#0"},
				"down": {"uv": [0, 0, 16, 11], "texture": "#0"}
			}
		},
		{
			"from": [-5.88, -3.395, 7.8475],
			"to": [-4.88, 14.355, 9.6525],
			"rotation": {"angle": 0, "axis": "y", "origin": [20.88, -3.355, -5.3375]},
			"faces": {
				"north": {"uv": [16, 0, 0, 11], "texture": "#0"},
				"east": {"uv": [16, 0, 0, 11], "texture": "#0"},
				"south": {"uv": [16, 0, 0, 11], "texture": "#0"},
				"west": {"uv": [16, 0, 0, 11], "texture": "#0"},
				"up": {"uv": [16, 0, 0, 11], "texture": "#0"},
				"down": {"uv": [16, 0, 0, 11], "texture": "#0"}
			}
		},
		{
			"from": [-4.88, -4.345, 7.8475],
			"to": [20.88, -3.345, 9.6525],
			"rotation": {"angle": 0, "axis": "y", "origin": [-4.88, -3.355, -5.3375]},
			"faces": {
				"north": {"uv": [0, 0, 16, 11], "texture": "#0"},
				"east": {"uv": [0, 0, 16, 11], "texture": "#0"},
				"south": {"uv": [0, 0, 16, 11], "texture": "#0"},
				"west": {"uv": [0, 0, 16, 11], "texture": "#0"},
				"up": {"uv": [0, 0, 16, 11], "texture": "#0"},
				"down": {"uv": [0, 0, 16, 11], "texture": "#0"}
			}
		}
	],
	"display": {
		"head": {
			"scale": [4, 4, 4]
		}
	}
}