{
	"credit": "Made with Blockbench",
	"textures": {
		"0": "block/pass",
		"particle": "block/pass"
	},
	"elements": [
		{
			"from": [0, 0, 1],
			"to": [16, 10, 1],
			"faces": {
				"north": {"uv": [0, 0, 16, 16], "texture": "#0"},
				"east": {"uv": [0, 0, 1, 10], "texture": "#missing"},
				"south": {"uv": [0, 0, 16, 16], "texture": "#0"},
				"west": {"uv": [0, 0, 1, 10], "texture": "#missing"},
				"up": {"uv": [0, 0, 16, 1], "texture": "#missing"},
				"down": {"uv": [0, 0, 16, 1], "texture": "#missing"}
			}
		}
	],
	"display": {
		"thirdperson_righthand": {
			"rotation": [0, 34, 0],
			"translation": [-1.75, 1.25, 1.75],
			"scale": [0.25, 0.25, 0.25]
		},
		"thirdperson_lefthand": {
			"rotation": [0, 34, 0],
			"translation": [-1.75, 1.25, 1.75],
			"scale": [0.25, 0.25, 0.25]
		},
		"firstperson_righthand": {
			"translation": [9.25, 0, 0]
		},
		"firstperson_lefthand": {
			"translation": [9.25, 0, 0]
		},
		"ground": {
			"translation": [0, 3.5, 0],
			"scale": [0.49, 0.49, 0.49]
		},
		"gui": {
			"rotation": [-3, 0, 0],
			"translation": [0, 3, 0],
			"scale": [0.98, 0.98, 0.98]
		},
		"fixed": {
			"translation": [0, 2.5, 6.25]
		}
	}
}