{
	"credit": "Made with Blockbench",
	"textures": {
		"0": "block/pinsferrari",
		"particle": "block/pinsferrari"
	},
	"elements": [
		{
			"from": [7, 0, 9.05333],
			"to": [9, 3, 9.05333],
			"faces": {
				"north": {"uv": [2.048, 0, 14.368, 16], "texture": "#0"},
				"east": {"uv": [2.048, 0, 14.368, 16], "texture": "#0"},
				"south": {"uv": [2.048, 0, 14.368, 16], "texture": "#0"},
				"west": {"uv": [2.048, 0, 14.368, 16], "texture": "#0"},
				"up": {"uv": [2.048, 0, 14.368, 16], "texture": "#0"},
				"down": {"uv": [2.048, 0, 14.368, 16], "texture": "#0"}
			}
		},
		{
			"from": [7, 0, 9.10667],
			"to": [9, 3, 9.10667],
			"faces": {
				"north": {"uv": [2.048, 0, 14.368, 16], "texture": "#0"},
				"east": {"uv": [2.048, 0, 14.368, 16], "texture": "#0"},
				"south": {"uv": [2.048, 0, 14.368, 16], "texture": "#0"},
				"west": {"uv": [2.048, 0, 14.368, 16], "texture": "#0"},
				"up": {"uv": [2.048, 0, 14.368, 16], "texture": "#0"},
				"down": {"uv": [2.048, 0, 14.368, 16], "texture": "#0"}
			}
		},
		{
			"from": [7, 0, 9.16],
			"to": [9, 3, 9.16],
			"faces": {
				"north": {"uv": [2.048, 0, 14.368, 16], "texture": "#0"},
				"east": {"uv": [2.048, 0, 14.368, 16], "texture": "#0"},
				"south": {"uv": [2.048, 0, 14.368, 16], "texture": "#0"},
				"west": {"uv": [2.048, 0, 14.368, 16], "texture": "#0"},
				"up": {"uv": [2.048, 0, 14.368, 16], "texture": "#0"},
				"down": {"uv": [2.048, 0, 14.368, 16], "texture": "#0"}
			}
		},
		{
			"from": [7, 0, 9.21333],
			"to": [9, 3, 9.21333],
			"faces": {
				"north": {"uv": [2.048, 0, 14.368, 16], "texture": "#0"},
				"east": {"uv": [2.048, 0, 14.368, 16], "texture": "#0"},
				"south": {"uv": [2.048, 0, 14.368, 16], "texture": "#0"},
				"west": {"uv": [2.048, 0, 14.368, 16], "texture": "#0"},
				"up": {"uv": [2.048, 0, 14.368, 16], "texture": "#0"},
				"down": {"uv": [2.048, 0, 14.368, 16], "texture": "#0"}
			}
		},
		{
			"from": [7, 0, 9],
			"to": [9, 3, 9],
			"faces": {
				"north": {"uv": [2.048, 0, 14.368, 16], "texture": "#0"},
				"east": {"uv": [2.048, 0, 14.368, 16], "texture": "#0"},
				"south": {"uv": [2.048, 0, 14.368, 16], "texture": "#0"},
				"west": {"uv": [2.048, 0, 14.368, 16], "texture": "#0"},
				"up": {"uv": [2.048, 0, 14.368, 16], "texture": "#0"},
				"down": {"uv": [2.048, 0, 14.368, 16], "texture": "#0"}
			}
		}
	],
	"display": {
		"thirdperson_righthand": {
			"translation": [0, 15.25, -1.75],
			"scale": [2, 2, 2]
		},
		"thirdperson_lefthand": {
			"translation": [0, 15.25, -1.5],
			"scale": [2, 2, 2]
		},
		"firstperson_righthand": {
			"translation": [-2.75, 19, 3],
			"scale": [2, 2, 2]
		},
		"firstperson_lefthand": {
			"translation": [-1.75, 18, 2],
			"scale": [2, 2, 2]
		},
		"ground": {
			"rotation": [90, 0, 0],
			"translation": [0, 0, 12.75],
			"scale": [2, 2, 2]
		},
		"gui": {
			"translation": [0, 25.25, 0],
			"scale": [4, 4, 4]
		},
		"fixed": {
			"translation": [0, 24.75, -3.5],
			"scale": [4, 4, 4]
		}
	}
}