{
	"credit": "Made with Blockbench",
	"textures": {
		"0": "block/remiskin",
		"particle": "block/remiskin"
	},
	"elements": [
		{
			"name": "right_arm",
			"from": [0, 11.5, 6],
			"to": [4, 23.5, 10],
			"rotation": {"angle": 0, "axis": "y", "origin": [16, 0, 0]},
			"faces": {
				"north": {"uv": [12, 5, 11, 8], "texture": "#0"},
				"east": {"uv": [13, 5, 12, 8], "texture": "#0"},
				"south": {"uv": [14, 5, 13, 8], "texture": "#0"},
				"west": {"uv": [11, 5, 10, 8], "texture": "#0"},
				"up": {"uv": [11, 5, 12, 4], "texture": "#0"},
				"down": {"uv": [12, 4, 13, 5], "texture": "#0"}
			}
		},
		{
			"name": "right_arm_2nd_layer",
			"from": [-0.49, 11, 5.5],
			"to": [4.5, 24, 10.5],
			"rotation": {"angle": 0, "axis": "y", "origin": [16, 0, 0]},
			"faces": {
				"north": {"uv": [12, 9, 11, 12], "texture": "#0"},
				"east": {"uv": [13, 9, 12, 12], "texture": "#0"},
				"south": {"uv": [14, 9, 13, 12], "texture": "#0"},
				"west": {"uv": [11, 9, 10, 12], "texture": "#0"},
				"up": {"uv": [11, 9, 12, 8], "texture": "#0"},
				"down": {"uv": [12, 8, 13, 9], "texture": "#0"}
			}
		}
	],
	"display": {},
	"groups": [
		{
			"name": "steve",
			"origin": [8, 8, 8],
			"color": 0,
			"nbt": "{}",
			"children": [0, 1]
		}
	]
}