{
	"credit": "Made with Blockbench",
	"textures": {
		"1": "block/birch_planks",
		"2": "block/light_gray_terracotta",
		"texture": "block/poubelleegyptebords",
		"particle": "block/birch_planks"
	},
	"elements": [
		{
			"from": [0, 0, 0],
			"to": [1, 21, 1],
			"faces": {
				"north": {"uv": [0, 0, 16, 16], "texture": "#texture"},
				"east": {"uv": [0, 0, 16, 16], "texture": "#texture"},
				"south": {"uv": [0, 0, 16, 16], "texture": "#texture"},
				"west": {"uv": [0, 0, 16, 16], "texture": "#texture"},
				"up": {"uv": [0, 0, 16, 16], "texture": "#texture"},
				"down": {"uv": [0, 0, 16, 16], "texture": "#texture", "cullface": "down"}
			}
		},
		{
			"from": [0, 0, 15],
			"to": [1, 21, 16],
			"faces": {
				"north": {"uv": [0, 0, 16, 16], "texture": "#texture"},
				"east": {"uv": [0, 0, 16, 16], "texture": "#texture"},
				"south": {"uv": [0, 0, 16, 16], "texture": "#texture"},
				"west": {"uv": [0, 0, 16, 16], "texture": "#texture"},
				"up": {"uv": [0, 0, 16, 16], "texture": "#texture"},
				"down": {"uv": [0, 0, 16, 16], "texture": "#texture", "cullface": "down"}
			}
		},
		{
			"from": [15, 0, 0],
			"to": [16, 21, 1],
			"faces": {
				"north": {"uv": [0, 0, 16, 16], "texture": "#texture"},
				"east": {"uv": [0, 0, 16, 16], "texture": "#texture"},
				"south": {"uv": [0, 0, 16, 16], "texture": "#texture"},
				"west": {"uv": [0, 0, 16, 16], "texture": "#texture"},
				"up": {"uv": [0, 0, 16, 16], "texture": "#texture"},
				"down": {"uv": [0, 0, 16, 16], "texture": "#texture", "cullface": "down"}
			}
		},
		{
			"from": [15, 0, 15],
			"to": [16, 21, 16],
			"faces": {
				"north": {"uv": [0, 0, 16, 16], "texture": "#texture"},
				"east": {"uv": [0, 0, 16, 16], "texture": "#texture"},
				"south": {"uv": [0, 0, 16, 16], "texture": "#texture"},
				"west": {"uv": [0, 0, 16, 16], "texture": "#texture"},
				"up": {"uv": [0, 0, 16, 16], "texture": "#texture"},
				"down": {"uv": [0, 0, 16, 16], "texture": "#texture", "cullface": "down"}
			}
		},
		{
			"from": [0.5, 13.5, 1],
			"to": [1, 15, 15],
			"faces": {
				"north": {"uv": [0, 4, 1.5, 4.5], "texture": "#1"},
				"east": {"uv": [0, 4, 1.5, 4.5], "texture": "#1"},
				"south": {"uv": [0, 4, 1.5, 4.5], "texture": "#1"},
				"west": {"uv": [0, 4, 1.5, 4.5], "texture": "#1"},
				"up": {"uv": [0, 4, 1.5, 4.5], "texture": "#1"},
				"down": {"uv": [0, 4, 1.5, 4.5], "texture": "#1"}
			}
		},
		{
			"from": [0.6, 15, 1],
			"to": [1.1, 21, 15],
			"faces": {
				"north": {"uv": [0, 4, 1.5, 4.5], "texture": "#1"},
				"east": {"uv": [0, 4, 1.5, 4.5], "texture": "#1"},
				"south": {"uv": [0, 4, 1.5, 4.5], "texture": "#1"},
				"west": {"uv": [0, 4, 1.5, 4.5], "texture": "#1"},
				"up": {"uv": [0, 4, 1.5, 4.5], "texture": "#1"},
				"down": {"uv": [0, 4, 1.5, 4.5], "texture": "#1"}
			}
		},
		{
			"from": [14.9, 15, 1],
			"to": [15.4, 21, 15],
			"faces": {
				"north": {"uv": [0, 4, 1.5, 4.5], "texture": "#1"},
				"east": {"uv": [0, 4, 1.5, 4.5], "texture": "#1"},
				"south": {"uv": [0, 4, 1.5, 4.5], "texture": "#1"},
				"west": {"uv": [0, 4, 1.5, 4.5], "texture": "#1"},
				"up": {"uv": [1.5, 4.5, 0, 4], "texture": "#1"},
				"down": {"uv": [1.5, 4.5, 0, 4], "texture": "#1"}
			}
		},
		{
			"from": [1, 0, 0],
			"to": [15, 21, 0.5],
			"faces": {
				"north": {"uv": [13, 9.5, 13.5, 10], "texture": "#1"},
				"east": {"uv": [13, 9.5, 13.5, 10], "texture": "#1"},
				"south": {"uv": [13, 9.5, 13.5, 10], "texture": "#1"},
				"west": {"uv": [13, 9.5, 13.5, 10], "texture": "#1"},
				"up": {"uv": [13, 9.5, 13.5, 10], "texture": "#1"},
				"down": {"uv": [13, 9.5, 13.5, 10], "texture": "#1"}
			}
		},
		{
			"from": [1, 0, 0.4],
			"to": [15, 21, 16],
			"faces": {
				"north": {"uv": [0, 0, 1, 0.5], "texture": "#1"},
				"east": {"uv": [0, 0, 1, 0.5], "texture": "#1"},
				"south": {"uv": [0, 0, 1, 0.5], "texture": "#1"},
				"west": {"uv": [0, 0, 1, 0.5], "texture": "#1"},
				"up": {"uv": [0, 0, 1, 0.5], "texture": "#1"},
				"down": {"uv": [0, 0, 1, 0.5], "texture": "#1"}
			}
		},
		{
			"from": [15, 0, 1],
			"to": [15.5, 3.5, 15],
			"faces": {
				"north": {"uv": [0, 0, 1, 0.5], "texture": "#1"},
				"east": {"uv": [0, 0, 1, 0.5], "texture": "#1"},
				"south": {"uv": [0, 0, 1, 0.5], "texture": "#1"},
				"west": {"uv": [0, 0, 1, 0.5], "texture": "#1"},
				"up": {"uv": [0, 0, 1, 0.5], "texture": "#1"},
				"down": {"uv": [0, 0, 1, 0.5], "texture": "#1"}
			}
		},
		{
			"from": [1, 0, 0.5],
			"to": [15, 0.5, 15.5],
			"faces": {
				"north": {"uv": [0, 4, 1.5, 4.5], "texture": "#1", "cullface": "down"},
				"east": {"uv": [0, 4, 1.5, 4.5], "texture": "#1", "cullface": "down"},
				"south": {"uv": [0, 4, 1.5, 4.5], "texture": "#1", "cullface": "down"},
				"west": {"uv": [0, 4, 1.5, 4.5], "texture": "#1", "cullface": "down"},
				"up": {"uv": [0, 4, 1.5, 4.5], "texture": "#1", "cullface": "down"},
				"down": {"uv": [0, 4, 1.5, 4.5], "texture": "#1", "cullface": "down"}
			}
		},
		{
			"from": [0.5, 0, 1],
			"to": [1, 3.5, 15],
			"faces": {
				"north": {"uv": [0, 0, 1, 0.5], "texture": "#1"},
				"east": {"uv": [0, 0, 1, 0.5], "texture": "#1"},
				"south": {"uv": [0, 0, 1, 0.5], "texture": "#1"},
				"west": {"uv": [0, 0, 1, 0.5], "texture": "#1"},
				"up": {"uv": [0, 0, 1, 0.5], "texture": "#1"},
				"down": {"uv": [0, 0, 1, 0.5], "texture": "#1"}
			}
		},
		{
			"from": [0.5, 3.5, 1],
			"to": [1, 13.5, 4.5],
			"faces": {
				"north": {"uv": [0, 4, 1.5, 4.5], "texture": "#1"},
				"east": {"uv": [0, 4, 1.5, 4.5], "texture": "#1"},
				"south": {"uv": [0, 4, 1.5, 4.5], "texture": "#1"},
				"west": {"uv": [0, 4, 1.5, 4.5], "texture": "#1"},
				"up": {"uv": [0, 4, 1.5, 4.5], "texture": "#1"},
				"down": {"uv": [0, 4, 1.5, 4.5], "texture": "#1"}
			}
		},
		{
			"from": [0.5, 3.5, 11.5],
			"to": [1, 13.5, 15],
			"faces": {
				"north": {"uv": [0, 0, 1, 0.5], "texture": "#1"},
				"east": {"uv": [0, 0, 1, 0.5], "texture": "#1"},
				"south": {"uv": [0, 0, 1, 0.5], "texture": "#1"},
				"west": {"uv": [0, 0, 1, 0.5], "texture": "#1"},
				"up": {"uv": [0, 0, 1, 0.5], "texture": "#1"},
				"down": {"uv": [0, 0, 1, 0.5], "texture": "#1"}
			}
		},
		{
			"from": [0.5, 3.5, 4.5],
			"to": [1, 13.5, 11.5],
			"faces": {
				"north": {"uv": [0, 0, 1, 0.5], "texture": "#1"},
				"east": {"uv": [0, 0, 1, 0.5], "texture": "#1"},
				"south": {"uv": [0, 0, 1, 0.5], "texture": "#1"},
				"west": {"uv": [0, 0, 1, 0.5], "texture": "#1"},
				"up": {"uv": [0, 0, 1, 0.5], "texture": "#1"},
				"down": {"uv": [0, 0, 1, 0.5], "texture": "#1"}
			}
		},
		{
			"from": [1, 15, 0.5],
			"to": [15, 15.5, 15.5],
			"faces": {
				"north": {"uv": [1, 0.5, 15, 1], "texture": "#texture"},
				"east": {"uv": [1, 0.5, 15, 1], "texture": "#texture"},
				"south": {"uv": [1, 0.5, 15, 1], "texture": "#texture"},
				"west": {"uv": [1, 0.5, 15, 1], "texture": "#texture"},
				"up": {"uv": [1, 1, 15, 15], "texture": "#texture"},
				"down": {"uv": [15, 15, 1, 1], "texture": "#texture"}
			}
		},
		{
			"from": [15, 3.5, 4.5],
			"to": [15.5, 13.5, 11.5],
			"faces": {
				"north": {"uv": [0, 0, 1, 0.5], "texture": "#1"},
				"east": {"uv": [0, 0, 1, 0.5], "texture": "#1"},
				"south": {"uv": [0, 0, 1, 0.5], "texture": "#1"},
				"west": {"uv": [0, 0, 1, 0.5], "texture": "#1"},
				"up": {"uv": [0, 0, 1, 0.5], "texture": "#1"},
				"down": {"uv": [0, 0, 1, 0.5], "texture": "#1"}
			}
		},
		{
			"from": [15, 3.5, 1],
			"to": [15.5, 13.5, 4.5],
			"faces": {
				"north": {"uv": [0, 0, 1, 0.5], "texture": "#1"},
				"east": {"uv": [0, 0, 1, 0.5], "texture": "#1"},
				"south": {"uv": [0, 0, 1, 0.5], "texture": "#1"},
				"west": {"uv": [0, 0, 1, 0.5], "texture": "#1"},
				"up": {"uv": [0, 0, 1, 0.5], "texture": "#1"},
				"down": {"uv": [0, 0, 1, 0.5], "texture": "#1"}
			}
		},
		{
			"from": [15, 3.5, 11.5],
			"to": [15.5, 13.5, 15],
			"faces": {
				"north": {"uv": [0, 0, 1, 0.5], "texture": "#1"},
				"east": {"uv": [0, 0, 1, 0.5], "texture": "#1"},
				"south": {"uv": [0, 0, 1, 0.5], "texture": "#1"},
				"west": {"uv": [0, 0, 1, 0.5], "texture": "#1"},
				"up": {"uv": [0, 0, 1, 0.5], "texture": "#1"},
				"down": {"uv": [0, 0, 1, 0.5], "texture": "#1"}
			}
		},
		{
			"from": [15, 13.5, 1],
			"to": [15.5, 15, 15],
			"faces": {
				"north": {"uv": [0, 0, 1, 0.5], "texture": "#1"},
				"east": {"uv": [0, 0, 1, 0.5], "texture": "#1"},
				"south": {"uv": [0, 0, 1, 0.5], "texture": "#1"},
				"west": {"uv": [0, 0, 1, 0.5], "texture": "#1"},
				"up": {"uv": [0, 0, 1, 0.5], "texture": "#1"},
				"down": {"uv": [0, 0, 1, 0.5], "texture": "#1"}
			}
		},
		{
			"from": [0.5, 14, 13.35563],
			"to": [1.5, 20, 14.35563],
			"rotation": {"angle": -45, "axis": "x", "origin": [8.5, 8, 9.65563]},
			"faces": {
				"north": {"uv": [0, 0, 1, 6], "texture": "#2"},
				"east": {"uv": [0, 0, 1, 6], "texture": "#2"},
				"south": {"uv": [0, 0, 1, 6], "texture": "#2"},
				"west": {"uv": [0, 0, 1, 6], "texture": "#2"},
				"up": {"uv": [0, 0, 1, 6], "texture": "#2"},
				"down": {"uv": [0, 0, 1, 6], "texture": "#2"}
			}
		},
		{
			"from": [14.5, 14, 1.64437],
			"to": [15.5, 20, 2.64437],
			"rotation": {"angle": 45, "axis": "x", "origin": [7.5, 8, 6.34437]},
			"faces": {
				"north": {"uv": [0, 0, 1, 6], "texture": "#2"},
				"east": {"uv": [0, 0, 1, 6], "texture": "#2"},
				"south": {"uv": [0, 0, 1, 6], "texture": "#2"},
				"west": {"uv": [0, 0, 1, 6], "texture": "#2"},
				"up": {"uv": [1, 6, 0, 0], "texture": "#2"},
				"down": {"uv": [1, 6, 0, 0], "texture": "#2"}
			}
		},
		{
			"from": [0.5, 13.85858, 1.64437],
			"to": [1.5, 19.85858, 2.64437],
			"rotation": {"angle": 45, "axis": "x", "origin": [8.5, 7.85858, 6.54437]},
			"faces": {
				"north": {"uv": [0, 0, 1, 6], "texture": "#2"},
				"east": {"uv": [0, 0, 1, 6], "texture": "#2"},
				"south": {"uv": [0, 0, 1, 6], "texture": "#2"},
				"west": {"uv": [0, 0, 1, 6], "texture": "#2"},
				"up": {"uv": [0, 0, 1, 6], "texture": "#2"},
				"down": {"uv": [0, 0, 1, 6], "texture": "#2"}
			}
		},
		{
			"from": [14.5, 13.85858, 13.35563],
			"to": [15.5, 19.85858, 14.35563],
			"rotation": {"angle": -45, "axis": "x", "origin": [7.5, 7.85858, 9.45563]},
			"faces": {
				"north": {"uv": [0, 0, 1, 6], "texture": "#2"},
				"east": {"uv": [0, 0, 1, 6], "texture": "#2"},
				"south": {"uv": [0, 0, 1, 6], "texture": "#2"},
				"west": {"uv": [0, 0, 1, 6], "texture": "#2"},
				"up": {"uv": [1, 6, 0, 0], "texture": "#2"},
				"down": {"uv": [1, 6, 0, 0], "texture": "#2"}
			}
		},
		{
			"from": [0.5, 19.10158, 3.78665],
			"to": [1.5, 20.10158, 12.28665],
			"faces": {
				"north": {"uv": [0, 0, 8.5, 1], "texture": "#2"},
				"east": {"uv": [0, 0, 8.5, 1], "texture": "#2"},
				"south": {"uv": [0, 0, 8.5, 1], "texture": "#2"},
				"west": {"uv": [0, 0, 8.5, 1], "texture": "#2"},
				"up": {"uv": [0, 0, 8.5, 1], "texture": "#2"},
				"down": {"uv": [0, 0, 8.5, 1], "texture": "#2"}
			}
		},
		{
			"from": [14.5, 19.10158, 3.71335],
			"to": [15.5, 20.10158, 12.21335],
			"faces": {
				"north": {"uv": [0, 0, 8.5, 1], "texture": "#2"},
				"east": {"uv": [0, 0, 8.5, 1], "texture": "#2"},
				"south": {"uv": [0, 0, 8.5, 1], "texture": "#2"},
				"west": {"uv": [0, 0, 8.5, 1], "texture": "#2"},
				"up": {"uv": [8.5, 1, 0, 0], "texture": "#2"},
				"down": {"uv": [8.5, 1, 0, 0], "texture": "#2"}
			}
		},
		{
			"from": [0.5, 17.80158, 5.18665],
			"to": [1.5, 20.10158, 10.88665],
			"faces": {
				"north": {"uv": [0, 0, 5.7, 2.3], "texture": "#2"},
				"east": {"uv": [0, 0, 5.7, 2.3], "texture": "#2"},
				"south": {"uv": [0, 0, 5.7, 2.3], "texture": "#2"},
				"west": {"uv": [0, 0, 5.7, 2.3], "texture": "#2"},
				"up": {"uv": [0, 0, 5.7, 2.3], "texture": "#2"},
				"down": {"uv": [0, 0, 5.7, 2.3], "texture": "#2"}
			}
		},
		{
			"from": [14.5, 17.80158, 5.11335],
			"to": [15.5, 20.10158, 10.81335],
			"faces": {
				"north": {"uv": [0, 0, 5.7, 2.3], "texture": "#2"},
				"east": {"uv": [0, 0, 5.7, 2.3], "texture": "#2"},
				"south": {"uv": [0, 0, 5.7, 2.3], "texture": "#2"},
				"west": {"uv": [0, 0, 5.7, 2.3], "texture": "#2"},
				"up": {"uv": [5.7, 2.3, 0, 0], "texture": "#2"},
				"down": {"uv": [5.7, 2.3, 0, 0], "texture": "#2"}
			}
		},
		{
			"from": [0.5, 16.80158, 6.38665],
			"to": [1.5, 20.10158, 9.68665],
			"faces": {
				"north": {"uv": [0, 0, 3.3, 3.3], "texture": "#2"},
				"east": {"uv": [0, 0, 3.3, 3.3], "texture": "#2"},
				"south": {"uv": [0, 0, 3.3, 3.3], "texture": "#2"},
				"west": {"uv": [0, 0, 3.3, 3.3], "texture": "#2"},
				"up": {"uv": [0, 0, 3.3, 3.3], "texture": "#2"},
				"down": {"uv": [0, 0, 3.3, 3.3], "texture": "#2"}
			}
		},
		{
			"from": [14.5, 16.80158, 6.31335],
			"to": [15.5, 20.10158, 9.61335],
			"faces": {
				"north": {"uv": [0, 0, 3.3, 3.3], "texture": "#2"},
				"east": {"uv": [0, 0, 3.3, 3.3], "texture": "#2"},
				"south": {"uv": [0, 0, 3.3, 3.3], "texture": "#2"},
				"west": {"uv": [0, 0, 3.3, 3.3], "texture": "#2"},
				"up": {"uv": [3.3, 3.3, 0, 0], "texture": "#2"},
				"down": {"uv": [3.3, 3.3, 0, 0], "texture": "#2"}
			}
		},
		{
			"from": [0.5, 16.10158, 7.18665],
			"to": [1.5, 20.10158, 8.78665],
			"faces": {
				"north": {"uv": [0, 0, 1.6, 4], "texture": "#2"},
				"east": {"uv": [0, 0, 1.6, 4], "texture": "#2"},
				"south": {"uv": [0, 0, 1.6, 4], "texture": "#2"},
				"west": {"uv": [0, 0, 1.6, 4], "texture": "#2"},
				"up": {"uv": [0, 0, 1.6, 4], "texture": "#2"},
				"down": {"uv": [0, 0, 1.6, 4], "texture": "#2"}
			}
		},
		{
			"from": [14.5, 16.10158, 7.21335],
			"to": [15.5, 20.10158, 8.81335],
			"faces": {
				"north": {"uv": [0, 0, 1.6, 4], "texture": "#2"},
				"east": {"uv": [0, 0, 1.6, 4], "texture": "#2"},
				"south": {"uv": [0, 0, 1.6, 4], "texture": "#2"},
				"west": {"uv": [0, 0, 1.6, 4], "texture": "#2"},
				"up": {"uv": [1.6, 4, 0, 0], "texture": "#2"},
				"down": {"uv": [1.6, 4, 0, 0], "texture": "#2"}
			}
		},
		{
			"from": [1, 14.09141, -5.56115],
			"to": [15, 15.09141, -4.56115],
			"rotation": {"angle": 45, "axis": "x", "origin": [4, 9.79141, 6.93885]},
			"faces": {
				"north": {"uv": [0, 0, 0.5, 0.5], "texture": "#1"},
				"east": {"uv": [0, 0, 0.5, 0.5], "texture": "#1"},
				"south": {"uv": [0, 0, 0.5, 0.5], "texture": "#1"},
				"west": {"uv": [0, 0, 0.5, 0.5], "texture": "#1"},
				"up": {"uv": [0, 0, 0.5, 0.5], "rotation": 90, "texture": "#1"},
				"down": {"uv": [0, 0, 0.5, 0.5], "rotation": 270, "texture": "#1"}
			}
		},
		{
			"from": [1, 13.09141, -5.56115],
			"to": [15, 14.09141, -4.56115],
			"rotation": {"angle": 45, "axis": "x", "origin": [4, 9.79141, 6.93885]},
			"faces": {
				"north": {"uv": [0, 0, 0.5, 0.5], "texture": "#1"},
				"east": {"uv": [0, 0, 0.5, 0.5], "texture": "#1"},
				"south": {"uv": [0, 0, 0.5, 0.5], "texture": "#1"},
				"west": {"uv": [0, 0, 0.5, 0.5], "texture": "#1"},
				"up": {"uv": [0, 0, 0.5, 0.5], "rotation": 90, "texture": "#1"},
				"down": {"uv": [0, 0, 0.5, 0.5], "rotation": 270, "texture": "#1"}
			}
		},
		{
			"from": [1.1, 12.79141, 20.63885],
			"to": [15.1, 14.39141, 21.63885],
			"rotation": {"angle": -45, "axis": "x", "origin": [12.1, 9.79141, 8.83885]},
			"faces": {
				"north": {"uv": [0, 0, 0.5, 0.5], "texture": "#1"},
				"east": {"uv": [0, 0, 0.5, 0.5], "texture": "#1"},
				"south": {"uv": [0, 0, 0.5, 0.5], "texture": "#1"},
				"west": {"uv": [0, 0, 0.5, 0.5], "texture": "#1"},
				"up": {"uv": [0, 0, 0.5, 0.5], "rotation": 270, "texture": "#1"},
				"down": {"uv": [0, 0, 0.5, 0.5], "rotation": 90, "texture": "#1"}
			}
		},
		{
			"from": [-5.93873, 15.39869, 1],
			"to": [-4.93873, 16.39869, 15],
			"rotation": {"angle": -45, "axis": "z", "origin": [4.06127, 10.09869, 8]},
			"faces": {
				"north": {"uv": [0, 0, 0.5, 0.5], "texture": "#1"},
				"east": {"uv": [0, 0, 0.5, 0.5], "texture": "#1"},
				"south": {"uv": [0, 0, 0.5, 0.5], "texture": "#1"},
				"west": {"uv": [0, 0, 0.5, 0.5], "texture": "#1"},
				"up": {"uv": [0, 0, 0.5, 0.5], "texture": "#1"},
				"down": {"uv": [0, 0, 0.5, 0.5], "texture": "#1"}
			}
		},
		{
			"from": [-5.93873, 16.39869, 2],
			"to": [-4.93873, 17.39869, 14],
			"rotation": {"angle": -45, "axis": "z", "origin": [4.06127, 10.09869, 8]},
			"faces": {
				"north": {"uv": [0, 0, 0.5, 0.5], "texture": "#1"},
				"east": {"uv": [0, 0, 0.5, 0.5], "texture": "#1"},
				"south": {"uv": [0, 0, 0.5, 0.5], "texture": "#1"},
				"west": {"uv": [0, 0, 0.5, 0.5], "texture": "#1"},
				"up": {"uv": [0, 0, 0.5, 0.5], "texture": "#1"},
				"down": {"uv": [0, 0, 0.5, 0.5], "texture": "#1"}
			}
		},
		{
			"from": [21.03873, 16.99869, 1.7777],
			"to": [22.03873, 17.99869, 13.7777],
			"rotation": {"angle": 45, "axis": "z", "origin": [12.03873, 10.09869, 7.7777]},
			"faces": {
				"north": {"uv": [0, 0, 0.5, 0.5], "texture": "#1"},
				"east": {"uv": [0, 0, 0.5, 0.5], "texture": "#1"},
				"south": {"uv": [0, 0, 0.5, 0.5], "texture": "#1"},
				"west": {"uv": [0, 0, 0.5, 0.5], "texture": "#1"},
				"up": {"uv": [0, 0, 0.5, 0.5], "rotation": 180, "texture": "#1"},
				"down": {"uv": [0, 0, 0.5, 0.5], "rotation": 180, "texture": "#1"}
			}
		},
		{
			"from": [21.03873, 15.39869, 0.7777],
			"to": [22.03873, 16.99869, 14.7777],
			"rotation": {"angle": 45, "axis": "z", "origin": [12.03873, 10.09869, 7.7777]},
			"faces": {
				"north": {"uv": [0, 0, 0.5, 0.5], "texture": "#1"},
				"east": {"uv": [0, 0, 0.5, 0.5], "texture": "#1"},
				"south": {"uv": [0, 0, 0.5, 0.5], "texture": "#1"},
				"west": {"uv": [0, 0, 0.5, 0.5], "texture": "#1"},
				"up": {"uv": [0, 0, 0.5, 0.5], "rotation": 180, "texture": "#1"},
				"down": {"uv": [0, 0, 0.5, 0.5], "rotation": 180, "texture": "#1"}
			}
		},
		{
			"from": [2, 15.09141, -5.56115],
			"to": [14, 16.09141, -4.56115],
			"rotation": {"angle": 45, "axis": "x", "origin": [4, 9.79141, 6.93885]},
			"faces": {
				"north": {"uv": [0, 0, 0.5, 0.5], "texture": "#1"},
				"east": {"uv": [0, 0, 0.5, 0.5], "texture": "#1"},
				"south": {"uv": [0, 0, 0.5, 0.5], "texture": "#1"},
				"west": {"uv": [0, 0, 0.5, 0.5], "texture": "#1"},
				"up": {"uv": [0, 0, 0.5, 0.5], "rotation": 90, "texture": "#1"},
				"down": {"uv": [0, 0, 0.5, 0.5], "rotation": 270, "texture": "#1"}
			}
		},
		{
			"from": [2.1, 14.39141, 20.63885],
			"to": [14.1, 15.39141, 21.63885],
			"rotation": {"angle": -45, "axis": "x", "origin": [12.1, 9.79141, 8.83885]},
			"faces": {
				"north": {"uv": [0, 0, 0.5, 0.5], "texture": "#1"},
				"east": {"uv": [0, 0, 0.5, 0.5], "texture": "#1"},
				"south": {"uv": [0, 0, 0.5, 0.5], "texture": "#1"},
				"west": {"uv": [0, 0, 0.5, 0.5], "texture": "#1"},
				"up": {"uv": [0, 0, 0.5, 0.5], "rotation": 270, "texture": "#1"},
				"down": {"uv": [0, 0, 0.5, 0.5], "rotation": 90, "texture": "#1"}
			}
		},
		{
			"from": [3.7, 17.09141, -5.56115],
			"to": [12.2, 18.09141, -4.56115],
			"rotation": {"angle": 45, "axis": "x", "origin": [4, 9.79141, 6.93885]},
			"faces": {
				"north": {"uv": [0, 0, 0.5, 0.5], "texture": "#1"},
				"east": {"uv": [0, 0, 0.5, 0.5], "texture": "#1"},
				"south": {"uv": [0, 0, 0.5, 0.5], "texture": "#1"},
				"west": {"uv": [0, 0, 0.5, 0.5], "texture": "#1"},
				"up": {"uv": [0, 0, 0.5, 0.5], "rotation": 90, "texture": "#1"},
				"down": {"uv": [0, 0, 0.5, 0.5], "rotation": 270, "texture": "#1"}
			}
		},
		{
			"from": [6, 19.09141, -5.56115],
			"to": [10, 20.09141, -4.56115],
			"rotation": {"angle": 45, "axis": "x", "origin": [4, 9.79141, 6.93885]},
			"faces": {
				"north": {"uv": [0, 0, 0.5, 0.5], "texture": "#1"},
				"east": {"uv": [0, 0, 0.5, 0.5], "texture": "#1"},
				"south": {"uv": [0, 0, 0.5, 0.5], "texture": "#1"},
				"west": {"uv": [0, 0, 0.5, 0.5], "texture": "#1"},
				"up": {"uv": [0, 0, 0.5, 0.5], "rotation": 90, "texture": "#1"},
				"down": {"uv": [0, 0, 0.5, 0.5], "rotation": 270, "texture": "#1"}
			}
		},
		{
			"from": [3.8, 16.39141, 20.63885],
			"to": [12.1, 17.39141, 21.63885],
			"rotation": {"angle": -45, "axis": "x", "origin": [12.1, 9.79141, 8.83885]},
			"faces": {
				"north": {"uv": [0, 0, 0.5, 0.5], "texture": "#1"},
				"east": {"uv": [0, 0, 0.5, 0.5], "texture": "#1"},
				"south": {"uv": [0, 0, 0.5, 0.5], "texture": "#1"},
				"west": {"uv": [0, 0, 0.5, 0.5], "texture": "#1"},
				"up": {"uv": [0, 0, 0.5, 0.5], "rotation": 270, "texture": "#1"},
				"down": {"uv": [0, 0, 0.5, 0.5], "rotation": 90, "texture": "#1"}
			}
		},
		{
			"from": [-5.93873, 18.39869, 3.2],
			"to": [-4.93873, 19.39869, 12.9],
			"rotation": {"angle": -45, "axis": "z", "origin": [4.06127, 10.09869, 8]},
			"faces": {
				"north": {"uv": [0, 0, 0.5, 0.5], "texture": "#1"},
				"east": {"uv": [0, 0, 0.5, 0.5], "texture": "#1"},
				"south": {"uv": [0, 0, 0.5, 0.5], "texture": "#1"},
				"west": {"uv": [0, 0, 0.5, 0.5], "texture": "#1"},
				"up": {"uv": [0, 0, 0.5, 0.5], "texture": "#1"},
				"down": {"uv": [0, 0, 0.5, 0.5], "texture": "#1"}
			}
		},
		{
			"from": [-5.93873, 20.39869, 5.2],
			"to": [-4.93873, 21.39869, 10.9],
			"rotation": {"angle": -45, "axis": "z", "origin": [4.06127, 10.09869, 8]},
			"faces": {
				"north": {"uv": [0, 0, 0.5, 0.5], "texture": "#1"},
				"east": {"uv": [0, 0, 0.5, 0.5], "texture": "#1"},
				"south": {"uv": [0, 0, 0.5, 0.5], "texture": "#1"},
				"west": {"uv": [0, 0, 0.5, 0.5], "texture": "#1"},
				"up": {"uv": [0, 0, 0.5, 0.5], "texture": "#1"},
				"down": {"uv": [0, 0, 0.5, 0.5], "texture": "#1"}
			}
		},
		{
			"from": [21.03873, 18.99869, 3.7777],
			"to": [22.03873, 19.99869, 12.5277],
			"rotation": {"angle": 45, "axis": "z", "origin": [12.03873, 10.09869, 7.7777]},
			"faces": {
				"north": {"uv": [0, 0, 0.5, 0.5], "texture": "#1"},
				"east": {"uv": [0, 0, 0.5, 0.5], "texture": "#1"},
				"south": {"uv": [0, 0, 0.5, 0.5], "texture": "#1"},
				"west": {"uv": [0, 0, 0.5, 0.5], "texture": "#1"},
				"up": {"uv": [0, 0, 0.5, 0.5], "rotation": 180, "texture": "#1"},
				"down": {"uv": [0, 0, 0.5, 0.5], "rotation": 180, "texture": "#1"}
			}
		},
		{
			"from": [3, 16.09141, -5.56115],
			"to": [13, 17.09141, -4.56115],
			"rotation": {"angle": 45, "axis": "x", "origin": [4, 9.79141, 6.93885]},
			"faces": {
				"north": {"uv": [0, 0, 0.5, 0.5], "texture": "#1"},
				"east": {"uv": [0, 0, 0.5, 0.5], "texture": "#1"},
				"south": {"uv": [0, 0, 0.5, 0.5], "texture": "#1"},
				"west": {"uv": [0, 0, 0.5, 0.5], "texture": "#1"},
				"up": {"uv": [0, 0, 0.5, 0.5], "rotation": 90, "texture": "#1"},
				"down": {"uv": [0, 0, 0.5, 0.5], "rotation": 270, "texture": "#1"}
			}
		},
		{
			"from": [2.8, 15.39141, 20.63885],
			"to": [13.1, 16.39141, 21.63885],
			"rotation": {"angle": -45, "axis": "x", "origin": [12.1, 9.79141, 8.83885]},
			"faces": {
				"north": {"uv": [0, 0, 0.5, 0.5], "texture": "#1"},
				"east": {"uv": [0, 0, 0.5, 0.5], "texture": "#1"},
				"south": {"uv": [0, 0, 0.5, 0.5], "texture": "#1"},
				"west": {"uv": [0, 0, 0.5, 0.5], "texture": "#1"},
				"up": {"uv": [0, 0, 0.5, 0.5], "rotation": 270, "texture": "#1"},
				"down": {"uv": [0, 0, 0.5, 0.5], "rotation": 90, "texture": "#1"}
			}
		},
		{
			"from": [-5.93873, 17.39869, 3],
			"to": [-4.93873, 18.39869, 13],
			"rotation": {"angle": -45, "axis": "z", "origin": [4.06127, 10.09869, 8]},
			"faces": {
				"north": {"uv": [0, 0, 0.5, 0.5], "texture": "#1"},
				"east": {"uv": [0, 0, 0.5, 0.5], "texture": "#1"},
				"south": {"uv": [0, 0, 0.5, 0.5], "texture": "#1"},
				"west": {"uv": [0, 0, 0.5, 0.5], "texture": "#1"},
				"up": {"uv": [0, 0, 0.5, 0.5], "texture": "#1"},
				"down": {"uv": [0, 0, 0.5, 0.5], "texture": "#1"}
			}
		},
		{
			"from": [21.03873, 17.99869, 2.7777],
			"to": [22.03873, 18.99869, 13.0277],
			"rotation": {"angle": 45, "axis": "z", "origin": [12.03873, 10.09869, 7.7777]},
			"faces": {
				"north": {"uv": [0, 0, 0.5, 0.5], "texture": "#1"},
				"east": {"uv": [0, 0, 0.5, 0.5], "texture": "#1"},
				"south": {"uv": [0, 0, 0.5, 0.5], "texture": "#1"},
				"west": {"uv": [0, 0, 0.5, 0.5], "texture": "#1"},
				"up": {"uv": [0, 0, 0.5, 0.5], "rotation": 180, "texture": "#1"},
				"down": {"uv": [0, 0, 0.5, 0.5], "rotation": 180, "texture": "#1"}
			}
		},
		{
			"from": [4.7, 18.09141, -5.56115],
			"to": [11.2, 19.09141, -4.56115],
			"rotation": {"angle": 45, "axis": "x", "origin": [4, 9.79141, 6.93885]},
			"faces": {
				"north": {"uv": [0, 0, 0.5, 0.5], "texture": "#1"},
				"east": {"uv": [0, 0, 0.5, 0.5], "texture": "#1"},
				"south": {"uv": [0, 0, 0.5, 0.5], "texture": "#1"},
				"west": {"uv": [0, 0, 0.5, 0.5], "texture": "#1"},
				"up": {"uv": [0, 0, 0.5, 0.5], "rotation": 90, "texture": "#1"},
				"down": {"uv": [0, 0, 0.5, 0.5], "rotation": 270, "texture": "#1"}
			}
		},
		{
			"from": [7, 20.09141, -5.56115],
			"to": [9, 21.29141, -4.56115],
			"rotation": {"angle": 45, "axis": "x", "origin": [4, 9.79141, 6.93885]},
			"faces": {
				"north": {"uv": [0, 0, 0.5, 0.5], "texture": "#1"},
				"east": {"uv": [0, 0, 0.5, 0.5], "texture": "#1"},
				"south": {"uv": [0, 0, 0.5, 0.5], "texture": "#1"},
				"west": {"uv": [0, 0, 0.5, 0.5], "texture": "#1"},
				"up": {"uv": [0, 0, 0.5, 0.5], "rotation": 90, "texture": "#1"},
				"down": {"uv": [0, 0, 0.5, 0.5], "rotation": 270, "texture": "#1"}
			}
		},
		{
			"from": [4.8, 17.39141, 20.63885],
			"to": [11.1, 18.39141, 21.63885],
			"rotation": {"angle": -45, "axis": "x", "origin": [12.1, 9.79141, 8.83885]},
			"faces": {
				"north": {"uv": [0, 0, 0.5, 0.5], "texture": "#1"},
				"east": {"uv": [0, 0, 0.5, 0.5], "texture": "#1"},
				"south": {"uv": [0, 0, 0.5, 0.5], "texture": "#1"},
				"west": {"uv": [0, 0, 0.5, 0.5], "texture": "#1"},
				"up": {"uv": [0, 0, 0.5, 0.5], "rotation": 270, "texture": "#1"},
				"down": {"uv": [0, 0, 0.5, 0.5], "rotation": 90, "texture": "#1"}
			}
		},
		{
			"from": [6.1, 18.39141, 20.63885],
			"to": [10.1, 19.39141, 21.63885],
			"rotation": {"angle": -45, "axis": "x", "origin": [12.1, 9.79141, 8.83885]},
			"faces": {
				"north": {"uv": [0, 0, 0.5, 0.5], "texture": "#1"},
				"east": {"uv": [0, 0, 0.5, 0.5], "texture": "#1"},
				"south": {"uv": [0, 0, 0.5, 0.5], "texture": "#1"},
				"west": {"uv": [0, 0, 0.5, 0.5], "texture": "#1"},
				"up": {"uv": [0, 0, 0.5, 0.5], "rotation": 270, "texture": "#1"},
				"down": {"uv": [0, 0, 0.5, 0.5], "rotation": 90, "texture": "#1"}
			}
		},
		{
			"from": [7.1, 19.39141, 20.63885],
			"to": [9.1, 20.99141, 21.63885],
			"rotation": {"angle": -45, "axis": "x", "origin": [12.1, 9.79141, 8.83885]},
			"faces": {
				"north": {"uv": [0, 0, 0.5, 0.5], "texture": "#1"},
				"east": {"uv": [0, 0, 0.5, 0.5], "texture": "#1"},
				"south": {"uv": [0, 0, 0.5, 0.5], "texture": "#1"},
				"west": {"uv": [0, 0, 0.5, 0.5], "texture": "#1"},
				"up": {"uv": [0, 0, 0.5, 0.5], "rotation": 270, "texture": "#1"},
				"down": {"uv": [0, 0, 0.5, 0.5], "rotation": 90, "texture": "#1"}
			}
		},
		{
			"from": [-5.93873, 19.39869, 4.2],
			"to": [-4.93873, 20.39869, 11.9],
			"rotation": {"angle": -45, "axis": "z", "origin": [4.06127, 10.09869, 8]},
			"faces": {
				"north": {"uv": [0, 0, 0.5, 0.5], "texture": "#1"},
				"east": {"uv": [0, 0, 0.5, 0.5], "texture": "#1"},
				"south": {"uv": [0, 0, 0.5, 0.5], "texture": "#1"},
				"west": {"uv": [0, 0, 0.5, 0.5], "texture": "#1"},
				"up": {"uv": [0, 0, 0.5, 0.5], "texture": "#1"},
				"down": {"uv": [0, 0, 0.5, 0.5], "texture": "#1"}
			}
		},
		{
			"from": [-5.93873, 21.39869, 7],
			"to": [-4.93873, 23.39869, 9],
			"rotation": {"angle": -45, "axis": "z", "origin": [4.06127, 10.09869, 8]},
			"faces": {
				"north": {"uv": [0, 0, 0.5, 0.5], "texture": "#1"},
				"east": {"uv": [0, 0, 0.5, 0.5], "texture": "#1"},
				"south": {"uv": [0, 0, 0.5, 0.5], "texture": "#1"},
				"west": {"uv": [0, 0, 0.5, 0.5], "texture": "#1"},
				"up": {"uv": [0, 0, 0.5, 0.5], "texture": "#1"},
				"down": {"uv": [0, 0, 0.5, 0.5], "texture": "#1"}
			}
		},
		{
			"from": [21.03873, 19.99869, 4.2777],
			"to": [22.03873, 20.99869, 11.5277],
			"rotation": {"angle": 45, "axis": "z", "origin": [12.03873, 10.09869, 7.7777]},
			"faces": {
				"north": {"uv": [0, 0, 0.5, 0.5], "texture": "#1"},
				"east": {"uv": [0, 0, 0.5, 0.5], "texture": "#1"},
				"south": {"uv": [0, 0, 0.5, 0.5], "texture": "#1"},
				"west": {"uv": [0, 0, 0.5, 0.5], "texture": "#1"},
				"up": {"uv": [0, 0, 0.5, 0.5], "rotation": 180, "texture": "#1"},
				"down": {"uv": [0, 0, 0.5, 0.5], "rotation": 180, "texture": "#1"}
			}
		},
		{
			"from": [21.03873, 21.99869, 6.7777],
			"to": [22.03873, 23.69869, 8.7777],
			"rotation": {"angle": 45, "axis": "z", "origin": [12.03873, 10.09869, 7.7777]},
			"faces": {
				"north": {"uv": [0, 0, 0.5, 0.5], "texture": "#1"},
				"east": {"uv": [0, 0, 0.5, 0.5], "texture": "#1"},
				"south": {"uv": [0, 0, 0.5, 0.5], "texture": "#1"},
				"west": {"uv": [0, 0, 0.5, 0.5], "texture": "#1"},
				"up": {"uv": [0, 0, 0.5, 0.5], "rotation": 180, "texture": "#1"},
				"down": {"uv": [0, 0, 0.5, 0.5], "rotation": 180, "texture": "#1"}
			}
		},
		{
			"from": [21.03873, 21.99869, 6.0277],
			"to": [22.03873, 22.94869, 9.5277],
			"rotation": {"angle": 45, "axis": "z", "origin": [12.03873, 10.09869, 7.7777]},
			"faces": {
				"north": {"uv": [0, 0, 0.5, 0.5], "texture": "#1"},
				"east": {"uv": [0, 0, 0.5, 0.5], "texture": "#1"},
				"south": {"uv": [0, 0, 0.5, 0.5], "texture": "#1"},
				"west": {"uv": [0, 0, 0.5, 0.5], "texture": "#1"},
				"up": {"uv": [0, 0, 0.5, 0.5], "rotation": 180, "texture": "#1"},
				"down": {"uv": [0, 0, 0.5, 0.5], "rotation": 180, "texture": "#1"}
			}
		},
		{
			"from": [21.03873, 20.99869, 5.2777],
			"to": [22.03873, 21.99869, 10.5277],
			"rotation": {"angle": 45, "axis": "z", "origin": [12.03873, 10.09869, 7.7777]},
			"faces": {
				"north": {"uv": [0, 0, 0.5, 0.5], "texture": "#1"},
				"east": {"uv": [0, 0, 0.5, 0.5], "texture": "#1"},
				"south": {"uv": [0, 0, 0.5, 0.5], "texture": "#1"},
				"west": {"uv": [0, 0, 0.5, 0.5], "texture": "#1"},
				"up": {"uv": [0, 0, 0.5, 0.5], "rotation": 180, "texture": "#1"},
				"down": {"uv": [0, 0, 0.5, 0.5], "rotation": 180, "texture": "#1"}
			}
		},
		{
			"from": [5.5, 24.05, 5.3],
			"to": [10.2, 26.75, 10],
			"faces": {
				"north": {"uv": [0, 0, 0.5, 0.5], "texture": "#1"},
				"east": {"uv": [0, 0, 0.5, 0.5], "texture": "#1"},
				"south": {"uv": [0, 0, 0.5, 0.5], "texture": "#1"},
				"west": {"uv": [0, 0, 0.5, 0.5], "texture": "#1"},
				"up": {"uv": [0, 0, 0.5, 0.5], "texture": "#1"},
				"down": {"uv": [0, 0, 0.5, 0.5], "texture": "#1"}
			}
		},
		{
			"from": [6.5, 25.05, 6.3],
			"to": [9.2, 27.75, 9],
			"faces": {
				"north": {"uv": [0, 0, 0.5, 0.5], "texture": "#1"},
				"east": {"uv": [0, 0, 0.5, 0.5], "texture": "#1"},
				"south": {"uv": [0, 0, 0.5, 0.5], "texture": "#1"},
				"west": {"uv": [0, 0, 0.5, 0.5], "texture": "#1"},
				"up": {"uv": [0, 0, 0.5, 0.5], "texture": "#1"},
				"down": {"uv": [0, 0, 0.5, 0.5], "texture": "#1"}
			}
		}
	]
}