{
	"__comment": "Fait par Quef64. Toute copie complète ou partielle est strictement interdit.",
	"textures": {
		"particle": "block/poubellegrececasque",
		"texture": "block/poubellegrecebords",
		"Poussez": "block/poubellegrecepoussez"
	},
	"elements": [ 	 
		{
			"from": [ 0, 0, 0 ],
			"to": [ 1, 21, 1 ],
			"faces": {
				"down": { "uv": [ 0, 0, 16, 16 ], "texture": "#texture" },
				"up": { "uv": [ 0, 0, 16, 16 ], "texture": "#texture" },
				"north": { "uv": [ 0, 0, 16, 16 ], "texture": "#texture" },
				"south": { "uv": [ 0, 0, 16, 16 ], "texture": "#texture" },
				"west": { "uv": [ 0, 0, 16, 16 ], "texture": "#texture" },
				"east": { "uv": [ 0, 0, 16, 16 ], "texture": "#texture" }
			}
		},
		{
			"from": [ 0, 0, 15 ],
			"to": [ 1, 21, 16 ],
			"faces": {
				"down": { "uv": [ 0, 0, 16, 16 ], "texture": "#texture" },
				"up": { "uv": [ 0, 0, 16, 16 ], "texture": "#texture" },
				"north": { "uv": [ 0, 0, 16, 16 ], "texture": "#texture" },
				"south": { "uv": [ 0, 0, 16, 16 ], "texture": "#texture" },
				"west": { "uv": [ 0, 0, 16, 16 ], "texture": "#texture" },
				"east": { "uv": [ 0, 0, 16, 16 ], "texture": "#texture" }
			}
		},
		{
			"from": [ 15, 0, 0 ],
			"to": [ 16, 21, 1 ],
			"faces": {
				"down": { "uv": [ 0, 0, 16, 16 ], "texture": "#texture" },
				"up": { "uv": [ 0, 0, 16, 16 ], "texture": "#texture" },
				"north": { "uv": [ 0, 0, 16, 16 ], "texture": "#texture" },
				"south": { "uv": [ 0, 0, 16, 16 ], "texture": "#texture" },
				"west": { "uv": [ 0, 0, 16, 16 ], "texture": "#texture" },
				"east": { "uv": [ 0, 0, 16, 16 ], "texture": "#texture" }
			}
		},
		{
			"from": [ 15, 0, 15 ],
			"to": [ 16, 21, 16 ],
			"faces": {
				"down": { "uv": [ 0, 0, 16, 16 ], "texture": "#texture" },
				"up": { "uv": [ 0, 0, 16, 16 ], "texture": "#texture" },
				"north": { "uv": [ 0, 0, 16, 16 ], "texture": "#texture" },
				"south": { "uv": [ 0, 0, 16, 16 ], "texture": "#texture" },
				"west": { "uv": [ 0, 0, 16, 16 ], "texture": "#texture" },
				"east": { "uv": [ 0, 0, 16, 16 ], "texture": "#texture" }
			}
		},
		{
			"from": [ 0.5, 13.5, 1 ],
			"to": [ 1, 15, 15 ],
			"faces": {
				"down": { "uv": [ 0, 4, 0.5, 11.5 ], "texture": "#particle" },
				"up": { "uv": [ 0, 4, 0.5, 11.5 ], "texture": "#particle" },
				"north": { "uv": [ 0, 9.5, 0.5, 12 ], "texture": "#particle" },
				"south": { "uv": [ 0, 9.5, 0.5, 12 ], "texture": "#particle" },
				"west": { "uv": [ 10.5, 13.5, 12, 15 ], "texture": "#particle" },
				"east": { "uv": [ 10.5, 13.5, 12, 15 ], "texture": "#particle" }
			}
		},
		{
			"from": [ 1, 0, 0 ],
			"to": [ 15, 21, 0.5 ],
			"faces": {
				"down": { "uv": [ 13, 9.5, 13.5, 10 ], "texture": "#particle" },
				"up": { "uv": [ 13, 9.5, 13.5, 10 ], "texture": "#particle" },
				"north": { "uv": [ 13, 9.5, 13.5, 10 ], "texture": "#particle" },
				"south": { "uv": [ 13, 9.5, 13.5, 10 ], "texture": "#particle" },
				"west": { "uv": [ 13, 9.5, 13.5, 10 ], "texture": "#particle" },
				"east": { "uv": [ 13, 9.5, 13.5, 10 ], "texture": "#particle" }
			}
		},
		{
			"from": [ 1, 0, 15.5 ],
			"to": [ 15, 21, 16 ],
			"faces": {
				"down": { "uv": [ 13, 9.5, 13.5, 10 ], "texture": "#particle" },
				"up": { "uv": [ 13, 9.5, 13.5, 10 ], "texture": "#particle" },
				"north": { "uv": [ 13, 9.5, 13.5, 10 ], "texture": "#particle" },
				"south": { "uv": [ 13, 9.5, 13.5, 10 ], "texture": "#particle" },
				"west": { "uv": [ 13, 9.5, 13.5, 10 ], "texture": "#particle" },
				"east": { "uv": [ 13, 9.5, 13.5, 10 ], "texture": "#particle" }
			}
		},
		{
			"from": [ 15, 0, 1 ],
			"to": [ 15.5, 3.5, 15 ],
			"faces": {
				"down": { "uv": [ 15, 1, 15.5, 15 ], "texture": "#particle" },
				"up": { "uv": [ 15, 1, 15.5, 15 ], "texture": "#particle" },
				"north": { "uv": [ 15, 0, 15.5, 16 ], "texture": "#particle" },
				"south": { "uv": [ 15, 0, 15.5, 16 ], "texture": "#particle" },
				"west": { "uv": [ 1, 0, 3, 2 ], "texture": "#particle" },
				"east": { "uv": [ 1, 0, 3, 2 ], "texture": "#particle" }
			}
		},
		{
			"from": [ 1, 0, 0.5 ],
			"to": [ 15, 0.5, 15.5 ],
			"faces": {
				"down": { "uv": [ 0.5, 3.5, 3, 6 ], "texture": "#particle" },
				"up": { "uv": [ 0.5, 3.5, 3, 6 ], "texture": "#particle" },
				"north": { "uv": [ 10, 15, 14.5, 15.5 ], "texture": "#particle" },
				"south": { "uv": [ 10, 15, 14.5, 15.5 ], "texture": "#particle" },
				"west": { "uv": [ 11, 15, 14.5, 15.5 ], "texture": "#particle" },
				"east": { "uv": [ 11, 15, 14.5, 15.5 ], "texture": "#particle" }
			}
		},
		{
			"from": [ 0.5, 0, 1 ],
			"to": [ 1, 3.5, 15 ],
			"faces": {
				"down": { "uv": [ 0.5, 1, 1, 9 ], "texture": "#particle" },
				"up": { "uv": [ 0.5, 1, 1, 9 ], "texture": "#particle" },
				"north": { "uv": [ 0, 7, 0.5, 11.5 ], "texture": "#particle" },
				"south": { "uv": [ 0, 7, 0.5, 11.5 ], "texture": "#particle" },
				"west": { "uv": [ 8.5, 13, 10, 14.5 ], "texture": "#particle" },
				"east": { "uv": [ 8.5, 13, 10, 14.5 ], "texture": "#particle" }
			}
		},
		{
			"from": [ 0.5, 3.5, 1 ],
			"to": [ 1, 13.5, 4.5 ],
			"faces": {
				"down": { "uv": [ 0.5, 1, 1, 5 ], "texture": "#particle" },
				"up": { "uv": [ 0.5, 1, 1, 5 ], "texture": "#particle" },
				"north": { "uv": [ 0.5, 3, 1, 11.5 ], "texture": "#particle" },
				"south": { "uv": [ 0.5, 3, 1, 11.5 ], "texture": "#particle" },
				"west": { "uv": [ 1, 3, 2.5, 4.5 ], "texture": "#particle" },
				"east": { "uv": [ 1, 3, 2.5, 4.5 ], "texture": "#particle" }
			}
		},
		{
			"from": [ 0.5, 3.5, 11.5 ],
			"to": [ 1, 13.5, 15 ],
			"faces": {
				"down": { "uv": [ 1, 4.5, 1.5, 8.5 ], "texture": "#particle" },
				"up": { "uv": [ 1, 4.5, 1.5, 8.5 ], "texture": "#particle" },
				"north": { "uv": [ 0.5, 3, 1, 11.5 ], "texture": "#particle" },
				"south": { "uv": [ 0.5, 3, 1, 11.5 ], "texture": "#particle" },
				"west": { "uv": [ 0.5, 4.5, 2, 6 ], "texture": "#particle" },
				"east": { "uv": [ 0.5, 4.5, 2, 6 ], "texture": "#particle" }
			}
		},
		{
			"from": [ 0.5, 3.5, 4.5 ],
			"to": [ 1, 13.5, 11.5 ],
			"faces": {
				"down": { "uv": [ 0.5, 5, 1, 11 ], "texture": "#particle" },
				"up": { "uv": [ 0.5, 5, 1, 11 ], "texture": "#particle" },
				"north": { "uv": [ 0.5, 3, 1, 11.5 ], "texture": "#particle" },
				"south": { "uv": [ 0.5, 3, 1, 11.5 ], "texture": "#particle" },
				"west": { "uv": [ 0.5, 0, 12, 16 ], "texture": "#particle" },
				"east": { "uv": [ 0, 0, 1.5, 6.5 ], "texture": "#particle" }
			}
		},
		{
			"from": [ 0.5, 17, 3 ],
			"to": [ 1, 21, 13 ],
			"faces": {
				"down": { "uv": [ 13, 4, 14, 12 ], "texture": "#Poussez" },
				"up": { "uv": [ 0, 4, 1, 12 ], "texture": "#Poussez" },
				"north": { "uv": [ 0, 11, 1, 14.5 ], "texture": "#Poussez" },
				"south": { "uv": [ 0, 11, 1, 14.5 ], "texture": "#Poussez" },
				"west": { "uv": [ 0.5, 0, 15.5, 5.5 ], "texture": "#Poussez" },
				"east": { "uv": [ 0, 9.5, 1.5, 14.5 ], "texture": "#Poussez" }
			}
		},
		{
			"from": [ 0.5, 17, 1 ],
			"to": [ 1, 21, 3 ],
			"faces": {
				"down": { "uv": [ 0.5, 1, 1, 3 ], "texture": "#particle" },
				"up": { "uv": [ 0.5, 1, 1, 3 ], "texture": "#particle" },
				"north": { "uv": [ 0.5, 0, 1, 4 ], "texture": "#particle" },
				"south": { "uv": [ 0.5, 0, 1, 4 ], "texture": "#particle" },
				"west": { "uv": [ 1, 0, 3, 4 ], "texture": "#particle" },
				"east": { "uv": [ 1, 0, 3, 4 ], "texture": "#particle" }
			}
		},
		{
			"from": [ 0.5, 15.5, 1 ],
			"to": [ 1, 17, 15 ],
			"faces": {
				"down": { "uv": [ 0, 0, 0.5, 9.5 ], "texture": "#particle" },
				"up": { "uv": [ 0, 0, 0.5, 9.5 ], "texture": "#particle" },
				"north": { "uv": [ 15, 0, 15.5, 0.5 ], "texture": "#particle" },
				"south": { "uv": [ 0.5, 0, 1, 0.5 ], "texture": "#particle" },
				"west": { "uv": [ 1, 0, 4.5, 0.5 ], "texture": "#particle" },
				"east": { "uv": [ 1, 0, 4.5, 0.5 ], "texture": "#particle" }
			}
		},
		{
			"from": [ 1, 15, 0.5 ],
			"to": [ 15, 15.5, 15.5 ],
			"faces": {
				"down": { "uv": [ 15, 15, 1, 1 ], "texture": "#texture" },
				"up": { "uv": [ 1, 1, 15, 15 ], "texture": "#texture" },
				"north": { "uv": [ 1, 0.5, 15, 1 ], "texture": "#texture" },
				"south": { "uv": [ 1, 0.5, 15, 1 ], "texture": "#texture" },
				"west": { "uv": [ 1, 0.5, 15, 1 ], "texture": "#texture" },
				"east": { "uv": [ 1, 0.5, 15, 1 ], "texture": "#texture" }
			}
		},
		{
			"from": [ 0.5, 17, 13 ],
			"to": [ 1, 21, 15 ],
			"faces": {
				"down": { "uv": [ 2, 4, 2.5, 6 ], "texture": "#particle" },
				"up": { "uv": [ 2, 4, 2.5, 6 ], "texture": "#particle" },
				"north": { "uv": [ 0.5, 0, 1, 4 ], "texture": "#particle" },
				"south": { "uv": [ 0.5, 0, 1, 4 ], "texture": "#particle" },
				"west": { "uv": [ 13, 0, 15, 4 ], "texture": "#particle" },
				"east": { "uv": [ 13, 0, 15, 4 ], "texture": "#particle" }
			}
		},
		{
			"from": [ 15, 22.5312, 1.4688 ],
			"to": [ 16, 23.5312, 2.4688 ],
			"rotation": { "origin": [ 15, 23.53125, 1.46875 ], "axis": "x", "angle": 45 },
			"faces": {
				"down": { "uv": [ 0, 0, 16, 16 ], "texture": "#texture" },
				"up": { "uv": [ 0, 0, 16, 16 ], "texture": "#texture" },
				"north": { "uv": [ 0, 0, 16, 16 ], "texture": "#texture" },
				"south": { "uv": [ 0, 0, 16, 16 ], "texture": "#texture" },
				"west": { "uv": [ 0, 0, 16, 16 ], "texture": "#texture" },
				"east": { "uv": [ 0, 0, 16, 16 ], "texture": "#texture" }
			}
		},
		{
			"from": [ 15, 22.5312, 1.4687 ],
			"to": [ 16, 23.5312, 3.9687 ],
			"rotation": { "origin": [ 15, 23.53125, 1.46875 ], "axis": "x", "angle": -22.5 },
			"faces": {
				"down": { "uv": [ 0, 0, 16, 16 ], "texture": "#texture" },
				"up": { "uv": [ 0, 0, 16, 16 ], "texture": "#texture" },
				"north": { "uv": [ 0, 0, 16, 16 ], "texture": "#texture" },
				"south": { "uv": [ 0, 0, 16, 16 ], "texture": "#texture" },
				"west": { "uv": [ 0, 0, 16, 16 ], "texture": "#texture" },
				"east": { "uv": [ 0, 0, 16, 16 ], "texture": "#texture" }
			}
		},
		{
			"from": [ 15, 20.4688, 14.3125 ],
			"to": [ 16, 22.4688, 15.3125 ],
			"rotation": { "origin": [ 15, 22.46875, 14.3125 ], "axis": "x", "angle": -22.5 },
			"faces": {
				"down": { "uv": [ 0, 0, 16, 16 ], "texture": "#texture" },
				"up": { "uv": [ 0, 0, 16, 16 ], "texture": "#texture" },
				"north": { "uv": [ 0, 0, 16, 16 ], "texture": "#texture" },
				"south": { "uv": [ 0, 0, 16, 16 ], "texture": "#texture" },
				"west": { "uv": [ 0, 0, 16, 16 ], "texture": "#texture" },
				"east": { "uv": [ 0, 0, 16, 16 ], "texture": "#texture" }
			}
		},
		{
			"from": [ 15, 21.8438, 13.8125 ],
			"to": [ 16, 22.8438, 14.8125 ],
			"rotation": { "origin": [ 15, 22.84375, 13.8125 ], "axis": "x", "angle": -45 },
			"faces": {
				"down": { "uv": [ 0, 0, 16, 16 ], "texture": "#texture" },
				"up": { "uv": [ 0, 0, 16, 16 ], "texture": "#texture" },
				"north": { "uv": [ 0, 0, 16, 16 ], "texture": "#texture" },
				"south": { "uv": [ 0, 0, 16, 16 ], "texture": "#texture" },
				"west": { "uv": [ 0, 0, 16, 16 ], "texture": "#texture" },
				"east": { "uv": [ 0, 0, 16, 16 ], "texture": "#texture" }
			}
		},
		{
			"from": [ 15, 23.5, 12.2188 ],
			"to": [ 16, 24.5, 14.7188 ],
			"rotation": { "origin": [ 15, 24.5, 12.21875 ], "axis": "x", "angle": 22.5 },
			"faces": {
				"down": { "uv": [ 0, 0, 16, 16 ], "texture": "#texture" },
				"up": { "uv": [ 0, 0, 16, 16 ], "texture": "#texture" },
				"north": { "uv": [ 0, 0, 16, 16 ], "texture": "#texture" },
				"south": { "uv": [ 0, 0, 16, 16 ], "texture": "#texture" },
				"west": { "uv": [ 0, 0, 16, 16 ], "texture": "#texture" },
				"east": { "uv": [ 0, 0, 16, 16 ], "texture": "#texture" }
			}
		},
		{
			"from": [ 15, 23.5, 3.7812 ],
			"to": [ 16, 24.5, 12.2187 ],
			"faces": {
				"down": { "uv": [ 0, 0, 16, 16 ], "texture": "#texture" },
				"up": { "uv": [ 0, 0, 16, 16 ], "texture": "#texture" },
				"north": { "uv": [ 0, 0, 16, 16 ], "texture": "#texture" },
				"south": { "uv": [ 0, 0, 16, 16 ], "texture": "#texture" },
				"west": { "uv": [ 0, 0, 16, 16 ], "texture": "#texture" },
				"east": { "uv": [ 0, 0, 16, 16 ], "texture": "#texture" }
			}
		},
		{
			"from": [ 15, 3.5, 4.5 ],
			"to": [ 15.5, 13.5, 11.5 ],
			"faces": {
				"down": { "uv": [ 0.5, 5, 1, 11 ], "texture": "#particle" },
				"up": { "uv": [ 0.5, 5, 1, 11 ], "texture": "#particle" },
				"north": { "uv": [ 0.5, 3, 1, 11.5 ], "texture": "#particle" },
				"south": { "uv": [ 0.5, 3, 1, 11.5 ], "texture": "#particle" },
				"west": { "uv": [ 0.5, 0, 2, 1.5 ], "texture": "#particle" },
				"east": { "uv": [ 0.5, 0, 12, 16 ], "texture": "#particle" }
			}
		},
		{
			"from": [ 15, 3.5, 1 ],
			"to": [ 15.5, 13.5, 4.5 ],
			"faces": {
				"down": { "uv": [ 1, 4.5, 0.5, 1 ], "texture": "#particle" },
				"up": { "uv": [ 15, 1, 15.5, 4.5 ], "texture": "#particle" },
				"north": { "uv": [ 0.5, 2.5, 1, 12.5 ], "texture": "#particle" },
				"south": { "uv": [ 15, 2.5, 15.5, 12.5 ], "texture": "#particle" },
				"west": { "uv": [ 1, 2.5, 4.5, 12.5 ], "texture": "#particle" },
				"east": { "uv": [ 11.5, 2.5, 15, 12.5 ], "texture": "#particle" }
			}
		},
		{
			"from": [ 15, 3.5, 11.5 ],
			"to": [ 15.5, 13.5, 15 ],
			"faces": {
				"down": { "uv": [ 15, 11.5, 15.5, 15 ], "texture": "#particle" },
				"up": { "uv": [ 15, 11.5, 15.5, 15 ], "texture": "#particle" },
				"north": { "uv": [ 15, 2.5, 15.5, 12.5 ], "texture": "#particle" },
				"south": { "uv": [ 15, 2.5, 15.5, 12.5 ], "texture": "#particle" },
				"west": { "uv": [ 12.5, 6, 16, 16 ], "texture": "#particle" },
				"east": { "uv": [ 12.5, 6, 16, 16 ], "texture": "#particle" }
			}
		},
		{
			"from": [ 15, 13.5, 1 ],
			"to": [ 15.5, 15, 15 ],
			"faces": {
				"down": { "uv": [ 15, 1, 15.5, 15 ], "texture": "#particle" },
				"up": { "uv": [ 15, 1, 15.5, 15 ], "texture": "#particle" },
				"north": { "uv": [ 15, 1, 15.5, 2.5 ], "texture": "#particle" },
				"south": { "uv": [ 15, 1, 15.5, 2.5 ], "texture": "#particle" },
				"west": { "uv": [ 11, 14.5, 16, 16 ], "texture": "#particle" },
				"east": { "uv": [ 11, 14.5, 16, 16 ], "texture": "#particle" }
			}
		},
		{
			"from": [ 15, 15.5, 1 ],
			"to": [ 15.5, 17, 15 ],
			"faces": {
				"down": { "uv": [ 15, 1, 15.5, 15 ], "texture": "#particle" },
				"up": { "uv": [ 15, 1, 15.5, 15 ], "texture": "#particle" },
				"north": { "uv": [ 15, 0, 15.5, 1.5 ], "texture": "#particle" },
				"south": { "uv": [ 15, 0, 15.5, 1.5 ], "texture": "#particle" },
				"west": { "uv": [ 1, 0, 6, 1.5 ], "texture": "#particle" },
				"east": { "uv": [ 1, 0, 6, 1.5 ], "texture": "#particle" }
			}
		},
		{
			"from": [ 15, 17, 3 ],
			"to": [ 15.5, 21, 13 ],
			"faces": {
				"down": { "uv": [ 15, 5, 15.5, 15 ], "texture": "#Poussez" },
				"up": { "uv": [ 15, 5, 15.5, 15 ], "texture": "#Poussez" },
				"north": { "uv": [ 14, 10, 14.5, 14 ], "texture": "#Poussez" },
				"south": { "uv": [ 14, 10, 14.5, 14 ], "texture": "#Poussez" },
				"west": { "uv": [ 1, 9, 12.5, 14.5 ], "texture": "#Poussez" },
				"east": { "uv": [ 0.5, 0, 15.5, 5.5 ], "texture": "#Poussez" }
			}
		},
		{
			"from": [ 15, 17, 1 ],
			"to": [ 15.5, 21, 3 ],
			"faces": {
				"down": { "uv": [ 15, 1, 15.5, 3 ], "texture": "#particle" },
				"up": { "uv": [ 15, 1, 15.5, 3 ], "texture": "#particle" },
				"north": { "uv": [ 15, 0, 15.5, 4 ], "texture": "#particle" },
				"south": { "uv": [ 15, 0, 15.5, 4 ], "texture": "#particle" },
				"west": { "uv": [ 1, 0, 3, 4 ], "texture": "#particle" },
				"east": { "uv": [ 1, 0, 3, 4 ], "texture": "#particle" }
			}
		},
		{
			"from": [ 15, 17, 13 ],
			"to": [ 15.5, 21, 15 ],
			"faces": {
				"down": { "uv": [ 15, 13, 15.5, 15 ], "texture": "#particle" },
				"up": { "uv": [ 15, 13, 15.5, 15 ], "texture": "#particle" },
				"north": { "uv": [ 15, 0, 15.5, 4 ], "texture": "#particle" },
				"south": { "uv": [ 15, 0, 15.5, 4 ], "texture": "#particle" },
				"west": { "uv": [ 13, 0, 15, 4 ], "texture": "#particle" },
				"east": { "uv": [ 13, 0, 15, 4 ], "texture": "#particle" }
			}
		},
		{
			"from": [ 0.5, 21, 1.25 ],
			"to": [ 15.5, 22.5, 15.25 ],
			"faces": {
				"down": { "uv": [ 13, 1.5, 15, 14.5 ], "texture": "#particle" },
				"up": { "uv": [ 13, 1.5, 15, 14.5 ], "texture": "#particle" },
				"north": { "uv": [ 0.5, 0, 5, 1.5 ], "texture": "#particle" },
				"south": { "uv": [ 0.5, 0, 5, 1.5 ], "texture": "#particle" },
				"west": { "uv": [ 1.5, 0, 4.5, 1.5 ], "texture": "#particle" },
				"east": { "uv": [ 1.5, 0, 4.5, 1.5 ], "texture": "#particle" }
			}
		},
		{
			"from": [ 0.5, 21, 1 ],
			"to": [ 15.5, 21.5, 1.5 ],
			"faces": {
				"down": { "uv": [ 0.5, 1, 3.5, 1.5 ], "texture": "#particle" },
				"up": { "uv": [ 0.5, 1, 3.5, 1.5 ], "texture": "#particle" },
				"north": { "uv": [ 0.5, 0, 4, 0.5 ], "texture": "#particle" },
				"south": { "uv": [ 0.5, 0, 4, 0.5 ], "texture": "#particle" },
				"west": { "uv": [ 1, 0, 1.5, 0.5 ], "texture": "#particle" },
				"east": { "uv": [ 1, 0, 1.5, 0.5 ], "texture": "#particle" }
			}
		},
		{
			"from": [ 0.5, 21, 15 ],
			"to": [ 15.5, 21.5, 15.5 ],
			"faces": {
				"down": { "uv": [ 12, 15, 14.5, 16 ], "texture": "#particle" },
				"up": { "uv": [ 12, 15, 14.5, 16 ], "texture": "#particle" },
				"north": { "uv": [ 0.5, 0, 3.5, 0.5 ], "texture": "#particle" },
				"south": { "uv": [ 0.5, 0, 3.5, 0.5 ], "texture": "#particle" },
				"west": { "uv": [ 15, 0, 15.5, 0.5 ], "texture": "#particle" },
				"east": { "uv": [ 15, 0, 15.5, 0.5 ], "texture": "#particle" }
			}
		},
		{
			"from": [ 0.5, 22.5, 1.75 ],
			"to": [ 15.5, 23, 14.75 ],
			"faces": {
				"down": { "uv": [ 16, 4, 15.5, 16 ], "texture": "#particle" },
				"up": { "uv": [ 16, 4, 15.5, 16 ], "texture": "#particle" },
				"north": { "uv": [ 0.5, 0, 3, 1 ], "texture": "#particle" },
				"south": { "uv": [ 0.5, 0, 3, 1 ], "texture": "#particle" },
				"west": { "uv": [ 2, 0, 3.5, 4.5 ], "texture": "#particle" },
				"east": { "uv": [ 2, 0, 3.5, 4.5 ], "texture": "#particle" }
			}
		},
		{
			"from": [ 0.5, 23, 2.75 ],
			"to": [ 15.5, 23.5, 13.25 ],
			"faces": {
				"down": { "uv": [ 13.5, 3.5, 15.5, 14.5 ], "texture": "#particle" },
				"up": { "uv": [ 13.5, 3.5, 15.5, 14.5 ], "texture": "#particle" },
				"north": { "uv": [ 0.5, 0, 2.5, 1 ], "texture": "#particle" },
				"south": { "uv": [ 0.5, 0, 2.5, 1 ], "texture": "#particle" },
				"west": { "uv": [ 6.5, 15.5, 16, 16 ], "texture": "#particle" },
				"east": { "uv": [ 6.5, 15.5, 16, 16 ], "texture": "#particle" }
			}
		},
		{
			"from": [ 1, 22.5312, 1.4688 ],
			"to": [ 15, 23.5312, 2.4688 ],
			"rotation": { "origin": [ 1, 23.53125, 1.46875 ], "axis": "x", "angle": 45 },
			"faces": {
				"down": { "uv": [ 13, 9.5, 13.5, 10 ], "texture": "#particle" },
				"up": { "uv": [ 13, 9.5, 13.5, 10 ], "texture": "#particle" },
				"north": { "uv": [ 13, 9.5, 13.5, 10 ], "texture": "#particle" },
				"south": { "uv": [ 13, 9.5, 13.5, 10 ], "texture": "#particle" },
				"west": { "uv": [ 13, 9.5, 13.5, 10 ], "texture": "#particle" },
				"east": { "uv": [ 13, 9.5, 13.5, 10 ], "texture": "#particle" }
			}
		},
		{
			"from": [ 0, 22.5312, 1.4688 ],
			"to": [ 1, 23.5312, 2.4688 ],
			"rotation": { "origin": [ 0, 23.53125, 1.46875 ], "axis": "x", "angle": 45 },
			"faces": {
				"down": { "uv": [ 0, 0, 16, 16 ], "texture": "#texture" },
				"up": { "uv": [ 0, 0, 16, 16 ], "texture": "#texture" },
				"north": { "uv": [ 0, 0, 16, 16 ], "texture": "#texture" },
				"south": { "uv": [ 0, 0, 16, 16 ], "texture": "#texture" },
				"west": { "uv": [ 0, 0, 16, 16 ], "texture": "#texture" },
				"east": { "uv": [ 0, 0, 16, 16 ], "texture": "#texture" }
			}
		},
		{
			"from": [ 1, 22.5312, 1.4687 ],
			"to": [ 15, 23.5312, 3.9687 ],
			"rotation": { "origin": [ 1, 23.53125, 1.46875 ], "axis": "x", "angle": -22.5 },
			"faces": {
				"down": { "uv": [ 13, 9.5, 13.5, 10 ], "texture": "#particle" },
				"up": { "uv": [ 13, 9.5, 13.5, 10 ], "texture": "#particle" },
				"north": { "uv": [ 13, 9.5, 13.5, 10 ], "texture": "#particle" },
				"south": { "uv": [ 13, 9.5, 13.5, 10 ], "texture": "#particle" },
				"west": { "uv": [ 13, 9.5, 13.5, 10 ], "texture": "#particle" },
				"east": { "uv": [ 13, 9.5, 13.5, 10 ], "texture": "#particle" }
			}
		},
		{
			"from": [ 0, 22.5312, 1.4687 ],
			"to": [ 1, 23.5312, 3.9687 ],
			"rotation": { "origin": [ 0, 23.53125, 1.46875 ], "axis": "x", "angle": -22.5 },
			"faces": {
				"down": { "uv": [ 0, 0, 16, 16 ], "texture": "#texture" },
				"up": { "uv": [ 0, 0, 16, 16 ], "texture": "#texture" },
				"north": { "uv": [ 0, 0, 16, 16 ], "texture": "#texture" },
				"south": { "uv": [ 0, 0, 16, 16 ], "texture": "#texture" },
				"west": { "uv": [ 0, 0, 16, 16 ], "texture": "#texture" },
				"east": { "uv": [ 0, 0, 16, 16 ], "texture": "#texture" }
			}
		},
		{
			"from": [ 1, 23.5, 3.7812 ],
			"to": [ 5.5, 24.5, 12.2187 ],
			"faces": {
				"down": { "uv": [ 13, 9.5, 13.5, 10 ], "texture": "#particle" },
				"up": { "uv": [ 13, 9.5, 13.5, 10 ], "texture": "#particle" },
				"north": { "uv": [ 13, 9.5, 13.5, 10 ], "texture": "#particle" },
				"south": { "uv": [ 13, 9.5, 13.5, 10 ], "texture": "#particle" },
				"west": { "uv": [ 13, 9.5, 13.5, 10 ], "texture": "#particle" },
				"east": { "uv": [ 13, 9.5, 13.5, 10 ], "texture": "#particle" }
			}
		},
		{
			"from": [ 0, 23.5, 3.7812 ],
			"to": [ 1, 24.5, 12.2187 ],
			"faces": {
				"down": { "uv": [ 0, 0, 16, 16 ], "texture": "#texture" },
				"up": { "uv": [ 0, 0, 16, 16 ], "texture": "#texture" },
				"north": { "uv": [ 0, 0, 16, 16 ], "texture": "#texture" },
				"south": { "uv": [ 0, 0, 16, 16 ], "texture": "#texture" },
				"west": { "uv": [ 0, 0, 16, 16 ], "texture": "#texture" },
				"east": { "uv": [ 0, 0, 16, 16 ], "texture": "#texture" }
			}
		},
		{
			"from": [ 1, 20.4688, 14.3125 ],
			"to": [ 15, 22.4688, 15.3125 ],
			"rotation": { "origin": [ 1, 22.46875, 14.3125 ], "axis": "x", "angle": -22.5 },
			"faces": {
				"down": { "uv": [ 13, 9.5, 13.5, 10 ], "texture": "#particle" },
				"up": { "uv": [ 13, 9.5, 13.5, 10 ], "texture": "#particle" },
				"north": { "uv": [ 13, 9.5, 13.5, 10 ], "texture": "#particle" },
				"south": { "uv": [ 13, 9.5, 13.5, 10 ], "texture": "#particle" },
				"west": { "uv": [ 13, 9.5, 13.5, 10 ], "texture": "#particle" },
				"east": { "uv": [ 13, 9.5, 13.5, 10 ], "texture": "#particle" }
			}
		},
		{
			"from": [ 0, 20.4688, 14.3125 ],
			"to": [ 1, 22.4688, 15.3125 ],
			"rotation": { "origin": [ 0, 22.46875, 14.3125 ], "axis": "x", "angle": -22.5 },
			"faces": {
				"down": { "uv": [ 0, 0, 16, 16 ], "texture": "#texture" },
				"up": { "uv": [ 0, 0, 16, 16 ], "texture": "#texture" },
				"north": { "uv": [ 0, 0, 16, 16 ], "texture": "#texture" },
				"south": { "uv": [ 0, 0, 16, 16 ], "texture": "#texture" },
				"west": { "uv": [ 0, 0, 16, 16 ], "texture": "#texture" },
				"east": { "uv": [ 0, 0, 16, 16 ], "texture": "#texture" }
			}
		},
		{
			"from": [ 1, 21.8438, 13.8125 ],
			"to": [ 15, 22.8438, 14.8125 ],
			"rotation": { "origin": [ 1, 22.84375, 13.8125 ], "axis": "x", "angle": -45 },
			"faces": {
				"down": { "uv": [ 13, 9.5, 13.5, 10 ], "texture": "#particle" },
				"up": { "uv": [ 13, 9.5, 13.5, 10 ], "texture": "#particle" },
				"north": { "uv": [ 13, 9.5, 13.5, 10 ], "texture": "#particle" },
				"south": { "uv": [ 13, 9.5, 13.5, 10 ], "texture": "#particle" },
				"west": { "uv": [ 13, 9.5, 13.5, 10 ], "texture": "#particle" },
				"east": { "uv": [ 13, 9.5, 13.5, 10 ], "texture": "#particle" }
			}
		},
		{
			"from": [ 0, 21.8438, 13.8125 ],
			"to": [ 1, 22.8438, 14.8125 ],
			"rotation": { "origin": [ 0, 22.84375, 13.8125 ], "axis": "x", "angle": -45 },
			"faces": {
				"down": { "uv": [ 0, 0, 16, 16 ], "texture": "#texture" },
				"up": { "uv": [ 0, 0, 16, 16 ], "texture": "#texture" },
				"north": { "uv": [ 0, 0, 16, 16 ], "texture": "#texture" },
				"south": { "uv": [ 0, 0, 16, 16 ], "texture": "#texture" },
				"west": { "uv": [ 0, 0, 16, 16 ], "texture": "#texture" },
				"east": { "uv": [ 0, 0, 16, 16 ], "texture": "#texture" }
			}
		},
		{
			"from": [ 1, 23.5, 12.2188 ],
			"to": [ 15, 24.5, 14.7188 ],
			"rotation": { "origin": [ 1, 24.5, 12.21875 ], "axis": "x", "angle": 22.5 },
			"faces": {
				"down": { "uv": [ 13, 9.5, 13.5, 10 ], "texture": "#particle" },
				"up": { "uv": [ 13, 9.5, 13.5, 10 ], "texture": "#particle" },
				"north": { "uv": [ 13, 9.5, 13.5, 10 ], "texture": "#particle" },
				"south": { "uv": [ 13, 9.5, 13.5, 10 ], "texture": "#particle" },
				"west": { "uv": [ 13, 9.5, 13.5, 10 ], "texture": "#particle" },
				"east": { "uv": [ 13, 9.5, 13.5, 10 ], "texture": "#particle" }
			}
		},
		{
			"from": [ 0, 23.5, 12.2188 ],
			"to": [ 1, 24.5, 14.7188 ],
			"rotation": { "origin": [ 0, 24.5, 12.21875 ], "axis": "x", "angle": 22.5 },
			"faces": {
				"down": { "uv": [ 0, 0, 16, 16 ], "texture": "#texture" },
				"up": { "uv": [ 0, 0, 16, 16 ], "texture": "#texture" },
				"north": { "uv": [ 0, 0, 16, 16 ], "texture": "#texture" },
				"south": { "uv": [ 0, 0, 16, 16 ], "texture": "#texture" },
				"west": { "uv": [ 0, 0, 16, 16 ], "texture": "#texture" },
				"east": { "uv": [ 0, 0, 16, 16 ], "texture": "#texture" }
			}
		},
		{
			"from": [ 10.5, 23.5, 3.7812 ],
			"to": [ 15, 24.5, 12.2187 ],
			"faces": {
				"down": { "uv": [ 13, 9.5, 13.5, 10 ], "texture": "#particle" },
				"up": { "uv": [ 13, 9.5, 13.5, 10 ], "texture": "#particle" },
				"north": { "uv": [ 13, 9.5, 13.5, 10 ], "texture": "#particle" },
				"south": { "uv": [ 13, 9.5, 13.5, 10 ], "texture": "#particle" },
				"west": { "uv": [ 13, 9.5, 13.5, 10 ], "texture": "#particle" },
				"east": { "uv": [ 13, 9.5, 13.5, 10 ], "texture": "#particle" }
			}
		},
		{
			"from": [ 5.5, 23.5, 3.7812 ],
			"to": [ 10.5, 24.5, 5.2812 ],
			"faces": {
				"down": { "uv": [ 10, 11.5, 15, 13 ], "texture": "#particle" },
				"up": { "uv": [ 10, 11.5, 15, 13 ], "texture": "#particle" },
				"north": { "uv": [ 10.5, 12, 15.5, 13 ], "texture": "#particle" },
				"south": { "uv": [ 10.5, 12, 15.5, 13 ], "texture": "#particle" },
				"west": { "uv": [ 3.5, 0, 5, 1 ], "texture": "#particle" },
				"east": { "uv": [ 3.5, 0, 5, 1 ], "texture": "#particle" }
			}
		},
		{
			"from": [ 5.5, 23.5, 10.7188 ],
			"to": [ 10.5, 24.5, 12.2188 ],
			"faces": {
				"down": { "uv": [ 13, 9.5, 13.5, 10 ], "texture": "#particle" },
				"up": { "uv": [ 13, 9.5, 13.5, 10 ], "texture": "#particle" },
				"north": { "uv": [ 13, 9.5, 13.5, 10 ], "texture": "#particle" },
				"south": { "uv": [ 13, 9.5, 13.5, 10 ], "texture": "#particle" },
				"west": { "uv": [ 13, 9.5, 13.5, 10 ], "texture": "#particle" },
				"east": { "uv": [ 13, 9.5, 13.5, 10 ], "texture": "#particle" }
			}
		},
		{
			"from": [ 0, 20.8438, 0.7813 ],
			"to": [ 1, 22.8438, 1.7813 ],
			"rotation": { "origin": [ 0, 22.84375, 0.78125 ], "axis": "x", "angle": 22.5 },
			"faces": {
				"down": { "uv": [ 0, 0, 16, 16 ], "texture": "#texture" },
				"up": { "uv": [ 0, 0, 16, 16 ], "texture": "#texture" },
				"north": { "uv": [ 0, 0, 16, 16 ], "texture": "#texture" },
				"south": { "uv": [ 0, 0, 16, 16 ], "texture": "#texture" },
				"west": { "uv": [ 0, 0, 16, 16 ], "texture": "#texture" },
				"east": { "uv": [ 0, 0, 16, 16 ], "texture": "#texture" }
			}
		},
		{
			"from": [ 15, 20.8438, 0.7813 ],
			"to": [ 16, 22.8438, 1.7813 ],
			"rotation": { "origin": [ 0, 22.84375, 0.78125 ], "axis": "x", "angle": 22.5 },
			"faces": {
				"down": { "uv": [ 0, 0, 16, 16 ], "texture": "#texture" },
				"up": { "uv": [ 0, 0, 16, 16 ], "texture": "#texture" },
				"north": { "uv": [ 0, 0, 16, 16 ], "texture": "#texture" },
				"south": { "uv": [ 0, 0, 16, 16 ], "texture": "#texture" },
				"west": { "uv": [ 0, 0, 16, 16 ], "texture": "#texture" },
				"east": { "uv": [ 0, 0, 16, 16 ], "texture": "#texture" }
			}
		},
		{
			"from": [ 1, 20.8438, 0.7812 ],
			"to": [ 15, 22.8438, 1.7812 ],
			"rotation": { "origin": [ 1, 22.84375, 0.78125 ], "axis": "x", "angle": 22.5 },
			"faces": {
				"down": { "uv": [ 13, 9.5, 13.5, 10 ], "texture": "#particle" },
				"up": { "uv": [ 13, 9.5, 13.5, 10 ], "texture": "#particle" },
				"north": { "uv": [ 13, 9.5, 13.5, 10 ], "texture": "#particle" },
				"south": { "uv": [ 13, 9.5, 13.5, 10 ], "texture": "#particle" },
				"west": { "uv": [ 13, 9.5, 13.5, 10 ], "texture": "#particle" },
				"east": { "uv": [ 13, 9.5, 13.5, 10 ], "texture": "#particle" }
			}
		}
	]
}