{
	"credit": "Made with Blockbench",
	"textures": {
		"9": "block/bone_block_side",
		"10": "block/light_gray_wool"
	},
	"elements": [
		{
			"from": [23.11639, -15.7974, 0.69095],
			"to": [27.50701, -2.56002, 4.86145],
			"rotation": {"angle": 0, "axis": "y", "origin": [24.50472, 13.03785, 22.75344]},
			"faces": {
				"north": {"uv": [1, 0, 0, 1], "texture": "#9"},
				"east": {"uv": [1, 0, 0, 1], "texture": "#9"},
				"south": {"uv": [1, 0, 0, 1], "texture": "#9"},
				"west": {"uv": [1, 0, 0, 1], "texture": "#9"},
				"up": {"uv": [1, 0, 0, 1], "rotation": 180, "texture": "#9"},
				"down": {"uv": [1, 0, 0, 1], "rotation": 180, "texture": "#9"}
			}
		},
		{
			"from": [23.11639, -10.7025, -1.01477],
			"to": [27.50701, -0.29822, 6.99362],
			"rotation": {"angle": 0, "axis": "y", "origin": [24.50472, 13.03785, 22.75344]},
			"faces": {
				"north": {"uv": [1, 0, 0, 1], "texture": "#9"},
				"east": {"uv": [1, 0, 0, 1], "texture": "#9"},
				"south": {"uv": [1, 0, 0, 1], "texture": "#9"},
				"west": {"uv": [1, 0, 0, 1], "texture": "#9"},
				"up": {"uv": [1, 0, 0, 1], "rotation": 180, "texture": "#9"},
				"down": {"uv": [1, 0, 0, 1], "rotation": 180, "texture": "#9"}
			}
		},
		{
			"from": [22.59836, -5.27419, 0.69095],
			"to": [28.3599, -1.20295, 6.99362],
			"rotation": {"angle": 0, "axis": "y", "origin": [24.50472, 13.03785, 22.75344]},
			"faces": {
				"north": {"uv": [1, 0, 0, 1], "texture": "#9"},
				"east": {"uv": [1, 0, 0, 1], "texture": "#9"},
				"south": {"uv": [1, 0, 0, 1], "texture": "#9"},
				"west": {"uv": [1, 0, 0, 1], "texture": "#9"},
				"up": {"uv": [1, 0, 0, 1], "rotation": 180, "texture": "#9"},
				"down": {"uv": [1, 0, 0, 1], "rotation": 180, "texture": "#9"}
			}
		},
		{
			"from": [23.11639, -5.27419, 0.69095],
			"to": [27.50701, 5.13004, 8.69939],
			"rotation": {"angle": 0, "axis": "y", "origin": [24.50472, 13.03785, 22.75344]},
			"faces": {
				"north": {"uv": [1, 0, 0, 1], "texture": "#9"},
				"east": {"uv": [1, 0, 0, 1], "texture": "#9"},
				"south": {"uv": [1, 0, 0, 1], "texture": "#9"},
				"west": {"uv": [1, 0, 0, 1], "texture": "#9"},
				"up": {"uv": [1, 0, 0, 1], "rotation": 180, "texture": "#9"},
				"down": {"uv": [1, 0, 0, 1], "rotation": 180, "texture": "#9"}
			}
		},
		{
			"from": [22.59836, 3.77299, 0.69095],
			"to": [28.3599, 7.84418, 6.99362],
			"rotation": {"angle": 0, "axis": "y", "origin": [24.50472, 13.03785, 22.75344]},
			"faces": {
				"north": {"uv": [1, 0, 0, 1], "texture": "#9"},
				"east": {"uv": [1, 0, 0, 1], "texture": "#9"},
				"south": {"uv": [1, 0, 0, 1], "texture": "#9"},
				"west": {"uv": [1, 0, 0, 1], "texture": "#9"},
				"up": {"uv": [1, 0, 0, 1], "rotation": 180, "texture": "#9"},
				"down": {"uv": [1, 0, 0, 1], "rotation": 180, "texture": "#9"}
			}
		},
		{
			"from": [23.11639, 1.96355, 2.39672],
			"to": [27.50701, 12.3678, 10.4051],
			"rotation": {"angle": 0, "axis": "y", "origin": [24.50472, 13.03785, 22.75344]},
			"faces": {
				"north": {"uv": [1, 0, 0, 1], "texture": "#9"},
				"east": {"uv": [1, 0, 0, 1], "texture": "#9"},
				"south": {"uv": [1, 0, 0, 1], "texture": "#9"},
				"west": {"uv": [1, 0, 0, 1], "texture": "#9"},
				"up": {"uv": [1, 0, 0, 1], "rotation": 180, "texture": "#9"},
				"down": {"uv": [1, 0, 0, 1], "rotation": 180, "texture": "#9"}
			}
		},
		{
			"from": [23.96924, 8.29659, 7.51391],
			"to": [28.3599, 12.3678, 13.81656],
			"rotation": {"angle": 0, "axis": "y", "origin": [24.50472, 13.03785, 22.75344]},
			"faces": {
				"north": {"uv": [1, 0, 0, 1], "texture": "#9"},
				"east": {"uv": [1, 0, 0, 1], "texture": "#9"},
				"south": {"uv": [1, 0, 0, 1], "texture": "#9"},
				"west": {"uv": [1, 0, 0, 1], "texture": "#9"},
				"up": {"uv": [1, 0, 0, 1], "rotation": 180, "texture": "#9"},
				"down": {"uv": [1, 0, 0, 1], "rotation": 180, "texture": "#9"}
			}
		},
		{
			"from": [22.59836, 11.91542, 6.66102],
			"to": [28.3599, 15.98667, 12.96367],
			"rotation": {"angle": 0, "axis": "y", "origin": [24.50472, 13.03785, 22.75344]},
			"faces": {
				"north": {"uv": [1, 0, 0, 1], "texture": "#9"},
				"east": {"uv": [1, 0, 0, 1], "texture": "#9"},
				"south": {"uv": [1, 0, 0, 1], "texture": "#9"},
				"west": {"uv": [1, 0, 0, 1], "texture": "#9"},
				"up": {"uv": [1, 0, 0, 1], "rotation": 180, "texture": "#9"},
				"down": {"uv": [1, 0, 0, 1], "rotation": 180, "texture": "#9"}
			}
		},
		{
			"from": [23.11639, 6.48711, 4.95529],
			"to": [27.50701, 15.08192, 12.96367],
			"rotation": {"angle": 0, "axis": "y", "origin": [24.50472, 13.03785, 22.75344]},
			"faces": {
				"north": {"uv": [1, 0, 0, 1], "texture": "#9"},
				"east": {"uv": [1, 0, 0, 1], "texture": "#9"},
				"south": {"uv": [1, 0, 0, 1], "texture": "#9"},
				"west": {"uv": [1, 0, 0, 1], "texture": "#9"},
				"up": {"uv": [1, 0, 0, 1], "rotation": 180, "texture": "#9"},
				"down": {"uv": [1, 0, 0, 1], "rotation": 180, "texture": "#9"}
			}
		},
		{
			"from": [23.11639, 11.01073, 7.08745],
			"to": [27.50701, 19.60553, 15.09581],
			"rotation": {"angle": 0, "axis": "y", "origin": [24.50472, 13.03785, 22.75344]},
			"faces": {
				"north": {"uv": [1, 0, 0, 1], "texture": "#9"},
				"east": {"uv": [1, 0, 0, 1], "texture": "#9"},
				"south": {"uv": [1, 0, 0, 1], "texture": "#9"},
				"west": {"uv": [1, 0, 0, 1], "texture": "#9"},
				"up": {"uv": [1, 0, 0, 1], "rotation": 180, "texture": "#9"},
				"down": {"uv": [1, 0, 0, 1], "rotation": 180, "texture": "#9"}
			}
		},
		{
			"from": [23.96924, 19.15321, 10.07247],
			"to": [28.3599, 31.2042, 16.37513],
			"rotation": {"angle": 0, "axis": "y", "origin": [24.50472, 13.03785, 22.75344]},
			"faces": {
				"north": {"uv": [1, 0, 0, 1], "texture": "#9"},
				"east": {"uv": [1, 0, 0, 1], "texture": "#9"},
				"south": {"uv": [1, 0, 0, 1], "texture": "#9"},
				"west": {"uv": [1, 0, 0, 1], "texture": "#9"},
				"up": {"uv": [1, 0, 0, 1], "rotation": 180, "texture": "#9"},
				"down": {"uv": [1, 0, 0, 1], "rotation": 180, "texture": "#9"}
			}
		},
		{
			"from": [-12.3599, 19.15321, 10.07247],
			"to": [-7.96924, 31.2042, 16.37513],
			"rotation": {"angle": 0, "axis": "y", "origin": [17.50472, 13.03785, 22.75344]},
			"faces": {
				"north": {"uv": [0, 0, 1, 1], "texture": "#9"},
				"east": {"uv": [0, 0, 1, 1], "texture": "#9"},
				"south": {"uv": [0, 0, 1, 1], "texture": "#9"},
				"west": {"uv": [0, 0, 1, 1], "texture": "#9"},
				"up": {"uv": [0, 0, 1, 1], "rotation": 180, "texture": "#9"},
				"down": {"uv": [0, 0, 1, 1], "rotation": 180, "texture": "#9"}
			}
		},
		{
			"from": [-12.3599, 11.91542, 6.66102],
			"to": [-6.50044, 15.98667, 12.96367],
			"rotation": {"angle": 0, "axis": "y", "origin": [17.50472, 13.03785, 22.75344]},
			"faces": {
				"north": {"uv": [0, 0, 1, 1], "texture": "#9"},
				"east": {"uv": [0, 0, 1, 1], "texture": "#9"},
				"south": {"uv": [0, 0, 1, 1], "texture": "#9"},
				"west": {"uv": [0, 0, 1, 1], "texture": "#9"},
				"up": {"uv": [0, 0, 1, 1], "rotation": 180, "texture": "#9"},
				"down": {"uv": [0, 0, 1, 1], "rotation": 180, "texture": "#9"}
			}
		},
		{
			"from": [-11.50701, 6.48711, 4.95529],
			"to": [-7.11639, 15.08192, 12.96367],
			"rotation": {"angle": 0, "axis": "y", "origin": [17.50472, 13.03785, 22.75344]},
			"faces": {
				"north": {"uv": [0, 0, 1, 1], "texture": "#9"},
				"east": {"uv": [0, 0, 1, 1], "texture": "#9"},
				"south": {"uv": [0, 0, 1, 1], "texture": "#9"},
				"west": {"uv": [0, 0, 1, 1], "texture": "#9"},
				"up": {"uv": [0, 0, 1, 1], "rotation": 180, "texture": "#9"},
				"down": {"uv": [0, 0, 1, 1], "rotation": 180, "texture": "#9"}
			}
		},
		{
			"from": [-11.50701, 1.96355, 2.39672],
			"to": [-7.11639, 12.3678, 10.4051],
			"rotation": {"angle": 0, "axis": "y", "origin": [17.50472, 13.03785, 22.75344]},
			"faces": {
				"north": {"uv": [0, 0, 1, 1], "texture": "#9"},
				"east": {"uv": [0, 0, 1, 1], "texture": "#9"},
				"south": {"uv": [0, 0, 1, 1], "texture": "#9"},
				"west": {"uv": [0, 0, 1, 1], "texture": "#9"},
				"up": {"uv": [0, 0, 1, 1], "rotation": 180, "texture": "#9"},
				"down": {"uv": [0, 0, 1, 1], "rotation": 180, "texture": "#9"}
			}
		},
		{
			"from": [-12.3599, 3.77299, 0.69095],
			"to": [-6.50044, 7.84418, 6.99362],
			"rotation": {"angle": 0, "axis": "y", "origin": [17.50472, 13.03785, 22.75344]},
			"faces": {
				"north": {"uv": [0, 0, 1, 1], "texture": "#9"},
				"east": {"uv": [0, 0, 1, 1], "texture": "#9"},
				"south": {"uv": [0, 0, 1, 1], "texture": "#9"},
				"west": {"uv": [0, 0, 1, 1], "texture": "#9"},
				"up": {"uv": [0, 0, 1, 1], "rotation": 180, "texture": "#9"},
				"down": {"uv": [0, 0, 1, 1], "rotation": 180, "texture": "#9"}
			}
		},
		{
			"from": [-11.50701, -5.27419, 0.69095],
			"to": [-7.11639, 5.13004, 8.69939],
			"rotation": {"angle": 0, "axis": "y", "origin": [17.50472, 13.03785, 22.75344]},
			"faces": {
				"north": {"uv": [0, 0, 1, 1], "texture": "#9"},
				"east": {"uv": [0, 0, 1, 1], "texture": "#9"},
				"south": {"uv": [0, 0, 1, 1], "texture": "#9"},
				"west": {"uv": [0, 0, 1, 1], "texture": "#9"},
				"up": {"uv": [0, 0, 1, 1], "rotation": 180, "texture": "#9"},
				"down": {"uv": [0, 0, 1, 1], "rotation": 180, "texture": "#9"}
			}
		},
		{
			"from": [-11.50701, -10.7025, -1.01477],
			"to": [-7.11639, -0.29822, 6.99362],
			"rotation": {"angle": 0, "axis": "y", "origin": [17.50472, 13.03785, 22.75344]},
			"faces": {
				"north": {"uv": [0, 0, 1, 1], "texture": "#9"},
				"east": {"uv": [0, 0, 1, 1], "texture": "#9"},
				"south": {"uv": [0, 0, 1, 1], "texture": "#9"},
				"west": {"uv": [0, 0, 1, 1], "texture": "#9"},
				"up": {"uv": [0, 0, 1, 1], "rotation": 180, "texture": "#9"},
				"down": {"uv": [0, 0, 1, 1], "rotation": 180, "texture": "#9"}
			}
		},
		{
			"from": [-11.50701, 11.01073, 7.08745],
			"to": [-7.11639, 19.60553, 15.09581],
			"rotation": {"angle": 0, "axis": "y", "origin": [17.50472, 13.03785, 22.75344]},
			"faces": {
				"north": {"uv": [0, 0, 1, 1], "texture": "#9"},
				"east": {"uv": [0, 0, 1, 1], "texture": "#9"},
				"south": {"uv": [0, 0, 1, 1], "texture": "#9"},
				"west": {"uv": [0, 0, 1, 1], "texture": "#9"},
				"up": {"uv": [0, 0, 1, 1], "rotation": 180, "texture": "#9"},
				"down": {"uv": [0, 0, 1, 1], "rotation": 180, "texture": "#9"}
			}
		},
		{
			"from": [-8.96173, 30.0441, 11.50678],
			"to": [24.11921, 30.225, 11.67735],
			"rotation": {"angle": 22.5, "axis": "x", "origin": [-63.93383, 23.26962, -45.70479]},
			"faces": {
				"north": {"uv": [0, 0, 0.1, 2], "texture": "#10"},
				"east": {"uv": [0, 0, 0.1, 2], "texture": "#10"},
				"south": {"uv": [0, 0, 0.1, 2], "texture": "#10"},
				"west": {"uv": [0, 0, 0.1, 2], "texture": "#10"},
				"up": {"uv": [0, 0, 0.1, 2], "rotation": 180, "texture": "#10"},
				"down": {"uv": [0, 0, 0.1, 2], "rotation": 180, "texture": "#10"}
			}
		},
		{
			"from": [-12.3599, 8.29659, 7.51391],
			"to": [-6.50044, 12.3678, 13.81656],
			"rotation": {"angle": 0, "axis": "y", "origin": [17.50472, 13.03785, 22.75344]},
			"faces": {
				"north": {"uv": [0, 0, 1, 1], "texture": "#9"},
				"east": {"uv": [0, 0, 1, 1], "texture": "#9"},
				"south": {"uv": [0, 0, 1, 1], "texture": "#9"},
				"west": {"uv": [0, 0, 1, 1], "texture": "#9"},
				"up": {"uv": [0, 0, 1, 1], "rotation": 180, "texture": "#9"},
				"down": {"uv": [0, 0, 1, 1], "rotation": 180, "texture": "#9"}
			}
		},
		{
			"from": [-12.3599, -5.27419, 0.69095],
			"to": [-6.50044, -1.20295, 6.99362],
			"rotation": {"angle": 0, "axis": "y", "origin": [17.50472, 13.03785, 22.75344]},
			"faces": {
				"north": {"uv": [0, 0, 1, 1], "texture": "#9"},
				"east": {"uv": [0, 0, 1, 1], "texture": "#9"},
				"south": {"uv": [0, 0, 1, 1], "texture": "#9"},
				"west": {"uv": [0, 0, 1, 1], "texture": "#9"},
				"up": {"uv": [0, 0, 1, 1], "rotation": 180, "texture": "#9"},
				"down": {"uv": [0, 0, 1, 1], "rotation": 180, "texture": "#9"}
			}
		},
		{
			"from": [-11.50701, -15.7974, 0.69095],
			"to": [-7.11639, -2.56002, 4.86145],
			"rotation": {"angle": 0, "axis": "y", "origin": [17.50472, 13.03785, 22.75344]},
			"faces": {
				"north": {"uv": [0, 0, 1, 1], "texture": "#9"},
				"east": {"uv": [0, 0, 1, 1], "texture": "#9"},
				"south": {"uv": [0, 0, 1, 1], "texture": "#9"},
				"west": {"uv": [0, 0, 1, 1], "texture": "#9"},
				"up": {"uv": [0, 0, 1, 1], "rotation": 180, "texture": "#9"},
				"down": {"uv": [0, 0, 1, 1], "rotation": 180, "texture": "#9"}
			}
		}
	],
	"display": {
		"gui": {
			"translation": [0, 3.5, 0],
			"scale": [0.44, 0.44, 0.44]
		},
		"head": {
			"translation": [6.25, 80, -18.25],
			"scale": [4, 4, 4]
		}
	},
	"groups": [
		{
			"name": "oreil",
			"origin": [42.3691, 38.14107, 40.95686],
			"color": 0,
			"children": [
				{
					"name": "oreil",
					"origin": [42.3691, 38.14107, 40.95686],
					"color": 0,
					"children": [0, 1, 2, 3, 4, 5, 6, 7, 8, 9, 10, 11, 12, 13, 14, 15, 16, 17, 18, 19, 20, 21, 22]
				}
			]
		}
	]
}