{
	"credit": "Made with Blockbench",
	"textures": {
		"0": "block/anvil",
		"1": "block/red_concrete",
		"2": "block/yellow_concrete",
		"3": "block/light_blue_terracotta",
		"4": "block/bone_block_side",
		"5": "block/black_shulker_box",
		"6": "block/coal_block",
		"7": "block/andesite",
		"8": "block/logo",
		"particle": "block/anvil"
	},
	"elements": [
		{
			"from": [1.344, -14.352, 1.344],
			"to": [2.176, -12.896, 14.656],
			"faces": {
				"north": {"uv": [0, 0, 1, 1], "texture": "#0"},
				"east": {"uv": [0, 0, 1, 1], "texture": "#0"},
				"south": {"uv": [0, 0, 1, 1], "texture": "#0"},
				"west": {"uv": [0, 0, 1, 1], "texture": "#0"},
				"up": {"uv": [0, 0, 1, 1], "texture": "#0"},
				"down": {"uv": [0, 0, 1, 1], "texture": "#0"}
			}
		},
		{
			"from": [1.344, -14.352, 1.344],
			"to": [2.176, -12.896, 14.656],
			"faces": {
				"north": {"uv": [1, 0, 0, 1], "texture": "#0"},
				"east": {"uv": [1, 0, 0, 1], "texture": "#0"},
				"south": {"uv": [1, 0, 0, 1], "texture": "#0"},
				"west": {"uv": [1, 0, 0, 1], "texture": "#0"},
				"up": {"uv": [1, 0, 0, 1], "texture": "#0"},
				"down": {"uv": [1, 0, 0, 1], "texture": "#0"}
			}
		},
		{
			"from": [1.87648, -14.252, 1.87648],
			"to": [2.64192, -11.76448, 14.12352],
			"faces": {
				"north": {"uv": [1, 0, 0, 1], "texture": "#1"},
				"east": {"uv": [1, 0, 0, 1], "texture": "#1"},
				"south": {"uv": [1, 0, 0, 1], "texture": "#1"},
				"west": {"uv": [1, 0, 0, 1], "texture": "#1"},
				"up": {"uv": [1, 0, 0, 1], "texture": "#1"},
				"down": {"uv": [1, 0, 0, 1], "texture": "#1"}
			}
		},
		{
			"from": [13.35808, -14.252, 1.87648],
			"to": [14.12352, -11.76448, 14.12352],
			"rotation": {"angle": 0, "axis": "y", "origin": [16, 0, 0]},
			"faces": {
				"north": {"uv": [0, 0, 1, 1], "texture": "#1"},
				"east": {"uv": [0, 0, 1, 1], "texture": "#1"},
				"south": {"uv": [0, 0, 1, 1], "texture": "#1"},
				"west": {"uv": [0, 0, 1, 1], "texture": "#1"},
				"up": {"uv": [0, 0, 1, 1], "texture": "#1"},
				"down": {"uv": [0, 0, 1, 1], "texture": "#1"}
			}
		},
		{
			"from": [1.87648, -11.7728, 1.87648],
			"to": [2.64192, -10.64128, 14.12352],
			"faces": {
				"north": {"uv": [1, 0, 0, 1], "texture": "#1"},
				"east": {"uv": [1, 0, 0, 1], "texture": "#1"},
				"south": {"uv": [1, 0, 0, 1], "texture": "#1"},
				"west": {"uv": [1, 0, 0, 1], "texture": "#1"},
				"up": {"uv": [1, 0, 0, 1], "texture": "#1"},
				"down": {"uv": [1, 0, 0, 1], "texture": "#1"}
			}
		},
		{
			"from": [1.79328, -11.7728, 1.87648],
			"to": [2.55872, -10.47488, 4.95552],
			"faces": {
				"north": {"uv": [1, 0, 0, 1], "texture": "#2"},
				"east": {"uv": [1, 0, 0, 1], "texture": "#2"},
				"south": {"uv": [1, 0, 0, 1], "texture": "#2"},
				"west": {"uv": [1, 0, 0, 1], "texture": "#2"},
				"up": {"uv": [1, 0, 0, 1], "texture": "#2"},
				"down": {"uv": [1, 0, 0, 1], "texture": "#2"}
			}
		},
		{
			"from": [1.79328, -10.5568, 2.70848],
			"to": [2.55872, -8.81088, 4.97152],
			"faces": {
				"north": {"uv": [1, 0, 0, 1], "texture": "#2"},
				"east": {"uv": [1, 0, 0, 1], "texture": "#2"},
				"south": {"uv": [1, 0, 0, 1], "texture": "#2"},
				"west": {"uv": [1, 0, 0, 1], "texture": "#2"},
				"up": {"uv": [1, 0, 0, 1], "texture": "#2"},
				"down": {"uv": [1, 0, 0, 1], "texture": "#2"}
			}
		},
		{
			"from": [1.79328, -8.8608, 2.00128],
			"to": [2.55872, -8.18688, 3.30752],
			"faces": {
				"north": {"uv": [1, 0, 0, 1], "texture": "#2"},
				"east": {"uv": [1, 0, 0, 1], "texture": "#2"},
				"south": {"uv": [1, 0, 0, 1], "texture": "#2"},
				"west": {"uv": [1, 0, 0, 1], "texture": "#2"},
				"up": {"uv": [1, 0, 0, 1], "texture": "#2"},
				"down": {"uv": [1, 0, 0, 1], "texture": "#2"}
			}
		},
		{
			"from": [1.91741, -10.84595, 2.12125],
			"to": [2.66755, -8.7994, 3.15177],
			"faces": {
				"north": {"uv": [1, 0, 0, 1], "texture": "#3"},
				"east": {"uv": [1, 0, 0, 1], "texture": "#3"},
				"south": {"uv": [1, 0, 0, 1], "texture": "#3"},
				"west": {"uv": [1, 0, 0, 1], "texture": "#3"},
				"up": {"uv": [1, 0, 0, 1], "texture": "#3"},
				"down": {"uv": [1, 0, 0, 1], "texture": "#3"}
			}
		},
		{
			"from": [13.33245, -10.84595, 2.12125],
			"to": [14.08259, -8.7994, 3.15177],
			"faces": {
				"north": {"uv": [0, 0, 1, 1], "texture": "#3"},
				"east": {"uv": [0, 0, 1, 1], "texture": "#3"},
				"south": {"uv": [0, 0, 1, 1], "texture": "#3"},
				"west": {"uv": [0, 0, 1, 1], "texture": "#3"},
				"up": {"uv": [0, 0, 1, 1], "texture": "#3"},
				"down": {"uv": [0, 0, 1, 1], "texture": "#3"}
			}
		},
		{
			"from": [13.44128, -11.7728, 1.87648],
			"to": [14.20672, -10.47488, 4.95552],
			"faces": {
				"north": {"uv": [0, 0, 1, 1], "texture": "#2"},
				"east": {"uv": [0, 0, 1, 1], "texture": "#2"},
				"south": {"uv": [0, 0, 1, 1], "texture": "#2"},
				"west": {"uv": [0, 0, 1, 1], "texture": "#2"},
				"up": {"uv": [0, 0, 1, 1], "texture": "#2"},
				"down": {"uv": [0, 0, 1, 1], "texture": "#2"}
			}
		},
		{
			"from": [13.44128, -10.4568, 2.70848],
			"to": [14.20672, -8.81088, 4.97152],
			"faces": {
				"north": {"uv": [0, 0, 1, 1], "texture": "#2"},
				"east": {"uv": [0, 0, 1, 1], "texture": "#2"},
				"south": {"uv": [0, 0, 1, 1], "texture": "#2"},
				"west": {"uv": [0, 0, 1, 1], "texture": "#2"},
				"up": {"uv": [0, 0, 1, 1], "texture": "#2"},
				"down": {"uv": [0, 0, 1, 1], "texture": "#2"}
			}
		},
		{
			"from": [2.54208, -13.9024, 0.96128],
			"to": [13.45792, -8.64448, 4.13952],
			"faces": {
				"north": {"uv": [0, 0, 1, 1], "texture": "#1"},
				"east": {"uv": [0, 0, 1, 1], "texture": "#1"},
				"south": {"uv": [0, 0, 1, 1], "texture": "#1"},
				"west": {"uv": [0, 0, 1, 1], "texture": "#1"},
				"up": {"uv": [0, 0, 1, 1], "texture": "#1"},
				"down": {"uv": [0, 0, 1, 1], "texture": "#1"}
			}
		},
		{
			"from": [7.53408, -9.5264, 4.13952],
			"to": [8.46592, -8.64448, 4.76352],
			"faces": {
				"north": {"uv": [0, 0, 1, 1], "texture": "#5"},
				"east": {"uv": [0, 0, 1, 1], "texture": "#5"},
				"south": {"uv": [0, 0, 1, 1], "texture": "#5"},
				"west": {"uv": [0, 0, 1, 1], "texture": "#5"},
				"up": {"uv": [0, 0, 1, 1], "texture": "#5"},
				"down": {"uv": [0, 0, 1, 1], "texture": "#5"}
			}
		},
		{
			"from": [3.20768, -8.64448, 0.21248],
			"to": [12.79232, -8.64448, 1.03952],
			"faces": {
				"north": {"uv": [0, 0, 1, 1], "texture": "#1"},
				"east": {"uv": [0, 0, 1, 1], "texture": "#1"},
				"south": {"uv": [0, 0, 1, 1], "texture": "#1"},
				"west": {"uv": [0, 0, 1, 1], "texture": "#1"},
				"up": {"uv": [0, 0, 1, 1], "texture": "#1"},
				"down": {"uv": [0, 0, 1, 1], "texture": "#1"}
			}
		},
		{
			"from": [13.52448, -9.6928, 2.91648],
			"to": [14.28992, -9.01888, 3.30752],
			"faces": {
				"north": {"uv": [0, 0, 1, 1], "texture": "#3"},
				"east": {"uv": [0, 0, 1, 1], "texture": "#3"},
				"south": {"uv": [0, 0, 1, 1], "texture": "#3"},
				"west": {"uv": [0, 0, 1, 1], "texture": "#3"},
				"up": {"uv": [0, 0, 1, 1], "texture": "#3"},
				"down": {"uv": [0, 0, 1, 1], "texture": "#3"}
			}
		},
		{
			"from": [1.71008, -9.6928, 2.91648],
			"to": [2.47552, -9.01888, 3.30752],
			"faces": {
				"north": {"uv": [1, 0, 0, 1], "texture": "#3"},
				"east": {"uv": [1, 0, 0, 1], "texture": "#3"},
				"south": {"uv": [1, 0, 0, 1], "texture": "#3"},
				"west": {"uv": [1, 0, 0, 1], "texture": "#3"},
				"up": {"uv": [1, 0, 0, 1], "texture": "#3"},
				"down": {"uv": [1, 0, 0, 1], "texture": "#3"}
			}
		},
		{
			"from": [13.52448, -9.6928, 4.24768],
			"to": [14.28992, -9.01888, 4.63872],
			"faces": {
				"north": {"uv": [0, 0, 1, 1], "texture": "#3"},
				"east": {"uv": [0, 0, 1, 1], "texture": "#3"},
				"south": {"uv": [0, 0, 1, 1], "texture": "#3"},
				"west": {"uv": [0, 0, 1, 1], "texture": "#3"},
				"up": {"uv": [0, 0, 1, 1], "texture": "#3"},
				"down": {"uv": [0, 0, 1, 1], "texture": "#3"}
			}
		},
		{
			"from": [1.71008, -9.6928, 4.24768],
			"to": [2.47552, -9.01888, 4.63872],
			"faces": {
				"north": {"uv": [1, 0, 0, 1], "texture": "#3"},
				"east": {"uv": [1, 0, 0, 1], "texture": "#3"},
				"south": {"uv": [1, 0, 0, 1], "texture": "#3"},
				"west": {"uv": [1, 0, 0, 1], "texture": "#3"},
				"up": {"uv": [1, 0, 0, 1], "texture": "#3"},
				"down": {"uv": [1, 0, 0, 1], "texture": "#3"}
			}
		},
		{
			"from": [13.52448, -10.5248, 2.91648],
			"to": [14.28992, -9.85088, 3.30752],
			"faces": {
				"north": {"uv": [0, 0, 1, 1], "texture": "#3"},
				"east": {"uv": [0, 0, 1, 1], "texture": "#3"},
				"south": {"uv": [0, 0, 1, 1], "texture": "#3"},
				"west": {"uv": [0, 0, 1, 1], "texture": "#3"},
				"up": {"uv": [0, 0, 1, 1], "texture": "#3"},
				"down": {"uv": [0, 0, 1, 1], "texture": "#3"}
			}
		},
		{
			"from": [1.71008, -10.5248, 2.91648],
			"to": [2.47552, -9.85088, 3.30752],
			"faces": {
				"north": {"uv": [1, 0, 0, 1], "texture": "#3"},
				"east": {"uv": [1, 0, 0, 1], "texture": "#3"},
				"south": {"uv": [1, 0, 0, 1], "texture": "#3"},
				"west": {"uv": [1, 0, 0, 1], "texture": "#3"},
				"up": {"uv": [1, 0, 0, 1], "texture": "#3"},
				"down": {"uv": [1, 0, 0, 1], "texture": "#3"}
			}
		},
		{
			"from": [13.52448, -10.5248, 4.24768],
			"to": [14.28992, -9.85088, 4.63872],
			"faces": {
				"north": {"uv": [0, 0, 1, 1], "texture": "#3"},
				"east": {"uv": [0, 0, 1, 1], "texture": "#3"},
				"south": {"uv": [0, 0, 1, 1], "texture": "#3"},
				"west": {"uv": [0, 0, 1, 1], "texture": "#3"},
				"up": {"uv": [0, 0, 1, 1], "texture": "#3"},
				"down": {"uv": [0, 0, 1, 1], "texture": "#3"}
			}
		},
		{
			"from": [1.71008, -10.5248, 4.24768],
			"to": [2.47552, -9.85088, 4.63872],
			"faces": {
				"north": {"uv": [1, 0, 0, 1], "texture": "#3"},
				"east": {"uv": [1, 0, 0, 1], "texture": "#3"},
				"south": {"uv": [1, 0, 0, 1], "texture": "#3"},
				"west": {"uv": [1, 0, 0, 1], "texture": "#3"},
				"up": {"uv": [1, 0, 0, 1], "texture": "#3"},
				"down": {"uv": [1, 0, 0, 1], "texture": "#3"}
			}
		},
		{
			"from": [13.44128, -8.8608, 2.00128],
			"to": [14.20672, -8.18688, 3.30752],
			"faces": {
				"north": {"uv": [0, 0, 1, 1], "texture": "#2"},
				"east": {"uv": [0, 0, 1, 1], "texture": "#2"},
				"south": {"uv": [0, 0, 1, 1], "texture": "#2"},
				"west": {"uv": [0, 0, 1, 1], "texture": "#2"},
				"up": {"uv": [0, 0, 1, 1], "texture": "#2"},
				"down": {"uv": [0, 0, 1, 1], "texture": "#2"}
			}
		},
		{
			"from": [13.824, -14.352, 1.344],
			"to": [14.656, -12.896, 14.656],
			"faces": {
				"north": {"uv": [1, 0, 0, 1], "texture": "#0"},
				"east": {"uv": [1, 0, 0, 1], "texture": "#0"},
				"south": {"uv": [1, 0, 0, 1], "texture": "#0"},
				"west": {"uv": [1, 0, 0, 1], "texture": "#0"},
				"up": {"uv": [1, 0, 0, 1], "texture": "#0"},
				"down": {"uv": [1, 0, 0, 1], "texture": "#0"}
			}
		},
		{
			"from": [13.27488, -13.852, 1.87648],
			"to": [14.04032, -10.76608, 14.12352],
			"faces": {
				"north": {"uv": [1, 0, 0, 1], "texture": "#6"},
				"east": {"uv": [1, 0, 0, 1], "texture": "#6"},
				"south": {"uv": [1, 0, 0, 1], "texture": "#6"},
				"west": {"uv": [7.5, 0, 0, 6], "texture": "#6"},
				"up": {"uv": [1, 0, 0, 1], "texture": "#6"},
				"down": {"uv": [1, 0, 0, 1], "texture": "#6"}
			}
		},
		{
			"from": [1.95968, -14.052, 1.87648],
			"to": [2.72512, -10.76608, 14.12352],
			"faces": {
				"north": {"uv": [0, 0, 1, 1], "texture": "#6"},
				"east": {"uv": [0, 0, 7.5, 6], "texture": "#6"},
				"south": {"uv": [0, 0, 1, 1], "texture": "#6"},
				"west": {"uv": [0, 0, 1, 1], "texture": "#6"},
				"up": {"uv": [0, 0, 1, 1], "texture": "#6"},
				"down": {"uv": [0, 0, 1, 1], "texture": "#6"}
			}
		},
		{
			"from": [1.95968, -13.952, 0.54368],
			"to": [14.12352, -13.88608, 15.77152],
			"faces": {
				"north": {"uv": [0, 0, 7.5, 6], "texture": "#7"},
				"east": {"uv": [0, 0, 7.5, 6], "texture": "#7"},
				"south": {"uv": [0, 0, 7.5, 6], "texture": "#7"},
				"west": {"uv": [0, 0, 7.5, 6], "texture": "#7"},
				"up": {"uv": [0, 0, 7.5, 6], "texture": "#7"},
				"down": {"uv": [0, 0, 7.5, 6], "texture": "#7"}
			}
		},
		{
			"from": [13.824, -14.352, 1.344],
			"to": [14.656, -12.896, 14.656],
			"faces": {
				"north": {"uv": [0, 0, 1, 1], "texture": "#0"},
				"east": {"uv": [0, 0, 1, 1], "texture": "#0"},
				"south": {"uv": [0, 0, 1, 1], "texture": "#0"},
				"west": {"uv": [0, 0, 1, 1], "texture": "#0"},
				"up": {"uv": [0, 0, 1, 1], "texture": "#0"},
				"down": {"uv": [0, 0, 1, 1], "texture": "#0"}
			}
		},
		{
			"from": [13.35808, -11.7728, 1.87648],
			"to": [14.12352, -10.64128, 14.12352],
			"faces": {
				"north": {"uv": [0, 0, 1, 1], "texture": "#1"},
				"east": {"uv": [0, 0, 1, 1], "texture": "#1"},
				"south": {"uv": [0, 0, 1, 1], "texture": "#1"},
				"west": {"uv": [0, 0, 1, 1], "texture": "#1"},
				"up": {"uv": [0, 0, 1, 1], "texture": "#1"},
				"down": {"uv": [0, 0, 1, 1], "texture": "#1"}
			}
		},
		{
			"from": [13.44128, -12.1056, 4.95488],
			"to": [14.20672, -10.55808, 14.12352],
			"faces": {
				"north": {"uv": [0, 0, 1, 1], "texture": "#4"},
				"east": {"uv": [0, 0, 1, 1], "texture": "#4"},
				"south": {"uv": [0, 0, 1, 1], "texture": "#4"},
				"west": {"uv": [0, 0, 1, 1], "texture": "#4"},
				"up": {"uv": [0, 0, 1, 1], "texture": "#4"},
				"down": {"uv": [0, 0, 1, 1], "texture": "#4"}
			}
		},
		{
			"from": [1.79328, -12.1056, 4.95488],
			"to": [2.55872, -10.55808, 14.12352],
			"faces": {
				"north": {"uv": [1, 0, 0, 1], "texture": "#4"},
				"east": {"uv": [1, 0, 0, 1], "texture": "#4"},
				"south": {"uv": [1, 0, 0, 1], "texture": "#4"},
				"west": {"uv": [1, 0, 0, 1], "texture": "#4"},
				"up": {"uv": [1, 0, 0, 1], "texture": "#4"},
				"down": {"uv": [1, 0, 0, 1], "texture": "#4"}
			}
		},
		{
			"from": [1.71008, -12.1056, 11.36128],
			"to": [2.55872, -10.55808, 14.20672],
			"faces": {
				"north": {"uv": [1, 0, 0, 1], "texture": "#3"},
				"east": {"uv": [1, 0, 0, 1], "texture": "#3"},
				"south": {"uv": [1, 0, 0, 1], "texture": "#3"},
				"west": {"uv": [1, 0, 0, 1], "texture": "#3"},
				"up": {"uv": [1, 0, 0, 1], "texture": "#3"},
				"down": {"uv": [1, 0, 0, 1], "texture": "#3"}
			}
		},
		{
			"from": [13.44128, -12.1056, 11.36128],
			"to": [14.28992, -10.55808, 14.20672],
			"faces": {
				"north": {"uv": [0, 0, 1, 1], "texture": "#3"},
				"east": {"uv": [0, 0, 1, 1], "texture": "#3"},
				"south": {"uv": [0, 0, 1, 1], "texture": "#3"},
				"west": {"uv": [0, 0, 1, 1], "texture": "#3"},
				"up": {"uv": [0, 0, 1, 1], "texture": "#3"},
				"down": {"uv": [0, 0, 1, 1], "texture": "#3"}
			}
		},
		{
			"from": [1.71008, -10.5256, 11.77728],
			"to": [2.55872, -8.47808, 14.20672],
			"faces": {
				"north": {"uv": [1, 0, 0, 1], "texture": "#3"},
				"east": {"uv": [1, 0, 0, 1], "texture": "#3"},
				"south": {"uv": [1, 0, 0, 1], "texture": "#3"},
				"west": {"uv": [1, 0, 0, 1], "texture": "#3"},
				"up": {"uv": [1, 0, 0, 1], "texture": "#3"},
				"down": {"uv": [1, 0, 0, 1], "texture": "#3"}
			}
		},
		{
			"from": [13.44128, -10.6256, 11.77728],
			"to": [14.28992, -8.47808, 14.20672],
			"faces": {
				"north": {"uv": [0, 0, 1, 1], "texture": "#3"},
				"east": {"uv": [0, 0, 1, 1], "texture": "#3"},
				"south": {"uv": [0, 0, 1, 1], "texture": "#3"},
				"west": {"uv": [0, 0, 1, 1], "texture": "#3"},
				"up": {"uv": [0, 0, 1, 1], "texture": "#3"},
				"down": {"uv": [0, 0, 1, 1], "texture": "#3"}
			}
		},
		{
			"from": [13.44128, -9.5264, 11.52768],
			"to": [14.20672, -7.72928, 13.03792],
			"rotation": {"angle": 22.5, "axis": "x", "origin": [8.0832, -5.64928, 8]},
			"faces": {
				"north": {"uv": [0, 0, 1, 1], "texture": "#4"},
				"east": {"uv": [0, 0, 1, 1], "texture": "#4"},
				"south": {"uv": [0, 0, 1, 1], "texture": "#4"},
				"west": {"uv": [0, 0, 1, 1], "texture": "#4"},
				"up": {"uv": [0, 0, 1, 1], "texture": "#4"},
				"down": {"uv": [0, 0, 1, 1], "texture": "#4"}
			}
		},
		{
			"from": [1.79328, -9.5264, 11.52768],
			"to": [2.55872, -7.72928, 12.23792],
			"rotation": {"angle": 22.5, "axis": "x", "origin": [7.9168, -5.64928, 8]},
			"faces": {
				"north": {"uv": [1, 0, 0, 1], "texture": "#4"},
				"east": {"uv": [1, 0, 0, 1], "texture": "#4"},
				"south": {"uv": [1, 0, 0, 1], "texture": "#4"},
				"west": {"uv": [1, 0, 0, 1], "texture": "#4"},
				"up": {"uv": [1, 0, 0, 1], "texture": "#4"},
				"down": {"uv": [1, 0, 0, 1], "texture": "#4"}
			}
		},
		{
			"from": [13.43495, -12.1056, 10.47792],
			"to": [14.20039, -8.89408, 14.15536],
			"faces": {
				"north": {"uv": [0, 0, 1, 1], "texture": "#4"},
				"east": {"uv": [0, 0, 1, 1], "texture": "#4"},
				"south": {"uv": [0, 0, 1, 1], "texture": "#4"},
				"west": {"uv": [0, 0, 1, 1], "texture": "#4"},
				"up": {"uv": [0, 0, 1, 1], "texture": "#4"},
				"down": {"uv": [0, 0, 1, 1], "texture": "#4"}
			}
		},
		{
			"from": [1.79961, -12.1056, 10.47792],
			"to": [2.56505, -8.89408, 14.15536],
			"faces": {
				"north": {"uv": [1, 0, 0, 1], "texture": "#4"},
				"east": {"uv": [1, 0, 0, 1], "texture": "#4"},
				"south": {"uv": [1, 0, 0, 1], "texture": "#4"},
				"west": {"uv": [1, 0, 0, 1], "texture": "#4"},
				"up": {"uv": [1, 0, 0, 1], "texture": "#4"},
				"down": {"uv": [1, 0, 0, 1], "texture": "#4"}
			}
		},
		{
			"from": [13.43495, -8.9856, 10.89392],
			"to": [14.20039, -8.56128, 14.15536],
			"faces": {
				"north": {"uv": [0, 0, 1, 1], "texture": "#4"},
				"east": {"uv": [0, 0, 1, 1], "texture": "#4"},
				"south": {"uv": [0, 0, 1, 1], "texture": "#4"},
				"west": {"uv": [0, 0, 1, 1], "texture": "#4"},
				"up": {"uv": [0, 0, 1, 1], "texture": "#4"},
				"down": {"uv": [0, 0, 1, 1], "texture": "#4"}
			}
		},
		{
			"from": [1.79961, -8.9856, 10.89392],
			"to": [2.56505, -8.56128, 14.15536],
			"faces": {
				"north": {"uv": [1, 0, 0, 1], "texture": "#4"},
				"east": {"uv": [1, 0, 0, 1], "texture": "#4"},
				"south": {"uv": [1, 0, 0, 1], "texture": "#4"},
				"west": {"uv": [1, 0, 0, 1], "texture": "#4"},
				"up": {"uv": [1, 0, 0, 1], "texture": "#4"},
				"down": {"uv": [1, 0, 0, 1], "texture": "#4"}
			}
		},
		{
			"from": [-1.869, -14.352, 2.10482],
			"to": [-1.037, -12.896, 3.35282],
			"rotation": {"angle": -22.5, "axis": "y", "origin": [4.787, -7.696, 10.42482]},
			"faces": {
				"north": {"uv": [0, 0, 1, 1], "texture": "#0"},
				"east": {"uv": [0, 0, 1, 1], "texture": "#0"},
				"south": {"uv": [0, 0, 1, 1], "texture": "#0"},
				"west": {"uv": [0, 0, 1, 1], "texture": "#0"},
				"up": {"uv": [0, 0, 1, 1], "texture": "#0"},
				"down": {"uv": [0, 0, 1, 1], "texture": "#0"}
			}
		},
		{
			"from": [-1.07948, -14.252, 2.57643],
			"to": [-0.31404, -11.76448, 3.72459],
			"rotation": {"angle": -22.5, "axis": "y", "origin": [5.04404, -8.22848, 10.23083]},
			"faces": {
				"north": {"uv": [0, 0, 1, 1], "texture": "#1"},
				"east": {"uv": [0, 0, 1, 1], "texture": "#1"},
				"south": {"uv": [0, 0, 1, 1], "texture": "#1"},
				"west": {"uv": [0, 0, 1, 1], "texture": "#1"},
				"up": {"uv": [0, 0, 1, 1], "texture": "#1"},
				"down": {"uv": [0, 0, 1, 1], "texture": "#1"}
			}
		},
		{
			"from": [-1.07948, -11.7728, 2.57643],
			"to": [-0.31404, -10.64128, 3.72459],
			"rotation": {"angle": -22.5, "axis": "y", "origin": [5.04404, -5.64928, 10.23083]},
			"faces": {
				"north": {"uv": [0, 0, 1, 1], "texture": "#2"},
				"east": {"uv": [0, 0, 1, 1], "texture": "#2"},
				"south": {"uv": [0, 0, 1, 1], "texture": "#2"},
				"west": {"uv": [0, 0, 1, 1], "texture": "#2"},
				"up": {"uv": [0, 0, 1, 1], "texture": "#2"},
				"down": {"uv": [0, 0, 1, 1], "texture": "#2"}
			}
		},
		{
			"from": [-1.07948, -8.736, 2.57643],
			"to": [-0.31404, -8.18688, 3.89099],
			"rotation": {"angle": -22.5, "axis": "y", "origin": [5.04404, -3.36128, 10.23083]},
			"faces": {
				"north": {"uv": [0, 0, 1, 1], "texture": "#2"},
				"east": {"uv": [0, 0, 1, 1], "texture": "#2"},
				"south": {"uv": [0, 0, 1, 1], "texture": "#2"},
				"west": {"uv": [0, 0, 1, 1], "texture": "#2"},
				"up": {"uv": [0, 0, 1, 1], "texture": "#2"},
				"down": {"uv": [0, 0, 1, 1], "texture": "#2"}
			}
		},
		{
			"from": [-0.89789, -10.72365, 2.6849],
			"to": [-0.14775, -8.7994, 3.97317],
			"rotation": {"angle": -22.5, "axis": "y", "origin": [5.10316, -4.07031, 10.18621]},
			"faces": {
				"north": {"uv": [0, 0, 1, 1], "texture": "#3"},
				"east": {"uv": [0, 0, 1, 1], "texture": "#3"},
				"south": {"uv": [0, 0, 1, 1], "texture": "#3"},
				"west": {"uv": [0, 0, 1, 1], "texture": "#3"},
				"up": {"uv": [0, 0, 1, 1], "texture": "#3"},
				"down": {"uv": [0, 0, 1, 1], "texture": "#3"}
			}
		},
		{
			"from": [-1.869, -14.352, 12.64718],
			"to": [-1.037, -12.896, 13.89518],
			"rotation": {"angle": 22.5, "axis": "y", "origin": [4.787, -7.696, 5.57518]},
			"faces": {
				"north": {"uv": [1, 0, 0, 1], "texture": "#0"},
				"east": {"uv": [1, 0, 0, 1], "texture": "#0"},
				"south": {"uv": [1, 0, 0, 1], "texture": "#0"},
				"west": {"uv": [1, 0, 0, 1], "texture": "#0"},
				"up": {"uv": [1, 0, 0, 1], "texture": "#0"},
				"down": {"uv": [1, 0, 0, 1], "texture": "#0"}
			}
		},
		{
			"from": [-0.7163, -11.48592, 12.10439],
			"to": [0.01853, -8.5899, 13.20663],
			"rotation": {"angle": 22.5, "axis": "y", "origin": [5.16228, -7.94094, 5.8584]},
			"faces": {
				"north": {"uv": [5, 0, 0, 4.5], "texture": "#6"},
				"east": {"uv": [5, 0, 0, 4.5], "texture": "#6"},
				"south": {"uv": [5, 0, 0, 4.5], "texture": "#6"},
				"west": {"uv": [5, 0, 0, 4.5], "texture": "#6"},
				"up": {"uv": [5, 0, 0, 4.5], "texture": "#6"},
				"down": {"uv": [5, 0, 0, 4.5], "texture": "#6"}
			}
		},
		{
			"from": [-0.01899, -13.78225, 11.77604],
			"to": [0.65704, -11.30559, 12.7901],
			"rotation": {"angle": 22.5, "axis": "y", "origin": [5.3893, -8.22087, 6.02973]},
			"faces": {
				"north": {"uv": [5, 0, 0, 4.5], "texture": "#6"},
				"east": {"uv": [5, 0, 0, 4.5], "texture": "#6"},
				"south": {"uv": [5, 0, 0, 4.5], "texture": "#6"},
				"west": {"uv": [5, 0, 0, 4.5], "texture": "#6"},
				"up": {"uv": [5, 0, 0, 4.5], "texture": "#6"},
				"down": {"uv": [5, 0, 0, 4.5], "texture": "#6"}
			}
		},
		{
			"from": [-0.01899, -13.78225, 11.36004],
			"to": [0.65704, -11.30559, 12.3741],
			"rotation": {"angle": 22.5, "axis": "y", "origin": [5.3893, -8.22087, 5.61373]},
			"faces": {
				"north": {"uv": [5, 0, 0, 4.5], "texture": "#6"},
				"east": {"uv": [5, 0, 0, 4.5], "texture": "#6"},
				"south": {"uv": [5, 0, 0, 4.5], "texture": "#6"},
				"west": {"uv": [5, 0, 0, 4.5], "texture": "#6"},
				"up": {"uv": [5, 0, 0, 4.5], "texture": "#6"},
				"down": {"uv": [5, 0, 0, 4.5], "texture": "#6"}
			}
		},
		{
			"from": [-0.01899, -13.78225, 10.77764],
			"to": [0.65704, -11.30559, 11.7917],
			"rotation": {"angle": 22.5, "axis": "y", "origin": [5.3893, -8.22087, 5.03133]},
			"faces": {
				"north": {"uv": [5, 0, 0, 4.5], "texture": "#6"},
				"east": {"uv": [5, 0, 0, 4.5], "texture": "#6"},
				"south": {"uv": [5, 0, 0, 4.5], "texture": "#6"},
				"west": {"uv": [5, 0, 0, 4.5], "texture": "#6"},
				"up": {"uv": [5, 0, 0, 4.5], "texture": "#6"},
				"down": {"uv": [5, 0, 0, 4.5], "texture": "#6"}
			}
		},
		{
			"from": [-0.01899, -13.78225, 10.11204],
			"to": [0.65704, -11.30559, 11.1261],
			"rotation": {"angle": 22.5, "axis": "y", "origin": [5.3893, -8.22087, 4.36573]},
			"faces": {
				"north": {"uv": [5, 0, 0, 4.5], "texture": "#6"},
				"east": {"uv": [5, 0, 0, 4.5], "texture": "#6"},
				"south": {"uv": [5, 0, 0, 4.5], "texture": "#6"},
				"west": {"uv": [5, 0, 0, 4.5], "texture": "#6"},
				"up": {"uv": [5, 0, 0, 4.5], "texture": "#6"},
				"down": {"uv": [5, 0, 0, 4.5], "texture": "#6"}
			}
		},
		{
			"from": [-0.01899, -13.78225, 9.44644],
			"to": [0.65704, -11.30559, 10.4605],
			"rotation": {"angle": 22.5, "axis": "y", "origin": [5.3893, -8.22087, 3.70013]},
			"faces": {
				"north": {"uv": [5, 0, 0, 4.5], "texture": "#6"},
				"east": {"uv": [5, 0, 0, 4.5], "texture": "#6"},
				"south": {"uv": [5, 0, 0, 4.5], "texture": "#6"},
				"west": {"uv": [5, 0, 0, 4.5], "texture": "#6"},
				"up": {"uv": [5, 0, 0, 4.5], "texture": "#6"},
				"down": {"uv": [5, 0, 0, 4.5], "texture": "#6"}
			}
		},
		{
			"from": [17.037, -14.352, 2.10482],
			"to": [17.869, -12.896, 3.35282],
			"rotation": {"angle": 22.5, "axis": "y", "origin": [11.213, -7.696, 10.42482]},
			"faces": {
				"north": {"uv": [1, 0, 0, 1], "texture": "#0"},
				"east": {"uv": [1, 0, 0, 1], "texture": "#0"},
				"south": {"uv": [1, 0, 0, 1], "texture": "#0"},
				"west": {"uv": [1, 0, 0, 1], "texture": "#0"},
				"up": {"uv": [1, 0, 0, 1], "texture": "#0"},
				"down": {"uv": [1, 0, 0, 1], "texture": "#0"}
			}
		},
		{
			"from": [16.31404, -14.252, 2.57643],
			"to": [17.07948, -11.76448, 3.72459],
			"rotation": {"angle": 22.5, "axis": "y", "origin": [10.95596, -8.22848, 10.23083]},
			"faces": {
				"north": {"uv": [1, 0, 0, 1], "texture": "#1"},
				"east": {"uv": [1, 0, 0, 1], "texture": "#1"},
				"south": {"uv": [1, 0, 0, 1], "texture": "#1"},
				"west": {"uv": [1, 0, 0, 1], "texture": "#1"},
				"up": {"uv": [1, 0, 0, 1], "texture": "#1"},
				"down": {"uv": [1, 0, 0, 1], "texture": "#1"}
			}
		},
		{
			"from": [16.31404, -11.7728, 2.57643],
			"to": [17.07948, -10.64128, 3.72459],
			"rotation": {"angle": 22.5, "axis": "y", "origin": [10.95596, -5.64928, 10.23083]},
			"faces": {
				"north": {"uv": [1, 0, 0, 1], "texture": "#2"},
				"east": {"uv": [1, 0, 0, 1], "texture": "#2"},
				"south": {"uv": [1, 0, 0, 1], "texture": "#2"},
				"west": {"uv": [1, 0, 0, 1], "texture": "#2"},
				"up": {"uv": [1, 0, 0, 1], "texture": "#2"},
				"down": {"uv": [1, 0, 0, 1], "texture": "#2"}
			}
		},
		{
			"from": [16.31404, -8.736, 2.57643],
			"to": [17.07948, -8.18688, 3.89099],
			"rotation": {"angle": 22.5, "axis": "y", "origin": [10.95596, -3.36128, 10.23083]},
			"faces": {
				"north": {"uv": [1, 0, 0, 1], "texture": "#2"},
				"east": {"uv": [1, 0, 0, 1], "texture": "#2"},
				"south": {"uv": [1, 0, 0, 1], "texture": "#2"},
				"west": {"uv": [1, 0, 0, 1], "texture": "#2"},
				"up": {"uv": [1, 0, 0, 1], "texture": "#2"},
				"down": {"uv": [1, 0, 0, 1], "texture": "#2"}
			}
		},
		{
			"from": [16.14775, -10.72365, 2.6849],
			"to": [16.89789, -8.7994, 3.97317],
			"rotation": {"angle": 22.5, "axis": "y", "origin": [10.89684, -4.07031, 10.18621]},
			"faces": {
				"north": {"uv": [1, 0, 0, 1], "texture": "#3"},
				"east": {"uv": [1, 0, 0, 1], "texture": "#3"},
				"south": {"uv": [1, 0, 0, 1], "texture": "#3"},
				"west": {"uv": [1, 0, 0, 1], "texture": "#3"},
				"up": {"uv": [1, 0, 0, 1], "texture": "#3"},
				"down": {"uv": [1, 0, 0, 1], "texture": "#3"}
			}
		},
		{
			"from": [17.037, -14.352, 12.64718],
			"to": [17.869, -12.896, 13.89518],
			"rotation": {"angle": -22.5, "axis": "y", "origin": [11.213, -7.696, 5.57518]},
			"faces": {
				"north": {"uv": [0, 0, 1, 1], "texture": "#0"},
				"east": {"uv": [0, 0, 1, 1], "texture": "#0"},
				"south": {"uv": [0, 0, 1, 1], "texture": "#0"},
				"west": {"uv": [0, 0, 1, 1], "texture": "#0"},
				"up": {"uv": [0, 0, 1, 1], "texture": "#0"},
				"down": {"uv": [0, 0, 1, 1], "texture": "#0"}
			}
		},
		{
			"from": [15.98147, -11.48592, 12.10439],
			"to": [16.7163, -8.5899, 13.20663],
			"rotation": {"angle": -22.5, "axis": "y", "origin": [10.83772, -7.94094, 5.8584]},
			"faces": {
				"north": {"uv": [5, 0, 0, 4.5], "texture": "#6"},
				"east": {"uv": [5, 0, 0, 4.5], "texture": "#6"},
				"south": {"uv": [5, 0, 0, 4.5], "texture": "#6"},
				"west": {"uv": [5, 0, 0, 4.5], "texture": "#6"},
				"up": {"uv": [5, 0, 0, 4.5], "texture": "#6"},
				"down": {"uv": [5, 0, 0, 4.5], "texture": "#6"}
			}
		},
		{
			"from": [15.34296, -13.78225, 11.77604],
			"to": [16.01899, -11.30559, 12.7901],
			"rotation": {"angle": -22.5, "axis": "y", "origin": [10.6107, -8.22087, 6.02973]},
			"faces": {
				"north": {"uv": [5, 0, 0, 4.5], "texture": "#6"},
				"east": {"uv": [5, 0, 0, 4.5], "texture": "#6"},
				"south": {"uv": [5, 0, 0, 4.5], "texture": "#6"},
				"west": {"uv": [5, 0, 0, 4.5], "texture": "#6"},
				"up": {"uv": [5, 0, 0, 4.5], "texture": "#6"},
				"down": {"uv": [5, 0, 0, 4.5], "texture": "#6"}
			}
		},
		{
			"from": [15.34296, -13.78225, 11.36004],
			"to": [16.01899, -11.30559, 12.3741],
			"rotation": {"angle": -22.5, "axis": "y", "origin": [10.6107, -8.22087, 5.61373]},
			"faces": {
				"north": {"uv": [5, 0, 0, 4.5], "texture": "#6"},
				"east": {"uv": [5, 0, 0, 4.5], "texture": "#6"},
				"south": {"uv": [5, 0, 0, 4.5], "texture": "#6"},
				"west": {"uv": [5, 0, 0, 4.5], "texture": "#6"},
				"up": {"uv": [5, 0, 0, 4.5], "texture": "#6"},
				"down": {"uv": [5, 0, 0, 4.5], "texture": "#6"}
			}
		},
		{
			"from": [15.34296, -13.78225, 10.77764],
			"to": [16.01899, -11.30559, 11.7917],
			"rotation": {"angle": -22.5, "axis": "y", "origin": [10.6107, -8.22087, 5.03133]},
			"faces": {
				"north": {"uv": [5, 0, 0, 4.5], "texture": "#6"},
				"east": {"uv": [5, 0, 0, 4.5], "texture": "#6"},
				"south": {"uv": [5, 0, 0, 4.5], "texture": "#6"},
				"west": {"uv": [5, 0, 0, 4.5], "texture": "#6"},
				"up": {"uv": [5, 0, 0, 4.5], "texture": "#6"},
				"down": {"uv": [5, 0, 0, 4.5], "texture": "#6"}
			}
		},
		{
			"from": [15.34296, -13.78225, 10.11204],
			"to": [16.01899, -11.30559, 11.1261],
			"rotation": {"angle": -22.5, "axis": "y", "origin": [10.6107, -8.22087, 4.36573]},
			"faces": {
				"north": {"uv": [5, 0, 0, 4.5], "texture": "#6"},
				"east": {"uv": [5, 0, 0, 4.5], "texture": "#6"},
				"south": {"uv": [5, 0, 0, 4.5], "texture": "#6"},
				"west": {"uv": [5, 0, 0, 4.5], "texture": "#6"},
				"up": {"uv": [5, 0, 0, 4.5], "texture": "#6"},
				"down": {"uv": [5, 0, 0, 4.5], "texture": "#6"}
			}
		},
		{
			"from": [15.34296, -13.78225, 9.44644],
			"to": [16.01899, -11.30559, 10.4605],
			"rotation": {"angle": -22.5, "axis": "y", "origin": [10.6107, -8.22087, 3.70013]},
			"faces": {
				"north": {"uv": [5, 0, 0, 4.5], "texture": "#6"},
				"east": {"uv": [5, 0, 0, 4.5], "texture": "#6"},
				"south": {"uv": [5, 0, 0, 4.5], "texture": "#6"},
				"west": {"uv": [5, 0, 0, 4.5], "texture": "#6"},
				"up": {"uv": [5, 0, 0, 4.5], "texture": "#6"},
				"down": {"uv": [5, 0, 0, 4.5], "texture": "#6"}
			}
		},
		{
			"from": [16.39724, -14.252, 12.27541],
			"to": [17.16268, -8.51728, 13.42357],
			"rotation": {"angle": -22.5, "axis": "y", "origin": [10.95596, -8.22848, 5.76917]},
			"faces": {
				"north": {"uv": [0, 0, 1, 1], "texture": "#3"},
				"east": {"uv": [0, 0, 1, 1], "texture": "#3"},
				"south": {"uv": [0, 0, 1, 1], "texture": "#3"},
				"west": {"uv": [0, 0, 1, 1], "texture": "#3"},
				"up": {"uv": [0, 0, 1, 1], "texture": "#3"},
				"down": {"uv": [0, 0, 1, 1], "texture": "#3"}
			}
		},
		{
			"from": [-1.16268, -12.9728, 12.27541],
			"to": [-0.39724, -8.49408, 13.42357],
			"rotation": {"angle": 22.5, "axis": "y", "origin": [5.04404, -5.64928, 5.76917]},
			"faces": {
				"north": {"uv": [1, 0, 0, 1], "texture": "#3"},
				"east": {"uv": [1, 0, 0, 1], "texture": "#3"},
				"south": {"uv": [1, 0, 0, 1], "texture": "#3"},
				"west": {"uv": [1, 0, 0, 1], "texture": "#3"},
				"up": {"uv": [1, 0, 0, 1], "texture": "#3"},
				"down": {"uv": [1, 0, 0, 1], "texture": "#3"}
			}
		},
		{
			"from": [-5.12857, -14.352, 1.57816],
			"to": [-4.29657, -12.896, 2.82616],
			"rotation": {"angle": -45, "axis": "y", "origin": [1.52743, -7.696, 9.89816]},
			"faces": {
				"north": {"uv": [0, 0, 1, 1], "texture": "#0"},
				"east": {"uv": [0, 0, 1, 1], "texture": "#0"},
				"south": {"uv": [0, 0, 1, 1], "texture": "#0"},
				"west": {"uv": [0, 0, 1, 1], "texture": "#0"},
				"up": {"uv": [0, 0, 1, 1], "texture": "#0"},
				"down": {"uv": [0, 0, 1, 1], "texture": "#0"}
			}
		},
		{
			"from": [-4.07828, -14.252, 2.09191],
			"to": [-3.31284, -11.76448, 3.24007],
			"rotation": {"angle": -45, "axis": "y", "origin": [2.04524, -8.22848, 9.74631]},
			"faces": {
				"north": {"uv": [0, 0, 1, 1], "texture": "#1"},
				"east": {"uv": [0, 0, 1, 1], "texture": "#1"},
				"south": {"uv": [0, 0, 1, 1], "texture": "#1"},
				"west": {"uv": [0, 0, 1, 1], "texture": "#1"},
				"up": {"uv": [0, 0, 1, 1], "texture": "#1"},
				"down": {"uv": [0, 0, 1, 1], "texture": "#1"}
			}
		},
		{
			"from": [-4.07828, -11.7728, 2.09191],
			"to": [-3.31284, -10.64128, 3.24007],
			"rotation": {"angle": -45, "axis": "y", "origin": [2.04524, -5.64928, 9.74631]},
			"faces": {
				"north": {"uv": [0, 0, 1, 1], "texture": "#2"},
				"east": {"uv": [0, 0, 1, 1], "texture": "#2"},
				"south": {"uv": [0, 0, 1, 1], "texture": "#2"},
				"west": {"uv": [0, 0, 1, 1], "texture": "#2"},
				"up": {"uv": [0, 0, 1, 1], "texture": "#2"},
				"down": {"uv": [0, 0, 1, 1], "texture": "#2"}
			}
		},
		{
			"from": [-4.07828, -8.736, 2.09191],
			"to": [-3.31284, -8.18688, 3.24007],
			"rotation": {"angle": -45, "axis": "y", "origin": [2.04524, -3.36128, 9.74631]},
			"faces": {
				"north": {"uv": [0, 0, 1, 1], "texture": "#2"},
				"east": {"uv": [0, 0, 1, 1], "texture": "#2"},
				"south": {"uv": [0, 0, 1, 1], "texture": "#2"},
				"west": {"uv": [0, 0, 1, 1], "texture": "#2"},
				"up": {"uv": [0, 0, 1, 1], "texture": "#2"},
				"down": {"uv": [0, 0, 1, 1], "texture": "#2"}
			}
		},
		{
			"from": [-3.83672, -10.72365, 2.21007],
			"to": [-3.08659, -8.7994, 3.33527],
			"rotation": {"angle": -45, "axis": "y", "origin": [2.16433, -4.07031, 9.71138]},
			"faces": {
				"north": {"uv": [0, 0, 1, 1], "texture": "#3"},
				"east": {"uv": [0, 0, 1, 1], "texture": "#3"},
				"south": {"uv": [0, 0, 1, 1], "texture": "#3"},
				"west": {"uv": [0, 0, 1, 1], "texture": "#3"},
				"up": {"uv": [0, 0, 1, 1], "texture": "#3"},
				"down": {"uv": [0, 0, 1, 1], "texture": "#3"}
			}
		},
		{
			"from": [-5.12857, -14.352, 13.17384],
			"to": [-4.29657, -12.896, 14.42184],
			"rotation": {"angle": 45, "axis": "y", "origin": [1.52743, -7.696, 6.10184]},
			"faces": {
				"north": {"uv": [1, 0, 0, 1], "texture": "#0"},
				"east": {"uv": [1, 0, 0, 1], "texture": "#0"},
				"south": {"uv": [1, 0, 0, 1], "texture": "#0"},
				"west": {"uv": [1, 0, 0, 1], "texture": "#0"},
				"up": {"uv": [1, 0, 0, 1], "texture": "#0"},
				"down": {"uv": [1, 0, 0, 1], "texture": "#0"}
			}
		},
		{
			"from": [-3.59515, -11.48592, 12.56954],
			"to": [-2.86033, -8.5899, 13.67177],
			"rotation": {"angle": 45, "axis": "y", "origin": [2.28343, -7.94094, 6.32354]},
			"faces": {
				"north": {"uv": [5, 0, 0, 4.5], "texture": "#6"},
				"east": {"uv": [5, 0, 0, 4.5], "texture": "#6"},
				"south": {"uv": [5, 0, 0, 4.5], "texture": "#6"},
				"west": {"uv": [5, 0, 0, 4.5], "texture": "#6"},
				"up": {"uv": [5, 0, 0, 4.5], "texture": "#6"},
				"down": {"uv": [5, 0, 0, 4.5], "texture": "#6"}
			}
		},
		{
			"from": [-2.66754, -13.78225, 12.20397],
			"to": [-1.9915, -11.30559, 13.21803],
			"rotation": {"angle": 45, "axis": "y", "origin": [2.74075, -8.22087, 6.45766]},
			"faces": {
				"north": {"uv": [5, 0, 0, 4.5], "texture": "#6"},
				"east": {"uv": [5, 0, 0, 4.5], "texture": "#6"},
				"south": {"uv": [5, 0, 0, 4.5], "texture": "#6"},
				"west": {"uv": [5, 0, 0, 4.5], "texture": "#6"},
				"up": {"uv": [5, 0, 0, 4.5], "texture": "#6"},
				"down": {"uv": [5, 0, 0, 4.5], "texture": "#6"}
			}
		},
		{
			"from": [-2.66754, -13.78225, 11.78797],
			"to": [-1.9915, -11.30559, 12.80203],
			"rotation": {"angle": 45, "axis": "y", "origin": [2.74075, -8.22087, 6.04166]},
			"faces": {
				"north": {"uv": [5, 0, 0, 4.5], "texture": "#6"},
				"east": {"uv": [5, 0, 0, 4.5], "texture": "#6"},
				"south": {"uv": [5, 0, 0, 4.5], "texture": "#6"},
				"west": {"uv": [5, 0, 0, 4.5], "texture": "#6"},
				"up": {"uv": [5, 0, 0, 4.5], "texture": "#6"},
				"down": {"uv": [5, 0, 0, 4.5], "texture": "#6"}
			}
		},
		{
			"from": [-2.66754, -13.78225, 11.20557],
			"to": [-1.9915, -11.30559, 12.21963],
			"rotation": {"angle": 45, "axis": "y", "origin": [2.74075, -8.22087, 5.45926]},
			"faces": {
				"north": {"uv": [5, 0, 0, 4.5], "texture": "#6"},
				"east": {"uv": [5, 0, 0, 4.5], "texture": "#6"},
				"south": {"uv": [5, 0, 0, 4.5], "texture": "#6"},
				"west": {"uv": [5, 0, 0, 4.5], "texture": "#6"},
				"up": {"uv": [5, 0, 0, 4.5], "texture": "#6"},
				"down": {"uv": [5, 0, 0, 4.5], "texture": "#6"}
			}
		},
		{
			"from": [-2.66754, -13.78225, 10.53997],
			"to": [-1.9915, -11.30559, 11.55403],
			"rotation": {"angle": 45, "axis": "y", "origin": [2.74075, -8.22087, 4.79366]},
			"faces": {
				"north": {"uv": [5, 0, 0, 4.5], "texture": "#6"},
				"east": {"uv": [5, 0, 0, 4.5], "texture": "#6"},
				"south": {"uv": [5, 0, 0, 4.5], "texture": "#6"},
				"west": {"uv": [5, 0, 0, 4.5], "texture": "#6"},
				"up": {"uv": [5, 0, 0, 4.5], "texture": "#6"},
				"down": {"uv": [5, 0, 0, 4.5], "texture": "#6"}
			}
		},
		{
			"from": [-2.66754, -13.78225, 9.87437],
			"to": [-1.9915, -11.30559, 10.88843],
			"rotation": {"angle": 45, "axis": "y", "origin": [2.74075, -8.22087, 4.12806]},
			"faces": {
				"north": {"uv": [5, 0, 0, 4.5], "texture": "#6"},
				"east": {"uv": [5, 0, 0, 4.5], "texture": "#6"},
				"south": {"uv": [5, 0, 0, 4.5], "texture": "#6"},
				"west": {"uv": [5, 0, 0, 4.5], "texture": "#6"},
				"up": {"uv": [5, 0, 0, 4.5], "texture": "#6"},
				"down": {"uv": [5, 0, 0, 4.5], "texture": "#6"}
			}
		},
		{
			"from": [-4.16148, -14.252, 12.75993],
			"to": [-3.39604, -8.50128, 13.90809],
			"rotation": {"angle": 45, "axis": "y", "origin": [2.04524, -8.22848, 6.25369]},
			"faces": {
				"north": {"uv": [1, 0, 0, 1], "texture": "#3"},
				"east": {"uv": [1, 0, 0, 1], "texture": "#3"},
				"south": {"uv": [1, 0, 0, 1], "texture": "#3"},
				"west": {"uv": [1, 0, 0, 1], "texture": "#3"},
				"up": {"uv": [1, 0, 0, 1], "texture": "#3"},
				"down": {"uv": [1, 0, 0, 1], "texture": "#3"}
			}
		},
		{
			"from": [19.39604, -14.252, 12.75993],
			"to": [20.16148, -8.50128, 13.90809],
			"rotation": {"angle": -45, "axis": "y", "origin": [13.95476, -8.22848, 6.25369]},
			"faces": {
				"north": {"uv": [0, 0, 1, 1], "texture": "#3"},
				"east": {"uv": [0, 0, 1, 1], "texture": "#3"},
				"south": {"uv": [0, 0, 1, 1], "texture": "#3"},
				"west": {"uv": [0, 0, 1, 1], "texture": "#3"},
				"up": {"uv": [0, 0, 1, 1], "texture": "#3"},
				"down": {"uv": [0, 0, 1, 1], "texture": "#3"}
			}
		},
		{
			"from": [20.29657, -14.352, 1.57816],
			"to": [21.12857, -12.896, 2.82616],
			"rotation": {"angle": 45, "axis": "y", "origin": [14.47257, -7.696, 9.89816]},
			"faces": {
				"north": {"uv": [1, 0, 0, 1], "texture": "#0"},
				"east": {"uv": [1, 0, 0, 1], "texture": "#0"},
				"south": {"uv": [1, 0, 0, 1], "texture": "#0"},
				"west": {"uv": [1, 0, 0, 1], "texture": "#0"},
				"up": {"uv": [1, 0, 0, 1], "texture": "#0"},
				"down": {"uv": [1, 0, 0, 1], "texture": "#0"}
			}
		},
		{
			"from": [19.31284, -14.252, 2.09191],
			"to": [20.07828, -11.76448, 3.24007],
			"rotation": {"angle": 45, "axis": "y", "origin": [13.95476, -8.22848, 9.74631]},
			"faces": {
				"north": {"uv": [1, 0, 0, 1], "texture": "#1"},
				"east": {"uv": [1, 0, 0, 1], "texture": "#1"},
				"south": {"uv": [1, 0, 0, 1], "texture": "#1"},
				"west": {"uv": [1, 0, 0, 1], "texture": "#1"},
				"up": {"uv": [1, 0, 0, 1], "texture": "#1"},
				"down": {"uv": [1, 0, 0, 1], "texture": "#1"}
			}
		},
		{
			"from": [19.31284, -11.7728, 2.09191],
			"to": [20.07828, -10.64128, 3.24007],
			"rotation": {"angle": 45, "axis": "y", "origin": [13.95476, -5.64928, 9.74631]},
			"faces": {
				"north": {"uv": [1, 0, 0, 1], "texture": "#2"},
				"east": {"uv": [1, 0, 0, 1], "texture": "#2"},
				"south": {"uv": [1, 0, 0, 1], "texture": "#2"},
				"west": {"uv": [1, 0, 0, 1], "texture": "#2"},
				"up": {"uv": [1, 0, 0, 1], "texture": "#2"},
				"down": {"uv": [1, 0, 0, 1], "texture": "#2"}
			}
		},
		{
			"from": [19.31284, -8.736, 2.09191],
			"to": [20.07828, -8.18688, 3.24007],
			"rotation": {"angle": 45, "axis": "y", "origin": [13.95476, -3.36128, 9.74631]},
			"faces": {
				"north": {"uv": [1, 0, 0, 1], "texture": "#2"},
				"east": {"uv": [1, 0, 0, 1], "texture": "#2"},
				"south": {"uv": [1, 0, 0, 1], "texture": "#2"},
				"west": {"uv": [1, 0, 0, 1], "texture": "#2"},
				"up": {"uv": [1, 0, 0, 1], "texture": "#2"},
				"down": {"uv": [1, 0, 0, 1], "texture": "#2"}
			}
		},
		{
			"from": [19.39604, -8.6528, 2.50791],
			"to": [20.16148, -8.31168, 2.82407],
			"rotation": {"angle": 45, "axis": "y", "origin": [13.95476, -3.36128, 9.74631]},
			"faces": {
				"north": {"uv": [1, 0, 0, 1], "texture": "#3"},
				"east": {"uv": [1, 0, 0, 1], "texture": "#3"},
				"south": {"uv": [1, 0, 0, 1], "texture": "#3"},
				"west": {"uv": [1, 0, 0, 1], "texture": "#3"},
				"up": {"uv": [1, 0, 0, 1], "texture": "#3"},
				"down": {"uv": [1, 0, 0, 1], "texture": "#3"}
			}
		},
		{
			"from": [-4.16148, -8.6528, 2.50791],
			"to": [-3.39604, -8.31168, 2.82407],
			"rotation": {"angle": -45, "axis": "y", "origin": [2.04524, -3.36128, 9.74631]},
			"faces": {
				"north": {"uv": [0, 0, 1, 1], "texture": "#3"},
				"east": {"uv": [0, 0, 1, 1], "texture": "#3"},
				"south": {"uv": [0, 0, 1, 1], "texture": "#3"},
				"west": {"uv": [0, 0, 1, 1], "texture": "#3"},
				"up": {"uv": [0, 0, 1, 1], "texture": "#3"},
				"down": {"uv": [0, 0, 1, 1], "texture": "#3"}
			}
		},
		{
			"from": [12.85009, -8.6528, 1.5451],
			"to": [13.61553, -8.31168, 1.86126],
			"rotation": {"angle": 22.5, "axis": "y", "origin": [13.06641, -8.48224, 0.62158]},
			"faces": {
				"north": {"uv": [1, 0, 0, 1], "texture": "#3"},
				"east": {"uv": [1, 0, 0, 1], "texture": "#3"},
				"south": {"uv": [1, 0, 0, 1], "texture": "#3"},
				"west": {"uv": [1, 0, 0, 1], "texture": "#3"},
				"up": {"uv": [1, 0, 0, 1], "texture": "#3"},
				"down": {"uv": [1, 0, 0, 1], "texture": "#3"}
			}
		},
		{
			"from": [2.38447, -8.6528, 1.5451],
			"to": [3.14991, -8.31168, 1.86126],
			"rotation": {"angle": -22.5, "axis": "y", "origin": [2.93359, -8.48224, 0.62158]},
			"faces": {
				"north": {"uv": [0, 0, 1, 1], "texture": "#3"},
				"east": {"uv": [0, 0, 1, 1], "texture": "#3"},
				"south": {"uv": [0, 0, 1, 1], "texture": "#3"},
				"west": {"uv": [0, 0, 1, 1], "texture": "#3"},
				"up": {"uv": [0, 0, 1, 1], "texture": "#3"},
				"down": {"uv": [0, 0, 1, 1], "texture": "#3"}
			}
		},
		{
			"from": [11.90993, -8.6528, 0.07246],
			"to": [12.22609, -8.31168, 0.8379],
			"rotation": {"angle": -22.5, "axis": "y", "origin": [13.06641, -8.48224, 0.62158]},
			"faces": {
				"north": {"uv": [1, 0, 0, 1], "texture": "#3"},
				"east": {"uv": [1, 0, 0, 1], "texture": "#3"},
				"south": {"uv": [1, 0, 0, 1], "texture": "#3"},
				"west": {"uv": [1, 0, 0, 1], "texture": "#3"},
				"up": {"uv": [1, 0, 0, 1], "rotation": 270, "texture": "#3"},
				"down": {"uv": [1, 0, 0, 1], "rotation": 90, "texture": "#3"}
			}
		},
		{
			"from": [11.21761, -8.6528, -0.50495],
			"to": [11.53377, -8.31168, 0.26049],
			"faces": {
				"north": {"uv": [1, 0, 0, 1], "texture": "#3"},
				"east": {"uv": [1, 0, 0, 1], "texture": "#3"},
				"south": {"uv": [1, 0, 0, 1], "texture": "#3"},
				"west": {"uv": [1, 0, 0, 1], "texture": "#3"},
				"up": {"uv": [1, 0, 0, 1], "rotation": 270, "texture": "#3"},
				"down": {"uv": [1, 0, 0, 1], "rotation": 90, "texture": "#3"}
			}
		},
		{
			"from": [4.46623, -8.6528, -0.50495],
			"to": [4.78239, -8.31168, 0.26049],
			"faces": {
				"north": {"uv": [0, 0, 1, 1], "texture": "#3"},
				"east": {"uv": [0, 0, 1, 1], "texture": "#3"},
				"south": {"uv": [0, 0, 1, 1], "texture": "#3"},
				"west": {"uv": [0, 0, 1, 1], "texture": "#3"},
				"up": {"uv": [1, 1, 0, 0], "rotation": 270, "texture": "#3"},
				"down": {"uv": [1, 1, 0, 0], "rotation": 90, "texture": "#3"}
			}
		},
		{
			"from": [9.55361, -8.6528, -0.50495],
			"to": [9.86977, -8.31168, 0.26049],
			"faces": {
				"north": {"uv": [1, 0, 0, 1], "texture": "#3"},
				"east": {"uv": [1, 0, 0, 1], "texture": "#3"},
				"south": {"uv": [1, 0, 0, 1], "texture": "#3"},
				"west": {"uv": [1, 0, 0, 1], "texture": "#3"},
				"up": {"uv": [1, 0, 0, 1], "rotation": 270, "texture": "#3"},
				"down": {"uv": [1, 0, 0, 1], "rotation": 90, "texture": "#3"}
			}
		},
		{
			"from": [6.13023, -8.6528, -0.50495],
			"to": [6.44639, -8.31168, 0.26049],
			"faces": {
				"north": {"uv": [0, 0, 1, 1], "texture": "#3"},
				"east": {"uv": [0, 0, 1, 1], "texture": "#3"},
				"south": {"uv": [0, 0, 1, 1], "texture": "#3"},
				"west": {"uv": [0, 0, 1, 1], "texture": "#3"},
				"up": {"uv": [1, 1, 0, 0], "rotation": 270, "texture": "#3"},
				"down": {"uv": [1, 1, 0, 0], "rotation": 90, "texture": "#3"}
			}
		},
		{
			"from": [10.38561, -8.6528, -0.50495],
			"to": [10.70177, -8.31168, 0.26049],
			"faces": {
				"north": {"uv": [1, 0, 0, 1], "texture": "#3"},
				"east": {"uv": [1, 0, 0, 1], "texture": "#3"},
				"south": {"uv": [1, 0, 0, 1], "texture": "#3"},
				"west": {"uv": [1, 0, 0, 1], "texture": "#3"},
				"up": {"uv": [1, 0, 0, 1], "rotation": 270, "texture": "#3"},
				"down": {"uv": [1, 0, 0, 1], "rotation": 90, "texture": "#3"}
			}
		},
		{
			"from": [5.29823, -8.6528, -0.50495],
			"to": [5.61439, -8.31168, 0.26049],
			"faces": {
				"north": {"uv": [0, 0, 1, 1], "texture": "#3"},
				"east": {"uv": [0, 0, 1, 1], "texture": "#3"},
				"south": {"uv": [0, 0, 1, 1], "texture": "#3"},
				"west": {"uv": [0, 0, 1, 1], "texture": "#3"},
				"up": {"uv": [1, 1, 0, 0], "rotation": 270, "texture": "#3"},
				"down": {"uv": [1, 1, 0, 0], "rotation": 90, "texture": "#3"}
			}
		},
		{
			"from": [8.72161, -8.6528, -0.50495],
			"to": [9.03777, -8.31168, 0.26049],
			"faces": {
				"north": {"uv": [1, 0, 0, 1], "texture": "#3"},
				"east": {"uv": [1, 0, 0, 1], "texture": "#3"},
				"south": {"uv": [1, 0, 0, 1], "texture": "#3"},
				"west": {"uv": [1, 0, 0, 1], "texture": "#3"},
				"up": {"uv": [1, 0, 0, 1], "rotation": 270, "texture": "#3"},
				"down": {"uv": [1, 0, 0, 1], "rotation": 90, "texture": "#3"}
			}
		},
		{
			"from": [7.88961, -8.6528, -0.50495],
			"to": [8.20577, -8.31168, 0.26049],
			"faces": {
				"north": {"uv": [1, 0, 0, 1], "texture": "#3"},
				"east": {"uv": [1, 0, 0, 1], "texture": "#3"},
				"south": {"uv": [1, 0, 0, 1], "texture": "#3"},
				"west": {"uv": [1, 0, 0, 1], "texture": "#3"},
				"up": {"uv": [1, 0, 0, 1], "rotation": 270, "texture": "#3"},
				"down": {"uv": [1, 0, 0, 1], "rotation": 90, "texture": "#3"}
			}
		},
		{
			"from": [6.96223, -8.6528, -0.50495],
			"to": [7.27839, -8.31168, 0.26049],
			"faces": {
				"north": {"uv": [0, 0, 1, 1], "texture": "#3"},
				"east": {"uv": [0, 0, 1, 1], "texture": "#3"},
				"south": {"uv": [0, 0, 1, 1], "texture": "#3"},
				"west": {"uv": [0, 0, 1, 1], "texture": "#3"},
				"up": {"uv": [1, 1, 0, 0], "rotation": 270, "texture": "#3"},
				"down": {"uv": [1, 1, 0, 0], "rotation": 90, "texture": "#3"}
			}
		},
		{
			"from": [3.77391, -8.6528, 0.07246],
			"to": [4.09007, -8.31168, 0.8379],
			"rotation": {"angle": 22.5, "axis": "y", "origin": [2.93359, -8.48224, 0.62158]},
			"faces": {
				"north": {"uv": [0, 0, 1, 1], "texture": "#3"},
				"east": {"uv": [0, 0, 1, 1], "texture": "#3"},
				"south": {"uv": [0, 0, 1, 1], "texture": "#3"},
				"west": {"uv": [0, 0, 1, 1], "texture": "#3"},
				"up": {"uv": [1, 1, 0, 0], "rotation": 270, "texture": "#3"},
				"down": {"uv": [1, 1, 0, 0], "rotation": 90, "texture": "#3"}
			}
		},
		{
			"from": [19.08659, -10.72365, 2.21007],
			"to": [19.83672, -8.7994, 3.33527],
			"rotation": {"angle": 45, "axis": "y", "origin": [13.83567, -4.07031, 9.71138]},
			"faces": {
				"north": {"uv": [1, 0, 0, 1], "texture": "#3"},
				"east": {"uv": [1, 0, 0, 1], "texture": "#3"},
				"south": {"uv": [1, 0, 0, 1], "texture": "#3"},
				"west": {"uv": [1, 0, 0, 1], "texture": "#3"},
				"up": {"uv": [1, 0, 0, 1], "texture": "#3"},
				"down": {"uv": [1, 0, 0, 1], "texture": "#3"}
			}
		},
		{
			"from": [20.29657, -14.352, 13.17384],
			"to": [21.12857, -12.896, 14.42184],
			"rotation": {"angle": -45, "axis": "y", "origin": [14.47257, -7.696, 6.10184]},
			"faces": {
				"north": {"uv": [0, 0, 1, 1], "texture": "#0"},
				"east": {"uv": [0, 0, 1, 1], "texture": "#0"},
				"south": {"uv": [0, 0, 1, 1], "texture": "#0"},
				"west": {"uv": [0, 0, 1, 1], "texture": "#0"},
				"up": {"uv": [0, 0, 1, 1], "texture": "#0"},
				"down": {"uv": [0, 0, 1, 1], "texture": "#0"}
			}
		},
		{
			"from": [18.86033, -11.48592, 12.56954],
			"to": [19.59515, -8.5899, 13.67177],
			"rotation": {"angle": -45, "axis": "y", "origin": [13.71657, -7.94094, 6.32354]},
			"faces": {
				"north": {"uv": [5, 0, 0, 4.5], "texture": "#6"},
				"east": {"uv": [5, 0, 0, 4.5], "texture": "#6"},
				"south": {"uv": [5, 0, 0, 4.5], "texture": "#6"},
				"west": {"uv": [5, 0, 0, 4.5], "texture": "#6"},
				"up": {"uv": [5, 0, 0, 4.5], "texture": "#6"},
				"down": {"uv": [5, 0, 0, 4.5], "texture": "#6"}
			}
		},
		{
			"from": [17.9915, -13.78225, 12.20397],
			"to": [18.66754, -11.30559, 13.21803],
			"rotation": {"angle": -45, "axis": "y", "origin": [13.25925, -8.22087, 6.45766]},
			"faces": {
				"north": {"uv": [5, 0, 0, 4.5], "texture": "#6"},
				"east": {"uv": [5, 0, 0, 4.5], "texture": "#6"},
				"south": {"uv": [5, 0, 0, 4.5], "texture": "#6"},
				"west": {"uv": [5, 0, 0, 4.5], "texture": "#6"},
				"up": {"uv": [5, 0, 0, 4.5], "texture": "#6"},
				"down": {"uv": [5, 0, 0, 4.5], "texture": "#6"}
			}
		},
		{
			"from": [17.9915, -13.78225, 11.78797],
			"to": [18.66754, -11.30559, 12.80203],
			"rotation": {"angle": -45, "axis": "y", "origin": [13.25925, -8.22087, 6.04166]},
			"faces": {
				"north": {"uv": [5, 0, 0, 4.5], "texture": "#6"},
				"east": {"uv": [5, 0, 0, 4.5], "texture": "#6"},
				"south": {"uv": [5, 0, 0, 4.5], "texture": "#6"},
				"west": {"uv": [5, 0, 0, 4.5], "texture": "#6"},
				"up": {"uv": [5, 0, 0, 4.5], "texture": "#6"},
				"down": {"uv": [5, 0, 0, 4.5], "texture": "#6"}
			}
		},
		{
			"from": [17.9915, -13.78225, 11.20557],
			"to": [18.66754, -11.30559, 12.21963],
			"rotation": {"angle": -45, "axis": "y", "origin": [13.25925, -8.22087, 5.45926]},
			"faces": {
				"north": {"uv": [5, 0, 0, 4.5], "texture": "#6"},
				"east": {"uv": [5, 0, 0, 4.5], "texture": "#6"},
				"south": {"uv": [5, 0, 0, 4.5], "texture": "#6"},
				"west": {"uv": [5, 0, 0, 4.5], "texture": "#6"},
				"up": {"uv": [5, 0, 0, 4.5], "texture": "#6"},
				"down": {"uv": [5, 0, 0, 4.5], "texture": "#6"}
			}
		},
		{
			"from": [17.9915, -13.78225, 10.53997],
			"to": [18.66754, -11.30559, 11.55403],
			"rotation": {"angle": -45, "axis": "y", "origin": [13.25925, -8.22087, 4.79366]},
			"faces": {
				"north": {"uv": [5, 0, 0, 4.5], "texture": "#6"},
				"east": {"uv": [5, 0, 0, 4.5], "texture": "#6"},
				"south": {"uv": [5, 0, 0, 4.5], "texture": "#6"},
				"west": {"uv": [5, 0, 0, 4.5], "texture": "#6"},
				"up": {"uv": [5, 0, 0, 4.5], "texture": "#6"},
				"down": {"uv": [5, 0, 0, 4.5], "texture": "#6"}
			}
		},
		{
			"from": [17.9915, -13.78225, 9.87437],
			"to": [18.66754, -11.30559, 10.88843],
			"rotation": {"angle": -45, "axis": "y", "origin": [13.25925, -8.22087, 4.12806]},
			"faces": {
				"north": {"uv": [5, 0, 0, 4.5], "texture": "#6"},
				"east": {"uv": [5, 0, 0, 4.5], "texture": "#6"},
				"south": {"uv": [5, 0, 0, 4.5], "texture": "#6"},
				"west": {"uv": [5, 0, 0, 4.5], "texture": "#6"},
				"up": {"uv": [5, 0, 0, 4.5], "texture": "#6"},
				"down": {"uv": [5, 0, 0, 4.5], "texture": "#6"}
			}
		},
		{
			"from": [5.78952, -14.352, 1.50821],
			"to": [7.03752, -12.896, 2.34021],
			"rotation": {"angle": 22.5, "axis": "y", "origin": [-1.28248, -7.696, 8.16421]},
			"faces": {
				"north": {"uv": [0, 0, 1.5, 1], "texture": "#0"},
				"east": {"uv": [0, 0, 1.5, 1], "texture": "#0"},
				"south": {"uv": [0, 0, 1.5, 1], "texture": "#0"},
				"west": {"uv": [0, 0, 1.5, 1], "texture": "#0"},
				"up": {"uv": [0, 0, 1.5, 1], "texture": "#0"},
				"down": {"uv": [0, 0, 1.5, 1], "texture": "#0"}
			}
		},
		{
			"from": [5.96636, -14.252, 2.02755],
			"to": [7.11452, -11.76448, 2.79299],
			"rotation": {"angle": 22.5, "axis": "y", "origin": [-0.53988, -8.22848, 8.15107]},
			"faces": {
				"north": {"uv": [0, 0, 1.5, 1], "texture": "#1"},
				"east": {"uv": [0, 0, 1.5, 1], "texture": "#1"},
				"south": {"uv": [0, 0, 1.5, 1], "texture": "#1"},
				"west": {"uv": [0, 0, 1.5, 1], "texture": "#1"},
				"up": {"uv": [0, 0, 1.5, 1], "texture": "#1"},
				"down": {"uv": [0, 0, 1.5, 1], "texture": "#1"}
			}
		},
		{
			"from": [5.96636, -11.7728, 2.02755],
			"to": [7.11452, -10.64128, 2.79299],
			"rotation": {"angle": 22.5, "axis": "y", "origin": [-0.53988, -5.64928, 8.15107]},
			"faces": {
				"north": {"uv": [0, 0, 1.5, 1], "texture": "#2"},
				"east": {"uv": [0, 0, 1.5, 1], "texture": "#2"},
				"south": {"uv": [0, 0, 1.5, 1], "texture": "#2"},
				"west": {"uv": [0, 0, 1.5, 1], "texture": "#2"},
				"up": {"uv": [0, 0, 1.5, 1], "texture": "#2"},
				"down": {"uv": [0, 0, 1.5, 1], "texture": "#2"}
			}
		},
		{
			"from": [5.96636, -8.736, 2.02755],
			"to": [7.11452, -8.18688, 2.79299],
			"rotation": {"angle": 22.5, "axis": "y", "origin": [-0.53988, -3.36128, 8.15107]},
			"faces": {
				"north": {"uv": [0, 0, 1.5, 1], "texture": "#2"},
				"east": {"uv": [0, 0, 1.5, 1], "texture": "#2"},
				"south": {"uv": [0, 0, 1.5, 1], "texture": "#2"},
				"west": {"uv": [0, 0, 1.5, 1], "texture": "#2"},
				"up": {"uv": [0, 0, 1.5, 1], "texture": "#2"},
				"down": {"uv": [0, 0, 1.5, 1], "texture": "#2"}
			}
		},
		{
			"from": [6.00703, -10.72365, 2.147],
			"to": [7.13223, -8.7994, 2.89713],
			"rotation": {"angle": 22.5, "axis": "y", "origin": [-0.36908, -4.07031, 8.14805]},
			"faces": {
				"north": {"uv": [0, 0, 1.5, 1], "texture": "#3"},
				"east": {"uv": [0, 0, 1.5, 1], "texture": "#3"},
				"south": {"uv": [0, 0, 1.5, 1], "texture": "#3"},
				"west": {"uv": [0, 0, 1.5, 1], "texture": "#3"},
				"up": {"uv": [0, 0, 1.5, 1], "texture": "#3"},
				"down": {"uv": [0, 0, 1.5, 1], "texture": "#3"}
			}
		},
		{
			"from": [5.78952, -14.352, 13.65979],
			"to": [7.03752, -12.896, 14.49179],
			"rotation": {"angle": -22.5, "axis": "y", "origin": [-1.28248, -7.696, 7.83579]},
			"faces": {
				"north": {"uv": [1.5, 0, 0, 1], "texture": "#0"},
				"east": {"uv": [1.5, 0, 0, 1], "texture": "#0"},
				"south": {"uv": [1.5, 0, 0, 1], "texture": "#0"},
				"west": {"uv": [1.5, 0, 0, 1], "texture": "#0"},
				"up": {"uv": [1.5, 0, 0, 1], "texture": "#0"},
				"down": {"uv": [1.5, 0, 0, 1], "texture": "#0"}
			}
		},
		{
			"from": [6.04771, -11.48592, 12.99873],
			"to": [7.14994, -8.5899, 13.73355],
			"rotation": {"angle": -22.5, "axis": "y", "origin": [-0.19828, -7.94094, 7.85497]},
			"faces": {
				"north": {"uv": [5, 0, 0, 4.5], "texture": "#6"},
				"east": {"uv": [5, 0, 0, 4.5], "texture": "#6"},
				"south": {"uv": [5, 0, 0, 4.5], "texture": "#6"},
				"west": {"uv": [5, 0, 0, 4.5], "texture": "#6"},
				"up": {"uv": [5, 0, 0, 4.5], "texture": "#6"},
				"down": {"uv": [5, 0, 0, 4.5], "texture": "#6"}
			}
		},
		{
			"from": [6.20389, -13.78225, 12.59883],
			"to": [7.21795, -11.30559, 13.27487],
			"rotation": {"angle": -22.5, "axis": "y", "origin": [0.45758, -8.22087, 7.86657]},
			"faces": {
				"north": {"uv": [5, 0, 0, 4.5], "texture": "#6"},
				"east": {"uv": [5, 0, 0, 4.5], "texture": "#6"},
				"south": {"uv": [5, 0, 0, 4.5], "texture": "#6"},
				"west": {"uv": [5, 0, 0, 4.5], "texture": "#6"},
				"up": {"uv": [5, 0, 0, 4.5], "texture": "#6"},
				"down": {"uv": [5, 0, 0, 4.5], "texture": "#6"}
			}
		},
		{
			"from": [6.20389, -13.78225, 12.18283],
			"to": [7.21795, -11.30559, 12.85887],
			"rotation": {"angle": -22.5, "axis": "y", "origin": [0.45758, -8.22087, 7.45057]},
			"faces": {
				"north": {"uv": [5, 0, 0, 4.5], "texture": "#6"},
				"east": {"uv": [5, 0, 0, 4.5], "texture": "#6"},
				"south": {"uv": [5, 0, 0, 4.5], "texture": "#6"},
				"west": {"uv": [5, 0, 0, 4.5], "texture": "#6"},
				"up": {"uv": [5, 0, 0, 4.5], "texture": "#6"},
				"down": {"uv": [5, 0, 0, 4.5], "texture": "#6"}
			}
		},
		{
			"from": [6.20389, -13.78225, 11.60043],
			"to": [7.21795, -11.30559, 12.27647],
			"rotation": {"angle": -22.5, "axis": "y", "origin": [0.45758, -8.22087, 6.86817]},
			"faces": {
				"north": {"uv": [5, 0, 0, 4.5], "texture": "#6"},
				"east": {"uv": [5, 0, 0, 4.5], "texture": "#6"},
				"south": {"uv": [5, 0, 0, 4.5], "texture": "#6"},
				"west": {"uv": [5, 0, 0, 4.5], "texture": "#6"},
				"up": {"uv": [5, 0, 0, 4.5], "texture": "#6"},
				"down": {"uv": [5, 0, 0, 4.5], "texture": "#6"}
			}
		},
		{
			"from": [6.20389, -13.78225, 10.93483],
			"to": [7.21795, -11.30559, 11.61087],
			"rotation": {"angle": -22.5, "axis": "y", "origin": [0.45758, -8.22087, 6.20257]},
			"faces": {
				"north": {"uv": [5, 0, 0, 4.5], "texture": "#6"},
				"east": {"uv": [5, 0, 0, 4.5], "texture": "#6"},
				"south": {"uv": [5, 0, 0, 4.5], "texture": "#6"},
				"west": {"uv": [5, 0, 0, 4.5], "texture": "#6"},
				"up": {"uv": [5, 0, 0, 4.5], "texture": "#6"},
				"down": {"uv": [5, 0, 0, 4.5], "texture": "#6"}
			}
		},
		{
			"from": [6.20389, -13.78225, 10.26923],
			"to": [7.21795, -11.30559, 10.94527],
			"rotation": {"angle": -22.5, "axis": "y", "origin": [0.45758, -8.22087, 5.53697]},
			"faces": {
				"north": {"uv": [5, 0, 0, 4.5], "texture": "#6"},
				"east": {"uv": [5, 0, 0, 4.5], "texture": "#6"},
				"south": {"uv": [5, 0, 0, 4.5], "texture": "#6"},
				"west": {"uv": [5, 0, 0, 4.5], "texture": "#6"},
				"up": {"uv": [5, 0, 0, 4.5], "texture": "#6"},
				"down": {"uv": [5, 0, 0, 4.5], "texture": "#6"}
			}
		},
		{
			"from": [5.96636, -14.252, 13.29021],
			"to": [7.11452, -8.50128, 14.05565],
			"rotation": {"angle": -22.5, "axis": "y", "origin": [-0.53988, -8.22848, 7.84893]},
			"faces": {
				"north": {"uv": [1.5, 0, 0, 1], "texture": "#3"},
				"east": {"uv": [1.5, 0, 0, 1], "texture": "#3"},
				"south": {"uv": [1.5, 0, 0, 1], "texture": "#3"},
				"west": {"uv": [1.5, 0, 0, 1], "texture": "#3"},
				"up": {"uv": [1.5, 0, 0, 1], "texture": "#3"},
				"down": {"uv": [1.5, 0, 0, 1], "texture": "#3"}
			}
		},
		{
			"from": [8.88548, -14.252, 13.29021],
			"to": [10.03364, -8.50128, 14.05565],
			"rotation": {"angle": 22.5, "axis": "y", "origin": [16.53988, -8.22848, 7.84893]},
			"faces": {
				"north": {"uv": [0, 0, 1.5, 1], "rotation": 270, "texture": "#3"},
				"east": {"uv": [0, 0, 1.5, 1], "rotation": 270, "texture": "#3"},
				"south": {"uv": [0, 0, 1.5, 1], "rotation": 270, "texture": "#3"},
				"west": {"uv": [0, 0, 1.5, 1], "rotation": 270, "texture": "#3"},
				"up": {"uv": [0, 0, 1.5, 1], "rotation": 270, "texture": "#3"},
				"down": {"uv": [0, 0, 1.5, 1], "rotation": 270, "texture": "#3"}
			}
		},
		{
			"from": [8.96248, -14.352, 1.50821],
			"to": [10.21048, -12.896, 2.34021],
			"rotation": {"angle": -22.5, "axis": "y", "origin": [17.28248, -7.696, 8.16421]},
			"faces": {
				"north": {"uv": [1.5, 0, 0, 1], "texture": "#0"},
				"east": {"uv": [1.5, 0, 0, 1], "texture": "#0"},
				"south": {"uv": [1.5, 0, 0, 1], "texture": "#0"},
				"west": {"uv": [1.5, 0, 0, 1], "texture": "#0"},
				"up": {"uv": [1.5, 0, 0, 1], "texture": "#0"},
				"down": {"uv": [1.5, 0, 0, 1], "texture": "#0"}
			}
		},
		{
			"from": [8.88548, -14.252, 2.02755],
			"to": [10.03364, -11.76448, 2.79299],
			"rotation": {"angle": -22.5, "axis": "y", "origin": [16.53988, -8.22848, 8.15107]},
			"faces": {
				"north": {"uv": [1.5, 0, 0, 1], "texture": "#1"},
				"east": {"uv": [1.5, 0, 0, 1], "texture": "#1"},
				"south": {"uv": [1.5, 0, 0, 1], "texture": "#1"},
				"west": {"uv": [1.5, 0, 0, 1], "texture": "#1"},
				"up": {"uv": [1.5, 0, 0, 1], "texture": "#1"},
				"down": {"uv": [1.5, 0, 0, 1], "texture": "#1"}
			}
		},
		{
			"from": [8.88548, -11.7728, 2.02755],
			"to": [10.03364, -10.64128, 2.79299],
			"rotation": {"angle": -22.5, "axis": "y", "origin": [16.53988, -5.64928, 8.15107]},
			"faces": {
				"north": {"uv": [1.5, 0, 0, 1], "texture": "#2"},
				"east": {"uv": [1.5, 0, 0, 1], "texture": "#2"},
				"south": {"uv": [1.5, 0, 0, 1], "texture": "#2"},
				"west": {"uv": [1.5, 0, 0, 1], "texture": "#2"},
				"up": {"uv": [1.5, 0, 0, 1], "texture": "#2"},
				"down": {"uv": [1.5, 0, 0, 1], "texture": "#2"}
			}
		},
		{
			"from": [8.88548, -8.736, 2.02755],
			"to": [10.03364, -8.18688, 2.79299],
			"rotation": {"angle": -22.5, "axis": "y", "origin": [16.53988, -3.36128, 8.15107]},
			"faces": {
				"north": {"uv": [1.5, 0, 0, 1], "texture": "#2"},
				"east": {"uv": [1.5, 0, 0, 1], "texture": "#2"},
				"south": {"uv": [1.5, 0, 0, 1], "texture": "#2"},
				"west": {"uv": [1.5, 0, 0, 1], "texture": "#2"},
				"up": {"uv": [1.5, 0, 0, 1], "texture": "#2"},
				"down": {"uv": [1.5, 0, 0, 1], "texture": "#2"}
			}
		},
		{
			"from": [8.86777, -10.72365, 2.147],
			"to": [9.99297, -8.7994, 2.89713],
			"rotation": {"angle": -22.5, "axis": "y", "origin": [16.36908, -4.07031, 8.14805]},
			"faces": {
				"north": {"uv": [1.5, 0, 0, 1], "texture": "#3"},
				"east": {"uv": [1.5, 0, 0, 1], "texture": "#3"},
				"south": {"uv": [1.5, 0, 0, 1], "texture": "#3"},
				"west": {"uv": [1.5, 0, 0, 1], "texture": "#3"},
				"up": {"uv": [1.5, 0, 0, 1], "texture": "#3"},
				"down": {"uv": [1.5, 0, 0, 1], "texture": "#3"}
			}
		},
		{
			"from": [8.96248, -14.352, 13.65979],
			"to": [10.21048, -12.896, 14.49179],
			"rotation": {"angle": 22.5, "axis": "y", "origin": [17.28248, -7.696, 7.83579]},
			"faces": {
				"north": {"uv": [0, 0, 1.5, 1], "texture": "#0"},
				"east": {"uv": [0, 0, 1.5, 1], "texture": "#0"},
				"south": {"uv": [0, 0, 1.5, 1], "texture": "#0"},
				"west": {"uv": [0, 0, 1.5, 1], "texture": "#0"},
				"up": {"uv": [0, 0, 1.5, 1], "texture": "#0"},
				"down": {"uv": [0, 0, 1.5, 1], "texture": "#0"}
			}
		},
		{
			"from": [8.85006, -11.48592, 12.99873],
			"to": [9.95229, -8.5899, 13.73355],
			"rotation": {"angle": 22.5, "axis": "y", "origin": [16.19828, -7.94094, 7.85497]},
			"faces": {
				"north": {"uv": [5, 0, 0, 4.5], "texture": "#6"},
				"east": {"uv": [5, 0, 0, 4.5], "texture": "#6"},
				"south": {"uv": [5, 0, 0, 4.5], "texture": "#6"},
				"west": {"uv": [5, 0, 0, 4.5], "texture": "#6"},
				"up": {"uv": [5, 0, 0, 4.5], "texture": "#6"},
				"down": {"uv": [5, 0, 0, 4.5], "texture": "#6"}
			}
		},
		{
			"from": [8.78205, -13.78225, 12.59883],
			"to": [9.79611, -11.30559, 13.27487],
			"rotation": {"angle": 22.5, "axis": "y", "origin": [15.54242, -8.22087, 7.86657]},
			"faces": {
				"north": {"uv": [5, 0, 0, 4.5], "texture": "#6"},
				"east": {"uv": [5, 0, 0, 4.5], "texture": "#6"},
				"south": {"uv": [5, 0, 0, 4.5], "texture": "#6"},
				"west": {"uv": [5, 0, 0, 4.5], "texture": "#6"},
				"up": {"uv": [5, 0, 0, 4.5], "texture": "#6"},
				"down": {"uv": [5, 0, 0, 4.5], "texture": "#6"}
			}
		},
		{
			"from": [8.78205, -13.78225, 12.18283],
			"to": [9.79611, -11.30559, 12.85887],
			"rotation": {"angle": 22.5, "axis": "y", "origin": [15.54242, -8.22087, 7.45057]},
			"faces": {
				"north": {"uv": [5, 0, 0, 4.5], "texture": "#6"},
				"east": {"uv": [5, 0, 0, 4.5], "texture": "#6"},
				"south": {"uv": [5, 0, 0, 4.5], "texture": "#6"},
				"west": {"uv": [5, 0, 0, 4.5], "texture": "#6"},
				"up": {"uv": [5, 0, 0, 4.5], "texture": "#6"},
				"down": {"uv": [5, 0, 0, 4.5], "texture": "#6"}
			}
		},
		{
			"from": [8.78205, -13.78225, 11.60043],
			"to": [9.79611, -11.30559, 12.27647],
			"rotation": {"angle": 22.5, "axis": "y", "origin": [15.54242, -8.22087, 6.86817]},
			"faces": {
				"north": {"uv": [5, 0, 0, 4.5], "texture": "#6"},
				"east": {"uv": [5, 0, 0, 4.5], "texture": "#6"},
				"south": {"uv": [5, 0, 0, 4.5], "texture": "#6"},
				"west": {"uv": [5, 0, 0, 4.5], "texture": "#6"},
				"up": {"uv": [5, 0, 0, 4.5], "texture": "#6"},
				"down": {"uv": [5, 0, 0, 4.5], "texture": "#6"}
			}
		},
		{
			"from": [8.78205, -13.78225, 10.93483],
			"to": [9.79611, -11.30559, 11.61087],
			"rotation": {"angle": 22.5, "axis": "y", "origin": [15.54242, -8.22087, 6.20257]},
			"faces": {
				"north": {"uv": [5, 0, 0, 4.5], "texture": "#6"},
				"east": {"uv": [5, 0, 0, 4.5], "texture": "#6"},
				"south": {"uv": [5, 0, 0, 4.5], "texture": "#6"},
				"west": {"uv": [5, 0, 0, 4.5], "texture": "#6"},
				"up": {"uv": [5, 0, 0, 4.5], "texture": "#6"},
				"down": {"uv": [5, 0, 0, 4.5], "texture": "#6"}
			}
		},
		{
			"from": [8.78205, -13.78225, 10.26923],
			"to": [9.79611, -11.30559, 10.94527],
			"rotation": {"angle": 22.5, "axis": "y", "origin": [15.54242, -8.22087, 5.53697]},
			"faces": {
				"north": {"uv": [5, 0, 0, 4.5], "texture": "#6"},
				"east": {"uv": [5, 0, 0, 4.5], "texture": "#6"},
				"south": {"uv": [5, 0, 0, 4.5], "texture": "#6"},
				"west": {"uv": [5, 0, 0, 4.5], "texture": "#6"},
				"up": {"uv": [5, 0, 0, 4.5], "texture": "#6"},
				"down": {"uv": [5, 0, 0, 4.5], "texture": "#6"}
			}
		},
		{
			"from": [3.85706, -14.352, -1.16906],
			"to": [7.60106, -12.896, -0.33706],
			"faces": {
				"north": {"uv": [0, 0, 4.5, 1], "texture": "#0"},
				"east": {"uv": [0, 0, 4.5, 1], "texture": "#0"},
				"south": {"uv": [0, 0, 4.5, 1], "texture": "#0"},
				"west": {"uv": [0, 0, 4.5, 1], "texture": "#0"},
				"up": {"uv": [0, 0, 4.5, 1], "texture": "#0"},
				"down": {"uv": [0, 0, 4.5, 1], "texture": "#0"}
			}
		},
		{
			"from": [4.1885, -14.252, -0.43554],
			"to": [7.63298, -11.76448, 0.3299],
			"faces": {
				"north": {"uv": [0, 0, 4.5, 1], "texture": "#1"},
				"east": {"uv": [0, 0, 4.5, 1], "texture": "#1"},
				"south": {"uv": [0, 0, 4.5, 1], "texture": "#1"},
				"west": {"uv": [0, 0, 4.5, 1], "texture": "#1"},
				"up": {"uv": [0, 0, 4.5, 1], "texture": "#1"},
				"down": {"uv": [0, 0, 4.5, 1], "texture": "#1"}
			}
		},
		{
			"from": [4.1885, -11.7728, -0.43554],
			"to": [7.63298, -10.64128, 0.3299],
			"faces": {
				"north": {"uv": [0, 0, 4.5, 1], "texture": "#2"},
				"east": {"uv": [0, 0, 4.5, 1], "texture": "#2"},
				"south": {"uv": [0, 0, 4.5, 1], "texture": "#2"},
				"west": {"uv": [0, 0, 4.5, 1], "texture": "#2"},
				"up": {"uv": [0, 0, 4.5, 1], "texture": "#2"},
				"down": {"uv": [0, 0, 4.5, 1], "texture": "#2"}
			}
		},
		{
			"from": [4.1885, -8.736, -0.43554],
			"to": [7.63298, -8.18688, 0.3299],
			"faces": {
				"north": {"uv": [0, 0, 4.5, 1], "texture": "#2"},
				"east": {"uv": [0, 0, 4.5, 1], "texture": "#2"},
				"south": {"uv": [0, 0, 4.5, 1], "texture": "#2"},
				"west": {"uv": [0, 0, 4.5, 1], "texture": "#2"},
				"up": {"uv": [0, 0, 4.5, 1], "texture": "#2"},
				"down": {"uv": [0, 0, 4.5, 1], "texture": "#2"}
			}
		},
		{
			"from": [4.26473, -10.72365, -0.26682],
			"to": [7.64032, -8.7994, 0.48331],
			"faces": {
				"north": {"uv": [0, 0, 4.5, 1], "texture": "#3"},
				"east": {"uv": [0, 0, 4.5, 1], "texture": "#3"},
				"south": {"uv": [0, 0, 4.5, 1], "texture": "#3"},
				"west": {"uv": [0, 0, 4.5, 1], "texture": "#3"},
				"up": {"uv": [0, 0, 4.5, 1], "texture": "#3"},
				"down": {"uv": [0, 0, 4.5, 1], "texture": "#3"}
			}
		},
		{
			"from": [3.85706, -14.352, 16.33706],
			"to": [7.60106, -12.896, 17.16906],
			"faces": {
				"north": {"uv": [4.5, 0, 0, 1], "texture": "#0"},
				"east": {"uv": [4.5, 0, 0, 1], "texture": "#0"},
				"south": {"uv": [4.5, 0, 0, 1], "texture": "#0"},
				"west": {"uv": [4.5, 0, 0, 1], "texture": "#0"},
				"up": {"uv": [4.5, 0, 0, 1], "texture": "#0"},
				"down": {"uv": [4.5, 0, 0, 1], "texture": "#0"}
			}
		},
		{
			"from": [4.34096, -11.48592, 15.36329],
			"to": [7.64766, -8.5899, 16.09811],
			"faces": {
				"north": {"uv": [5, 0, 0, 4.5], "texture": "#6"},
				"east": {"uv": [5, 0, 0, 4.5], "texture": "#6"},
				"south": {"uv": [5, 0, 0, 4.5], "texture": "#6"},
				"west": {"uv": [5, 0, 0, 4.5], "texture": "#6"},
				"up": {"uv": [5, 0, 0, 4.5], "texture": "#6"},
				"down": {"uv": [5, 0, 0, 4.5], "texture": "#6"}
			}
		},
		{
			"from": [4.63368, -13.78225, 12.44463],
			"to": [7.67584, -11.30559, 15.42066],
			"faces": {
				"north": {"uv": [5, 0, 0, 4.5], "texture": "#6"},
				"east": {"uv": [5, 0, 0, 4.5], "texture": "#6"},
				"south": {"uv": [5, 0, 0, 4.5], "texture": "#6"},
				"west": {"uv": [5, 0, 0, 4.5], "texture": "#6"},
				"up": {"uv": [5, 0, 0, 4.5], "texture": "#6"},
				"down": {"uv": [5, 0, 0, 4.5], "texture": "#6"}
			}
		},
		{
			"from": [4.1885, -14.252, 15.7533],
			"to": [7.63298, -8.50128, 16.51874],
			"faces": {
				"north": {"uv": [4.5, 0, 0, 1], "rotation": 270, "texture": "#3"},
				"east": {"uv": [4.5, 0, 0, 1], "rotation": 270, "texture": "#3"},
				"south": {"uv": [4.5, 0, 0, 1], "rotation": 270, "texture": "#3"},
				"west": {"uv": [4.5, 0, 0, 1], "rotation": 270, "texture": "#3"},
				"up": {"uv": [4.5, 0, 0, 1], "rotation": 270, "texture": "#3"},
				"down": {"uv": [4.5, 0, 0, 1], "rotation": 270, "texture": "#3"}
			}
		},
		{
			"from": [7.77776, -8.552, 15.9533],
			"to": [8.22224, -2.80128, 16.41874],
			"rotation": {"angle": 0, "axis": "y", "origin": [0.58926, 0, 0]},
			"faces": {
				"north": {"uv": [4.5, 0, 0, 1], "rotation": 270, "texture": "#6"},
				"east": {"uv": [4.5, 0, 0, 1], "rotation": 270, "texture": "#6"},
				"south": {"uv": [4.5, 0, 0, 1], "rotation": 270, "texture": "#6"},
				"west": {"uv": [4.5, 0, 0, 1], "rotation": 270, "texture": "#6"},
				"up": {"uv": [4.5, 0, 0, 1], "rotation": 270, "texture": "#6"},
				"down": {"uv": [4.5, 0, 0, 1], "rotation": 270, "texture": "#6"}
			}
		},
		{
			"from": [7.77776, -3.10921, 17.03594],
			"to": [8.22224, -2.45849, 17.50138],
			"rotation": {"angle": 22.5, "axis": "x", "origin": [8, -0.23385, 17.26866]},
			"faces": {
				"north": {"uv": [4.5, 0, 0, 1], "rotation": 270, "texture": "#6"},
				"east": {"uv": [4.5, 0, 0, 1], "rotation": 270, "texture": "#6"},
				"south": {"uv": [4.5, 0, 0, 1], "rotation": 270, "texture": "#6"},
				"west": {"uv": [4.5, 0, 0, 1], "rotation": 270, "texture": "#6"},
				"up": {"uv": [4.5, 0, 0, 1], "rotation": 270, "texture": "#6"},
				"down": {"uv": [4.5, 0, 0, 1], "rotation": 270, "texture": "#6"}
			}
		},
		{
			"from": [7.77776, -2.34279, 16.08138],
			"to": [8.22224, -1.69207, 16.54682],
			"rotation": {"angle": 45, "axis": "x", "origin": [8, -2.41743, 16.3141]},
			"faces": {
				"north": {"uv": [4.5, 0, 0, 1], "rotation": 270, "texture": "#6"},
				"east": {"uv": [4.5, 0, 0, 1], "rotation": 270, "texture": "#6"},
				"south": {"uv": [4.5, 0, 0, 1], "rotation": 270, "texture": "#6"},
				"west": {"uv": [4.5, 0, 0, 1], "rotation": 270, "texture": "#6"},
				"up": {"uv": [4.5, 0, 0, 1], "rotation": 270, "texture": "#6"},
				"down": {"uv": [4.5, 0, 0, 1], "rotation": 270, "texture": "#6"}
			}
		},
		{
			"from": [7.56694, -14.352, -1.16906],
			"to": [12.14294, -12.896, -0.33706],
			"faces": {
				"north": {"uv": [4.5, 0, 10, 1], "texture": "#0"},
				"east": {"uv": [4.5, 0, 10, 1], "texture": "#0"},
				"south": {"uv": [4.5, 0, 10, 1], "texture": "#0"},
				"west": {"uv": [4.5, 0, 10, 1], "texture": "#0"},
				"up": {"uv": [4.5, 0, 10, 1], "texture": "#0"},
				"down": {"uv": [4.5, 0, 10, 1], "texture": "#0"}
			}
		},
		{
			"from": [7.60158, -14.252, -0.43554],
			"to": [11.8115, -11.76448, 0.3299],
			"faces": {
				"north": {"uv": [4.5, 0, 10, 1], "texture": "#1"},
				"east": {"uv": [4.5, 0, 10, 1], "texture": "#1"},
				"south": {"uv": [4.5, 0, 10, 1], "texture": "#1"},
				"west": {"uv": [4.5, 0, 10, 1], "texture": "#1"},
				"up": {"uv": [4.5, 0, 10, 1], "texture": "#1"},
				"down": {"uv": [4.5, 0, 10, 1], "texture": "#1"}
			}
		},
		{
			"from": [7.60158, -11.7728, -0.43554],
			"to": [11.8115, -10.64128, 0.3299],
			"faces": {
				"north": {"uv": [4.5, 0, 10, 1], "texture": "#2"},
				"east": {"uv": [4.5, 0, 10, 1], "texture": "#2"},
				"south": {"uv": [4.5, 0, 10, 1], "texture": "#2"},
				"west": {"uv": [4.5, 0, 10, 1], "texture": "#2"},
				"up": {"uv": [4.5, 0, 10, 1], "texture": "#2"},
				"down": {"uv": [4.5, 0, 10, 1], "texture": "#2"}
			}
		},
		{
			"from": [7.60158, -8.736, -0.43554],
			"to": [11.8115, -8.18688, 0.3299],
			"faces": {
				"north": {"uv": [4.5, 0, 10, 1], "texture": "#2"},
				"east": {"uv": [4.5, 0, 10, 1], "texture": "#2"},
				"south": {"uv": [4.5, 0, 10, 1], "texture": "#2"},
				"west": {"uv": [4.5, 0, 10, 1], "texture": "#2"},
				"up": {"uv": [4.5, 0, 10, 1], "texture": "#2"},
				"down": {"uv": [4.5, 0, 10, 1], "texture": "#2"}
			}
		},
		{
			"from": [7.60955, -10.72365, -0.26682],
			"to": [11.73527, -8.7994, 0.48331],
			"faces": {
				"north": {"uv": [4.5, 0, 10, 1], "texture": "#3"},
				"east": {"uv": [4.5, 0, 10, 1], "texture": "#3"},
				"south": {"uv": [4.5, 0, 10, 1], "texture": "#3"},
				"west": {"uv": [4.5, 0, 10, 1], "texture": "#3"},
				"up": {"uv": [4.5, 0, 10, 1], "texture": "#3"},
				"down": {"uv": [4.5, 0, 10, 1], "texture": "#3"}
			}
		},
		{
			"from": [7.60114, -9.59165, -0.35002],
			"to": [8.39886, -8.6822, 0.40011],
			"faces": {
				"north": {"uv": [0, 0, 16, 16], "texture": "#8"},
				"east": {"uv": [4.5, 0, 10, 1], "texture": "#4"},
				"south": {"uv": [4.5, 0, 10, 1], "texture": "#4"},
				"west": {"uv": [4.5, 0, 10, 1], "texture": "#4"},
				"up": {"uv": [4.5, 0, 10, 1], "texture": "#4"},
				"down": {"uv": [4.5, 0, 10, 1], "texture": "#4"}
			}
		},
		{
			"from": [8.76594, -9.89165, -0.35002],
			"to": [11.22766, -9.3322, 0.40011],
			"faces": {
				"north": {"uv": [4.5, 0, 10, 1], "texture": "#4"},
				"east": {"uv": [4.5, 0, 10, 1], "texture": "#4"},
				"south": {"uv": [4.5, 0, 10, 1], "texture": "#4"},
				"west": {"uv": [4.5, 0, 10, 1], "texture": "#4"},
				"up": {"uv": [4.5, 0, 10, 1], "texture": "#4"},
				"down": {"uv": [4.5, 0, 10, 1], "texture": "#4"}
			}
		},
		{
			"from": [4.77234, -9.89165, -0.35002],
			"to": [7.23406, -9.3322, 0.40011],
			"faces": {
				"north": {"uv": [10, 0, 4.5, 1], "texture": "#4"},
				"east": {"uv": [10, 0, 4.5, 1], "texture": "#4"},
				"south": {"uv": [10, 0, 4.5, 1], "texture": "#4"},
				"west": {"uv": [10, 0, 4.5, 1], "texture": "#4"},
				"up": {"uv": [10, 0, 4.5, 1], "texture": "#4"},
				"down": {"uv": [10, 0, 4.5, 1], "texture": "#4"}
			}
		},
		{
			"from": [8.76594, -9.39245, -0.35002],
			"to": [11.47726, -9.1322, 0.40011],
			"faces": {
				"north": {"uv": [4.5, 0, 10, 1], "texture": "#4"},
				"east": {"uv": [4.5, 0, 10, 1], "texture": "#4"},
				"south": {"uv": [4.5, 0, 10, 1], "texture": "#4"},
				"west": {"uv": [4.5, 0, 10, 1], "texture": "#4"},
				"up": {"uv": [4.5, 0, 10, 1], "texture": "#4"},
				"down": {"uv": [4.5, 0, 10, 1], "texture": "#4"}
			}
		},
		{
			"from": [4.52274, -9.39245, -0.35002],
			"to": [7.23406, -9.1322, 0.40011],
			"faces": {
				"north": {"uv": [10, 0, 4.5, 1], "texture": "#4"},
				"east": {"uv": [10, 0, 4.5, 1], "texture": "#4"},
				"south": {"uv": [10, 0, 4.5, 1], "texture": "#4"},
				"west": {"uv": [10, 0, 4.5, 1], "texture": "#4"},
				"up": {"uv": [10, 0, 4.5, 1], "texture": "#4"},
				"down": {"uv": [10, 0, 4.5, 1], "texture": "#4"}
			}
		},
		{
			"from": [8.76594, -9.95805, -0.35002],
			"to": [11.06126, -9.8978, 0.40011],
			"faces": {
				"north": {"uv": [4.5, 0, 10, 1], "texture": "#4"},
				"east": {"uv": [4.5, 0, 10, 1], "texture": "#4"},
				"south": {"uv": [4.5, 0, 10, 1], "texture": "#4"},
				"west": {"uv": [4.5, 0, 10, 1], "texture": "#4"},
				"up": {"uv": [4.5, 0, 10, 1], "texture": "#4"},
				"down": {"uv": [4.5, 0, 10, 1], "texture": "#4"}
			}
		},
		{
			"from": [4.93874, -9.95805, -0.35002],
			"to": [7.23406, -9.8978, 0.40011],
			"faces": {
				"north": {"uv": [10, 0, 4.5, 1], "texture": "#4"},
				"east": {"uv": [10, 0, 4.5, 1], "texture": "#4"},
				"south": {"uv": [10, 0, 4.5, 1], "texture": "#4"},
				"west": {"uv": [10, 0, 4.5, 1], "texture": "#4"},
				"up": {"uv": [10, 0, 4.5, 1], "texture": "#4"},
				"down": {"uv": [10, 0, 4.5, 1], "texture": "#4"}
			}
		},
		{
			"from": [8.76594, -10.22445, -0.35002],
			"to": [10.89486, -9.9642, 0.40011],
			"faces": {
				"north": {"uv": [4.5, 0, 10, 1], "texture": "#4"},
				"east": {"uv": [4.5, 0, 10, 1], "texture": "#4"},
				"south": {"uv": [4.5, 0, 10, 1], "texture": "#4"},
				"west": {"uv": [4.5, 0, 10, 1], "texture": "#4"},
				"up": {"uv": [4.5, 0, 10, 1], "texture": "#4"},
				"down": {"uv": [4.5, 0, 10, 1], "texture": "#4"}
			}
		},
		{
			"from": [5.10514, -10.22445, -0.35002],
			"to": [7.23406, -9.9642, 0.40011],
			"faces": {
				"north": {"uv": [10, 0, 4.5, 1], "texture": "#4"},
				"east": {"uv": [10, 0, 4.5, 1], "texture": "#4"},
				"south": {"uv": [10, 0, 4.5, 1], "texture": "#4"},
				"west": {"uv": [10, 0, 4.5, 1], "texture": "#4"},
				"up": {"uv": [10, 0, 4.5, 1], "texture": "#4"},
				"down": {"uv": [10, 0, 4.5, 1], "texture": "#4"}
			}
		},
		{
			"from": [7.18514, -10.30765, -0.35002],
			"to": [8.81486, -9.5482, 0.40011],
			"faces": {
				"north": {"uv": [4.5, 0, 10, 1], "texture": "#4"},
				"east": {"uv": [4.5, 0, 10, 1], "texture": "#4"},
				"south": {"uv": [4.5, 0, 10, 1], "texture": "#4"},
				"west": {"uv": [4.5, 0, 10, 1], "texture": "#4"},
				"up": {"uv": [4.5, 0, 10, 1], "texture": "#4"},
				"down": {"uv": [4.5, 0, 10, 1], "texture": "#4"}
			}
		},
		{
			"from": [7.56694, -14.352, 16.33706],
			"to": [12.14294, -12.896, 17.16906],
			"faces": {
				"north": {"uv": [10, 0, 4.5, 1], "texture": "#0"},
				"east": {"uv": [10, 0, 4.5, 1], "texture": "#0"},
				"south": {"uv": [10, 0, 4.5, 1], "texture": "#0"},
				"west": {"uv": [10, 0, 4.5, 1], "texture": "#0"},
				"up": {"uv": [10, 0, 4.5, 1], "texture": "#0"},
				"down": {"uv": [10, 0, 4.5, 1], "texture": "#0"}
			}
		},
		{
			"from": [7.61752, -11.48592, 15.36329],
			"to": [11.65904, -8.5899, 16.09811],
			"faces": {
				"north": {"uv": [5, 0, 0, 4.5], "texture": "#6"},
				"east": {"uv": [5, 0, 0, 4.5], "texture": "#6"},
				"south": {"uv": [5, 0, 0, 4.5], "texture": "#6"},
				"west": {"uv": [5, 0, 0, 4.5], "texture": "#6"},
				"up": {"uv": [5, 0, 0, 4.5], "texture": "#6"},
				"down": {"uv": [5, 0, 0, 4.5], "texture": "#6"}
			}
		},
		{
			"from": [7.64812, -13.78225, 12.44463],
			"to": [11.36632, -11.30559, 15.42066],
			"faces": {
				"north": {"uv": [5, 0, 0, 4.5], "texture": "#6"},
				"east": {"uv": [5, 0, 0, 4.5], "texture": "#6"},
				"south": {"uv": [5, 0, 0, 4.5], "texture": "#6"},
				"west": {"uv": [5, 0, 0, 4.5], "texture": "#6"},
				"up": {"uv": [5, 0, 0, 4.5], "texture": "#6"},
				"down": {"uv": [5, 0, 0, 4.5], "texture": "#6"}
			}
		},
		{
			"from": [7.60158, -14.252, 15.7533],
			"to": [11.8115, -8.50128, 16.51874],
			"faces": {
				"north": {"uv": [10, 0, 4.5, 1], "rotation": 270, "texture": "#3"},
				"east": {"uv": [10, 0, 4.5, 1], "rotation": 270, "texture": "#3"},
				"south": {"uv": [10, 0, 4.5, 1], "rotation": 270, "texture": "#3"},
				"west": {"uv": [10, 0, 4.5, 1], "rotation": 270, "texture": "#3"},
				"up": {"uv": [10, 0, 4.5, 1], "rotation": 270, "texture": "#3"},
				"down": {"uv": [10, 0, 4.5, 1], "rotation": 270, "texture": "#3"}
			}
		},
		{
			"name": "hexadecagon",
			"from": [7.74738, -10.04795, 4.68414],
			"to": [8.25262, -9.8892, 5.0509],
			"rotation": {"angle": -45, "axis": "z", "origin": [8, -8.77793, 4.97152]},
			"faces": {
				"north": {"uv": [0, 0, 1, 1], "texture": "#0"},
				"east": {"uv": [0, 0, 1, 1], "texture": "#0"},
				"south": {"uv": [0, 0, 1, 1], "texture": "#0"},
				"west": {"uv": [0, 0, 1, 1], "texture": "#0"},
				"up": {"uv": [0, 0, 1, 1], "texture": "#0"},
				"down": {"uv": [0, 0, 1, 1], "texture": "#0"}
			}
		},
		{
			"name": "hexadecagon",
			"from": [7.74738, -10.04795, 4.68414],
			"to": [8.25262, -9.8892, 5.0509],
			"rotation": {"angle": -22.5, "axis": "z", "origin": [8, -8.77793, 4.97152]},
			"faces": {
				"north": {"uv": [0, 0, 1, 1], "texture": "#0"},
				"east": {"uv": [0, 0, 1, 1], "texture": "#0"},
				"south": {"uv": [0, 0, 1, 1], "texture": "#0"},
				"west": {"uv": [0, 0, 1, 1], "texture": "#0"},
				"up": {"uv": [0, 0, 1, 1], "texture": "#0"},
				"down": {"uv": [0, 0, 1, 1], "texture": "#0"}
			}
		},
		{
			"name": "hexadecagon",
			"from": [7.74738, -10.04795, 4.68414],
			"to": [8.25262, -9.0492, 5.0509],
			"faces": {
				"north": {"uv": [0, 0, 1, 1], "texture": "#0"},
				"east": {"uv": [0, 0, 1, 1], "texture": "#0"},
				"south": {"uv": [0, 0, 1, 1], "texture": "#0"},
				"west": {"uv": [0, 0, 1, 1], "texture": "#0"},
				"up": {"uv": [0, 0, 1, 1], "texture": "#0"},
				"down": {"uv": [0, 0, 1, 1], "texture": "#0"}
			}
		},
		{
			"name": "hexadecagon",
			"from": [7.74738, -10.04795, 4.68414],
			"to": [8.25262, -9.8892, 5.0509],
			"rotation": {"angle": 22.5, "axis": "z", "origin": [8, -8.77793, 4.97152]},
			"faces": {
				"north": {"uv": [0, 0, 1, 1], "texture": "#0"},
				"east": {"uv": [0, 0, 1, 1], "texture": "#0"},
				"south": {"uv": [0, 0, 1, 1], "texture": "#0"},
				"west": {"uv": [0, 0, 1, 1], "texture": "#0"},
				"up": {"uv": [0, 0, 1, 1], "texture": "#0"},
				"down": {"uv": [0, 0, 1, 1], "texture": "#0"}
			}
		},
		{
			"name": "hexadecagon",
			"from": [7.74738, -10.04795, 4.68414],
			"to": [8.25262, -9.8892, 5.0509],
			"rotation": {"angle": 45, "axis": "z", "origin": [8, -8.77793, 4.97152]},
			"faces": {
				"north": {"uv": [0, 0, 1, 1], "texture": "#0"},
				"east": {"uv": [0, 0, 1, 1], "texture": "#0"},
				"south": {"uv": [0, 0, 1, 1], "texture": "#0"},
				"west": {"uv": [0, 0, 1, 1], "texture": "#0"},
				"up": {"uv": [0, 0, 1, 1], "texture": "#0"},
				"down": {"uv": [0, 0, 1, 1], "texture": "#0"}
			}
		},
		{
			"name": "hexadecagon",
			"from": [7.74738, -7.66667, 4.68414],
			"to": [8.25262, -7.50791, 5.0509],
			"rotation": {"angle": -45, "axis": "z", "origin": [8, -8.77793, 4.97152]},
			"faces": {
				"north": {"uv": [0, 0, 1, 1], "texture": "#0"},
				"east": {"uv": [0, 0, 1, 1], "texture": "#0"},
				"south": {"uv": [0, 0, 1, 1], "texture": "#0"},
				"west": {"uv": [0, 0, 1, 1], "texture": "#0"},
				"up": {"uv": [0, 0, 1, 1], "texture": "#0"},
				"down": {"uv": [0, 0, 1, 1], "texture": "#0"}
			}
		},
		{
			"name": "hexadecagon",
			"from": [7.74738, -7.66667, 4.68414],
			"to": [8.25262, -7.50791, 5.0509],
			"rotation": {"angle": -22.5, "axis": "z", "origin": [8, -8.77793, 4.97152]},
			"faces": {
				"north": {"uv": [0, 0, 1, 1], "texture": "#0"},
				"east": {"uv": [0, 0, 1, 1], "texture": "#0"},
				"south": {"uv": [0, 0, 1, 1], "texture": "#0"},
				"west": {"uv": [0, 0, 1, 1], "texture": "#0"},
				"up": {"uv": [0, 0, 1, 1], "texture": "#0"},
				"down": {"uv": [0, 0, 1, 1], "texture": "#0"}
			}
		},
		{
			"name": "hexadecagon",
			"from": [7.74738, -7.66667, 4.68414],
			"to": [8.25262, -7.50791, 5.0509],
			"faces": {
				"north": {"uv": [0, 0, 1, 1], "texture": "#0"},
				"east": {"uv": [0, 0, 1, 1], "texture": "#0"},
				"south": {"uv": [0, 0, 1, 1], "texture": "#0"},
				"west": {"uv": [0, 0, 1, 1], "texture": "#0"},
				"up": {"uv": [0, 0, 1, 1], "texture": "#0"},
				"down": {"uv": [0, 0, 1, 1], "texture": "#0"}
			}
		},
		{
			"name": "hexadecagon",
			"from": [7.74738, -7.66667, 4.68414],
			"to": [8.25262, -7.50791, 5.0509],
			"rotation": {"angle": 22.5, "axis": "z", "origin": [8, -8.77793, 4.97152]},
			"faces": {
				"north": {"uv": [0, 0, 1, 1], "texture": "#0"},
				"east": {"uv": [0, 0, 1, 1], "texture": "#0"},
				"south": {"uv": [0, 0, 1, 1], "texture": "#0"},
				"west": {"uv": [0, 0, 1, 1], "texture": "#0"},
				"up": {"uv": [0, 0, 1, 1], "texture": "#0"},
				"down": {"uv": [0, 0, 1, 1], "texture": "#0"}
			}
		},
		{
			"name": "hexadecagon",
			"from": [7.74738, -7.66667, 4.68414],
			"to": [8.25262, -7.50791, 5.0509],
			"rotation": {"angle": 45, "axis": "z", "origin": [8, -8.77793, 4.97152]},
			"faces": {
				"north": {"uv": [0, 0, 1, 1], "texture": "#0"},
				"east": {"uv": [0, 0, 1, 1], "texture": "#0"},
				"south": {"uv": [0, 0, 1, 1], "texture": "#0"},
				"west": {"uv": [0, 0, 1, 1], "texture": "#0"},
				"up": {"uv": [0, 0, 1, 1], "texture": "#0"},
				"down": {"uv": [0, 0, 1, 1], "texture": "#0"}
			}
		},
		{
			"name": "hexadecagon",
			"from": [6.72998, -9.03056, 4.68414],
			"to": [6.88873, -8.52531, 5.0509],
			"rotation": {"angle": -22.5, "axis": "z", "origin": [8, -8.77793, 4.97152]},
			"faces": {
				"north": {"uv": [0, 0, 1, 1], "texture": "#0"},
				"east": {"uv": [0, 0, 1, 1], "texture": "#0"},
				"south": {"uv": [0, 0, 1, 1], "texture": "#0"},
				"west": {"uv": [0, 0, 1, 1], "texture": "#0"},
				"up": {"uv": [0, 0, 1, 1], "texture": "#0"},
				"down": {"uv": [0, 0, 1, 1], "texture": "#0"}
			}
		},
		{
			"name": "hexadecagon",
			"from": [6.72663, -9.03056, 4.68414],
			"to": [9.27338, -8.52531, 5.0509],
			"rotation": {"angle": 0, "axis": "y", "origin": [-0.00335, 0, 0]},
			"faces": {
				"north": {"uv": [0, 0, 1, 1], "texture": "#0"},
				"east": {"uv": [0, 0, 1, 1], "texture": "#0"},
				"south": {"uv": [0, 0, 1, 1], "texture": "#0"},
				"west": {"uv": [0, 0, 1, 1], "texture": "#0"},
				"up": {"uv": [0, 0, 1, 1], "texture": "#0"},
				"down": {"uv": [0, 0, 1, 1], "texture": "#0"}
			}
		},
		{
			"name": "hexadecagon",
			"from": [6.72998, -9.03056, 4.68414],
			"to": [6.88873, -8.52531, 5.0509],
			"rotation": {"angle": 22.5, "axis": "z", "origin": [8, -8.77793, 4.97152]},
			"faces": {
				"north": {"uv": [0, 0, 1, 1], "texture": "#0"},
				"east": {"uv": [0, 0, 1, 1], "texture": "#0"},
				"south": {"uv": [0, 0, 1, 1], "texture": "#0"},
				"west": {"uv": [0, 0, 1, 1], "texture": "#0"},
				"up": {"uv": [0, 0, 1, 1], "texture": "#0"},
				"down": {"uv": [0, 0, 1, 1], "texture": "#0"}
			}
		},
		{
			"name": "hexadecagon",
			"from": [9.11127, -9.03056, 4.68414],
			"to": [9.27002, -8.52531, 5.0509],
			"rotation": {"angle": -22.5, "axis": "z", "origin": [8, -8.77793, 4.97152]},
			"faces": {
				"north": {"uv": [0, 0, 1, 1], "texture": "#0"},
				"east": {"uv": [0, 0, 1, 1], "texture": "#0"},
				"south": {"uv": [0, 0, 1, 1], "texture": "#0"},
				"west": {"uv": [0, 0, 1, 1], "texture": "#0"},
				"up": {"uv": [0, 0, 1, 1], "texture": "#0"},
				"down": {"uv": [0, 0, 1, 1], "texture": "#0"}
			}
		},
		{
			"name": "hexadecagon",
			"from": [9.11127, -9.03056, 4.68414],
			"to": [9.27002, -8.52531, 5.0509],
			"rotation": {"angle": 22.5, "axis": "z", "origin": [8, -8.77793, 4.97152]},
			"faces": {
				"north": {"uv": [0, 0, 1, 1], "texture": "#0"},
				"east": {"uv": [0, 0, 1, 1], "texture": "#0"},
				"south": {"uv": [0, 0, 1, 1], "texture": "#0"},
				"west": {"uv": [0, 0, 1, 1], "texture": "#0"},
				"up": {"uv": [0, 0, 1, 1], "texture": "#0"},
				"down": {"uv": [0, 0, 1, 1], "texture": "#0"}
			}
		}
	],
	"display": {
		"thirdperson_righthand": {
			"translation": [0, 14.25, 0],
			"scale": [0.58, 0.61, 0.64]
		},
		"thirdperson_lefthand": {
			"translation": [0, 14.25, 0],
			"scale": [0.58, 0.61, 0.64]
		},
		"ground": {
			"translation": [0, 17.5, 0]
		},
		"gui": {
			"rotation": [30, 143, 0],
			"translation": [0, 8, 0],
			"scale": [0.5, 0.5, 0.5]
		},
		"head": {
			"translation": [0, 21, -8.75],
			"scale": [2.7, 2.91, 2.91]
		},
		"fixed": {
			"translation": [0, 15.75, -9]
		}
	},
	"groups": [
		0,
		1,
		2,
		3,
		4,
		5,
		6,
		7,
		8,
		9,
		10,
		11,
		12,
		13,
		14,
		15,
		16,
		17,
		18,
		19,
		20,
		21,
		22,
		23,
		24,
		25,
		26,
		27,
		28,
		29,
		30,
		31,
		32,
		33,
		34,
		35,
		36,
		37,
		38,
		39,
		40,
		41,
		42,
		43,
		44,
		45,
		46,
		47,
		48,
		49,
		50,
		51,
		52,
		53,
		54,
		55,
		56,
		57,
		58,
		59,
		60,
		61,
		62,
		63,
		64,
		65,
		66,
		67,
		68,
		69,
		70,
		71,
		72,
		73,
		74,
		75,
		76,
		77,
		78,
		79,
		80,
		81,
		82,
		83,
		84,
		85,
		86,
		87,
		88,
		89,
		90,
		91,
		92,
		93,
		94,
		95,
		96,
		97,
		98,
		99,
		100,
		101,
		102,
		103,
		104,
		105,
		106,
		107,
		108,
		109,
		110,
		111,
		112,
		113,
		114,
		115,
		116,
		117,
		118,
		119,
		120,
		121,
		122,
		123,
		124,
		125,
		126,
		127,
		128,
		129,
		130,
		131,
		132,
		133,
		134,
		135,
		136,
		137,
		138,
		139,
		140,
		141,
		142,
		143,
		144,
		145,
		146,
		147,
		148,
		149,
		150,
		151,
		152,
		153,
		154,
		155,
		156,
		157,
		158,
		159,
		160,
		161,
		162,
		163,
		164,
		165,
		{
			"name": "hexadecagon",
			"origin": [8, 8, 8],
			"color": 0,
			"nbt": "{}",
			"children": [166, 167, 168, 169, 170, 171, 172, 173, 174, 175, 176, 177, 178, 179, 180]
		}
	]
}