{
	"credit": "Made with Blockbench",
	"textures": {
		"0": "block/lectern_top",
		"1": "block/black_concrete",
		"2": "block/red_terracotta",
		"particle": "block/lectern_top"
	},
	"elements": [
		{
			"from": [0, 0, 0],
			"to": [16, 2, 16],
			"faces": {
				"north": {"uv": [0, 0, 16, 2], "texture": "#0"},
				"east": {"uv": [0, 0, 16, 2], "texture": "#0"},
				"south": {"uv": [0, 0, 16, 2], "texture": "#0"},
				"west": {"uv": [0, 0, 16, 2], "texture": "#0"},
				"up": {"uv": [0, 0, 16, 2], "texture": "#0"},
				"down": {"uv": [0, 0, 16, 2], "texture": "#0"}
			}
		},
		{
			"from": [15, 2, 0],
			"to": [16, 9, 16],
			"faces": {
				"north": {"uv": [0, 0, 1, 7], "texture": "#0"},
				"east": {"uv": [0, 0, 1, 7], "texture": "#0"},
				"south": {"uv": [0, 0, 1, 7], "texture": "#0"},
				"west": {"uv": [0, 0, 1, 7], "texture": "#0"},
				"up": {"uv": [0, 0, 1, 7], "texture": "#0"},
				"down": {"uv": [0, 0, 1, 7], "texture": "#0"}
			}
		},
		{
			"from": [0, 2, 0],
			"to": [1, 9, 16],
			"rotation": {"angle": 0, "axis": "y", "origin": [16, 0, 0]},
			"faces": {
				"north": {"uv": [1, 0, 0, 7], "texture": "#0"},
				"east": {"uv": [1, 0, 0, 7], "texture": "#0"},
				"south": {"uv": [1, 0, 0, 7], "texture": "#0"},
				"west": {"uv": [1, 0, 0, 7], "texture": "#0"},
				"up": {"uv": [1, 0, 0, 7], "texture": "#0"},
				"down": {"uv": [1, 0, 0, 7], "texture": "#0"}
			}
		},
		{
			"from": [-3, 9, 0],
			"to": [1, 10, 16],
			"rotation": {"angle": 0, "axis": "y", "origin": [16, 0, 0]},
			"faces": {
				"north": {"uv": [1, 0, 5, 1], "texture": "#0"},
				"east": {"uv": [1, 0, 5, 1], "texture": "#0"},
				"south": {"uv": [1, 0, 5, 1], "texture": "#0"},
				"west": {"uv": [1, 0, 5, 1], "texture": "#0"},
				"up": {"uv": [1, 0, 5, 1], "texture": "#0"},
				"down": {"uv": [1, 0, 5, 1], "texture": "#0"}
			}
		},
		{
			"from": [-7.65642, 8.27269, 0],
			"to": [-2.65642, 9.27269, 16],
			"rotation": {"angle": 22.5, "axis": "z", "origin": [-4.65642, 8.77269, 8]},
			"faces": {
				"north": {"uv": [1, 0, 6, 1], "texture": "#0"},
				"east": {"uv": [1, 0, 6, 1], "texture": "#0"},
				"south": {"uv": [1, 0, 6, 1], "texture": "#0"},
				"west": {"uv": [1, 0, 6, 1], "texture": "#0"},
				"up": {"uv": [1, 0, 6, 1], "texture": "#0"},
				"down": {"uv": [1, 0, 6, 1], "texture": "#0"}
			}
		},
		{
			"from": [18.65642, 8.27269, 0],
			"to": [23.65642, 9.27269, 16],
			"rotation": {"angle": -22.5, "axis": "z", "origin": [20.65642, 8.77269, 8]},
			"faces": {
				"north": {"uv": [5, 0, 10, 1], "texture": "#0"},
				"east": {"uv": [5, 0, 10, 1], "texture": "#0"},
				"south": {"uv": [5, 0, 10, 1], "texture": "#0"},
				"west": {"uv": [5, 0, 10, 1], "texture": "#0"},
				"up": {"uv": [5, 0, 10, 1], "texture": "#0"},
				"down": {"uv": [5, 0, 10, 1], "texture": "#0"}
			}
		},
		{
			"from": [15, 9, 0],
			"to": [19, 10, 16],
			"faces": {
				"north": {"uv": [5, 0, 1, 1], "texture": "#0"},
				"east": {"uv": [5, 0, 1, 1], "texture": "#0"},
				"south": {"uv": [5, 0, 1, 1], "texture": "#0"},
				"west": {"uv": [5, 0, 1, 1], "texture": "#0"},
				"up": {"uv": [5, 0, 1, 1], "texture": "#0"},
				"down": {"uv": [5, 0, 1, 1], "texture": "#0"}
			}
		},
		{
			"from": [1, 2, 0],
			"to": [15, 9, 1],
			"rotation": {"angle": 0, "axis": "y", "origin": [16, 0, 16]},
			"faces": {
				"north": {"uv": [0, 0, 14, 7], "texture": "#0"},
				"east": {"uv": [0, 0, 14, 7], "texture": "#0"},
				"south": {"uv": [0, 0, 14, 7], "texture": "#0"},
				"west": {"uv": [0, 0, 14, 7], "texture": "#0"},
				"up": {"uv": [0, 0, 14, 7], "texture": "#0"},
				"down": {"uv": [0, 0, 14, 7], "texture": "#0"}
			}
		},
		{
			"from": [1, 2, -0.1],
			"to": [6.75, 2.5, 0],
			"rotation": {"angle": 0, "axis": "y", "origin": [16, 0, 16]},
			"faces": {
				"north": {"uv": [0, 0, 14, 7], "texture": "#1"},
				"east": {"uv": [0, 0, 14, 7], "texture": "#1"},
				"south": {"uv": [0, 0, 14, 7], "texture": "#1"},
				"west": {"uv": [0, 0, 14, 7], "texture": "#1"},
				"up": {"uv": [0, 0, 14, 7], "texture": "#1"},
				"down": {"uv": [0, 0, 14, 7], "texture": "#1"}
			}
		},
		{
			"from": [0.3, 1.2, -0.1],
			"to": [6.05, 1.7, 0],
			"rotation": {"angle": 0, "axis": "y", "origin": [16, 0, 16]},
			"faces": {
				"north": {"uv": [0, 0, 14, 7], "texture": "#1"},
				"east": {"uv": [0, 0, 14, 7], "texture": "#1"},
				"south": {"uv": [0, 0, 14, 7], "texture": "#1"},
				"west": {"uv": [0, 0, 14, 7], "texture": "#1"},
				"up": {"uv": [0, 0, 14, 7], "texture": "#1"},
				"down": {"uv": [0, 0, 14, 7], "texture": "#1"}
			}
		},
		{
			"from": [1, 2, 15],
			"to": [15, 9, 16],
			"rotation": {"angle": 0, "axis": "y", "origin": [16, 0, 0]},
			"faces": {
				"north": {"uv": [0, 0, 14, 7], "texture": "#0"},
				"east": {"uv": [0, 0, 14, 7], "texture": "#0"},
				"south": {"uv": [0, 0, 14, 7], "texture": "#0"},
				"west": {"uv": [0, 0, 14, 7], "texture": "#0"},
				"up": {"uv": [0, 0, 14, 7], "texture": "#0"},
				"down": {"uv": [0, 0, 14, 7], "texture": "#0"}
			}
		},
		{
			"from": [10.3, 0.8, 16],
			"to": [10.8, 2.05, 16.2],
			"rotation": {"angle": 0, "axis": "y", "origin": [16, 0, 0]},
			"faces": {
				"north": {"uv": [0, 0, 14, 7], "texture": "#1"},
				"east": {"uv": [0, 0, 14, 7], "texture": "#1"},
				"south": {"uv": [0, 0, 14, 7], "texture": "#1"},
				"west": {"uv": [0, 0, 14, 7], "texture": "#1"},
				"up": {"uv": [0, 0, 14, 7], "texture": "#1"},
				"down": {"uv": [0, 0, 14, 7], "texture": "#1"}
			}
		},
		{
			"from": [12.05, 1, 16],
			"to": [12.55, 2.3, 16.2],
			"rotation": {"angle": 0, "axis": "y", "origin": [16, 0, 0]},
			"faces": {
				"north": {"uv": [0, 0, 14, 7], "texture": "#1"},
				"east": {"uv": [0, 0, 14, 7], "texture": "#1"},
				"south": {"uv": [0, 0, 14, 7], "texture": "#1"},
				"west": {"uv": [0, 0, 14, 7], "texture": "#1"},
				"up": {"uv": [0, 0, 14, 7], "texture": "#1"},
				"down": {"uv": [0, 0, 14, 7], "texture": "#1"}
			}
		},
		{
			"from": [12.55, 0.55, 16],
			"to": [13.05, 1.05, 16.2],
			"rotation": {"angle": 0, "axis": "y", "origin": [16, 0, 0]},
			"faces": {
				"north": {"uv": [0, 0, 14, 7], "texture": "#1"},
				"east": {"uv": [0, 0, 14, 7], "texture": "#1"},
				"south": {"uv": [0, 0, 14, 7], "texture": "#1"},
				"west": {"uv": [0, 0, 14, 7], "texture": "#1"},
				"up": {"uv": [0, 0, 14, 7], "texture": "#1"},
				"down": {"uv": [0, 0, 14, 7], "texture": "#1"}
			}
		},
		{
			"from": [13.05, 1, 16],
			"to": [13.55, 2.3, 16.2],
			"rotation": {"angle": 0, "axis": "y", "origin": [16, 0, 0]},
			"faces": {
				"north": {"uv": [0, 0, 14, 7], "texture": "#1"},
				"east": {"uv": [0, 0, 14, 7], "texture": "#1"},
				"south": {"uv": [0, 0, 14, 7], "texture": "#1"},
				"west": {"uv": [0, 0, 14, 7], "texture": "#1"},
				"up": {"uv": [0, 0, 14, 7], "texture": "#1"},
				"down": {"uv": [0, 0, 14, 7], "texture": "#1"}
			}
		},
		{
			"from": [15, 1, 16],
			"to": [15.6, 2.3, 16.2],
			"rotation": {"angle": 0, "axis": "y", "origin": [16, 0, 0]},
			"faces": {
				"north": {"uv": [0, 0, 14, 7], "texture": "#2"},
				"east": {"uv": [0, 0, 14, 7], "texture": "#2"},
				"south": {"uv": [0, 0, 14, 7], "texture": "#2"},
				"west": {"uv": [0, 0, 14, 7], "texture": "#2"},
				"up": {"uv": [0, 0, 14, 7], "texture": "#2"},
				"down": {"uv": [0, 0, 14, 7], "texture": "#2"}
			}
		},
		{
			"from": [13.9, 1, 16],
			"to": [14.5, 2.3, 16.2],
			"rotation": {"angle": 0, "axis": "y", "origin": [16, 0, 0]},
			"faces": {
				"north": {"uv": [0, 0, 14, 7], "texture": "#2"},
				"east": {"uv": [0, 0, 14, 7], "texture": "#2"},
				"south": {"uv": [0, 0, 14, 7], "texture": "#2"},
				"west": {"uv": [0, 0, 14, 7], "texture": "#2"},
				"up": {"uv": [0, 0, 14, 7], "texture": "#2"},
				"down": {"uv": [0, 0, 14, 7], "texture": "#2"}
			}
		},
		{
			"from": [13.7, 1.3, 16],
			"to": [13.9, 2, 16.2],
			"rotation": {"angle": 0, "axis": "y", "origin": [16, 0, 0]},
			"faces": {
				"north": {"uv": [0, 0, 14, 7], "texture": "#2"},
				"east": {"uv": [0, 0, 14, 7], "texture": "#2"},
				"south": {"uv": [0, 0, 14, 7], "texture": "#2"},
				"west": {"uv": [0, 0, 14, 7], "texture": "#2"},
				"up": {"uv": [0, 0, 14, 7], "texture": "#2"},
				"down": {"uv": [0, 0, 14, 7], "texture": "#2"}
			}
		},
		{
			"from": [15.6, 1.3, 16],
			"to": [15.8, 2, 16.2],
			"rotation": {"angle": 0, "axis": "y", "origin": [16, 0, 0]},
			"faces": {
				"north": {"uv": [0, 0, 14, 7], "texture": "#2"},
				"east": {"uv": [0, 0, 14, 7], "texture": "#2"},
				"south": {"uv": [0, 0, 14, 7], "texture": "#2"},
				"west": {"uv": [0, 0, 14, 7], "texture": "#2"},
				"up": {"uv": [0, 0, 14, 7], "texture": "#2"},
				"down": {"uv": [0, 0, 14, 7], "texture": "#2"}
			}
		},
		{
			"from": [14.5, 0.35, 16],
			"to": [15, 1.9, 16.2],
			"rotation": {"angle": 0, "axis": "y", "origin": [16, 0, 0]},
			"faces": {
				"north": {"uv": [0, 0, 14, 7], "texture": "#2"},
				"east": {"uv": [0, 0, 14, 7], "texture": "#2"},
				"south": {"uv": [0, 0, 14, 7], "texture": "#2"},
				"west": {"uv": [0, 0, 14, 7], "texture": "#2"},
				"up": {"uv": [0, 0, 14, 7], "texture": "#2"},
				"down": {"uv": [0, 0, 14, 7], "texture": "#2"}
			}
		},
		{
			"from": [14.2, 0.75, 16],
			"to": [14.5, 1, 16.2],
			"rotation": {"angle": 0, "axis": "y", "origin": [16, 0, 0]},
			"faces": {
				"north": {"uv": [0, 0, 14, 7], "texture": "#2"},
				"east": {"uv": [0, 0, 14, 7], "texture": "#2"},
				"south": {"uv": [0, 0, 14, 7], "texture": "#2"},
				"west": {"uv": [0, 0, 14, 7], "texture": "#2"},
				"up": {"uv": [0, 0, 14, 7], "texture": "#2"},
				"down": {"uv": [0, 0, 14, 7], "texture": "#2"}
			}
		},
		{
			"from": [15, 0.75, 16],
			"to": [15.3, 1, 16.2],
			"rotation": {"angle": 0, "axis": "y", "origin": [16, 0, 0]},
			"faces": {
				"north": {"uv": [0, 0, 14, 7], "texture": "#2"},
				"east": {"uv": [0, 0, 14, 7], "texture": "#2"},
				"south": {"uv": [0, 0, 14, 7], "texture": "#2"},
				"west": {"uv": [0, 0, 14, 7], "texture": "#2"},
				"up": {"uv": [0, 0, 14, 7], "texture": "#2"},
				"down": {"uv": [0, 0, 14, 7], "texture": "#2"}
			}
		},
		{
			"from": [10.8, 1.8, 16],
			"to": [11.55, 2.3, 16.2],
			"rotation": {"angle": 0, "axis": "y", "origin": [16, 0, 0]},
			"faces": {
				"north": {"uv": [0, 0, 14, 7], "texture": "#1"},
				"east": {"uv": [0, 0, 14, 7], "texture": "#1"},
				"south": {"uv": [0, 0, 14, 7], "texture": "#1"},
				"west": {"uv": [0, 0, 14, 7], "texture": "#1"},
				"up": {"uv": [0, 0, 14, 7], "texture": "#1"},
				"down": {"uv": [0, 0, 14, 7], "texture": "#1"}
			}
		},
		{
			"from": [10.8, 0.55, 16],
			"to": [11.55, 1.05, 16.2],
			"rotation": {"angle": 0, "axis": "y", "origin": [16, 0, 0]},
			"faces": {
				"north": {"uv": [0, 0, 14, 7], "texture": "#1"},
				"east": {"uv": [0, 0, 14, 7], "texture": "#1"},
				"south": {"uv": [0, 0, 14, 7], "texture": "#1"},
				"west": {"uv": [0, 0, 14, 7], "texture": "#1"},
				"up": {"uv": [0, 0, 14, 7], "texture": "#1"},
				"down": {"uv": [0, 0, 14, 7], "texture": "#1"}
			}
		},
		{
			"from": [1, 9, 15],
			"to": [15, 10, 19],
			"rotation": {"angle": 0, "axis": "y", "origin": [16, 0, 0]},
			"faces": {
				"north": {"uv": [0, 0, 14, 1], "texture": "#0"},
				"east": {"uv": [0, 0, 14, 1], "texture": "#0"},
				"south": {"uv": [0, 0, 14, 1], "texture": "#0"},
				"west": {"uv": [0, 0, 14, 1], "texture": "#0"},
				"up": {"uv": [0, 0, 14, 1], "texture": "#0"},
				"down": {"uv": [0, 0, 14, 1], "texture": "#0"}
			}
		},
		{
			"from": [1, 9, -3],
			"to": [15, 10, 1],
			"rotation": {"angle": 0, "axis": "y", "origin": [0, 0, 16]},
			"faces": {
				"north": {"uv": [0, 0, 14, 1], "texture": "#0"},
				"east": {"uv": [0, 0, 14, 1], "texture": "#0"},
				"south": {"uv": [0, 0, 14, 1], "texture": "#0"},
				"west": {"uv": [0, 0, 14, 1], "texture": "#0"},
				"up": {"uv": [0, 0, 14, 1], "texture": "#0"},
				"down": {"uv": [0, 0, 14, 1], "texture": "#0"}
			}
		}
	],
	"display": {
		"thirdperson_righthand": {
			"translation": [0, 2.25, 0],
			"scale": [0.35, 0.35, 0.35]
		},
		"thirdperson_lefthand": {
			"translation": [0, 2.25, 0],
			"scale": [0.35, 0.35, 0.35]
		},
		"firstperson_righthand": {
			"scale": [0.35, 0.35, 0.35]
		},
		"firstperson_lefthand": {
			"scale": [0.35, 0.35, 0.35]
		},
		"ground": {
			"translation": [0, -1, 0],
			"scale": [0.35, 0.35, 0.35]
		},
		"gui": {
			"rotation": [19, 163, 0],
			"translation": [0.5, 0.5, 0],
			"scale": [0.35, 0.35, 0.35]
		},
		"head": {
			"translation": [0, -32.75, 0],
			"scale": [1.5, 1.5, 1.5]
		}
	}
}