{
	"credit": "Made with Blockbench",
	"textures": {
		"0": "block/red_terracotta",
		"1": "block/acacia_log_top",
		"2": "block/quartz_bricks",
		"3": "block/tube_coral_block",
		"4": "block/acacia_log",
		"5": "block/brown_concrete",
		"6": "block/beehive_side",
		"7": "block/anvil",
		"particle": "block/red_terracotta"
	},
	"elements": [
		{
			"from": [7, 9, -4.44109],
			"to": [9, 11, -2.44109],
			"rotation": {"angle": 45, "axis": "y", "origin": [8, 10, -3.44109]},
			"faces": {
				"north": {"uv": [1, 1, 15, 15], "texture": "#1"},
				"east": {"uv": [1, 1, 15, 15], "texture": "#1"},
				"south": {"uv": [1, 1, 15, 15], "texture": "#1"},
				"west": {"uv": [1, 1, 15, 15], "texture": "#1"},
				"up": {"uv": [1, 1, 15, 15], "texture": "#1"},
				"down": {"uv": [1, 1, 15, 15], "texture": "#1"}
			}
		},
		{
			"from": [1, 9, 2.55891],
			"to": [15, 11, 9.55891],
			"rotation": {"angle": 0, "axis": "y", "origin": [8, 10, -3.44109]},
			"faces": {
				"north": {"uv": [0, 0, 14, 7], "texture": "#2"},
				"east": {"uv": [0, 0, 14, 7], "texture": "#2"},
				"south": {"uv": [0, 0, 14, 7], "texture": "#2"},
				"west": {"uv": [0, 0, 14, 7], "texture": "#2"},
				"up": {"uv": [0, 0, 14, 7], "texture": "#2"},
				"down": {"uv": [0, 0, 14, 7], "texture": "#2"}
			}
		},
		{
			"from": [-3, 9, 9.55891],
			"to": [19, 11, 14.55891],
			"rotation": {"angle": 0, "axis": "y", "origin": [8.5, 10, -3.44109]},
			"faces": {
				"north": {"uv": [0, 0, 16, 7], "texture": "#2"},
				"east": {"uv": [0, 0, 16, 7], "texture": "#2"},
				"south": {"uv": [0, 0, 16, 7], "texture": "#2"},
				"west": {"uv": [0, 0, 16, 7], "texture": "#2"},
				"up": {"uv": [0, 0, 16, 7], "texture": "#2"},
				"down": {"uv": [0, 0, 16, 7], "texture": "#2"}
			}
		},
		{
			"from": [7, 8.9, -2.44109],
			"to": [13, 11.1, 23.55891],
			"rotation": {"angle": -45, "axis": "y", "origin": [8, 10, -3.44109]},
			"faces": {
				"north": {"uv": [6, 0, 12, 16], "texture": "#0"},
				"east": {"uv": [6, 0, 12, 16], "texture": "#0"},
				"south": {"uv": [6, 0, 12, 16], "texture": "#0"},
				"west": {"uv": [6, 0, 12, 16], "texture": "#0"},
				"up": {"uv": [6, 0, 12, 16], "texture": "#0"},
				"down": {"uv": [6, 0, 12, 16], "texture": "#0"}
			}
		},
		{
			"from": [9, 9.65, 23.55891],
			"to": [9.75, 10.35, 24.55891],
			"rotation": {"angle": -45, "axis": "y", "origin": [8, 10, -3.44109]},
			"faces": {
				"north": {"uv": [6, 0, 12, 16], "texture": "#3"},
				"east": {"uv": [6, 0, 12, 16], "texture": "#3"},
				"south": {"uv": [6, 0, 12, 16], "texture": "#3"},
				"west": {"uv": [6, 0, 12, 16], "texture": "#3"},
				"up": {"uv": [6, 0, 12, 16], "texture": "#3"},
				"down": {"uv": [6, 0, 12, 16], "texture": "#3"}
			}
		},
		{
			"from": [6.25, 9.65, 23.55891],
			"to": [7, 10.35, 24.55891],
			"rotation": {"angle": 45, "axis": "y", "origin": [8, 10, -3.44109]},
			"faces": {
				"north": {"uv": [12, 0, 6, 16], "texture": "#3"},
				"east": {"uv": [12, 0, 6, 16], "texture": "#3"},
				"south": {"uv": [12, 0, 6, 16], "texture": "#3"},
				"west": {"uv": [12, 0, 6, 16], "texture": "#3"},
				"up": {"uv": [12, 0, 6, 16], "texture": "#3"},
				"down": {"uv": [12, 0, 6, 16], "texture": "#3"}
			}
		},
		{
			"from": [3, 8.9, -2.44109],
			"to": [9, 11.1, 23.55891],
			"rotation": {"angle": 45, "axis": "y", "origin": [8, 10, -3.44109]},
			"faces": {
				"north": {"uv": [12, 0, 6, 16], "texture": "#0"},
				"east": {"uv": [12, 0, 6, 16], "texture": "#0"},
				"south": {"uv": [12, 0, 6, 16], "texture": "#0"},
				"west": {"uv": [12, 0, 6, 16], "texture": "#0"},
				"up": {"uv": [12, 0, 6, 16], "texture": "#0"},
				"down": {"uv": [12, 0, 6, 16], "texture": "#0"}
			}
		},
		{
			"from": [-6.25, 8.5, 10.2],
			"to": [22.25, 8.8, 10.7],
			"rotation": {"angle": 0, "axis": "y", "origin": [-0.75, 0, 0]},
			"faces": {
				"north": {"uv": [0, 0, 0.5, 0.5], "texture": "#4"},
				"east": {"uv": [0, 0, 0.5, 0.5], "texture": "#4"},
				"south": {"uv": [0, 0, 0.5, 0.5], "texture": "#4"},
				"west": {"uv": [0, 0, 0.5, 0.5], "texture": "#4"},
				"up": {"uv": [0, 0, 0.5, 0.5], "texture": "#4"},
				"down": {"uv": [0, 0, 0.5, 0.5], "texture": "#4"}
			}
		},
		{
			"from": [-7.25, -1.5, 10.2],
			"to": [18.45, -1.2, 10.7],
			"rotation": {"angle": 45, "axis": "z", "origin": [8, 8.65, 10.45]},
			"faces": {
				"north": {"uv": [0, 0, 0.5, 0.5], "texture": "#4"},
				"east": {"uv": [0, 0, 0.5, 0.5], "texture": "#4"},
				"south": {"uv": [0, 0, 0.5, 0.5], "texture": "#4"},
				"west": {"uv": [0, 0, 0.5, 0.5], "texture": "#4"},
				"up": {"uv": [0, 0, 0.5, 0.5], "texture": "#4"},
				"down": {"uv": [0, 0, 0.5, 0.5], "texture": "#4"}
			}
		},
		{
			"from": [2.35, -1.09325, 7.75],
			"to": [2.65, 12.00675, 8.25],
			"rotation": {"angle": -45, "axis": "x", "origin": [8, 2.35675, 8]},
			"faces": {
				"north": {"uv": [0, 0, 0.5, 0.5], "rotation": 90, "texture": "#4"},
				"east": {"uv": [0, 0, 0.5, 0.5], "rotation": 270, "texture": "#4"},
				"south": {"uv": [0, 0, 0.5, 0.5], "rotation": 270, "texture": "#4"},
				"west": {"uv": [0, 0, 0.5, 0.5], "rotation": 270, "texture": "#4"},
				"up": {"uv": [0, 0, 0.5, 0.5], "rotation": 270, "texture": "#4"},
				"down": {"uv": [0, 0, 0.5, 0.5], "rotation": 270, "texture": "#4"}
			}
		},
		{
			"from": [7.85, -5.09325, 12.25],
			"to": [8.15, 1.50675, 12.35],
			"rotation": {"angle": 0, "axis": "x", "origin": [13.5, 2.35675, 8]},
			"faces": {
				"north": {"uv": [0, 0, 0.5, 0.5], "rotation": 90, "texture": "#4"},
				"east": {"uv": [0, 0, 0.5, 0.5], "rotation": 270, "texture": "#4"},
				"south": {"uv": [0, 0, 0.5, 0.5], "rotation": 270, "texture": "#4"},
				"west": {"uv": [0, 0, 0.5, 0.5], "rotation": 270, "texture": "#4"},
				"up": {"uv": [0, 0, 0.5, 0.5], "rotation": 270, "texture": "#4"},
				"down": {"uv": [0, 0, 0.5, 0.5], "rotation": 270, "texture": "#4"}
			}
		},
		{
			"from": [4.7, -1.94325, 12.25],
			"to": [11.3, -1.64325, 12.35],
			"rotation": {"angle": 0, "axis": "z", "origin": [8, -1.79325, 12.3]},
			"faces": {
				"north": {"uv": [0, 0, 0.5, 0.5], "rotation": 180, "texture": "#4"},
				"east": {"uv": [0, 0, 0.5, 0.5], "rotation": 180, "texture": "#4"},
				"south": {"uv": [0, 0, 0.5, 0.5], "rotation": 180, "texture": "#4"},
				"west": {"uv": [0, 0, 0.5, 0.5], "rotation": 180, "texture": "#4"},
				"up": {"uv": [0, 0, 0.5, 0.5], "rotation": 180, "texture": "#4"},
				"down": {"uv": [0, 0, 0.5, 0.5], "rotation": 180, "texture": "#4"}
			}
		},
		{
			"from": [7.85, -5.09325, 12.25],
			"to": [8.15, 1.50675, 12.35],
			"rotation": {"angle": -45, "axis": "z", "origin": [8, -1.79325, 12.3]},
			"faces": {
				"north": {"uv": [0, 0, 0.5, 0.5], "rotation": 270, "texture": "#4"},
				"east": {"uv": [0, 0, 0.5, 0.5], "rotation": 90, "texture": "#4"},
				"south": {"uv": [0, 0, 0.5, 0.5], "rotation": 90, "texture": "#4"},
				"west": {"uv": [0, 0, 0.5, 0.5], "rotation": 90, "texture": "#4"},
				"up": {"uv": [0, 0, 0.5, 0.5], "rotation": 90, "texture": "#4"},
				"down": {"uv": [0, 0, 0.5, 0.5], "rotation": 90, "texture": "#4"}
			}
		},
		{
			"from": [4.7, -1.94325, 12.25],
			"to": [11.3, -1.64325, 12.35],
			"rotation": {"angle": -45, "axis": "z", "origin": [8, -1.79325, 12.3]},
			"faces": {
				"north": {"uv": [0, 0, 0.5, 0.5], "rotation": 180, "texture": "#4"},
				"east": {"uv": [0, 0, 0.5, 0.5], "rotation": 180, "texture": "#4"},
				"south": {"uv": [0, 0, 0.5, 0.5], "rotation": 180, "texture": "#4"},
				"west": {"uv": [0, 0, 0.5, 0.5], "rotation": 180, "texture": "#4"},
				"up": {"uv": [0, 0, 0.5, 0.5], "rotation": 180, "texture": "#4"},
				"down": {"uv": [0, 0, 0.5, 0.5], "rotation": 180, "texture": "#4"}
			}
		},
		{
			"from": [13.35, -1.09325, 7.75],
			"to": [13.65, 12.00675, 8.25],
			"rotation": {"angle": -45, "axis": "x", "origin": [8, 2.35675, 8]},
			"faces": {
				"north": {"uv": [0, 0.5, 0.5, 0], "rotation": 90, "texture": "#4"},
				"east": {"uv": [0, 0.5, 0.5, 0], "rotation": 270, "texture": "#4"},
				"south": {"uv": [0, 0.5, 0.5, 0], "rotation": 270, "texture": "#4"},
				"west": {"uv": [0, 0.5, 0.5, 0], "rotation": 270, "texture": "#4"},
				"up": {"uv": [0, 0.5, 0.5, 0], "rotation": 270, "texture": "#4"},
				"down": {"uv": [0, 0.5, 0.5, 0], "rotation": 270, "texture": "#4"}
			}
		},
		{
			"from": [7.85, -13.59325, 7.75],
			"to": [8.15, -3.59325, 8.25],
			"rotation": {"angle": -45, "axis": "x", "origin": [2.5, 2.35675, 8]},
			"faces": {
				"north": {"uv": [0, 0.5, 0.5, 0], "rotation": 90, "texture": "#4"},
				"east": {"uv": [0, 0.5, 0.5, 0], "rotation": 270, "texture": "#4"},
				"south": {"uv": [0, 0.5, 0.5, 0], "rotation": 270, "texture": "#4"},
				"west": {"uv": [0, 0.5, 0.5, 0], "rotation": 270, "texture": "#4"},
				"up": {"uv": [0, 0.5, 0.5, 0], "rotation": 270, "texture": "#4"},
				"down": {"uv": [0, 0.5, 0.5, 0], "rotation": 270, "texture": "#4"}
			}
		},
		{
			"from": [-2.45, -1.5, 10.2],
			"to": [23.25, -1.2, 10.7],
			"rotation": {"angle": -45, "axis": "z", "origin": [8, 8.65, 10.45]},
			"faces": {
				"north": {"uv": [0.5, 0, 0, 0.5], "texture": "#4"},
				"east": {"uv": [0.5, 0, 0, 0.5], "texture": "#4"},
				"south": {"uv": [0.5, 0, 0, 0.5], "texture": "#4"},
				"west": {"uv": [0.5, 0, 0, 0.5], "texture": "#4"},
				"up": {"uv": [0.5, 0, 0, 0.5], "texture": "#4"},
				"down": {"uv": [0.5, 0, 0, 0.5], "texture": "#4"}
			}
		},
		{
			"from": [1, -5.25, 9.5],
			"to": [15, 0, 10.5],
			"rotation": {"angle": 0, "axis": "y", "origin": [-0.5, 0, 0]},
			"faces": {
				"north": {"uv": [0, 0, 16, 15], "texture": "#6"},
				"east": {"uv": [0, 0, 16, 15], "texture": "#6"},
				"south": {"uv": [0, 0, 16, 15], "texture": "#6"},
				"west": {"uv": [0, 0, 16, 15], "texture": "#6"},
				"up": {"uv": [0, 0, 16, 15], "texture": "#6"},
				"down": {"uv": [0, 0, 16, 15], "texture": "#6"}
			}
		},
		{
			"from": [14.75, -3.5, 5],
			"to": [15, -3, 9.5],
			"rotation": {"angle": 0, "axis": "y", "origin": [-0.5, 0, 0]},
			"faces": {
				"north": {"uv": [0, 0, 16, 15], "texture": "#4"},
				"east": {"uv": [0, 0, 16, 15], "texture": "#4"},
				"south": {"uv": [0, 0, 16, 15], "texture": "#4"},
				"west": {"uv": [0, 0, 16, 15], "texture": "#4"},
				"up": {"uv": [0, 0, 16, 15], "texture": "#4"},
				"down": {"uv": [0, 0, 16, 15], "texture": "#4"}
			}
		},
		{
			"from": [14.75, -5, 4.5],
			"to": [15, -3.5, 5],
			"rotation": {"angle": 0, "axis": "y", "origin": [-0.5, 0, 0]},
			"faces": {
				"north": {"uv": [0, 0, 16, 15], "texture": "#4"},
				"east": {"uv": [0, 0, 16, 15], "texture": "#4"},
				"south": {"uv": [0, 0, 16, 15], "texture": "#4"},
				"west": {"uv": [0, 0, 16, 15], "texture": "#4"},
				"up": {"uv": [0, 0, 16, 15], "texture": "#4"},
				"down": {"uv": [0, 0, 16, 15], "texture": "#4"}
			}
		},
		{
			"from": [1, -5, 4.5],
			"to": [1.25, -3.5, 5],
			"rotation": {"angle": 0, "axis": "y", "origin": [16.5, 0, 0]},
			"faces": {
				"north": {"uv": [16, 0, 0, 15], "texture": "#4"},
				"east": {"uv": [16, 0, 0, 15], "texture": "#4"},
				"south": {"uv": [16, 0, 0, 15], "texture": "#4"},
				"west": {"uv": [16, 0, 0, 15], "texture": "#4"},
				"up": {"uv": [16, 0, 0, 15], "texture": "#4"},
				"down": {"uv": [16, 0, 0, 15], "texture": "#4"}
			}
		},
		{
			"from": [1, -3.5, 5],
			"to": [1.25, -3, 9.5],
			"rotation": {"angle": 0, "axis": "y", "origin": [16.5, 0, 0]},
			"faces": {
				"north": {"uv": [16, 0, 0, 15], "texture": "#4"},
				"east": {"uv": [16, 0, 0, 15], "texture": "#4"},
				"south": {"uv": [16, 0, 0, 15], "texture": "#4"},
				"west": {"uv": [16, 0, 0, 15], "texture": "#4"},
				"up": {"uv": [16, 0, 0, 15], "texture": "#4"},
				"down": {"uv": [16, 0, 0, 15], "texture": "#4"}
			}
		},
		{
			"from": [7.875, -5.2, 5],
			"to": [8.125, -4.7, 9.4],
			"rotation": {"angle": 0, "axis": "y", "origin": [23.375, 0, 0]},
			"faces": {
				"north": {"uv": [16, 0, 0, 15], "texture": "#5"},
				"east": {"uv": [16, 0, 0, 15], "texture": "#5"},
				"south": {"uv": [16, 0, 0, 15], "texture": "#5"},
				"west": {"uv": [16, 0, 0, 15], "texture": "#5"},
				"up": {"uv": [16, 0, 0, 15], "texture": "#5"},
				"down": {"uv": [16, 0, 0, 15], "texture": "#5"}
			}
		},
		{
			"from": [7.875, -6, 7.2],
			"to": [8.125, -4.7, 10.2],
			"rotation": {"angle": -22.5, "axis": "x", "origin": [8, -4.95, 7.25]},
			"faces": {
				"north": {"uv": [16, 0, 0, 15], "texture": "#5"},
				"east": {"uv": [16, 0, 0, 15], "texture": "#5"},
				"south": {"uv": [16, 0, 0, 15], "texture": "#5"},
				"west": {"uv": [16, 0, 0, 15], "texture": "#5"},
				"up": {"uv": [16, 0, 0, 15], "texture": "#5"},
				"down": {"uv": [16, 0, 0, 15], "texture": "#5"}
			}
		},
		{
			"from": [1, -6, 4.5],
			"to": [15, -5, 9.5],
			"rotation": {"angle": 0, "axis": "y", "origin": [-0.5, 0, 0]},
			"faces": {
				"north": {"uv": [0, 0, 16, 16], "texture": "#6"},
				"east": {"uv": [0, 0, 16, 16], "texture": "#6"},
				"south": {"uv": [0, 0, 16, 16], "texture": "#6"},
				"west": {"uv": [0, 0, 16, 16], "texture": "#6"},
				"up": {"uv": [0, 0, 16, 16], "texture": "#6"},
				"down": {"uv": [0, 0, 16, 16], "texture": "#6"}
			}
		},
		{
			"name": "hexadecagon",
			"from": [6.91792, 1.464, 10.9],
			"to": [9.08208, 3.64, 12.4],
			"rotation": {"angle": -45, "axis": "z", "origin": [8, -1.8, 9.4]},
			"faces": {
				"north": {"uv": [9, 1, 10, 2], "rotation": 270, "texture": "#4"},
				"east": {"uv": [9, 1, 10, 2], "rotation": 270, "texture": "#4"},
				"south": {"uv": [9, 1, 10, 2], "rotation": 270, "texture": "#4"},
				"west": {"uv": [9, 1, 10, 2], "rotation": 270, "texture": "#4"},
				"up": {"uv": [9, 1, 10, 2], "rotation": 270, "texture": "#4"},
				"down": {"uv": [9, 1, 10, 2], "rotation": 270, "texture": "#4"}
			}
		},
		{
			"name": "hexadecagon",
			"from": [6.91792, 1.464, 10.9],
			"to": [9.08208, 3.64, 12.4],
			"rotation": {"angle": -22.5, "axis": "z", "origin": [8, -1.8, 9.4]},
			"faces": {
				"north": {"uv": [9, 1, 10, 2], "rotation": 270, "texture": "#4"},
				"east": {"uv": [9, 1, 10, 2], "rotation": 270, "texture": "#4"},
				"south": {"uv": [9, 1, 10, 2], "rotation": 270, "texture": "#4"},
				"west": {"uv": [9, 1, 10, 2], "rotation": 270, "texture": "#4"},
				"up": {"uv": [9, 1, 10, 2], "rotation": 270, "texture": "#4"},
				"down": {"uv": [9, 1, 10, 2], "rotation": 270, "texture": "#4"}
			}
		},
		{
			"name": "hexadecagon",
			"from": [6.91792, 1.464, 10.9],
			"to": [9.08208, 3.64, 12.4],
			"rotation": {"angle": 0, "axis": "x", "origin": [8, -1.8, 9.4]},
			"faces": {
				"north": {"uv": [9, 1, 10, 2], "rotation": 270, "texture": "#4"},
				"east": {"uv": [9, 1, 10, 2], "rotation": 270, "texture": "#4"},
				"south": {"uv": [9, 1, 10, 2], "rotation": 270, "texture": "#4"},
				"west": {"uv": [9, 1, 10, 2], "rotation": 270, "texture": "#4"},
				"up": {"uv": [9, 1, 10, 2], "rotation": 270, "texture": "#4"},
				"down": {"uv": [9, 1, 10, 2], "rotation": 270, "texture": "#4"}
			}
		},
		{
			"name": "hexadecagon",
			"from": [6.91792, 1.464, 10.9],
			"to": [9.08208, 3.64, 12.4],
			"rotation": {"angle": 22.5, "axis": "z", "origin": [8, -1.8, 9.4]},
			"faces": {
				"north": {"uv": [9, 1, 10, 2], "rotation": 270, "texture": "#4"},
				"east": {"uv": [9, 1, 10, 2], "rotation": 270, "texture": "#4"},
				"south": {"uv": [9, 1, 10, 2], "rotation": 270, "texture": "#4"},
				"west": {"uv": [9, 1, 10, 2], "rotation": 270, "texture": "#4"},
				"up": {"uv": [9, 1, 10, 2], "rotation": 270, "texture": "#4"},
				"down": {"uv": [9, 1, 10, 2], "rotation": 270, "texture": "#4"}
			}
		},
		{
			"name": "hexadecagon",
			"from": [6.91792, 1.464, 10.9],
			"to": [9.08208, 3.64, 12.4],
			"rotation": {"angle": 45, "axis": "z", "origin": [8, -1.8, 9.4]},
			"faces": {
				"north": {"uv": [9, 1, 10, 2], "rotation": 270, "texture": "#4"},
				"east": {"uv": [9, 1, 10, 2], "rotation": 270, "texture": "#4"},
				"south": {"uv": [9, 1, 10, 2], "rotation": 270, "texture": "#4"},
				"west": {"uv": [9, 1, 10, 2], "rotation": 270, "texture": "#4"},
				"up": {"uv": [9, 1, 10, 2], "rotation": 270, "texture": "#4"},
				"down": {"uv": [9, 1, 10, 2], "rotation": 270, "texture": "#4"}
			}
		},
		{
			"name": "hexadecagon",
			"from": [6.91792, -7.24, 10.9],
			"to": [9.08208, -5.064, 12.4],
			"rotation": {"angle": -45, "axis": "z", "origin": [8, -1.8, 9.4]},
			"faces": {
				"north": {"uv": [9, 1, 10, 2], "rotation": 270, "texture": "#4"},
				"east": {"uv": [9, 1, 10, 2], "rotation": 270, "texture": "#4"},
				"south": {"uv": [9, 1, 10, 2], "rotation": 270, "texture": "#4"},
				"west": {"uv": [9, 1, 10, 2], "rotation": 270, "texture": "#4"},
				"up": {"uv": [9, 1, 10, 2], "rotation": 270, "texture": "#4"},
				"down": {"uv": [9, 1, 10, 2], "rotation": 270, "texture": "#4"}
			}
		},
		{
			"name": "hexadecagon",
			"from": [6.91792, -7.24, 10.9],
			"to": [9.08208, -5.064, 12.4],
			"rotation": {"angle": -22.5, "axis": "z", "origin": [8, -1.8, 9.4]},
			"faces": {
				"north": {"uv": [9, 1, 10, 2], "rotation": 270, "texture": "#4"},
				"east": {"uv": [9, 1, 10, 2], "rotation": 270, "texture": "#4"},
				"south": {"uv": [9, 1, 10, 2], "rotation": 270, "texture": "#4"},
				"west": {"uv": [9, 1, 10, 2], "rotation": 270, "texture": "#4"},
				"up": {"uv": [9, 1, 10, 2], "rotation": 270, "texture": "#4"},
				"down": {"uv": [9, 1, 10, 2], "rotation": 270, "texture": "#4"}
			}
		},
		{
			"name": "hexadecagon",
			"from": [6.91792, -7.24, 10.9],
			"to": [9.08208, -5.064, 12.4],
			"rotation": {"angle": 0, "axis": "x", "origin": [8, -1.8, 9.4]},
			"faces": {
				"north": {"uv": [9, 1, 10, 2], "rotation": 270, "texture": "#4"},
				"east": {"uv": [9, 1, 10, 2], "rotation": 270, "texture": "#4"},
				"south": {"uv": [9, 1, 10, 2], "rotation": 270, "texture": "#4"},
				"west": {"uv": [9, 1, 10, 2], "rotation": 270, "texture": "#4"},
				"up": {"uv": [9, 1, 10, 2], "rotation": 270, "texture": "#4"},
				"down": {"uv": [9, 1, 10, 2], "rotation": 270, "texture": "#4"}
			}
		},
		{
			"name": "hexadecagon",
			"from": [6.91792, -7.24, 10.9],
			"to": [9.08208, -5.064, 12.4],
			"rotation": {"angle": 22.5, "axis": "z", "origin": [8, -1.8, 9.4]},
			"faces": {
				"north": {"uv": [9, 1, 10, 2], "rotation": 270, "texture": "#4"},
				"east": {"uv": [9, 1, 10, 2], "rotation": 270, "texture": "#4"},
				"south": {"uv": [9, 1, 10, 2], "rotation": 270, "texture": "#4"},
				"west": {"uv": [9, 1, 10, 2], "rotation": 270, "texture": "#4"},
				"up": {"uv": [9, 1, 10, 2], "rotation": 270, "texture": "#4"},
				"down": {"uv": [9, 1, 10, 2], "rotation": 270, "texture": "#4"}
			}
		},
		{
			"name": "hexadecagon",
			"from": [6.91792, -7.24, 10.9],
			"to": [9.08208, -5.064, 12.4],
			"rotation": {"angle": 45, "axis": "z", "origin": [8, -1.8, 9.4]},
			"faces": {
				"north": {"uv": [9, 1, 10, 2], "rotation": 270, "texture": "#4"},
				"east": {"uv": [9, 1, 10, 2], "rotation": 270, "texture": "#4"},
				"south": {"uv": [9, 1, 10, 2], "rotation": 270, "texture": "#4"},
				"west": {"uv": [9, 1, 10, 2], "rotation": 270, "texture": "#4"},
				"up": {"uv": [9, 1, 10, 2], "rotation": 270, "texture": "#4"},
				"down": {"uv": [9, 1, 10, 2], "rotation": 270, "texture": "#4"}
			}
		},
		{
			"name": "hexadecagon",
			"from": [11.264, -2.88208, 10.9],
			"to": [13.44, -0.71792, 12.4],
			"rotation": {"angle": -22.5, "axis": "z", "origin": [8, -1.8, 9.4]},
			"faces": {
				"north": {"uv": [9, 1, 10, 2], "rotation": 270, "texture": "#4"},
				"east": {"uv": [9, 1, 10, 2], "rotation": 270, "texture": "#4"},
				"south": {"uv": [9, 1, 10, 2], "rotation": 270, "texture": "#4"},
				"west": {"uv": [9, 1, 10, 2], "rotation": 270, "texture": "#4"},
				"up": {"uv": [9, 1, 10, 2], "rotation": 270, "texture": "#4"},
				"down": {"uv": [9, 1, 10, 2], "rotation": 270, "texture": "#4"}
			}
		},
		{
			"name": "hexadecagon",
			"from": [11.264, -2.88208, 10.9],
			"to": [13.44, -0.71792, 12.4],
			"rotation": {"angle": 0, "axis": "x", "origin": [8, -1.8, 9.4]},
			"faces": {
				"north": {"uv": [9, 1, 10, 2], "rotation": 270, "texture": "#4"},
				"east": {"uv": [9, 1, 10, 2], "rotation": 270, "texture": "#4"},
				"south": {"uv": [9, 1, 10, 2], "rotation": 270, "texture": "#4"},
				"west": {"uv": [9, 1, 10, 2], "rotation": 270, "texture": "#4"},
				"up": {"uv": [9, 1, 10, 2], "rotation": 270, "texture": "#4"},
				"down": {"uv": [9, 1, 10, 2], "rotation": 270, "texture": "#4"}
			}
		},
		{
			"name": "hexadecagon",
			"from": [11.264, -2.88208, 10.9],
			"to": [13.44, -0.71792, 12.4],
			"rotation": {"angle": 22.5, "axis": "z", "origin": [8, -1.8, 9.4]},
			"faces": {
				"north": {"uv": [9, 1, 10, 2], "rotation": 270, "texture": "#4"},
				"east": {"uv": [9, 1, 10, 2], "rotation": 270, "texture": "#4"},
				"south": {"uv": [9, 1, 10, 2], "rotation": 270, "texture": "#4"},
				"west": {"uv": [9, 1, 10, 2], "rotation": 270, "texture": "#4"},
				"up": {"uv": [9, 1, 10, 2], "rotation": 270, "texture": "#4"},
				"down": {"uv": [9, 1, 10, 2], "rotation": 270, "texture": "#4"}
			}
		},
		{
			"name": "hexadecagon",
			"from": [2.56, -2.88208, 10.9],
			"to": [4.736, -0.71792, 12.4],
			"rotation": {"angle": -22.5, "axis": "z", "origin": [8, -1.8, 9.4]},
			"faces": {
				"north": {"uv": [9, 1, 10, 2], "rotation": 270, "texture": "#4"},
				"east": {"uv": [9, 1, 10, 2], "rotation": 270, "texture": "#4"},
				"south": {"uv": [9, 1, 10, 2], "rotation": 270, "texture": "#4"},
				"west": {"uv": [9, 1, 10, 2], "rotation": 270, "texture": "#4"},
				"up": {"uv": [9, 1, 10, 2], "rotation": 270, "texture": "#4"},
				"down": {"uv": [9, 1, 10, 2], "rotation": 270, "texture": "#4"}
			}
		},
		{
			"name": "hexadecagon",
			"from": [2.56, -2.88208, 10.9],
			"to": [4.736, -0.71792, 12.4],
			"rotation": {"angle": 0, "axis": "x", "origin": [8, -1.8, 9.4]},
			"faces": {
				"north": {"uv": [9, 1, 10, 2], "rotation": 270, "texture": "#4"},
				"east": {"uv": [9, 1, 10, 2], "rotation": 270, "texture": "#4"},
				"south": {"uv": [9, 1, 10, 2], "rotation": 270, "texture": "#4"},
				"west": {"uv": [9, 1, 10, 2], "rotation": 270, "texture": "#4"},
				"up": {"uv": [9, 1, 10, 2], "rotation": 270, "texture": "#4"},
				"down": {"uv": [9, 1, 10, 2], "rotation": 270, "texture": "#4"}
			}
		},
		{
			"name": "hexadecagon",
			"from": [2.56, -2.88208, 10.9],
			"to": [4.736, -0.71792, 12.4],
			"rotation": {"angle": 22.5, "axis": "z", "origin": [8, -1.8, 9.4]},
			"faces": {
				"north": {"uv": [9, 1, 10, 2], "rotation": 270, "texture": "#4"},
				"east": {"uv": [9, 1, 10, 2], "rotation": 270, "texture": "#4"},
				"south": {"uv": [9, 1, 10, 2], "rotation": 270, "texture": "#4"},
				"west": {"uv": [9, 1, 10, 2], "rotation": 270, "texture": "#4"},
				"up": {"uv": [9, 1, 10, 2], "rotation": 270, "texture": "#4"},
				"down": {"uv": [9, 1, 10, 2], "rotation": 270, "texture": "#4"}
			}
		},
		{
			"from": [11.6, -10.4, 9],
			"to": [12.3, -8.4, 11],
			"rotation": {"angle": 0, "axis": "y", "origin": [7, 0, 7]},
			"faces": {
				"north": {"uv": [0, 0, 16, 16], "texture": "#7"},
				"east": {"uv": [0, 0, 16, 16], "texture": "#7"},
				"south": {"uv": [0, 0, 16, 16], "texture": "#7"},
				"west": {"uv": [0, 0, 16, 16], "texture": "#7"},
				"up": {"uv": [0, 0, 16, 16], "texture": "#7"},
				"down": {"uv": [0, 0, 16, 16], "texture": "#7"}
			}
		},
		{
			"from": [7.65, -10.4, 19],
			"to": [8.35, -8.4, 21],
			"rotation": {"angle": 0, "axis": "y", "origin": [3.05, 0, 7]},
			"faces": {
				"north": {"uv": [0, 0, 16, 16], "texture": "#7"},
				"east": {"uv": [0, 0, 16, 16], "texture": "#7"},
				"south": {"uv": [0, 0, 16, 16], "texture": "#7"},
				"west": {"uv": [0, 0, 16, 16], "texture": "#7"},
				"up": {"uv": [0, 0, 16, 16], "texture": "#7"},
				"down": {"uv": [0, 0, 16, 16], "texture": "#7"}
			}
		},
		{
			"from": [3.7, -10.4, 9],
			"to": [4.4, -8.4, 11],
			"rotation": {"angle": 0, "axis": "y", "origin": [9, 0, 7]},
			"faces": {
				"north": {"uv": [16, 0, 0, 16], "texture": "#7"},
				"east": {"uv": [16, 0, 0, 16], "texture": "#7"},
				"south": {"uv": [16, 0, 0, 16], "texture": "#7"},
				"west": {"uv": [16, 0, 0, 16], "texture": "#7"},
				"up": {"uv": [16, 0, 0, 16], "texture": "#7"},
				"down": {"uv": [16, 0, 0, 16], "texture": "#7"}
			}
		}
	],
	"display": {
		"ground": {
			"translation": [0, 12.25, 0]
		},
		"gui": {
			"rotation": [16, 156, 0],
			"translation": [-0.25, 1.75, 0],
			"scale": [0.35, 0.35, 0.35]
		},
		"head": {
			"translation": [0, 8, 2],
			"scale": [2.8, 2.8, 2.8]
		},
		"fixed": {
			"translation": [0, 0, -3.25]
		}
	},
	"groups": [
		0,
		1,
		2,
		3,
		4,
		5,
		6,
		7,
		8,
		9,
		10,
		11,
		12,
		13,
		14,
		15,
		16,
		17,
		18,
		19,
		20,
		21,
		22,
		23,
		24,
		{
			"name": "hexadecagon",
			"origin": [8, 8, 8],
			"color": 0,
			"nbt": "{}",
			"children": [25, 26, 27, 28, 29, 30, 31, 32, 33, 34, 35, 36, 37, 38, 39, 40]
		},
		41,
		42,
		43
	]
}