{
	"credit": "Made with Blockbench",
	"textures": {
		"0": "block/green_concrete",
		"1": "block/anvil",
		"2": "block/black_terracotta",
		"3": "block/clay",
		"particle": "block/green_concrete"
	},
	"elements": [
		{
			"from": [7, 11.24264, -3.75736],
			"to": [9, 13.24264, 6.74264],
			"rotation": {"angle": 45, "axis": "x", "origin": [8, 12.24264, 2.74264]},
			"faces": {
				"north": {"uv": [0, 0, 16, 2], "texture": "#0"},
				"east": {"uv": [0, 0, 16, 2], "texture": "#0"},
				"south": {"uv": [0, 0, 16, 2], "texture": "#0"},
				"west": {"uv": [0, 0, 16, 2], "texture": "#0"},
				"up": {"uv": [0, 0, 16, 2], "texture": "#0"},
				"down": {"uv": [0, 0, 16, 2], "texture": "#0"}
			}
		},
		{
			"from": [7, 15.83883, -2.85355],
			"to": [9, 17.83883, -0.85355],
			"rotation": {"angle": -22.5, "axis": "x", "origin": [8, 16.83883, -1.85355]},
			"faces": {
				"north": {"uv": [0, 0, 16, 2], "texture": "#0"},
				"east": {"uv": [0, 0, 16, 2], "texture": "#0"},
				"south": {"uv": [0, 0, 16, 2], "texture": "#0"},
				"west": {"uv": [0, 0, 16, 2], "texture": "#0"},
				"up": {"uv": [0, 0, 16, 2], "texture": "#0"},
				"down": {"uv": [0, 0, 16, 2], "texture": "#0"}
			}
		},
		{
			"from": [9, 7.7049, -2.52691],
			"to": [9.4, 17.7049, -1.22691],
			"rotation": {"angle": 22.5, "axis": "x", "origin": [9.2, 16.7049, -2.17691]},
			"faces": {
				"north": {"uv": [0, 0, 16, 2], "texture": "#1"},
				"east": {"uv": [0, 0, 16, 2], "texture": "#1"},
				"south": {"uv": [0, 0, 16, 2], "texture": "#1"},
				"west": {"uv": [0, 0, 16, 2], "texture": "#1"},
				"up": {"uv": [0, 0, 16, 2], "texture": "#1"},
				"down": {"uv": [0, 0, 16, 2], "texture": "#1"}
			}
		},
		{
			"from": [6.6, 7.7049, -2.52691],
			"to": [7, 17.7049, -1.22691],
			"rotation": {"angle": 22.5, "axis": "x", "origin": [6.8, 16.7049, -2.17691]},
			"faces": {
				"north": {"uv": [16, 0, 0, 2], "texture": "#1"},
				"east": {"uv": [16, 0, 0, 2], "texture": "#1"},
				"south": {"uv": [16, 0, 0, 2], "texture": "#1"},
				"west": {"uv": [16, 0, 0, 2], "texture": "#1"},
				"up": {"uv": [16, 0, 0, 2], "texture": "#1"},
				"down": {"uv": [16, 0, 0, 2], "texture": "#1"}
			}
		},
		{
			"from": [7.35, 17.53883, -2.60355],
			"to": [8.65, 19.83883, -1.40355],
			"rotation": {"angle": 22.5, "axis": "x", "origin": [7.9, 16.83883, -1.85355]},
			"faces": {
				"north": {"uv": [0, 0, 16, 2], "texture": "#1"},
				"east": {"uv": [0, 0, 16, 2], "texture": "#1"},
				"south": {"uv": [0, 0, 16, 2], "texture": "#1"},
				"west": {"uv": [0, 0, 16, 2], "texture": "#1"},
				"up": {"uv": [0, 0, 16, 2], "texture": "#1"},
				"down": {"uv": [0, 0, 16, 2], "texture": "#1"}
			}
		},
		{
			"from": [7.55, 19.55541, -1.48417],
			"to": [8.45, 21.85541, -0.68417],
			"rotation": {"angle": 0, "axis": "x", "origin": [8, 18.60541, -1.28417]},
			"faces": {
				"north": {"uv": [0, 0, 16, 2], "texture": "#1"},
				"east": {"uv": [0, 0, 16, 2], "texture": "#1"},
				"south": {"uv": [0, 0, 16, 2], "texture": "#1"},
				"west": {"uv": [0, 0, 16, 2], "texture": "#1"},
				"up": {"uv": [0, 0, 16, 2], "texture": "#1"},
				"down": {"uv": [0, 0, 16, 2], "texture": "#1"}
			}
		},
		{
			"from": [4.05, 21.85541, -1.48417],
			"to": [11.95, 22.85541, -0.68417],
			"rotation": {"angle": 0, "axis": "x", "origin": [7.5, 18.60541, -1.28417]},
			"faces": {
				"north": {"uv": [0, 0, 16, 2], "texture": "#1"},
				"east": {"uv": [0, 0, 16, 2], "texture": "#1"},
				"south": {"uv": [0, 0, 16, 2], "texture": "#1"},
				"west": {"uv": [0, 0, 16, 2], "texture": "#1"},
				"up": {"uv": [0, 0, 16, 2], "texture": "#1"},
				"down": {"uv": [0, 0, 16, 2], "texture": "#1"}
			}
		},
		{
			"from": [11.75, 21.95541, -0.98417],
			"to": [13.95, 22.75541, -0.38417],
			"rotation": {"angle": -22.5, "axis": "y", "origin": [12.95, 22.35541, -1.08417]},
			"faces": {
				"north": {"uv": [0, 0, 16, 2], "texture": "#1"},
				"east": {"uv": [0, 0, 16, 2], "texture": "#1"},
				"south": {"uv": [0, 0, 16, 2], "texture": "#1"},
				"west": {"uv": [0, 0, 16, 2], "texture": "#1"},
				"up": {"uv": [0, 0, 16, 2], "texture": "#1"},
				"down": {"uv": [0, 0, 16, 2], "texture": "#1"}
			}
		},
		{
			"from": [2.05, 21.95541, -0.98417],
			"to": [4.25, 22.75541, -0.38417],
			"rotation": {"angle": 22.5, "axis": "y", "origin": [3.05, 22.35541, -1.08417]},
			"faces": {
				"north": {"uv": [16, 0, 0, 2], "texture": "#1"},
				"east": {"uv": [16, 0, 0, 2], "texture": "#1"},
				"south": {"uv": [16, 0, 0, 2], "texture": "#1"},
				"west": {"uv": [16, 0, 0, 2], "texture": "#1"},
				"up": {"uv": [16, 0, 0, 2], "texture": "#1"},
				"down": {"uv": [16, 0, 0, 2], "texture": "#1"}
			}
		},
		{
			"from": [1.75, 21.95541, -0.68417],
			"to": [2.05, 22.75541, -0.18417],
			"rotation": {"angle": 22.5, "axis": "y", "origin": [3.05, 22.35541, -1.08417]},
			"faces": {
				"north": {"uv": [16, 0, 0, 2], "texture": "#1"},
				"east": {"uv": [16, 0, 0, 2], "texture": "#1"},
				"south": {"uv": [16, 0, 0, 2], "texture": "#1"},
				"west": {"uv": [16, 0, 0, 2], "texture": "#1"},
				"up": {"uv": [16, 0, 0, 2], "texture": "#1"},
				"down": {"uv": [16, 0, 0, 2], "texture": "#1"}
			}
		},
		{
			"from": [13.95, 21.95541, -0.68417],
			"to": [14.25, 22.75541, -0.18417],
			"rotation": {"angle": -22.5, "axis": "y", "origin": [12.95, 22.35541, -1.08417]},
			"faces": {
				"north": {"uv": [0, 0, 16, 2], "texture": "#1"},
				"east": {"uv": [0, 0, 16, 2], "texture": "#1"},
				"south": {"uv": [0, 0, 16, 2], "texture": "#1"},
				"west": {"uv": [0, 0, 16, 2], "texture": "#1"},
				"up": {"uv": [0, 0, 16, 2], "texture": "#1"},
				"down": {"uv": [0, 0, 16, 2], "texture": "#1"}
			}
		},
		{
			"from": [7, 7.75365, 6.17881],
			"to": [9, 20.15365, 8.17881],
			"rotation": {"angle": 22.5, "axis": "x", "origin": [8, 12.65365, 4.57881]},
			"faces": {
				"north": {"uv": [0, 0, 11.1, 2], "rotation": 270, "texture": "#0"},
				"east": {"uv": [0, 0, 11.1, 2], "rotation": 270, "texture": "#0"},
				"south": {"uv": [0, 0, 11.1, 2], "rotation": 270, "texture": "#0"},
				"west": {"uv": [0, 0, 11.1, 2], "rotation": 270, "texture": "#0"},
				"up": {"uv": [0, 0, 11.1, 2], "rotation": 270, "texture": "#0"},
				"down": {"uv": [0, 0, 11.1, 2], "rotation": 270, "texture": "#0"}
			}
		},
		{
			"from": [7, 8.54881, 14.09883],
			"to": [7.2, 16.64881, 15.09883],
			"rotation": {"angle": -22.5, "axis": "x", "origin": [8, 10.44881, 13.29883]},
			"faces": {
				"north": {"uv": [0, 0, 11.1, 2], "rotation": 270, "texture": "#0"},
				"east": {"uv": [0, 0, 11.1, 2], "rotation": 270, "texture": "#0"},
				"south": {"uv": [0, 0, 11.1, 2], "rotation": 270, "texture": "#0"},
				"west": {"uv": [0, 0, 11.1, 2], "rotation": 270, "texture": "#0"},
				"up": {"uv": [0, 0, 11.1, 2], "rotation": 270, "texture": "#0"},
				"down": {"uv": [0, 0, 11.1, 2], "rotation": 270, "texture": "#0"}
			}
		},
		{
			"from": [7, 8.88264, 15.3771],
			"to": [7.2, 16.98264, 16.3771],
			"rotation": {"angle": 0, "axis": "x", "origin": [7.1, 12.93264, 13.6771]},
			"faces": {
				"north": {"uv": [0, 0, 11.1, 2], "rotation": 270, "texture": "#0"},
				"east": {"uv": [0, 0, 11.1, 2], "rotation": 270, "texture": "#0"},
				"south": {"uv": [0, 0, 11.1, 2], "rotation": 270, "texture": "#0"},
				"west": {"uv": [0, 0, 11.1, 2], "rotation": 270, "texture": "#0"},
				"up": {"uv": [0, 0, 11.1, 2], "rotation": 270, "texture": "#0"},
				"down": {"uv": [0, 0, 11.1, 2], "rotation": 270, "texture": "#0"}
			}
		},
		{
			"from": [8.8, 8.54881, 14.09883],
			"to": [9, 16.64881, 15.09883],
			"rotation": {"angle": -22.5, "axis": "x", "origin": [8, 10.44881, 13.29883]},
			"faces": {
				"north": {"uv": [0, 2, 11.1, 0], "rotation": 270, "texture": "#0"},
				"east": {"uv": [0, 2, 11.1, 0], "rotation": 270, "texture": "#0"},
				"south": {"uv": [0, 2, 11.1, 0], "rotation": 270, "texture": "#0"},
				"west": {"uv": [0, 2, 11.1, 0], "rotation": 270, "texture": "#0"},
				"up": {"uv": [0, 2, 11.1, 0], "rotation": 270, "texture": "#0"},
				"down": {"uv": [0, 2, 11.1, 0], "rotation": 270, "texture": "#0"}
			}
		},
		{
			"from": [8.8, 8.88264, 15.3771],
			"to": [9, 16.98264, 16.3771],
			"rotation": {"angle": 0, "axis": "x", "origin": [8.9, 12.93264, 13.6771]},
			"faces": {
				"north": {"uv": [0, 2, 11.1, 0], "rotation": 270, "texture": "#0"},
				"east": {"uv": [0, 2, 11.1, 0], "rotation": 270, "texture": "#0"},
				"south": {"uv": [0, 2, 11.1, 0], "rotation": 270, "texture": "#0"},
				"west": {"uv": [0, 2, 11.1, 0], "rotation": 270, "texture": "#0"},
				"up": {"uv": [0, 2, 11.1, 0], "rotation": 270, "texture": "#0"},
				"down": {"uv": [0, 2, 11.1, 0], "rotation": 270, "texture": "#0"}
			}
		},
		{
			"from": [7.5, 20.15365, 6.67881],
			"to": [8.5, 21.15365, 7.67881],
			"rotation": {"angle": 22.5, "axis": "x", "origin": [8, 12.65365, 4.57881]},
			"faces": {
				"north": {"uv": [0, 0, 11.1, 2], "rotation": 270, "texture": "#1"},
				"east": {"uv": [0, 0, 11.1, 2], "rotation": 270, "texture": "#1"},
				"south": {"uv": [0, 0, 11.1, 2], "rotation": 270, "texture": "#1"},
				"west": {"uv": [0, 0, 11.1, 2], "rotation": 270, "texture": "#1"},
				"up": {"uv": [0, 0, 11.1, 2], "rotation": 270, "texture": "#1"},
				"down": {"uv": [0, 0, 11.1, 2], "rotation": 270, "texture": "#1"}
			}
		},
		{
			"from": [7, 19.51165, 7.73371],
			"to": [9, 20.01165, 12.73371],
			"rotation": {"angle": 0, "axis": "x", "origin": [8, 19.51165, 10.23371]},
			"faces": {
				"north": {"uv": [0, 0, 11.1, 2], "rotation": 270, "texture": "#1"},
				"east": {"uv": [0, 0, 11.1, 2], "rotation": 270, "texture": "#1"},
				"south": {"uv": [0, 0, 11.1, 2], "rotation": 270, "texture": "#1"},
				"west": {"uv": [0, 0, 11.1, 2], "rotation": 270, "texture": "#1"},
				"up": {"uv": [0, 0, 11.1, 2], "rotation": 270, "texture": "#1"},
				"down": {"uv": [0, 0, 11.1, 2], "rotation": 270, "texture": "#1"}
			}
		},
		{
			"from": [7.2, 16.81165, 17.73371],
			"to": [8.8, 17.31165, 18.13371],
			"rotation": {"angle": 0, "axis": "x", "origin": [8, 19.51165, 10.23371]},
			"faces": {
				"north": {"uv": [0, 0, 11.1, 2], "rotation": 270, "texture": "#1"},
				"east": {"uv": [0, 0, 11.1, 2], "rotation": 270, "texture": "#1"},
				"south": {"uv": [0, 0, 11.1, 2], "rotation": 270, "texture": "#1"},
				"west": {"uv": [0, 0, 11.1, 2], "rotation": 270, "texture": "#1"},
				"up": {"uv": [0, 0, 11.1, 2], "rotation": 270, "texture": "#1"},
				"down": {"uv": [0, 0, 11.1, 2], "rotation": 270, "texture": "#1"}
			}
		},
		{
			"from": [7.2, 17.01165, 15.73371],
			"to": [8.8, 17.11165, 16.13371],
			"rotation": {"angle": 0, "axis": "x", "origin": [8, 19.51165, 10.23371]},
			"faces": {
				"north": {"uv": [0, 0, 11.1, 2], "rotation": 270, "texture": "#1"},
				"east": {"uv": [0, 0, 11.1, 2], "rotation": 270, "texture": "#1"},
				"south": {"uv": [0, 0, 11.1, 2], "rotation": 270, "texture": "#1"},
				"west": {"uv": [0, 0, 11.1, 2], "rotation": 270, "texture": "#1"},
				"up": {"uv": [0, 0, 11.1, 2], "rotation": 270, "texture": "#1"},
				"down": {"uv": [0, 0, 11.1, 2], "rotation": 270, "texture": "#1"}
			}
		},
		{
			"from": [7.2, 17.01165, 14.73371],
			"to": [8.8, 17.11165, 15.13371],
			"rotation": {"angle": 0, "axis": "x", "origin": [8, 19.51165, 10.23371]},
			"faces": {
				"north": {"uv": [0, 0, 11.1, 2], "rotation": 270, "texture": "#1"},
				"east": {"uv": [0, 0, 11.1, 2], "rotation": 270, "texture": "#1"},
				"south": {"uv": [0, 0, 11.1, 2], "rotation": 270, "texture": "#1"},
				"west": {"uv": [0, 0, 11.1, 2], "rotation": 270, "texture": "#1"},
				"up": {"uv": [0, 0, 11.1, 2], "rotation": 270, "texture": "#1"},
				"down": {"uv": [0, 0, 11.1, 2], "rotation": 270, "texture": "#1"}
			}
		},
		{
			"from": [7.2, 17.01165, 13.73371],
			"to": [8.8, 17.11165, 14.13371],
			"rotation": {"angle": 0, "axis": "x", "origin": [8, 19.51165, 10.23371]},
			"faces": {
				"north": {"uv": [0, 0, 11.1, 2], "rotation": 270, "texture": "#1"},
				"east": {"uv": [0, 0, 11.1, 2], "rotation": 270, "texture": "#1"},
				"south": {"uv": [0, 0, 11.1, 2], "rotation": 270, "texture": "#1"},
				"west": {"uv": [0, 0, 11.1, 2], "rotation": 270, "texture": "#1"},
				"up": {"uv": [0, 0, 11.1, 2], "rotation": 270, "texture": "#1"},
				"down": {"uv": [0, 0, 11.1, 2], "rotation": 270, "texture": "#1"}
			}
		},
		{
			"from": [7.2, 17.01165, 12.73371],
			"to": [8.8, 17.11165, 13.13371],
			"rotation": {"angle": 0, "axis": "x", "origin": [8, 19.51165, 10.23371]},
			"faces": {
				"north": {"uv": [0, 0, 11.1, 2], "rotation": 270, "texture": "#1"},
				"east": {"uv": [0, 0, 11.1, 2], "rotation": 270, "texture": "#1"},
				"south": {"uv": [0, 0, 11.1, 2], "rotation": 270, "texture": "#1"},
				"west": {"uv": [0, 0, 11.1, 2], "rotation": 270, "texture": "#1"},
				"up": {"uv": [0, 0, 11.1, 2], "rotation": 270, "texture": "#1"},
				"down": {"uv": [0, 0, 11.1, 2], "rotation": 270, "texture": "#1"}
			}
		},
		{
			"from": [7.2, 17.01165, 16.73371],
			"to": [8.8, 17.11165, 17.13371],
			"rotation": {"angle": 0, "axis": "x", "origin": [8, 19.51165, 10.23371]},
			"faces": {
				"north": {"uv": [0, 0, 11.1, 2], "rotation": 270, "texture": "#1"},
				"east": {"uv": [0, 0, 11.1, 2], "rotation": 270, "texture": "#1"},
				"south": {"uv": [0, 0, 11.1, 2], "rotation": 270, "texture": "#1"},
				"west": {"uv": [0, 0, 11.1, 2], "rotation": 270, "texture": "#1"},
				"up": {"uv": [0, 0, 11.1, 2], "rotation": 270, "texture": "#1"},
				"down": {"uv": [0, 0, 11.1, 2], "rotation": 270, "texture": "#1"}
			}
		},
		{
			"from": [8.7, 16.81165, 12.03371],
			"to": [9.2, 17.31165, 17.73371],
			"rotation": {"angle": 0, "axis": "x", "origin": [8, 19.51165, 10.23371]},
			"faces": {
				"north": {"uv": [0, 0, 11.1, 2], "rotation": 270, "texture": "#1"},
				"east": {"uv": [0, 0, 11.1, 2], "rotation": 270, "texture": "#1"},
				"south": {"uv": [0, 0, 11.1, 2], "rotation": 270, "texture": "#1"},
				"west": {"uv": [0, 0, 11.1, 2], "rotation": 270, "texture": "#1"},
				"up": {"uv": [0, 0, 11.1, 2], "rotation": 270, "texture": "#1"},
				"down": {"uv": [0, 0, 11.1, 2], "rotation": 270, "texture": "#1"}
			}
		},
		{
			"from": [8.7, 16.5054, 9.69408],
			"to": [9.2, 17.0054, 12.19408],
			"rotation": {"angle": -22.5, "axis": "x", "origin": [8.95, 16.7554, 11.34408]},
			"faces": {
				"north": {"uv": [0, 0, 11.1, 2], "rotation": 270, "texture": "#1"},
				"east": {"uv": [0, 0, 11.1, 2], "rotation": 270, "texture": "#1"},
				"south": {"uv": [0, 0, 11.1, 2], "rotation": 270, "texture": "#1"},
				"west": {"uv": [0, 0, 11.1, 2], "rotation": 270, "texture": "#1"},
				"up": {"uv": [0, 0, 11.1, 2], "rotation": 270, "texture": "#1"},
				"down": {"uv": [0, 0, 11.1, 2], "rotation": 270, "texture": "#1"}
			}
		},
		{
			"from": [6.8, 16.5054, 9.69408],
			"to": [7.3, 17.0054, 12.19408],
			"rotation": {"angle": -22.5, "axis": "x", "origin": [7.05, 16.7554, 11.34408]},
			"faces": {
				"north": {"uv": [0, 2, 11.1, 0], "rotation": 270, "texture": "#1"},
				"east": {"uv": [0, 2, 11.1, 0], "rotation": 270, "texture": "#1"},
				"south": {"uv": [0, 2, 11.1, 0], "rotation": 270, "texture": "#1"},
				"west": {"uv": [0, 2, 11.1, 0], "rotation": 270, "texture": "#1"},
				"up": {"uv": [0, 2, 11.1, 0], "rotation": 270, "texture": "#1"},
				"down": {"uv": [0, 2, 11.1, 0], "rotation": 270, "texture": "#1"}
			}
		},
		{
			"from": [6.8, 16.81165, 12.03371],
			"to": [7.3, 17.31165, 17.73371],
			"rotation": {"angle": 0, "axis": "x", "origin": [8, 19.51165, 10.23371]},
			"faces": {
				"north": {"uv": [0, 2, 11.1, 0], "rotation": 270, "texture": "#1"},
				"east": {"uv": [0, 2, 11.1, 0], "rotation": 270, "texture": "#1"},
				"south": {"uv": [0, 2, 11.1, 0], "rotation": 270, "texture": "#1"},
				"west": {"uv": [0, 2, 11.1, 0], "rotation": 270, "texture": "#1"},
				"up": {"uv": [0, 2, 11.1, 0], "rotation": 270, "texture": "#1"},
				"down": {"uv": [0, 2, 11.1, 0], "rotation": 270, "texture": "#1"}
			}
		},
		{
			"from": [8.7, 6.83411, 3.00981],
			"to": [9.5, 9.93411, 12.00981],
			"rotation": {"angle": 0, "axis": "x", "origin": [7.5, 14.38411, 8.00981]},
			"faces": {
				"north": {"uv": [0, 0, 2.1, 7], "rotation": 270, "texture": "#1"},
				"east": {"uv": [0, 0, 2.1, 7], "rotation": 270, "texture": "#1"},
				"south": {"uv": [0, 0, 2.1, 7], "rotation": 270, "texture": "#1"},
				"west": {"uv": [0, 0, 2.1, 7], "rotation": 270, "texture": "#1"},
				"up": {"uv": [0, 0, 2.1, 7], "rotation": 270, "texture": "#1"},
				"down": {"uv": [0, 0, 2.1, 7], "rotation": 270, "texture": "#1"}
			}
		},
		{
			"from": [4.4, 7.98411, 5.00981],
			"to": [11.6, 8.93411, 6.00981],
			"rotation": {"angle": 0, "axis": "x", "origin": [7.9, 14.38411, 8.00981]},
			"faces": {
				"north": {"uv": [0, 0, 2.1, 7], "rotation": 270, "texture": "#1"},
				"east": {"uv": [0, 0, 2.1, 7], "rotation": 270, "texture": "#1"},
				"south": {"uv": [0, 0, 2.1, 7], "rotation": 270, "texture": "#1"},
				"west": {"uv": [0, 0, 2.1, 7], "rotation": 270, "texture": "#1"},
				"up": {"uv": [0, 0, 2.1, 7], "rotation": 270, "texture": "#1"},
				"down": {"uv": [0, 0, 2.1, 7], "rotation": 270, "texture": "#1"}
			}
		},
		{
			"from": [11.3, 8.58411, 2.50981],
			"to": [11.7, 9.13411, 5.50981],
			"rotation": {"angle": 45, "axis": "x", "origin": [11.5, 8.45911, 5.00981]},
			"faces": {
				"north": {"uv": [0, 0, 2.1, 7], "rotation": 270, "texture": "#1"},
				"east": {"uv": [0, 0, 2.1, 7], "rotation": 270, "texture": "#1"},
				"south": {"uv": [0, 0, 2.1, 7], "rotation": 270, "texture": "#1"},
				"west": {"uv": [0, 0, 2.1, 7], "rotation": 270, "texture": "#1"},
				"up": {"uv": [0, 0, 2.1, 7], "rotation": 270, "texture": "#1"},
				"down": {"uv": [0, 0, 2.1, 7], "rotation": 270, "texture": "#1"}
			}
		},
		{
			"from": [11.3, 10.17406, 2.48555],
			"to": [12.6, 10.92406, 4.88555],
			"rotation": {"angle": 0, "axis": "x", "origin": [11.5, 9.44906, 4.58555]},
			"faces": {
				"north": {"uv": [0, 0, 2.1, 7], "rotation": 270, "texture": "#1"},
				"east": {"uv": [0, 0, 2.1, 7], "rotation": 270, "texture": "#1"},
				"south": {"uv": [0, 0, 2.1, 7], "rotation": 270, "texture": "#1"},
				"west": {"uv": [0, 0, 2.1, 7], "rotation": 270, "texture": "#1"},
				"up": {"uv": [0, 0, 2.1, 7], "rotation": 270, "texture": "#1"},
				"down": {"uv": [0, 0, 2.1, 7], "rotation": 270, "texture": "#1"}
			}
		},
		{
			"from": [4.3, 7.77406, 6.61445],
			"to": [4.7, 8.32406, 9.61445],
			"rotation": {"angle": 45, "axis": "x", "origin": [4.5, 9.44906, 6.41445]},
			"faces": {
				"north": {"uv": [0, 0, 2.1, 7], "rotation": 270, "texture": "#1"},
				"east": {"uv": [0, 0, 2.1, 7], "rotation": 270, "texture": "#1"},
				"south": {"uv": [0, 0, 2.1, 7], "rotation": 270, "texture": "#1"},
				"west": {"uv": [0, 0, 2.1, 7], "rotation": 270, "texture": "#1"},
				"up": {"uv": [2.1, 7, 0, 0], "rotation": 270, "texture": "#1"},
				"down": {"uv": [2.1, 7, 0, 0], "rotation": 270, "texture": "#1"}
			}
		},
		{
			"from": [3.1, 5.67406, 6.51445],
			"to": [4.4, 6.42406, 8.91445],
			"rotation": {"angle": 0, "axis": "x", "origin": [4.5, 9.44906, 6.41445]},
			"faces": {
				"north": {"uv": [0, 0, 2.1, 7], "rotation": 270, "texture": "#1"},
				"east": {"uv": [0, 0, 2.1, 7], "rotation": 270, "texture": "#1"},
				"south": {"uv": [0, 0, 2.1, 7], "rotation": 270, "texture": "#1"},
				"west": {"uv": [0, 0, 2.1, 7], "rotation": 270, "texture": "#1"},
				"up": {"uv": [2.1, 7, 0, 0], "rotation": 270, "texture": "#1"},
				"down": {"uv": [2.1, 7, 0, 0], "rotation": 270, "texture": "#1"}
			}
		},
		{
			"from": [8.7, 6.83411, 3.00981],
			"to": [9.5, 9.93411, 12.00981],
			"rotation": {"angle": 0, "axis": "x", "origin": [7.5, 14.38411, 8.00981]},
			"faces": {
				"north": {"uv": [0, 0, 2.1, 7], "rotation": 270, "texture": "#1"},
				"east": {"uv": [0, 0, 2.1, 7], "rotation": 270, "texture": "#1"},
				"south": {"uv": [0, 0, 2.1, 7], "rotation": 270, "texture": "#1"},
				"west": {"uv": [0, 0, 2.1, 7], "rotation": 270, "texture": "#1"},
				"up": {"uv": [0, 0, 2.1, 7], "rotation": 270, "texture": "#1"},
				"down": {"uv": [0, 0, 2.1, 7], "rotation": 270, "texture": "#1"}
			}
		},
		{
			"from": [8.75, 8.4382, 11.07411],
			"to": [9.45, 10.6382, 16.07411],
			"rotation": {"angle": -22.5, "axis": "x", "origin": [7.95, 9.9882, 15.57411]},
			"faces": {
				"north": {"uv": [0, 0, 2.1, 7], "rotation": 270, "texture": "#1"},
				"east": {"uv": [0, 0, 2.1, 7], "rotation": 270, "texture": "#1"},
				"south": {"uv": [0, 0, 2.1, 7], "rotation": 270, "texture": "#1"},
				"west": {"uv": [0, 0, 2.1, 7], "rotation": 270, "texture": "#1"},
				"up": {"uv": [0, 0, 2.1, 7], "rotation": 270, "texture": "#1"},
				"down": {"uv": [0, 0, 2.1, 7], "rotation": 270, "texture": "#1"}
			}
		},
		{
			"from": [6.7, 6.83411, 4.10981],
			"to": [7.5, 7.83411, 12.00981],
			"rotation": {"angle": 0, "axis": "x", "origin": [5.5, 14.38411, 8.00981]},
			"faces": {
				"north": {"uv": [0, 0, 2.1, 7], "rotation": 270, "texture": "#0"},
				"east": {"uv": [0, 0, 2.1, 7], "rotation": 270, "texture": "#0"},
				"south": {"uv": [0, 0, 2.1, 7], "rotation": 270, "texture": "#0"},
				"west": {"uv": [0, 0, 2.1, 7], "rotation": 270, "texture": "#0"},
				"up": {"uv": [0, 0, 2.1, 7], "rotation": 270, "texture": "#0"},
				"down": {"uv": [0, 0, 2.1, 7], "rotation": 270, "texture": "#0"}
			}
		},
		{
			"from": [6.75, 8.4382, 11.07411],
			"to": [7.45, 9.5382, 16.07411],
			"rotation": {"angle": -22.5, "axis": "x", "origin": [5.95, 9.9882, 15.57411]},
			"faces": {
				"north": {"uv": [0, 0, 2.1, 7], "rotation": 270, "texture": "#0"},
				"east": {"uv": [0, 0, 2.1, 7], "rotation": 270, "texture": "#0"},
				"south": {"uv": [0, 0, 2.1, 7], "rotation": 270, "texture": "#0"},
				"west": {"uv": [0, 0, 2.1, 7], "rotation": 270, "texture": "#0"},
				"up": {"uv": [0, 0, 2.1, 7], "rotation": 270, "texture": "#0"},
				"down": {"uv": [0, 0, 2.1, 7], "rotation": 270, "texture": "#0"}
			}
		},
		{
			"name": "octagon",
			"from": [7.5, 6.92893, -10.3],
			"to": [8.5, 11.07107, -9.3],
			"rotation": {"angle": 45, "axis": "x", "origin": [15.5, 9, -5.3]},
			"faces": {
				"north": {"uv": [0, 0, 1, 1], "texture": "#2"},
				"east": {"uv": [0, 0, 1, 1], "texture": "#2"},
				"south": {"uv": [0, 0, 1, 1], "texture": "#2"},
				"west": {"uv": [0, 0, 1, 1], "texture": "#2"},
				"up": {"uv": [0, 0, 1, 1], "texture": "#2"},
				"down": {"uv": [0, 0, 1, 1], "texture": "#2"}
			}
		},
		{
			"name": "octagon",
			"from": [7.5, 6.92893, -10.3],
			"to": [8.5, 11.07107, -9.3],
			"rotation": {"angle": 0, "axis": "x", "origin": [15.5, 9, -5.3]},
			"faces": {
				"north": {"uv": [0, 0, 1, 1], "texture": "#2"},
				"east": {"uv": [0, 0, 1, 1], "texture": "#2"},
				"south": {"uv": [0, 0, 1, 1], "texture": "#2"},
				"west": {"uv": [0, 0, 1, 1], "texture": "#2"},
				"up": {"uv": [0, 0, 1, 1], "texture": "#2"},
				"down": {"uv": [0, 0, 1, 1], "texture": "#2"}
			}
		},
		{
			"name": "octagon",
			"from": [7.5, 6.92893, -1.3],
			"to": [8.5, 11.07107, -0.3],
			"rotation": {"angle": 45, "axis": "x", "origin": [15.5, 9, -5.3]},
			"faces": {
				"north": {"uv": [0, 0, 1, 1], "texture": "#2"},
				"east": {"uv": [0, 0, 1, 1], "texture": "#2"},
				"south": {"uv": [0, 0, 1, 1], "texture": "#2"},
				"west": {"uv": [0, 0, 1, 1], "texture": "#2"},
				"up": {"uv": [0, 0, 1, 1], "texture": "#2"},
				"down": {"uv": [0, 0, 1, 1], "texture": "#2"}
			}
		},
		{
			"name": "octagon",
			"from": [7.5, 6.92893, -1.3],
			"to": [8.5, 11.07107, -0.3],
			"rotation": {"angle": 0, "axis": "x", "origin": [15.5, 9, -5.3]},
			"faces": {
				"north": {"uv": [0, 0, 1, 1], "texture": "#2"},
				"east": {"uv": [0, 0, 1, 1], "texture": "#2"},
				"south": {"uv": [0, 0, 1, 1], "texture": "#2"},
				"west": {"uv": [0, 0, 1, 1], "texture": "#2"},
				"up": {"uv": [0, 0, 1, 1], "texture": "#2"},
				"down": {"uv": [0, 0, 1, 1], "texture": "#2"}
			}
		},
		{
			"name": "octagon",
			"from": [7.5, 4, -7.37107],
			"to": [8.5, 5, -3.22893],
			"rotation": {"angle": 45, "axis": "x", "origin": [15.5, 9, -5.3]},
			"faces": {
				"north": {"uv": [0, 0, 1, 1], "texture": "#2"},
				"east": {"uv": [0, 0, 1, 1], "texture": "#2"},
				"south": {"uv": [0, 0, 1, 1], "texture": "#2"},
				"west": {"uv": [0, 0, 1, 1], "texture": "#2"},
				"up": {"uv": [0, 0, 1, 1], "texture": "#2"},
				"down": {"uv": [0, 0, 1, 1], "texture": "#2"}
			}
		},
		{
			"name": "octagon",
			"from": [7.5, 4, -7.37107],
			"to": [8.5, 5, -3.22893],
			"rotation": {"angle": 0, "axis": "x", "origin": [15.5, 9, -5.3]},
			"faces": {
				"north": {"uv": [0, 0, 1, 1], "texture": "#2"},
				"east": {"uv": [0, 0, 1, 1], "texture": "#2"},
				"south": {"uv": [0, 0, 1, 1], "texture": "#2"},
				"west": {"uv": [0, 0, 1, 1], "texture": "#2"},
				"up": {"uv": [0, 0, 1, 1], "texture": "#2"},
				"down": {"uv": [0, 0, 1, 1], "texture": "#2"}
			}
		},
		{
			"name": "octagon",
			"from": [7.5, 13, -7.37107],
			"to": [8.5, 14, -3.22893],
			"rotation": {"angle": 45, "axis": "x", "origin": [15.5, 9, -5.3]},
			"faces": {
				"north": {"uv": [0, 0, 1, 1], "texture": "#2"},
				"east": {"uv": [0, 0, 1, 1], "texture": "#2"},
				"south": {"uv": [0, 0, 1, 1], "texture": "#2"},
				"west": {"uv": [0, 0, 1, 1], "texture": "#2"},
				"up": {"uv": [0, 0, 1, 1], "texture": "#2"},
				"down": {"uv": [0, 0, 1, 1], "texture": "#2"}
			}
		},
		{
			"name": "octagon",
			"from": [7.8, 5, -5.62107],
			"to": [8.2, 13, -4.97893],
			"rotation": {"angle": 0, "axis": "x", "origin": [15.5, 9, -5.3]},
			"faces": {
				"north": {"uv": [0, 0, 1, 1], "texture": "#3"},
				"east": {"uv": [0, 0, 1, 1], "texture": "#3"},
				"south": {"uv": [0, 0, 1, 1], "texture": "#3"},
				"west": {"uv": [0, 0, 1, 1], "texture": "#3"},
				"up": {"uv": [0, 0, 1, 1], "texture": "#3"},
				"down": {"uv": [0, 0, 1, 1], "texture": "#3"}
			}
		},
		{
			"name": "octagon",
			"from": [6.95, 8.5, -5.87107],
			"to": [9.05, 9.5, -4.72893],
			"rotation": {"angle": 0, "axis": "x", "origin": [15.65, 9, -5.3]},
			"faces": {
				"north": {"uv": [0, 0, 1, 1], "texture": "#3"},
				"east": {"uv": [0, 0, 1, 1], "texture": "#3"},
				"south": {"uv": [0, 0, 1, 1], "texture": "#3"},
				"west": {"uv": [0, 0, 1, 1], "texture": "#3"},
				"up": {"uv": [0, 0, 1, 1], "texture": "#3"},
				"down": {"uv": [0, 0, 1, 1], "texture": "#3"}
			}
		},
		{
			"name": "octagon",
			"from": [7.8, 5, -5.62107],
			"to": [8.2, 13, -4.97893],
			"rotation": {"angle": 45, "axis": "x", "origin": [8, 9, -5.3]},
			"faces": {
				"north": {"uv": [0, 0, 1, 1], "texture": "#3"},
				"east": {"uv": [0, 0, 1, 1], "texture": "#3"},
				"south": {"uv": [0, 0, 1, 1], "texture": "#3"},
				"west": {"uv": [0, 0, 1, 1], "texture": "#3"},
				"up": {"uv": [0, 0, 1, 1], "texture": "#3"},
				"down": {"uv": [0, 0, 1, 1], "texture": "#3"}
			}
		},
		{
			"name": "octagon",
			"from": [7.8, 8.67893, -9.3],
			"to": [8.2, 9.32107, -1.3],
			"rotation": {"angle": 45, "axis": "x", "origin": [8, 9, -5.3]},
			"faces": {
				"north": {"uv": [0, 0, 1, 1], "rotation": 180, "texture": "#3"},
				"east": {"uv": [0, 0, 1, 1], "rotation": 270, "texture": "#3"},
				"south": {"uv": [0, 0, 1, 1], "texture": "#3"},
				"west": {"uv": [0, 0, 1, 1], "rotation": 90, "texture": "#3"},
				"up": {"uv": [0, 0, 1, 1], "rotation": 180, "texture": "#3"},
				"down": {"uv": [0, 0, 1, 1], "texture": "#3"}
			}
		},
		{
			"name": "octagon",
			"from": [7.8, 8.67893, -9.3],
			"to": [8.2, 9.32107, -1.3],
			"rotation": {"angle": 0, "axis": "x", "origin": [15.5, 9, -5.3]},
			"faces": {
				"north": {"uv": [0, 0, 1, 1], "rotation": 180, "texture": "#3"},
				"east": {"uv": [0, 0, 1, 1], "rotation": 270, "texture": "#3"},
				"south": {"uv": [0, 0, 1, 1], "texture": "#3"},
				"west": {"uv": [0, 0, 1, 1], "rotation": 90, "texture": "#3"},
				"up": {"uv": [0, 0, 1, 1], "rotation": 180, "texture": "#3"},
				"down": {"uv": [0, 0, 1, 1], "texture": "#3"}
			}
		},
		{
			"name": "octagon",
			"from": [7.5, 13, -7.37107],
			"to": [8.5, 14, -3.22893],
			"rotation": {"angle": 0, "axis": "x", "origin": [15.5, 9, -5.3]},
			"faces": {
				"north": {"uv": [0, 0, 1, 1], "texture": "#2"},
				"east": {"uv": [0, 0, 1, 1], "texture": "#2"},
				"south": {"uv": [0, 0, 1, 1], "texture": "#2"},
				"west": {"uv": [0, 0, 1, 1], "texture": "#2"},
				"up": {"uv": [0, 0, 1, 1], "texture": "#2"},
				"down": {"uv": [0, 0, 1, 1], "texture": "#2"}
			}
		},
		{
			"name": "octagon",
			"from": [7.5, 6.92893, 10.7],
			"to": [8.5, 11.07107, 11.7],
			"rotation": {"angle": 45, "axis": "x", "origin": [15.5, 9, 15.7]},
			"faces": {
				"north": {"uv": [0, 0, 1, 1], "texture": "#2"},
				"east": {"uv": [0, 0, 1, 1], "texture": "#2"},
				"south": {"uv": [0, 0, 1, 1], "texture": "#2"},
				"west": {"uv": [0, 0, 1, 1], "texture": "#2"},
				"up": {"uv": [0, 0, 1, 1], "texture": "#2"},
				"down": {"uv": [0, 0, 1, 1], "texture": "#2"}
			}
		},
		{
			"name": "octagon",
			"from": [7.5, 6.92893, 10.7],
			"to": [8.5, 11.07107, 11.7],
			"rotation": {"angle": 0, "axis": "x", "origin": [15.5, 9, 15.7]},
			"faces": {
				"north": {"uv": [0, 0, 1, 1], "texture": "#2"},
				"east": {"uv": [0, 0, 1, 1], "texture": "#2"},
				"south": {"uv": [0, 0, 1, 1], "texture": "#2"},
				"west": {"uv": [0, 0, 1, 1], "texture": "#2"},
				"up": {"uv": [0, 0, 1, 1], "texture": "#2"},
				"down": {"uv": [0, 0, 1, 1], "texture": "#2"}
			}
		},
		{
			"name": "octagon",
			"from": [7.5, 6.92893, 19.7],
			"to": [8.5, 11.07107, 20.7],
			"rotation": {"angle": 45, "axis": "x", "origin": [15.5, 9, 15.7]},
			"faces": {
				"north": {"uv": [0, 0, 1, 1], "texture": "#2"},
				"east": {"uv": [0, 0, 1, 1], "texture": "#2"},
				"south": {"uv": [0, 0, 1, 1], "texture": "#2"},
				"west": {"uv": [0, 0, 1, 1], "texture": "#2"},
				"up": {"uv": [0, 0, 1, 1], "texture": "#2"},
				"down": {"uv": [0, 0, 1, 1], "texture": "#2"}
			}
		},
		{
			"name": "octagon",
			"from": [7.5, 6.92893, 19.7],
			"to": [8.5, 11.07107, 20.7],
			"rotation": {"angle": 0, "axis": "x", "origin": [15.5, 9, 15.7]},
			"faces": {
				"north": {"uv": [0, 0, 1, 1], "texture": "#2"},
				"east": {"uv": [0, 0, 1, 1], "texture": "#2"},
				"south": {"uv": [0, 0, 1, 1], "texture": "#2"},
				"west": {"uv": [0, 0, 1, 1], "texture": "#2"},
				"up": {"uv": [0, 0, 1, 1], "texture": "#2"},
				"down": {"uv": [0, 0, 1, 1], "texture": "#2"}
			}
		},
		{
			"name": "octagon",
			"from": [7.5, 4, 13.62893],
			"to": [8.5, 5, 17.77107],
			"rotation": {"angle": 45, "axis": "x", "origin": [15.5, 9, 15.7]},
			"faces": {
				"north": {"uv": [0, 0, 1, 1], "texture": "#2"},
				"east": {"uv": [0, 0, 1, 1], "texture": "#2"},
				"south": {"uv": [0, 0, 1, 1], "texture": "#2"},
				"west": {"uv": [0, 0, 1, 1], "texture": "#2"},
				"up": {"uv": [0, 0, 1, 1], "texture": "#2"},
				"down": {"uv": [0, 0, 1, 1], "texture": "#2"}
			}
		},
		{
			"name": "octagon",
			"from": [7.5, 4, 13.62893],
			"to": [8.5, 5, 17.77107],
			"rotation": {"angle": 0, "axis": "x", "origin": [15.5, 9, 15.7]},
			"faces": {
				"north": {"uv": [0, 0, 1, 1], "texture": "#2"},
				"east": {"uv": [0, 0, 1, 1], "texture": "#2"},
				"south": {"uv": [0, 0, 1, 1], "texture": "#2"},
				"west": {"uv": [0, 0, 1, 1], "texture": "#2"},
				"up": {"uv": [0, 0, 1, 1], "texture": "#2"},
				"down": {"uv": [0, 0, 1, 1], "texture": "#2"}
			}
		},
		{
			"name": "octagon",
			"from": [7.5, 13, 13.62893],
			"to": [8.5, 14, 17.77107],
			"rotation": {"angle": 45, "axis": "x", "origin": [15.5, 9, 15.7]},
			"faces": {
				"north": {"uv": [0, 0, 1, 1], "texture": "#2"},
				"east": {"uv": [0, 0, 1, 1], "texture": "#2"},
				"south": {"uv": [0, 0, 1, 1], "texture": "#2"},
				"west": {"uv": [0, 0, 1, 1], "texture": "#2"},
				"up": {"uv": [0, 0, 1, 1], "texture": "#2"},
				"down": {"uv": [0, 0, 1, 1], "texture": "#2"}
			}
		},
		{
			"name": "octagon",
			"from": [7.8, 5, 15.37893],
			"to": [8.2, 13, 16.02107],
			"rotation": {"angle": 0, "axis": "x", "origin": [15.5, 9, 15.7]},
			"faces": {
				"north": {"uv": [0, 0, 1, 1], "texture": "#3"},
				"east": {"uv": [0, 0, 1, 1], "texture": "#3"},
				"south": {"uv": [0, 0, 1, 1], "texture": "#3"},
				"west": {"uv": [0, 0, 1, 1], "texture": "#3"},
				"up": {"uv": [0, 0, 1, 1], "texture": "#3"},
				"down": {"uv": [0, 0, 1, 1], "texture": "#3"}
			}
		},
		{
			"name": "octagon",
			"from": [6.95, 8.5, 15.12893],
			"to": [9.05, 9.5, 16.27107],
			"rotation": {"angle": 0, "axis": "x", "origin": [15.65, 9, 15.7]},
			"faces": {
				"north": {"uv": [0, 0, 1, 1], "texture": "#3"},
				"east": {"uv": [0, 0, 1, 1], "texture": "#3"},
				"south": {"uv": [0, 0, 1, 1], "texture": "#3"},
				"west": {"uv": [0, 0, 1, 1], "texture": "#3"},
				"up": {"uv": [0, 0, 1, 1], "texture": "#3"},
				"down": {"uv": [0, 0, 1, 1], "texture": "#3"}
			}
		},
		{
			"name": "octagon",
			"from": [7.8, 5, 15.37893],
			"to": [8.2, 13, 16.02107],
			"rotation": {"angle": 45, "axis": "x", "origin": [8, 9, 15.7]},
			"faces": {
				"north": {"uv": [0, 0, 1, 1], "texture": "#3"},
				"east": {"uv": [0, 0, 1, 1], "texture": "#3"},
				"south": {"uv": [0, 0, 1, 1], "texture": "#3"},
				"west": {"uv": [0, 0, 1, 1], "texture": "#3"},
				"up": {"uv": [0, 0, 1, 1], "texture": "#3"},
				"down": {"uv": [0, 0, 1, 1], "texture": "#3"}
			}
		},
		{
			"name": "octagon",
			"from": [7.8, 8.67893, 11.7],
			"to": [8.2, 9.32107, 19.7],
			"rotation": {"angle": 45, "axis": "x", "origin": [8, 9, 15.7]},
			"faces": {
				"north": {"uv": [0, 0, 1, 1], "rotation": 180, "texture": "#3"},
				"east": {"uv": [0, 0, 1, 1], "rotation": 270, "texture": "#3"},
				"south": {"uv": [0, 0, 1, 1], "texture": "#3"},
				"west": {"uv": [0, 0, 1, 1], "rotation": 90, "texture": "#3"},
				"up": {"uv": [0, 0, 1, 1], "rotation": 180, "texture": "#3"},
				"down": {"uv": [0, 0, 1, 1], "texture": "#3"}
			}
		},
		{
			"name": "octagon",
			"from": [7.8, 8.67893, 11.7],
			"to": [8.2, 9.32107, 19.7],
			"rotation": {"angle": 0, "axis": "x", "origin": [15.5, 9, 15.7]},
			"faces": {
				"north": {"uv": [0, 0, 1, 1], "rotation": 180, "texture": "#3"},
				"east": {"uv": [0, 0, 1, 1], "rotation": 270, "texture": "#3"},
				"south": {"uv": [0, 0, 1, 1], "texture": "#3"},
				"west": {"uv": [0, 0, 1, 1], "rotation": 90, "texture": "#3"},
				"up": {"uv": [0, 0, 1, 1], "rotation": 180, "texture": "#3"},
				"down": {"uv": [0, 0, 1, 1], "texture": "#3"}
			}
		},
		{
			"name": "octagon",
			"from": [7.5, 13, 13.62893],
			"to": [8.5, 14, 17.77107],
			"rotation": {"angle": 0, "axis": "x", "origin": [15.5, 9, 15.7]},
			"faces": {
				"north": {"uv": [0, 0, 1, 1], "texture": "#2"},
				"east": {"uv": [0, 0, 1, 1], "texture": "#2"},
				"south": {"uv": [0, 0, 1, 1], "texture": "#2"},
				"west": {"uv": [0, 0, 1, 1], "texture": "#2"},
				"up": {"uv": [0, 0, 1, 1], "texture": "#2"},
				"down": {"uv": [0, 0, 1, 1], "texture": "#2"}
			}
		}
	],
	"display": {
		"thirdperson_righthand": {
			"translation": [0, 2.25, 0],
			"scale": [0.35, 0.35, 0.35]
		},
		"thirdperson_lefthand": {
			"translation": [0, 2.25, 0],
			"scale": [0.35, 0.35, 0.35]
		},
		"firstperson_righthand": {
			"scale": [0.35, 0.35, 0.35]
		},
		"firstperson_lefthand": {
			"scale": [0.35, 0.35, 0.35]
		},
		"ground": {
			"translation": [0, -1, 0],
			"scale": [0.35, 0.35, 0.35]
		},
		"gui": {
			"rotation": [19, 146, 0],
			"translation": [0.75, -1, 0],
			"scale": [0.4, 0.4, 0.4]
		},
		"head": {
			"translation": [0, -39, 3.75],
			"scale": [1.8, 1.8, 1.8]
		}
	},
	"groups": [
		0,
		1,
		2,
		3,
		4,
		5,
		6,
		7,
		8,
		9,
		10,
		11,
		12,
		13,
		14,
		15,
		16,
		17,
		18,
		19,
		20,
		21,
		22,
		23,
		24,
		25,
		26,
		27,
		28,
		29,
		30,
		31,
		32,
		33,
		34,
		35,
		36,
		37,
		{
			"name": "octagon",
			"origin": [7.5, 8, 8],
			"color": 0,
			"nbt": "{}",
			"children": [38, 39, 40, 41, 42, 43, 44, 45, 46, 47, 48, 49, 50]
		},
		{
			"name": "octagon",
			"origin": [7.5, 8, 8],
			"color": 0,
			"nbt": "{}",
			"children": [51, 52, 53, 54, 55, 56, 57, 58, 59, 60, 61, 62, 63]
		}
	]
}