{
	"credit": "Made with Blockbench",
	"textures": {
		"0": "block/pink_terracotta",
		"1": "block/andesite",
		"2": "block/anvil",
		"3": "block/black_terracotta",
		"4": "block/logo",
		"particle": "block/pink_terracotta"
	},
	"elements": [
		{
			"from": [3.5, 6.46422, 9.62],
			"to": [12.5, 12.46422, 10.62],
			"rotation": {"angle": 0, "axis": "y", "origin": [4.5, 4.46422, -5.38]},
			"faces": {
				"north": {"uv": [0, 0, 9, 1], "texture": "#0"},
				"east": {"uv": [0, 0, 9, 1], "texture": "#0"},
				"south": {"uv": [0, 0, 9, 1], "texture": "#0"},
				"west": {"uv": [0, 0, 9, 1], "texture": "#0"},
				"up": {"uv": [0, 0, 9, 1], "texture": "#0"},
				"down": {"uv": [0, 0, 9, 1], "texture": "#0"}
			}
		},
		{
			"from": [4.5, 12.46422, 9.62],
			"to": [11.5, 13.26422, 10.62],
			"rotation": {"angle": 0, "axis": "y", "origin": [4.5, 4.46422, -5.38]},
			"faces": {
				"north": {"uv": [0, 0, 9, 1], "texture": "#0"},
				"east": {"uv": [0, 0, 9, 1], "texture": "#0"},
				"south": {"uv": [0, 0, 9, 1], "texture": "#0"},
				"west": {"uv": [0, 0, 9, 1], "texture": "#0"},
				"up": {"uv": [0, 0, 9, 1], "texture": "#0"},
				"down": {"uv": [0, 0, 9, 1], "texture": "#0"}
			}
		},
		{
			"from": [5.5, 6.66422, 10.62],
			"to": [10.5, 11.46422, 10.72],
			"rotation": {"angle": 0, "axis": "y", "origin": [4.5, 4.46422, -5.38]},
			"faces": {
				"north": {"uv": [0, 0, 9, 1], "texture": "#0"},
				"east": {"uv": [0, 0, 9, 1], "texture": "#0"},
				"south": {"uv": [0, 0, 16, 16], "texture": "#4"},
				"west": {"uv": [0, 0, 9, 1], "texture": "#0"},
				"up": {"uv": [0, 0, 9, 1], "texture": "#0"},
				"down": {"uv": [0, 0, 9, 1], "texture": "#0"}
			}
		},
		{
			"from": [12.5, 3.46422, 9.47],
			"to": [13.75, 14.46422, 10.72],
			"rotation": {"angle": 0, "axis": "y", "origin": [4.5, 4.46422, -5.38]},
			"faces": {
				"north": {"uv": [0, 0, 0.5, 0.5], "texture": "#1"},
				"east": {"uv": [0, 0, 0.5, 0.5], "texture": "#1"},
				"south": {"uv": [0, 0, 0.5, 0.5], "texture": "#1"},
				"west": {"uv": [0, 0, 0.5, 0.5], "texture": "#1"},
				"up": {"uv": [0, 0, 0.5, 0.5], "texture": "#1"},
				"down": {"uv": [0, 0, 0.5, 0.5], "texture": "#1"}
			}
		},
		{
			"from": [12.5, 4.46422, 2.27],
			"to": [13.75, 8.46422, 3.52],
			"rotation": {"angle": 0, "axis": "y", "origin": [4.5, -1.53578, -5.58]},
			"faces": {
				"north": {"uv": [0, 0, 0.5, 0.5], "texture": "#1"},
				"east": {"uv": [0, 0, 0.5, 0.5], "texture": "#1"},
				"south": {"uv": [0, 0, 0.5, 0.5], "texture": "#1"},
				"west": {"uv": [0, 0, 0.5, 0.5], "texture": "#1"},
				"up": {"uv": [0, 0, 0.5, 0.5], "texture": "#1"},
				"down": {"uv": [0, 0, 0.5, 0.5], "texture": "#1"}
			}
		},
		{
			"from": [12.5, 2.46422, 1.67],
			"to": [13.75, 4.46422, 2.92],
			"rotation": {"angle": 0, "axis": "y", "origin": [4.5, -1.53578, -5.58]},
			"faces": {
				"north": {"uv": [0, 0, 0.5, 0.5], "texture": "#1"},
				"east": {"uv": [0, 0, 0.5, 0.5], "texture": "#1"},
				"south": {"uv": [0, 0, 0.5, 0.5], "texture": "#1"},
				"west": {"uv": [0, 0, 0.5, 0.5], "texture": "#1"},
				"up": {"uv": [0, 0, 0.5, 0.5], "texture": "#1"},
				"down": {"uv": [0, 0, 0.5, 0.5], "texture": "#1"}
			}
		},
		{
			"from": [12.7, 1.26422, 1.97],
			"to": [13.65, 2.46422, 2.62],
			"rotation": {"angle": 0, "axis": "y", "origin": [4.5, -1.53578, -5.58]},
			"faces": {
				"north": {"uv": [0, 0, 0.5, 0.5], "texture": "#1"},
				"east": {"uv": [0, 0, 0.5, 0.5], "texture": "#1"},
				"south": {"uv": [0, 0, 0.5, 0.5], "texture": "#1"},
				"west": {"uv": [0, 0, 0.5, 0.5], "texture": "#1"},
				"up": {"uv": [0, 0, 0.5, 0.5], "texture": "#1"},
				"down": {"uv": [0, 0, 0.5, 0.5], "texture": "#1"}
			}
		},
		{
			"from": [12.8, 0.66422, 1.47],
			"to": [13.45, 2.26422, 3.07],
			"rotation": {"angle": 0, "axis": "y", "origin": [4.5, -1.53578, -5.58]},
			"faces": {
				"north": {"uv": [0, 0, 0.5, 0.5], "texture": "#3"},
				"east": {"uv": [0, 0, 0.5, 0.5], "texture": "#3"},
				"south": {"uv": [0, 0, 0.5, 0.5], "texture": "#3"},
				"west": {"uv": [0, 0, 0.5, 0.5], "texture": "#3"},
				"up": {"uv": [0, 0, 0.5, 0.5], "texture": "#3"},
				"down": {"uv": [0, 0, 0.5, 0.5], "texture": "#3"}
			}
		},
		{
			"from": [12.7, 0.86422, 1.67],
			"to": [13.55, 2.06422, 2.87],
			"rotation": {"angle": 0, "axis": "y", "origin": [4.5, -1.53578, -5.58]},
			"faces": {
				"north": {"uv": [0, 0, 7, 7], "texture": "#1"},
				"east": {"uv": [0, 0, 7, 7], "texture": "#1"},
				"south": {"uv": [0, 0, 7, 7], "texture": "#1"},
				"west": {"uv": [0, 0, 7, 7], "texture": "#1"},
				"up": {"uv": [0, 0, 7, 7], "texture": "#1"},
				"down": {"uv": [0, 0, 7, 7], "texture": "#1"}
			}
		},
		{
			"from": [12.5, 14.18698, 9.61377],
			"to": [13.75, 15.18698, 10.86377],
			"rotation": {"angle": 22.5, "axis": "x", "origin": [13.125, 14.68698, 10.23877]},
			"faces": {
				"north": {"uv": [0, 0, 0.5, 0.5], "texture": "#1"},
				"east": {"uv": [0, 0, 0.5, 0.5], "texture": "#1"},
				"south": {"uv": [0, 0, 0.5, 0.5], "texture": "#1"},
				"west": {"uv": [0, 0, 0.5, 0.5], "texture": "#1"},
				"up": {"uv": [0, 0, 0.5, 0.5], "texture": "#1"},
				"down": {"uv": [0, 0, 0.5, 0.5], "texture": "#1"}
			}
		},
		{
			"from": [12.5, 14.37702, 10.0538],
			"to": [13.75, 15.62702, 11.0538],
			"rotation": {"angle": -22.5, "axis": "x", "origin": [13.125, 15.00202, 10.5538]},
			"faces": {
				"north": {"uv": [0, 0, 0.5, 0.5], "rotation": 180, "texture": "#1"},
				"east": {"uv": [0, 0, 0.5, 0.5], "rotation": 270, "texture": "#1"},
				"south": {"uv": [0, 0, 0.5, 0.5], "texture": "#1"},
				"west": {"uv": [0, 0, 0.5, 0.5], "rotation": 90, "texture": "#1"},
				"up": {"uv": [0, 0, 0.5, 0.5], "rotation": 180, "texture": "#1"},
				"down": {"uv": [0, 0, 0.5, 0.5], "texture": "#1"}
			}
		},
		{
			"from": [12.5, 8.37702, 2.8538],
			"to": [13.75, 9.62702, 3.8538],
			"rotation": {"angle": -22.5, "axis": "x", "origin": [13.125, 9.00202, 3.3538]},
			"faces": {
				"north": {"uv": [0, 0, 0.5, 0.5], "rotation": 180, "texture": "#1"},
				"east": {"uv": [0, 0, 0.5, 0.5], "rotation": 270, "texture": "#1"},
				"south": {"uv": [0, 0, 0.5, 0.5], "texture": "#1"},
				"west": {"uv": [0, 0, 0.5, 0.5], "rotation": 90, "texture": "#1"},
				"up": {"uv": [0, 0, 0.5, 0.5], "rotation": 180, "texture": "#1"},
				"down": {"uv": [0, 0, 0.5, 0.5], "texture": "#1"}
			}
		},
		{
			"from": [12.5, 8.18698, 2.41377],
			"to": [13.75, 9.18698, 3.66377],
			"rotation": {"angle": 22.5, "axis": "x", "origin": [13.125, 8.68698, 3.03877]},
			"faces": {
				"north": {"uv": [0, 0, 0.5, 0.5], "texture": "#1"},
				"east": {"uv": [0, 0, 0.5, 0.5], "texture": "#1"},
				"south": {"uv": [0, 0, 0.5, 0.5], "texture": "#1"},
				"west": {"uv": [0, 0, 0.5, 0.5], "texture": "#1"},
				"up": {"uv": [0, 0, 0.5, 0.5], "texture": "#1"},
				"down": {"uv": [0, 0, 0.5, 0.5], "texture": "#1"}
			}
		},
		{
			"from": [12.5, 14.52078, 10.77656],
			"to": [13.75, 15.77078, 14.77656],
			"rotation": {"angle": 0, "axis": "x", "origin": [13.125, 15.14578, 11.27656]},
			"faces": {
				"north": {"uv": [0, 0, 0.5, 0.5], "rotation": 180, "texture": "#1"},
				"east": {"uv": [0, 0, 0.5, 0.5], "rotation": 270, "texture": "#1"},
				"south": {"uv": [0, 0, 0.5, 0.5], "texture": "#1"},
				"west": {"uv": [0, 0, 0.5, 0.5], "rotation": 90, "texture": "#1"},
				"up": {"uv": [0, 0, 0.5, 0.5], "rotation": 180, "texture": "#1"},
				"down": {"uv": [0, 0, 0.5, 0.5], "texture": "#1"}
			}
		},
		{
			"from": [12.5, 8.52078, 3.57656],
			"to": [13.75, 9.77078, 9.57656],
			"rotation": {"angle": 0, "axis": "x", "origin": [13.125, 15.14578, 11.27656]},
			"faces": {
				"north": {"uv": [0, 0, 0.5, 0.5], "rotation": 180, "texture": "#1"},
				"east": {"uv": [0, 0, 0.5, 0.5], "rotation": 270, "texture": "#1"},
				"south": {"uv": [0, 0, 0.5, 0.5], "texture": "#1"},
				"west": {"uv": [0, 0, 0.5, 0.5], "rotation": 90, "texture": "#1"},
				"up": {"uv": [0, 0, 0.5, 0.5], "rotation": 180, "texture": "#1"},
				"down": {"uv": [0, 0, 0.5, 0.5], "texture": "#1"}
			}
		},
		{
			"from": [12.8, 5.02078, 3.47656],
			"to": [13.75, 5.57078, 9.57656],
			"rotation": {"angle": 0, "axis": "x", "origin": [13.125, 15.14578, 11.27656]},
			"faces": {
				"north": {"uv": [0, 0, 0.5, 0.5], "rotation": 180, "texture": "#1"},
				"east": {"uv": [0, 0, 0.5, 0.5], "rotation": 270, "texture": "#1"},
				"south": {"uv": [0, 0, 0.5, 0.5], "texture": "#1"},
				"west": {"uv": [0, 0, 0.5, 0.5], "rotation": 90, "texture": "#1"},
				"up": {"uv": [0, 0, 0.5, 0.5], "rotation": 180, "texture": "#1"},
				"down": {"uv": [0, 0, 0.5, 0.5], "texture": "#1"}
			}
		},
		{
			"from": [12.6, 9.77078, 4.57656],
			"to": [13.65, 9.87078, 8.57656],
			"rotation": {"angle": 0, "axis": "x", "origin": [13.125, 15.14578, 11.27656]},
			"faces": {
				"north": {"uv": [0, 0, 16, 16], "rotation": 180, "texture": "#2"},
				"east": {"uv": [0, 0, 16, 16], "rotation": 180, "texture": "#2"},
				"south": {"uv": [0, 0, 16, 16], "rotation": 180, "texture": "#2"},
				"west": {"uv": [0, 0, 16, 16], "rotation": 180, "texture": "#2"},
				"up": {"uv": [0, 0, 16, 16], "rotation": 180, "texture": "#2"},
				"down": {"uv": [0, 0, 16, 16], "rotation": 180, "texture": "#2"}
			}
		},
		{
			"from": [12.4, 14.42078, 11.77656],
			"to": [13.85, 15.87078, 13.67656],
			"rotation": {"angle": 0, "axis": "x", "origin": [13.125, 15.14578, 11.27656]},
			"faces": {
				"north": {"uv": [0, 0, 16, 16], "texture": "#2"},
				"east": {"uv": [0, 0, 16, 16], "texture": "#2"},
				"south": {"uv": [0, 0, 16, 16], "texture": "#2"},
				"west": {"uv": [0, 0, 16, 16], "texture": "#2"},
				"up": {"uv": [0, 0, 16, 16], "texture": "#2"},
				"down": {"uv": [0, 0, 16, 16], "texture": "#2"}
			}
		},
		{
			"from": [2.25, 3.46422, 9.47],
			"to": [3.5, 14.46422, 10.72],
			"rotation": {"angle": 0, "axis": "y", "origin": [11.5, 4.46422, -5.38]},
			"faces": {
				"north": {"uv": [0.5, 0, 0, 0.5], "texture": "#1"},
				"east": {"uv": [0.5, 0, 0, 0.5], "texture": "#1"},
				"south": {"uv": [0.5, 0, 0, 0.5], "texture": "#1"},
				"west": {"uv": [0.5, 0, 0, 0.5], "texture": "#1"},
				"up": {"uv": [0.5, 0, 0, 0.5], "texture": "#1"},
				"down": {"uv": [0.5, 0, 0, 0.5], "texture": "#1"}
			}
		},
		{
			"from": [2.25, 14.18698, 9.61377],
			"to": [3.5, 15.18698, 10.86377],
			"rotation": {"angle": 22.5, "axis": "x", "origin": [2.875, 14.68698, 10.23877]},
			"faces": {
				"north": {"uv": [0.5, 0, 0, 0.5], "texture": "#1"},
				"east": {"uv": [0.5, 0, 0, 0.5], "texture": "#1"},
				"south": {"uv": [0.5, 0, 0, 0.5], "texture": "#1"},
				"west": {"uv": [0.5, 0, 0, 0.5], "texture": "#1"},
				"up": {"uv": [0.5, 0, 0, 0.5], "texture": "#1"},
				"down": {"uv": [0.5, 0, 0, 0.5], "texture": "#1"}
			}
		},
		{
			"from": [2.25, 14.37702, 10.0538],
			"to": [3.5, 15.62702, 11.0538],
			"rotation": {"angle": -22.5, "axis": "x", "origin": [2.875, 15.00202, 10.5538]},
			"faces": {
				"north": {"uv": [0.5, 0, 0, 0.5], "rotation": 180, "texture": "#1"},
				"east": {"uv": [0, 0.5, 0.5, 0], "rotation": 90, "texture": "#1"},
				"south": {"uv": [0.5, 0, 0, 0.5], "texture": "#1"},
				"west": {"uv": [0, 0.5, 0.5, 0], "rotation": 270, "texture": "#1"},
				"up": {"uv": [0.5, 0, 0, 0.5], "rotation": 180, "texture": "#1"},
				"down": {"uv": [0.5, 0, 0, 0.5], "texture": "#1"}
			}
		},
		{
			"from": [2.25, 14.52078, 10.77656],
			"to": [3.5, 15.77078, 14.77656],
			"rotation": {"angle": 0, "axis": "x", "origin": [2.875, 15.14578, 11.27656]},
			"faces": {
				"north": {"uv": [0.5, 0, 0, 0.5], "rotation": 180, "texture": "#1"},
				"east": {"uv": [0, 0.5, 0.5, 0], "rotation": 90, "texture": "#1"},
				"south": {"uv": [0.5, 0, 0, 0.5], "texture": "#1"},
				"west": {"uv": [0, 0.5, 0.5, 0], "rotation": 270, "texture": "#1"},
				"up": {"uv": [0.5, 0, 0, 0.5], "rotation": 180, "texture": "#1"},
				"down": {"uv": [0.5, 0, 0, 0.5], "texture": "#1"}
			}
		},
		{
			"from": [2.15, 14.42078, 11.77656],
			"to": [3.6, 15.87078, 13.67656],
			"rotation": {"angle": 0, "axis": "x", "origin": [2.875, 15.14578, 11.27656]},
			"faces": {
				"north": {"uv": [16, 0, 0, 16], "texture": "#2"},
				"east": {"uv": [16, 0, 0, 16], "texture": "#2"},
				"south": {"uv": [16, 0, 0, 16], "texture": "#2"},
				"west": {"uv": [16, 0, 0, 16], "texture": "#2"},
				"up": {"uv": [16, 0, 0, 16], "texture": "#2"},
				"down": {"uv": [16, 0, 0, 16], "texture": "#2"}
			}
		},
		{
			"from": [2.25, 8.52078, 3.57656],
			"to": [3.5, 9.77078, 9.57656],
			"rotation": {"angle": 0, "axis": "x", "origin": [2.875, 15.14578, 11.27656]},
			"faces": {
				"north": {"uv": [0.5, 0, 0, 0.5], "rotation": 180, "texture": "#1"},
				"east": {"uv": [0, 0.5, 0.5, 0], "rotation": 90, "texture": "#1"},
				"south": {"uv": [0.5, 0, 0, 0.5], "texture": "#1"},
				"west": {"uv": [0, 0.5, 0.5, 0], "rotation": 270, "texture": "#1"},
				"up": {"uv": [0.5, 0, 0, 0.5], "rotation": 180, "texture": "#1"},
				"down": {"uv": [0.5, 0, 0, 0.5], "texture": "#1"}
			}
		},
		{
			"from": [2.25, 8.18698, 2.41377],
			"to": [3.5, 9.18698, 3.66377],
			"rotation": {"angle": 22.5, "axis": "x", "origin": [2.875, 8.68698, 3.03877]},
			"faces": {
				"north": {"uv": [0.5, 0, 0, 0.5], "texture": "#1"},
				"east": {"uv": [0.5, 0, 0, 0.5], "texture": "#1"},
				"south": {"uv": [0.5, 0, 0, 0.5], "texture": "#1"},
				"west": {"uv": [0.5, 0, 0, 0.5], "texture": "#1"},
				"up": {"uv": [0.5, 0, 0, 0.5], "texture": "#1"},
				"down": {"uv": [0.5, 0, 0, 0.5], "texture": "#1"}
			}
		},
		{
			"from": [2.25, 8.37702, 2.8538],
			"to": [3.5, 9.62702, 3.8538],
			"rotation": {"angle": -22.5, "axis": "x", "origin": [2.875, 9.00202, 3.3538]},
			"faces": {
				"north": {"uv": [0.5, 0, 0, 0.5], "rotation": 180, "texture": "#1"},
				"east": {"uv": [0, 0.5, 0.5, 0], "rotation": 90, "texture": "#1"},
				"south": {"uv": [0.5, 0, 0, 0.5], "texture": "#1"},
				"west": {"uv": [0, 0.5, 0.5, 0], "rotation": 270, "texture": "#1"},
				"up": {"uv": [0.5, 0, 0, 0.5], "rotation": 180, "texture": "#1"},
				"down": {"uv": [0.5, 0, 0, 0.5], "texture": "#1"}
			}
		},
		{
			"from": [2.25, 4.46422, 2.27],
			"to": [3.5, 8.46422, 3.52],
			"rotation": {"angle": 0, "axis": "y", "origin": [11.5, -1.53578, -5.58]},
			"faces": {
				"north": {"uv": [0.5, 0, 0, 0.5], "texture": "#1"},
				"east": {"uv": [0.5, 0, 0, 0.5], "texture": "#1"},
				"south": {"uv": [0.5, 0, 0, 0.5], "texture": "#1"},
				"west": {"uv": [0.5, 0, 0, 0.5], "texture": "#1"},
				"up": {"uv": [0.5, 0, 0, 0.5], "texture": "#1"},
				"down": {"uv": [0.5, 0, 0, 0.5], "texture": "#1"}
			}
		},
		{
			"from": [2.35, 9.77078, 4.57656],
			"to": [3.4, 9.87078, 8.57656],
			"rotation": {"angle": 0, "axis": "x", "origin": [2.875, 15.14578, 11.27656]},
			"faces": {
				"north": {"uv": [16, 0, 0, 16], "rotation": 180, "texture": "#2"},
				"east": {"uv": [16, 0, 0, 16], "rotation": 180, "texture": "#2"},
				"south": {"uv": [16, 0, 0, 16], "rotation": 180, "texture": "#2"},
				"west": {"uv": [16, 0, 0, 16], "rotation": 180, "texture": "#2"},
				"up": {"uv": [16, 0, 0, 16], "rotation": 180, "texture": "#2"},
				"down": {"uv": [16, 0, 0, 16], "rotation": 180, "texture": "#2"}
			}
		},
		{
			"from": [2.25, 2.46422, 1.67],
			"to": [3.5, 4.46422, 2.92],
			"rotation": {"angle": 0, "axis": "y", "origin": [11.5, -1.53578, -5.58]},
			"faces": {
				"north": {"uv": [0.5, 0, 0, 0.5], "texture": "#1"},
				"east": {"uv": [0.5, 0, 0, 0.5], "texture": "#1"},
				"south": {"uv": [0.5, 0, 0, 0.5], "texture": "#1"},
				"west": {"uv": [0.5, 0, 0, 0.5], "texture": "#1"},
				"up": {"uv": [0.5, 0, 0, 0.5], "texture": "#1"},
				"down": {"uv": [0.5, 0, 0, 0.5], "texture": "#1"}
			}
		},
		{
			"from": [2.55, 0.66422, 1.47],
			"to": [3.2, 2.26422, 3.07],
			"rotation": {"angle": 0, "axis": "y", "origin": [11.5, -1.53578, -5.58]},
			"faces": {
				"north": {"uv": [0.5, 0, 0, 0.5], "texture": "#3"},
				"east": {"uv": [0.5, 0, 0, 0.5], "texture": "#3"},
				"south": {"uv": [0.5, 0, 0, 0.5], "texture": "#3"},
				"west": {"uv": [0.5, 0, 0, 0.5], "texture": "#3"},
				"up": {"uv": [0.5, 0, 0, 0.5], "texture": "#3"},
				"down": {"uv": [0.5, 0, 0, 0.5], "texture": "#3"}
			}
		},
		{
			"from": [2.45, 0.86422, 1.67],
			"to": [3.3, 2.06422, 2.87],
			"rotation": {"angle": 0, "axis": "y", "origin": [11.5, -1.53578, -5.58]},
			"faces": {
				"north": {"uv": [7, 0, 0, 7], "texture": "#1"},
				"east": {"uv": [7, 0, 0, 7], "texture": "#1"},
				"south": {"uv": [7, 0, 0, 7], "texture": "#1"},
				"west": {"uv": [7, 0, 0, 7], "texture": "#1"},
				"up": {"uv": [7, 0, 0, 7], "texture": "#1"},
				"down": {"uv": [7, 0, 0, 7], "texture": "#1"}
			}
		},
		{
			"from": [2.35, 1.26422, 1.97],
			"to": [3.3, 2.46422, 2.62],
			"rotation": {"angle": 0, "axis": "y", "origin": [11.5, -1.53578, -5.58]},
			"faces": {
				"north": {"uv": [0.5, 0, 0, 0.5], "texture": "#1"},
				"east": {"uv": [0.5, 0, 0, 0.5], "texture": "#1"},
				"south": {"uv": [0.5, 0, 0, 0.5], "texture": "#1"},
				"west": {"uv": [0.5, 0, 0, 0.5], "texture": "#1"},
				"up": {"uv": [0.5, 0, 0, 0.5], "texture": "#1"},
				"down": {"uv": [0.5, 0, 0, 0.5], "texture": "#1"}
			}
		},
		{
			"from": [2.25, 5.02078, 3.47656],
			"to": [3.2, 5.57078, 9.57656],
			"rotation": {"angle": 0, "axis": "x", "origin": [2.875, 15.14578, 11.27656]},
			"faces": {
				"north": {"uv": [0.5, 0, 0, 0.5], "rotation": 180, "texture": "#1"},
				"east": {"uv": [0, 0.5, 0.5, 0], "rotation": 90, "texture": "#1"},
				"south": {"uv": [0.5, 0, 0, 0.5], "texture": "#1"},
				"west": {"uv": [0, 0.5, 0.5, 0], "rotation": 270, "texture": "#1"},
				"up": {"uv": [0.5, 0, 0, 0.5], "rotation": 180, "texture": "#1"},
				"down": {"uv": [0.5, 0, 0, 0.5], "texture": "#1"}
			}
		},
		{
			"from": [3.5, 5.46422, 2.62],
			"to": [12.5, 6.46422, 9.62],
			"rotation": {"angle": 0, "axis": "y", "origin": [4.5, 4.46422, -5.38]},
			"faces": {
				"north": {"uv": [0, 0, 9, 8], "texture": "#0"},
				"east": {"uv": [0, 0, 9, 8], "texture": "#0"},
				"south": {"uv": [0, 0, 9, 8], "texture": "#0"},
				"west": {"uv": [0, 0, 9, 8], "texture": "#0"},
				"up": {"uv": [0, 0, 9, 8], "texture": "#0"},
				"down": {"uv": [0, 0, 9, 8], "texture": "#0"}
			}
		},
		{
			"name": "hexadecagon",
			"from": [13.91, 3.70835, 6.32],
			"to": [14.69, 5.22009, 6.7],
			"rotation": {"angle": -45, "axis": "x", "origin": [14.1, 4.46422, 10.12]},
			"faces": {
				"north": {"uv": [0, 0, 1, 1], "texture": "#3"},
				"east": {"uv": [0, 0, 1, 1], "texture": "#3"},
				"south": {"uv": [0, 0, 1, 1], "texture": "#3"},
				"west": {"uv": [0, 0, 1, 1], "texture": "#3"},
				"up": {"uv": [0, 0, 1, 1], "texture": "#3"},
				"down": {"uv": [0, 0, 1, 1], "texture": "#3"}
			}
		},
		{
			"name": "hexadecagon",
			"from": [13.91, 3.70835, 6.32],
			"to": [14.69, 5.22009, 6.7],
			"rotation": {"angle": -22.5, "axis": "x", "origin": [14.1, 4.46422, 10.12]},
			"faces": {
				"north": {"uv": [0, 0, 1, 1], "texture": "#3"},
				"east": {"uv": [0, 0, 1, 1], "texture": "#3"},
				"south": {"uv": [0, 0, 1, 1], "texture": "#3"},
				"west": {"uv": [0, 0, 1, 1], "texture": "#3"},
				"up": {"uv": [0, 0, 1, 1], "texture": "#3"},
				"down": {"uv": [0, 0, 1, 1], "texture": "#3"}
			}
		},
		{
			"name": "hexadecagon",
			"from": [13.91, 3.70835, 6.32],
			"to": [14.69, 5.22009, 6.7],
			"rotation": {"angle": 0, "axis": "x", "origin": [14.1, 4.46422, 10.12]},
			"faces": {
				"north": {"uv": [0, 0, 1, 1], "texture": "#3"},
				"east": {"uv": [0, 0, 1, 1], "texture": "#3"},
				"south": {"uv": [0, 0, 1, 1], "texture": "#3"},
				"west": {"uv": [0, 0, 1, 1], "texture": "#3"},
				"up": {"uv": [0, 0, 1, 1], "texture": "#3"},
				"down": {"uv": [0, 0, 1, 1], "texture": "#3"}
			}
		},
		{
			"name": "hexadecagon",
			"from": [13.91, 3.70835, 6.32],
			"to": [14.69, 5.22009, 6.7],
			"rotation": {"angle": 22.5, "axis": "x", "origin": [14.1, 4.46422, 10.12]},
			"faces": {
				"north": {"uv": [0, 0, 1, 1], "texture": "#3"},
				"east": {"uv": [0, 0, 1, 1], "texture": "#3"},
				"south": {"uv": [0, 0, 1, 1], "texture": "#3"},
				"west": {"uv": [0, 0, 1, 1], "texture": "#3"},
				"up": {"uv": [0, 0, 1, 1], "texture": "#3"},
				"down": {"uv": [0, 0, 1, 1], "texture": "#3"}
			}
		},
		{
			"name": "hexadecagon",
			"from": [13.91, 3.70835, 6.32],
			"to": [14.69, 5.22009, 6.7],
			"rotation": {"angle": 45, "axis": "x", "origin": [14.1, 4.46422, 10.12]},
			"faces": {
				"north": {"uv": [0, 0, 1, 1], "texture": "#3"},
				"east": {"uv": [0, 0, 1, 1], "texture": "#3"},
				"south": {"uv": [0, 0, 1, 1], "texture": "#3"},
				"west": {"uv": [0, 0, 1, 1], "texture": "#3"},
				"up": {"uv": [0, 0, 1, 1], "texture": "#3"},
				"down": {"uv": [0, 0, 1, 1], "texture": "#3"}
			}
		},
		{
			"name": "hexadecagon",
			"from": [13.91, 3.70835, 13.54],
			"to": [14.69, 5.22009, 13.92],
			"rotation": {"angle": -45, "axis": "x", "origin": [14.1, 4.46422, 10.12]},
			"faces": {
				"north": {"uv": [0, 0, 1, 1], "texture": "#3"},
				"east": {"uv": [0, 0, 1, 1], "texture": "#3"},
				"south": {"uv": [0, 0, 1, 1], "texture": "#3"},
				"west": {"uv": [0, 0, 1, 1], "texture": "#3"},
				"up": {"uv": [0, 0, 1, 1], "texture": "#3"},
				"down": {"uv": [0, 0, 1, 1], "texture": "#3"}
			}
		},
		{
			"name": "hexadecagon",
			"from": [13.91, 3.70835, 13.54],
			"to": [14.69, 5.22009, 13.92],
			"rotation": {"angle": -22.5, "axis": "x", "origin": [14.1, 4.46422, 10.12]},
			"faces": {
				"north": {"uv": [0, 0, 1, 1], "texture": "#3"},
				"east": {"uv": [0, 0, 1, 1], "texture": "#3"},
				"south": {"uv": [0, 0, 1, 1], "texture": "#3"},
				"west": {"uv": [0, 0, 1, 1], "texture": "#3"},
				"up": {"uv": [0, 0, 1, 1], "texture": "#3"},
				"down": {"uv": [0, 0, 1, 1], "texture": "#3"}
			}
		},
		{
			"name": "hexadecagon",
			"from": [13.91, 3.70835, 13.54],
			"to": [14.69, 5.22009, 13.92],
			"rotation": {"angle": 0, "axis": "x", "origin": [14.1, 4.46422, 10.12]},
			"faces": {
				"north": {"uv": [0, 0, 1, 1], "texture": "#3"},
				"east": {"uv": [0, 0, 1, 1], "texture": "#3"},
				"south": {"uv": [0, 0, 1, 1], "texture": "#3"},
				"west": {"uv": [0, 0, 1, 1], "texture": "#3"},
				"up": {"uv": [0, 0, 1, 1], "texture": "#3"},
				"down": {"uv": [0, 0, 1, 1], "texture": "#3"}
			}
		},
		{
			"name": "hexadecagon",
			"from": [13.91, 3.70835, 13.54],
			"to": [14.69, 5.22009, 13.92],
			"rotation": {"angle": 22.5, "axis": "x", "origin": [14.1, 4.46422, 10.12]},
			"faces": {
				"north": {"uv": [0, 0, 1, 1], "texture": "#3"},
				"east": {"uv": [0, 0, 1, 1], "texture": "#3"},
				"south": {"uv": [0, 0, 1, 1], "texture": "#3"},
				"west": {"uv": [0, 0, 1, 1], "texture": "#3"},
				"up": {"uv": [0, 0, 1, 1], "texture": "#3"},
				"down": {"uv": [0, 0, 1, 1], "texture": "#3"}
			}
		},
		{
			"name": "hexadecagon",
			"from": [13.91, 3.70835, 13.54],
			"to": [14.69, 5.22009, 13.92],
			"rotation": {"angle": 45, "axis": "x", "origin": [14.1, 4.46422, 10.12]},
			"faces": {
				"north": {"uv": [0, 0, 1, 1], "texture": "#3"},
				"east": {"uv": [0, 0, 1, 1], "texture": "#3"},
				"south": {"uv": [0, 0, 1, 1], "texture": "#3"},
				"west": {"uv": [0, 0, 1, 1], "texture": "#3"},
				"up": {"uv": [0, 0, 1, 1], "texture": "#3"},
				"down": {"uv": [0, 0, 1, 1], "texture": "#3"}
			}
		},
		{
			"name": "hexadecagon",
			"from": [13.91, 0.66422, 9.36413],
			"to": [14.69, 1.04422, 10.87587],
			"rotation": {"angle": -22.5, "axis": "x", "origin": [14.1, 4.46422, 10.12]},
			"faces": {
				"north": {"uv": [0, 0, 1, 1], "texture": "#3"},
				"east": {"uv": [0, 0, 1, 1], "texture": "#3"},
				"south": {"uv": [0, 0, 1, 1], "texture": "#3"},
				"west": {"uv": [0, 0, 1, 1], "texture": "#3"},
				"up": {"uv": [0, 0, 1, 1], "texture": "#3"},
				"down": {"uv": [0, 0, 1, 1], "texture": "#3"}
			}
		},
		{
			"name": "hexadecagon",
			"from": [13.91, 0.66422, 9.36413],
			"to": [14.69, 1.04422, 10.87587],
			"rotation": {"angle": 0, "axis": "x", "origin": [14.1, 4.46422, 10.12]},
			"faces": {
				"north": {"uv": [0, 0, 1, 1], "texture": "#3"},
				"east": {"uv": [0, 0, 1, 1], "texture": "#3"},
				"south": {"uv": [0, 0, 1, 1], "texture": "#3"},
				"west": {"uv": [0, 0, 1, 1], "texture": "#3"},
				"up": {"uv": [0, 0, 1, 1], "texture": "#3"},
				"down": {"uv": [0, 0, 1, 1], "texture": "#3"}
			}
		},
		{
			"name": "hexadecagon",
			"from": [13.91, 0.66422, 9.36413],
			"to": [14.69, 1.04422, 10.87587],
			"rotation": {"angle": 22.5, "axis": "x", "origin": [14.1, 4.46422, 10.12]},
			"faces": {
				"north": {"uv": [0, 0, 1, 1], "texture": "#3"},
				"east": {"uv": [0, 0, 1, 1], "texture": "#3"},
				"south": {"uv": [0, 0, 1, 1], "texture": "#3"},
				"west": {"uv": [0, 0, 1, 1], "texture": "#3"},
				"up": {"uv": [0, 0, 1, 1], "texture": "#3"},
				"down": {"uv": [0, 0, 1, 1], "texture": "#3"}
			}
		},
		{
			"name": "hexadecagon",
			"from": [13.91, 7.88422, 9.36413],
			"to": [14.69, 8.26422, 10.87587],
			"rotation": {"angle": -22.5, "axis": "x", "origin": [14.1, 4.46422, 10.12]},
			"faces": {
				"north": {"uv": [0, 0, 1, 1], "texture": "#3"},
				"east": {"uv": [0, 0, 1, 1], "texture": "#3"},
				"south": {"uv": [0, 0, 1, 1], "texture": "#3"},
				"west": {"uv": [0, 0, 1, 1], "texture": "#3"},
				"up": {"uv": [0, 0, 1, 1], "texture": "#3"},
				"down": {"uv": [0, 0, 1, 1], "texture": "#3"}
			}
		},
		{
			"name": "hexadecagon",
			"from": [13.91, 7.88422, 9.36413],
			"to": [14.69, 8.26422, 10.87587],
			"rotation": {"angle": 0, "axis": "x", "origin": [14.1, 4.46422, 10.12]},
			"faces": {
				"north": {"uv": [0, 0, 1, 1], "texture": "#3"},
				"east": {"uv": [0, 0, 1, 1], "texture": "#3"},
				"south": {"uv": [0, 0, 1, 1], "texture": "#3"},
				"west": {"uv": [0, 0, 1, 1], "texture": "#3"},
				"up": {"uv": [0, 0, 1, 1], "texture": "#3"},
				"down": {"uv": [0, 0, 1, 1], "texture": "#3"}
			}
		},
		{
			"name": "hexadecagon",
			"from": [14.11, 0.98422, 9.96413],
			"to": [14.49, 7.86422, 10.27587],
			"rotation": {"angle": 0, "axis": "z", "origin": [14.3, 4.42422, 10.12]},
			"faces": {
				"north": {"uv": [0, 0, 1, 1], "texture": "#1"},
				"east": {"uv": [0, 0, 1, 1], "texture": "#1"},
				"south": {"uv": [0, 0, 1, 1], "texture": "#1"},
				"west": {"uv": [0, 0, 1, 1], "texture": "#1"},
				"up": {"uv": [0, 0, 1, 1], "texture": "#1"},
				"down": {"uv": [0, 0, 1, 1], "texture": "#1"}
			}
		},
		{
			"name": "hexadecagon",
			"from": [13.71, 3.98422, 9.96413],
			"to": [14.69, 4.86422, 10.27587],
			"rotation": {"angle": 0, "axis": "z", "origin": [14.3, 4.42422, 10.12]},
			"faces": {
				"north": {"uv": [0, 0, 1, 1], "texture": "#2"},
				"east": {"uv": [0, 0, 1, 1], "texture": "#2"},
				"south": {"uv": [0, 0, 1, 1], "texture": "#2"},
				"west": {"uv": [0, 0, 1, 1], "texture": "#2"},
				"up": {"uv": [0, 0, 1, 1], "texture": "#2"},
				"down": {"uv": [0, 0, 1, 1], "texture": "#2"}
			}
		},
		{
			"name": "hexadecagon",
			"from": [13.71, 4.26835, 9.68],
			"to": [14.69, 4.58009, 10.56],
			"rotation": {"angle": 0, "axis": "x", "origin": [14.3, 4.42422, 10.12]},
			"faces": {
				"north": {"uv": [0, 0, 1, 1], "rotation": 270, "texture": "#2"},
				"east": {"uv": [0, 0, 1, 1], "rotation": 270, "texture": "#2"},
				"south": {"uv": [0, 0, 1, 1], "rotation": 270, "texture": "#2"},
				"west": {"uv": [0, 0, 1, 1], "rotation": 270, "texture": "#2"},
				"up": {"uv": [0, 0, 1, 1], "rotation": 270, "texture": "#2"},
				"down": {"uv": [0, 0, 1, 1], "rotation": 270, "texture": "#2"}
			}
		},
		{
			"name": "hexadecagon",
			"from": [14.11, 0.98422, 9.96413],
			"to": [14.49, 7.86422, 10.27587],
			"rotation": {"angle": 45, "axis": "x", "origin": [14.3, 4.42422, 10.12]},
			"faces": {
				"north": {"uv": [0, 0, 1, 1], "texture": "#1"},
				"east": {"uv": [0, 0, 1, 1], "texture": "#1"},
				"south": {"uv": [0, 0, 1, 1], "texture": "#1"},
				"west": {"uv": [0, 0, 1, 1], "texture": "#1"},
				"up": {"uv": [0, 0, 1, 1], "texture": "#1"},
				"down": {"uv": [0, 0, 1, 1], "texture": "#1"}
			}
		},
		{
			"name": "hexadecagon",
			"from": [14.11, 4.26835, 6.68],
			"to": [14.49, 4.58009, 13.56],
			"rotation": {"angle": 0, "axis": "x", "origin": [14.3, 4.42422, 10.12]},
			"faces": {
				"north": {"uv": [0, 0, 1, 1], "rotation": 180, "texture": "#1"},
				"east": {"uv": [0, 0, 1, 1], "rotation": 270, "texture": "#1"},
				"south": {"uv": [0, 0, 1, 1], "texture": "#1"},
				"west": {"uv": [0, 0, 1, 1], "rotation": 90, "texture": "#1"},
				"up": {"uv": [0, 0, 1, 1], "rotation": 180, "texture": "#1"},
				"down": {"uv": [0, 0, 1, 1], "texture": "#1"}
			}
		},
		{
			"name": "hexadecagon",
			"from": [14.11, 4.26835, 6.68],
			"to": [14.49, 4.58009, 13.56],
			"rotation": {"angle": 45, "axis": "x", "origin": [14.3, 4.42422, 10.12]},
			"faces": {
				"north": {"uv": [0, 0, 1, 1], "rotation": 180, "texture": "#1"},
				"east": {"uv": [0, 0, 1, 1], "rotation": 270, "texture": "#1"},
				"south": {"uv": [0, 0, 1, 1], "texture": "#1"},
				"west": {"uv": [0, 0, 1, 1], "rotation": 90, "texture": "#1"},
				"up": {"uv": [0, 0, 1, 1], "rotation": 180, "texture": "#1"},
				"down": {"uv": [0, 0, 1, 1], "texture": "#1"}
			}
		},
		{
			"name": "hexadecagon",
			"from": [13.91, 7.88422, 9.36413],
			"to": [14.69, 8.26422, 10.87587],
			"rotation": {"angle": 22.5, "axis": "x", "origin": [14.1, 4.46422, 10.12]},
			"faces": {
				"north": {"uv": [0, 0, 1, 1], "texture": "#3"},
				"east": {"uv": [0, 0, 1, 1], "texture": "#3"},
				"south": {"uv": [0, 0, 1, 1], "texture": "#3"},
				"west": {"uv": [0, 0, 1, 1], "texture": "#3"},
				"up": {"uv": [0, 0, 1, 1], "texture": "#3"},
				"down": {"uv": [0, 0, 1, 1], "texture": "#3"}
			}
		},
		{
			"name": "hexadecagon",
			"from": [1.31, 3.70835, 6.32],
			"to": [2.09, 5.22009, 6.7],
			"rotation": {"angle": -45, "axis": "x", "origin": [1.9, 4.46422, 10.12]},
			"faces": {
				"north": {"uv": [1, 0, 0, 1], "texture": "#3"},
				"east": {"uv": [1, 0, 0, 1], "texture": "#3"},
				"south": {"uv": [1, 0, 0, 1], "texture": "#3"},
				"west": {"uv": [1, 0, 0, 1], "texture": "#3"},
				"up": {"uv": [1, 0, 0, 1], "texture": "#3"},
				"down": {"uv": [1, 0, 0, 1], "texture": "#3"}
			}
		},
		{
			"name": "hexadecagon",
			"from": [1.31, 3.70835, 6.32],
			"to": [2.09, 5.22009, 6.7],
			"rotation": {"angle": -22.5, "axis": "x", "origin": [1.9, 4.46422, 10.12]},
			"faces": {
				"north": {"uv": [1, 0, 0, 1], "texture": "#3"},
				"east": {"uv": [1, 0, 0, 1], "texture": "#3"},
				"south": {"uv": [1, 0, 0, 1], "texture": "#3"},
				"west": {"uv": [1, 0, 0, 1], "texture": "#3"},
				"up": {"uv": [1, 0, 0, 1], "texture": "#3"},
				"down": {"uv": [1, 0, 0, 1], "texture": "#3"}
			}
		},
		{
			"name": "hexadecagon",
			"from": [1.31, 3.70835, 6.32],
			"to": [2.09, 5.22009, 6.7],
			"rotation": {"angle": 0, "axis": "x", "origin": [1.9, 4.46422, 10.12]},
			"faces": {
				"north": {"uv": [1, 0, 0, 1], "texture": "#3"},
				"east": {"uv": [1, 0, 0, 1], "texture": "#3"},
				"south": {"uv": [1, 0, 0, 1], "texture": "#3"},
				"west": {"uv": [1, 0, 0, 1], "texture": "#3"},
				"up": {"uv": [1, 0, 0, 1], "texture": "#3"},
				"down": {"uv": [1, 0, 0, 1], "texture": "#3"}
			}
		},
		{
			"name": "hexadecagon",
			"from": [1.31, 3.70835, 6.32],
			"to": [2.09, 5.22009, 6.7],
			"rotation": {"angle": 22.5, "axis": "x", "origin": [1.9, 4.46422, 10.12]},
			"faces": {
				"north": {"uv": [1, 0, 0, 1], "texture": "#3"},
				"east": {"uv": [1, 0, 0, 1], "texture": "#3"},
				"south": {"uv": [1, 0, 0, 1], "texture": "#3"},
				"west": {"uv": [1, 0, 0, 1], "texture": "#3"},
				"up": {"uv": [1, 0, 0, 1], "texture": "#3"},
				"down": {"uv": [1, 0, 0, 1], "texture": "#3"}
			}
		},
		{
			"name": "hexadecagon",
			"from": [1.31, 3.70835, 6.32],
			"to": [2.09, 5.22009, 6.7],
			"rotation": {"angle": 45, "axis": "x", "origin": [1.9, 4.46422, 10.12]},
			"faces": {
				"north": {"uv": [1, 0, 0, 1], "texture": "#3"},
				"east": {"uv": [1, 0, 0, 1], "texture": "#3"},
				"south": {"uv": [1, 0, 0, 1], "texture": "#3"},
				"west": {"uv": [1, 0, 0, 1], "texture": "#3"},
				"up": {"uv": [1, 0, 0, 1], "texture": "#3"},
				"down": {"uv": [1, 0, 0, 1], "texture": "#3"}
			}
		},
		{
			"name": "hexadecagon",
			"from": [1.31, 3.70835, 13.54],
			"to": [2.09, 5.22009, 13.92],
			"rotation": {"angle": -45, "axis": "x", "origin": [1.9, 4.46422, 10.12]},
			"faces": {
				"north": {"uv": [1, 0, 0, 1], "texture": "#3"},
				"east": {"uv": [1, 0, 0, 1], "texture": "#3"},
				"south": {"uv": [1, 0, 0, 1], "texture": "#3"},
				"west": {"uv": [1, 0, 0, 1], "texture": "#3"},
				"up": {"uv": [1, 0, 0, 1], "texture": "#3"},
				"down": {"uv": [1, 0, 0, 1], "texture": "#3"}
			}
		},
		{
			"name": "hexadecagon",
			"from": [1.31, 3.70835, 13.54],
			"to": [2.09, 5.22009, 13.92],
			"rotation": {"angle": -22.5, "axis": "x", "origin": [1.9, 4.46422, 10.12]},
			"faces": {
				"north": {"uv": [1, 0, 0, 1], "texture": "#3"},
				"east": {"uv": [1, 0, 0, 1], "texture": "#3"},
				"south": {"uv": [1, 0, 0, 1], "texture": "#3"},
				"west": {"uv": [1, 0, 0, 1], "texture": "#3"},
				"up": {"uv": [1, 0, 0, 1], "texture": "#3"},
				"down": {"uv": [1, 0, 0, 1], "texture": "#3"}
			}
		},
		{
			"name": "hexadecagon",
			"from": [1.31, 3.70835, 13.54],
			"to": [2.09, 5.22009, 13.92],
			"rotation": {"angle": 0, "axis": "x", "origin": [1.9, 4.46422, 10.12]},
			"faces": {
				"north": {"uv": [1, 0, 0, 1], "texture": "#3"},
				"east": {"uv": [1, 0, 0, 1], "texture": "#3"},
				"south": {"uv": [1, 0, 0, 1], "texture": "#3"},
				"west": {"uv": [1, 0, 0, 1], "texture": "#3"},
				"up": {"uv": [1, 0, 0, 1], "texture": "#3"},
				"down": {"uv": [1, 0, 0, 1], "texture": "#3"}
			}
		},
		{
			"name": "hexadecagon",
			"from": [1.31, 3.70835, 13.54],
			"to": [2.09, 5.22009, 13.92],
			"rotation": {"angle": 22.5, "axis": "x", "origin": [1.9, 4.46422, 10.12]},
			"faces": {
				"north": {"uv": [1, 0, 0, 1], "texture": "#3"},
				"east": {"uv": [1, 0, 0, 1], "texture": "#3"},
				"south": {"uv": [1, 0, 0, 1], "texture": "#3"},
				"west": {"uv": [1, 0, 0, 1], "texture": "#3"},
				"up": {"uv": [1, 0, 0, 1], "texture": "#3"},
				"down": {"uv": [1, 0, 0, 1], "texture": "#3"}
			}
		},
		{
			"name": "hexadecagon",
			"from": [1.31, 3.70835, 13.54],
			"to": [2.09, 5.22009, 13.92],
			"rotation": {"angle": 45, "axis": "x", "origin": [1.9, 4.46422, 10.12]},
			"faces": {
				"north": {"uv": [1, 0, 0, 1], "texture": "#3"},
				"east": {"uv": [1, 0, 0, 1], "texture": "#3"},
				"south": {"uv": [1, 0, 0, 1], "texture": "#3"},
				"west": {"uv": [1, 0, 0, 1], "texture": "#3"},
				"up": {"uv": [1, 0, 0, 1], "texture": "#3"},
				"down": {"uv": [1, 0, 0, 1], "texture": "#3"}
			}
		},
		{
			"name": "hexadecagon",
			"from": [1.31, 0.66422, 9.36413],
			"to": [2.09, 1.04422, 10.87587],
			"rotation": {"angle": -22.5, "axis": "x", "origin": [1.9, 4.46422, 10.12]},
			"faces": {
				"north": {"uv": [1, 0, 0, 1], "texture": "#3"},
				"east": {"uv": [1, 0, 0, 1], "texture": "#3"},
				"south": {"uv": [1, 0, 0, 1], "texture": "#3"},
				"west": {"uv": [1, 0, 0, 1], "texture": "#3"},
				"up": {"uv": [1, 0, 0, 1], "texture": "#3"},
				"down": {"uv": [1, 0, 0, 1], "texture": "#3"}
			}
		},
		{
			"name": "hexadecagon",
			"from": [1.31, 0.66422, 9.36413],
			"to": [2.09, 1.04422, 10.87587],
			"rotation": {"angle": 0, "axis": "x", "origin": [1.9, 4.46422, 10.12]},
			"faces": {
				"north": {"uv": [1, 0, 0, 1], "texture": "#3"},
				"east": {"uv": [1, 0, 0, 1], "texture": "#3"},
				"south": {"uv": [1, 0, 0, 1], "texture": "#3"},
				"west": {"uv": [1, 0, 0, 1], "texture": "#3"},
				"up": {"uv": [1, 0, 0, 1], "texture": "#3"},
				"down": {"uv": [1, 0, 0, 1], "texture": "#3"}
			}
		},
		{
			"name": "hexadecagon",
			"from": [1.31, 0.66422, 9.36413],
			"to": [2.09, 1.04422, 10.87587],
			"rotation": {"angle": 22.5, "axis": "x", "origin": [1.9, 4.46422, 10.12]},
			"faces": {
				"north": {"uv": [1, 0, 0, 1], "texture": "#3"},
				"east": {"uv": [1, 0, 0, 1], "texture": "#3"},
				"south": {"uv": [1, 0, 0, 1], "texture": "#3"},
				"west": {"uv": [1, 0, 0, 1], "texture": "#3"},
				"up": {"uv": [1, 0, 0, 1], "texture": "#3"},
				"down": {"uv": [1, 0, 0, 1], "texture": "#3"}
			}
		},
		{
			"name": "hexadecagon",
			"from": [1.31, 7.88422, 9.36413],
			"to": [2.09, 8.26422, 10.87587],
			"rotation": {"angle": -22.5, "axis": "x", "origin": [1.9, 4.46422, 10.12]},
			"faces": {
				"north": {"uv": [1, 0, 0, 1], "texture": "#3"},
				"east": {"uv": [1, 0, 0, 1], "texture": "#3"},
				"south": {"uv": [1, 0, 0, 1], "texture": "#3"},
				"west": {"uv": [1, 0, 0, 1], "texture": "#3"},
				"up": {"uv": [1, 0, 0, 1], "texture": "#3"},
				"down": {"uv": [1, 0, 0, 1], "texture": "#3"}
			}
		},
		{
			"name": "hexadecagon",
			"from": [1.31, 7.88422, 9.36413],
			"to": [2.09, 8.26422, 10.87587],
			"rotation": {"angle": 0, "axis": "x", "origin": [1.9, 4.46422, 10.12]},
			"faces": {
				"north": {"uv": [1, 0, 0, 1], "texture": "#3"},
				"east": {"uv": [1, 0, 0, 1], "texture": "#3"},
				"south": {"uv": [1, 0, 0, 1], "texture": "#3"},
				"west": {"uv": [1, 0, 0, 1], "texture": "#3"},
				"up": {"uv": [1, 0, 0, 1], "texture": "#3"},
				"down": {"uv": [1, 0, 0, 1], "texture": "#3"}
			}
		},
		{
			"name": "hexadecagon",
			"from": [1.31, 7.88422, 9.36413],
			"to": [2.09, 8.26422, 10.87587],
			"rotation": {"angle": 22.5, "axis": "x", "origin": [1.9, 4.46422, 10.12]},
			"faces": {
				"north": {"uv": [1, 0, 0, 1], "texture": "#3"},
				"east": {"uv": [1, 0, 0, 1], "texture": "#3"},
				"south": {"uv": [1, 0, 0, 1], "texture": "#3"},
				"west": {"uv": [1, 0, 0, 1], "texture": "#3"},
				"up": {"uv": [1, 0, 0, 1], "texture": "#3"},
				"down": {"uv": [1, 0, 0, 1], "texture": "#3"}
			}
		},
		{
			"name": "hexadecagon",
			"from": [1.51, 0.98422, 9.96413],
			"to": [1.89, 7.86422, 10.27587],
			"rotation": {"angle": 0, "axis": "z", "origin": [1.7, 4.42422, 10.12]},
			"faces": {
				"north": {"uv": [1, 0, 0, 1], "texture": "#1"},
				"east": {"uv": [1, 0, 0, 1], "texture": "#1"},
				"south": {"uv": [1, 0, 0, 1], "texture": "#1"},
				"west": {"uv": [1, 0, 0, 1], "texture": "#1"},
				"up": {"uv": [1, 0, 0, 1], "texture": "#1"},
				"down": {"uv": [1, 0, 0, 1], "texture": "#1"}
			}
		},
		{
			"name": "hexadecagon",
			"from": [1.51, 0.98422, 9.96413],
			"to": [1.89, 7.86422, 10.27587],
			"rotation": {"angle": 45, "axis": "x", "origin": [1.7, 4.42422, 10.12]},
			"faces": {
				"north": {"uv": [1, 0, 0, 1], "texture": "#1"},
				"east": {"uv": [1, 0, 0, 1], "texture": "#1"},
				"south": {"uv": [1, 0, 0, 1], "texture": "#1"},
				"west": {"uv": [1, 0, 0, 1], "texture": "#1"},
				"up": {"uv": [1, 0, 0, 1], "texture": "#1"},
				"down": {"uv": [1, 0, 0, 1], "texture": "#1"}
			}
		},
		{
			"name": "hexadecagon",
			"from": [1.51, 4.26835, 6.68],
			"to": [1.89, 4.58009, 13.56],
			"rotation": {"angle": 0, "axis": "x", "origin": [1.7, 4.42422, 10.12]},
			"faces": {
				"north": {"uv": [1, 0, 0, 1], "rotation": 180, "texture": "#1"},
				"east": {"uv": [0, 1, 1, 0], "rotation": 90, "texture": "#1"},
				"south": {"uv": [1, 0, 0, 1], "texture": "#1"},
				"west": {"uv": [0, 1, 1, 0], "rotation": 270, "texture": "#1"},
				"up": {"uv": [1, 0, 0, 1], "rotation": 180, "texture": "#1"},
				"down": {"uv": [1, 0, 0, 1], "texture": "#1"}
			}
		},
		{
			"name": "hexadecagon",
			"from": [1.51, 4.26835, 6.68],
			"to": [1.89, 4.58009, 13.56],
			"rotation": {"angle": 45, "axis": "x", "origin": [1.7, 4.42422, 10.12]},
			"faces": {
				"north": {"uv": [1, 0, 0, 1], "rotation": 180, "texture": "#1"},
				"east": {"uv": [0, 1, 1, 0], "rotation": 90, "texture": "#1"},
				"south": {"uv": [1, 0, 0, 1], "texture": "#1"},
				"west": {"uv": [0, 1, 1, 0], "rotation": 270, "texture": "#1"},
				"up": {"uv": [1, 0, 0, 1], "rotation": 180, "texture": "#1"},
				"down": {"uv": [1, 0, 0, 1], "texture": "#1"}
			}
		},
		{
			"name": "hexadecagon",
			"from": [1.31, 3.98422, 9.96413],
			"to": [2.29, 4.86422, 10.27587],
			"rotation": {"angle": 0, "axis": "z", "origin": [1.7, 4.42422, 10.12]},
			"faces": {
				"north": {"uv": [1, 0, 0, 1], "texture": "#2"},
				"east": {"uv": [1, 0, 0, 1], "texture": "#2"},
				"south": {"uv": [1, 0, 0, 1], "texture": "#2"},
				"west": {"uv": [1, 0, 0, 1], "texture": "#2"},
				"up": {"uv": [1, 0, 0, 1], "texture": "#2"},
				"down": {"uv": [1, 0, 0, 1], "texture": "#2"}
			}
		},
		{
			"name": "hexadecagon",
			"from": [1.31, 4.26835, 9.68],
			"to": [2.29, 4.58009, 10.56],
			"rotation": {"angle": 0, "axis": "x", "origin": [1.7, 4.42422, 10.12]},
			"faces": {
				"north": {"uv": [0, 1, 1, 0], "rotation": 270, "texture": "#2"},
				"east": {"uv": [0, 1, 1, 0], "rotation": 270, "texture": "#2"},
				"south": {"uv": [0, 1, 1, 0], "rotation": 270, "texture": "#2"},
				"west": {"uv": [0, 1, 1, 0], "rotation": 270, "texture": "#2"},
				"up": {"uv": [0, 1, 1, 0], "rotation": 270, "texture": "#2"},
				"down": {"uv": [0, 1, 1, 0], "rotation": 270, "texture": "#2"}
			}
		}
	],
	"display": {
		"ground": {
			"translation": [0, 10, 0]
		},
		"gui": {
			"rotation": [9, 140, 0],
			"scale": [0.5, 0.5, 0.5]
		},
		"head": {
			"translation": [0, -15, -12],
			"scale": [2.56, 2.56, 2.56]
		},
		"fixed": {
			"translation": [0, 0, -9.25]
		}
	},
	"groups": [
		0,
		1,
		2,
		3,
		4,
		5,
		6,
		7,
		8,
		9,
		10,
		11,
		12,
		13,
		14,
		15,
		16,
		17,
		18,
		19,
		20,
		21,
		22,
		23,
		24,
		25,
		26,
		27,
		28,
		29,
		30,
		31,
		32,
		33,
		{
			"name": "hexadecagon",
			"origin": [8, 8, 8],
			"color": 0,
			"nbt": "{}",
			"children": [34, 35, 36, 37, 38, 39, 40, 41, 42, 43, 44, 45, 46, 47, 48, 49, 50, 51, 52, 53, 54, 55, 56, 57, 58, 59, 60, 61, 62, 63, 64, 65, 66, 67, 68, 69, 70, 71, 72, 73, 74, 75, 76, 77]
		}
	]
}