{
	"credit": "Made with Blockbench",
	"textures": {
		"0": "block/quartz_block_top",
		"1": "block/andesite",
		"2": "block/anvil",
		"3": "block/black_terracotta",
		"4": "block/black_wool",
		"5": "block/light_blue_terracotta",
		"6": "block/acacia_log_top",
		"particle": "block/quartz_block_top"
	},
	"elements": [
		{
			"from": [0, -0.6, 9],
			"to": [16, 5, 16],
			"faces": {
				"north": {"uv": [0, 0, 7, 5], "texture": "#0"},
				"east": {"uv": [0, 0, 7, 5], "texture": "#0"},
				"south": {"uv": [0, 0, 7, 5], "texture": "#0"},
				"west": {"uv": [0, 0, 7, 5], "texture": "#0"},
				"up": {"uv": [0, 0, 7, 5], "texture": "#0"},
				"down": {"uv": [0, 0, 7, 5], "texture": "#0"}
			}
		},
		{
			"from": [14.9, 4.6, 10.4],
			"to": [15.9, 10, 11.4],
			"rotation": {"angle": 22.5, "axis": "x", "origin": [15.5, 7.5, 10.2]},
			"faces": {
				"north": {"uv": [0, 0, 7, 5], "texture": "#3"},
				"east": {"uv": [0, 0, 7, 5], "texture": "#3"},
				"south": {"uv": [0, 0, 7, 5], "texture": "#3"},
				"west": {"uv": [0, 0, 7, 5], "texture": "#3"},
				"up": {"uv": [0, 0, 7, 5], "texture": "#3"},
				"down": {"uv": [0, 0, 7, 5], "texture": "#3"}
			}
		},
		{
			"from": [14.9, 4.53747, -2.60591],
			"to": [15.9, 9.93747, -1.60591],
			"rotation": {"angle": 0, "axis": "x", "origin": [15.4, 6.63747, -1.30591]},
			"faces": {
				"north": {"uv": [0, 0, 7, 5], "texture": "#3"},
				"east": {"uv": [0, 0, 7, 5], "texture": "#3"},
				"south": {"uv": [0, 0, 7, 5], "texture": "#3"},
				"west": {"uv": [0, 0, 7, 5], "texture": "#3"},
				"up": {"uv": [0, 0, 7, 5], "texture": "#3"},
				"down": {"uv": [0, 0, 7, 5], "texture": "#3"}
			}
		},
		{
			"from": [14.9, 4.53747, 18.39409],
			"to": [15.9, 15.93747, 19.39409],
			"rotation": {"angle": 0, "axis": "x", "origin": [15.4, 6.63747, -1.30591]},
			"faces": {
				"north": {"uv": [0, 0, 7, 5], "texture": "#3"},
				"east": {"uv": [0, 0, 7, 5], "texture": "#3"},
				"south": {"uv": [0, 0, 7, 5], "texture": "#3"},
				"west": {"uv": [0, 0, 7, 5], "texture": "#3"},
				"up": {"uv": [0, 0, 7, 5], "texture": "#3"},
				"down": {"uv": [0, 0, 7, 5], "texture": "#3"}
			}
		},
		{
			"from": [15.9, 15.93747, 0.39409],
			"to": [16.9, 16.93747, 19.39409],
			"rotation": {"angle": 0, "axis": "x", "origin": [15.4, 6.63747, -1.30591]},
			"faces": {
				"north": {"uv": [0, 0, 7, 5], "texture": "#0"},
				"east": {"uv": [0, 0, 7, 5], "texture": "#0"},
				"south": {"uv": [0, 0, 7, 5], "texture": "#0"},
				"west": {"uv": [0, 0, 7, 5], "texture": "#0"},
				"up": {"uv": [0, 0, 7, 5], "texture": "#0"},
				"down": {"uv": [0, 0, 7, 5], "texture": "#0"}
			}
		},
		{
			"from": [-0.9, 15.93747, 0.39409],
			"to": [0.1, 16.93747, 19.39409],
			"rotation": {"angle": 0, "axis": "x", "origin": [0.6, 6.63747, -1.30591]},
			"faces": {
				"north": {"uv": [7, 0, 0, 5], "texture": "#0"},
				"east": {"uv": [7, 0, 0, 5], "texture": "#0"},
				"south": {"uv": [7, 0, 0, 5], "texture": "#0"},
				"west": {"uv": [7, 0, 0, 5], "texture": "#0"},
				"up": {"uv": [7, 0, 0, 5], "texture": "#0"},
				"down": {"uv": [7, 0, 0, 5], "texture": "#0"}
			}
		},
		{
			"from": [0, 15.93747, 19.39409],
			"to": [16, 16.93747, 20.39409],
			"rotation": {"angle": 0, "axis": "x", "origin": [0.5, 6.63747, -1.30591]},
			"faces": {
				"north": {"uv": [7, 0, 0, 5], "texture": "#0"},
				"east": {"uv": [7, 0, 0, 5], "texture": "#0"},
				"south": {"uv": [7, 0, 0, 5], "texture": "#0"},
				"west": {"uv": [7, 0, 0, 5], "texture": "#0"},
				"up": {"uv": [7, 0, 0, 5], "texture": "#0"},
				"down": {"uv": [7, 0, 0, 5], "texture": "#0"}
			}
		},
		{
			"from": [0, 15.93747, -0.60591],
			"to": [16, 16.93747, 0.39409],
			"rotation": {"angle": 0, "axis": "x", "origin": [0.5, 6.63747, -1.30591]},
			"faces": {
				"north": {"uv": [7, 0, 0, 5], "texture": "#0"},
				"east": {"uv": [7, 0, 0, 5], "texture": "#0"},
				"south": {"uv": [7, 0, 0, 5], "texture": "#0"},
				"west": {"uv": [7, 0, 0, 5], "texture": "#0"},
				"up": {"uv": [7, 0, 0, 5], "texture": "#0"},
				"down": {"uv": [7, 0, 0, 5], "texture": "#0"}
			}
		},
		{
			"from": [0, 16.93747, 0.39409],
			"to": [16, 17.93747, 19.39409],
			"rotation": {"angle": 0, "axis": "x", "origin": [0.5, 6.63747, -1.30591]},
			"faces": {
				"north": {"uv": [7, 0, 0, 5], "texture": "#0"},
				"east": {"uv": [7, 0, 0, 5], "texture": "#0"},
				"south": {"uv": [7, 0, 0, 5], "texture": "#0"},
				"west": {"uv": [7, 0, 0, 5], "texture": "#0"},
				"up": {"uv": [7, 0, 0, 5], "texture": "#0"},
				"down": {"uv": [7, 0, 0, 5], "texture": "#0"}
			}
		},
		{
			"from": [0.1, 4.53747, 18.39409],
			"to": [1.1, 15.93747, 19.39409],
			"rotation": {"angle": 0, "axis": "x", "origin": [0.6, 6.63747, -1.30591]},
			"faces": {
				"north": {"uv": [7, 0, 0, 5], "texture": "#3"},
				"east": {"uv": [7, 0, 0, 5], "texture": "#3"},
				"south": {"uv": [7, 0, 0, 5], "texture": "#3"},
				"west": {"uv": [7, 0, 0, 5], "texture": "#3"},
				"up": {"uv": [7, 0, 0, 5], "texture": "#3"},
				"down": {"uv": [7, 0, 0, 5], "texture": "#3"}
			}
		},
		{
			"from": [14.9, 9.5406, -1.61073],
			"to": [15.9, 16.9406, -0.61073],
			"rotation": {"angle": 22.5, "axis": "x", "origin": [15.4, 12.2406, -1.11073]},
			"faces": {
				"north": {"uv": [0, 0, 7, 5], "texture": "#3"},
				"east": {"uv": [0, 0, 7, 5], "texture": "#3"},
				"south": {"uv": [0, 0, 7, 5], "texture": "#3"},
				"west": {"uv": [0, 0, 7, 5], "texture": "#3"},
				"up": {"uv": [0, 0, 7, 5], "texture": "#3"},
				"down": {"uv": [0, 0, 7, 5], "texture": "#3"}
			}
		},
		{
			"from": [0.1, 9.5406, -1.61073],
			"to": [1.1, 16.9406, -0.61073],
			"rotation": {"angle": 22.5, "axis": "x", "origin": [0.6, 12.2406, -1.11073]},
			"faces": {
				"north": {"uv": [7, 0, 0, 5], "texture": "#3"},
				"east": {"uv": [7, 0, 0, 5], "texture": "#3"},
				"south": {"uv": [7, 0, 0, 5], "texture": "#3"},
				"west": {"uv": [7, 0, 0, 5], "texture": "#3"},
				"up": {"uv": [7, 0, 0, 5], "texture": "#3"},
				"down": {"uv": [7, 0, 0, 5], "texture": "#3"}
			}
		},
		{
			"from": [0.1, 4.53747, -2.60591],
			"to": [1.1, 9.93747, -1.60591],
			"rotation": {"angle": 0, "axis": "x", "origin": [0.6, 6.63747, -1.30591]},
			"faces": {
				"north": {"uv": [7, 0, 0, 5], "texture": "#3"},
				"east": {"uv": [7, 0, 0, 5], "texture": "#3"},
				"south": {"uv": [7, 0, 0, 5], "texture": "#3"},
				"west": {"uv": [7, 0, 0, 5], "texture": "#3"},
				"up": {"uv": [7, 0, 0, 5], "texture": "#3"},
				"down": {"uv": [7, 0, 0, 5], "texture": "#3"}
			}
		},
		{
			"from": [1.5, 3.83747, -2.60591],
			"to": [2, 7.23747, -1.60591],
			"rotation": {"angle": 45, "axis": "z", "origin": [1.35, 6.23747, -2.10591]},
			"faces": {
				"north": {"uv": [7, 0, 0, 5], "texture": "#3"},
				"east": {"uv": [7, 0, 0, 5], "texture": "#3"},
				"south": {"uv": [7, 0, 0, 5], "texture": "#3"},
				"west": {"uv": [7, 0, 0, 5], "texture": "#3"},
				"up": {"uv": [7, 0, 0, 5], "texture": "#3"},
				"down": {"uv": [7, 0, 0, 5], "texture": "#3"}
			}
		},
		{
			"from": [14, 3.83747, -2.60591],
			"to": [14.5, 7.23747, -1.60591],
			"rotation": {"angle": -45, "axis": "z", "origin": [14.65, 6.23747, -2.10591]},
			"faces": {
				"north": {"uv": [0, 0, 7, 5], "texture": "#3"},
				"east": {"uv": [0, 0, 7, 5], "texture": "#3"},
				"south": {"uv": [0, 0, 7, 5], "texture": "#3"},
				"west": {"uv": [0, 0, 7, 5], "texture": "#3"},
				"up": {"uv": [0, 0, 7, 5], "texture": "#3"},
				"down": {"uv": [0, 0, 7, 5], "texture": "#3"}
			}
		},
		{
			"from": [1, 16.2906, -1.61073],
			"to": [15, 16.9406, -0.61073],
			"rotation": {"angle": 22.5, "axis": "x", "origin": [15.5, 12.2406, -1.11073]},
			"faces": {
				"north": {"uv": [0, 0, 7, 5], "texture": "#3"},
				"east": {"uv": [0, 0, 7, 5], "texture": "#3"},
				"south": {"uv": [0, 0, 7, 5], "texture": "#3"},
				"west": {"uv": [0, 0, 7, 5], "texture": "#3"},
				"up": {"uv": [0, 0, 7, 5], "texture": "#3"},
				"down": {"uv": [0, 0, 7, 5], "texture": "#3"}
			}
		},
		{
			"from": [14.9, 3.34735, 12.07018],
			"to": [15.9, 8.74735, 13.07018],
			"rotation": {"angle": -22.5, "axis": "x", "origin": [15.4, 7.04735, 10.77018]},
			"faces": {
				"north": {"uv": [0, 0, 7, 5], "texture": "#3"},
				"east": {"uv": [0, 0, 7, 5], "texture": "#3"},
				"south": {"uv": [0, 0, 7, 5], "texture": "#3"},
				"west": {"uv": [0, 0, 7, 5], "texture": "#3"},
				"up": {"uv": [0, 0, 7, 5], "texture": "#3"},
				"down": {"uv": [0, 0, 7, 5], "texture": "#3"}
			}
		},
		{
			"from": [0.1, 3.34735, 12.07018],
			"to": [1.1, 8.74735, 13.07018],
			"rotation": {"angle": -22.5, "axis": "x", "origin": [0.6, 7.04735, 10.77018]},
			"faces": {
				"north": {"uv": [7, 0, 0, 5], "texture": "#3"},
				"east": {"uv": [7, 0, 0, 5], "texture": "#3"},
				"south": {"uv": [7, 0, 0, 5], "texture": "#3"},
				"west": {"uv": [7, 0, 0, 5], "texture": "#3"},
				"up": {"uv": [7, 0, 0, 5], "texture": "#3"},
				"down": {"uv": [7, 0, 0, 5], "texture": "#3"}
			}
		},
		{
			"from": [0.1, 4.6, 10.4],
			"to": [1.1, 10, 11.4],
			"rotation": {"angle": 22.5, "axis": "x", "origin": [0.5, 7.5, 10.2]},
			"faces": {
				"north": {"uv": [7, 0, 0, 5], "texture": "#3"},
				"east": {"uv": [7, 0, 0, 5], "texture": "#3"},
				"south": {"uv": [7, 0, 0, 5], "texture": "#3"},
				"west": {"uv": [7, 0, 0, 5], "texture": "#3"},
				"up": {"uv": [7, 0, 0, 5], "texture": "#3"},
				"down": {"uv": [7, 0, 0, 5], "texture": "#3"}
			}
		},
		{
			"from": [0, 1.4, -7],
			"to": [16, 5, -1],
			"faces": {
				"north": {"uv": [0, 0, 7, 5], "texture": "#0"},
				"east": {"uv": [0, 0, 7, 5], "texture": "#0"},
				"south": {"uv": [0, 0, 7, 5], "texture": "#0"},
				"west": {"uv": [0, 0, 7, 5], "texture": "#0"},
				"up": {"uv": [0, 0, 7, 5], "texture": "#0"},
				"down": {"uv": [0, 0, 7, 5], "texture": "#0"}
			}
		},
		{
			"from": [0.4, 3.85, -7.1],
			"to": [2.4, 4.8, -7],
			"rotation": {"angle": 0, "axis": "y", "origin": [16, 0, 0]},
			"faces": {
				"north": {"uv": [7, 0, 0, 5], "texture": "#5"},
				"east": {"uv": [7, 0, 0, 5], "texture": "#5"},
				"south": {"uv": [7, 0, 0, 5], "texture": "#5"},
				"west": {"uv": [7, 0, 0, 5], "texture": "#5"},
				"up": {"uv": [7, 0, 0, 5], "texture": "#5"},
				"down": {"uv": [7, 0, 0, 5], "texture": "#5"}
			}
		},
		{
			"from": [0.4, 2.1, -7.1],
			"to": [2.4, 3.85, -7],
			"rotation": {"angle": 0, "axis": "y", "origin": [16, 0, 0]},
			"faces": {
				"north": {"uv": [15, 1, 1, 15], "texture": "#6"},
				"east": {"uv": [7, 0, 0, 5], "texture": "#5"},
				"south": {"uv": [7, 0, 0, 5], "texture": "#5"},
				"west": {"uv": [7, 0, 0, 5], "texture": "#5"},
				"up": {"uv": [7, 0, 0, 5], "texture": "#5"},
				"down": {"uv": [7, 0, 0, 5], "texture": "#5"}
			}
		},
		{
			"from": [13.6, 2.1, -7.1],
			"to": [15.6, 3.85, -7],
			"faces": {
				"north": {"uv": [1, 1, 15, 15], "texture": "#6"},
				"east": {"uv": [0, 0, 7, 5], "texture": "#5"},
				"south": {"uv": [0, 0, 7, 5], "texture": "#5"},
				"west": {"uv": [0, 0, 7, 5], "texture": "#5"},
				"up": {"uv": [0, 0, 7, 5], "texture": "#5"},
				"down": {"uv": [0, 0, 7, 5], "texture": "#5"}
			}
		},
		{
			"from": [13.6, 3.85, -7.1],
			"to": [15.6, 4.8, -7],
			"faces": {
				"north": {"uv": [0, 0, 7, 5], "texture": "#5"},
				"east": {"uv": [0, 0, 7, 5], "texture": "#5"},
				"south": {"uv": [0, 0, 7, 5], "texture": "#5"},
				"west": {"uv": [0, 0, 7, 5], "texture": "#5"},
				"up": {"uv": [0, 0, 7, 5], "texture": "#5"},
				"down": {"uv": [0, 0, 7, 5], "texture": "#5"}
			}
		},
		{
			"from": [2.9, 0.1, -8.7],
			"to": [13.1, 2.7, -6.7],
			"rotation": {"angle": -22.5, "axis": "x", "origin": [8.1, 4.2, -8]},
			"faces": {
				"north": {"uv": [0, 0, 7, 5], "texture": "#0"},
				"east": {"uv": [0, 0, 7, 5], "texture": "#0"},
				"south": {"uv": [0, 0, 7, 5], "texture": "#0"},
				"west": {"uv": [0, 0, 7, 5], "texture": "#0"},
				"up": {"uv": [0, 0, 7, 5], "texture": "#0"},
				"down": {"uv": [0, 0, 7, 5], "texture": "#0"}
			}
		},
		{
			"from": [3, -0.6, -6.6],
			"to": [13, 1.4, -1],
			"faces": {
				"north": {"uv": [0, 0, 7, 5], "texture": "#3"},
				"east": {"uv": [0, 0, 7, 5], "texture": "#3"},
				"south": {"uv": [0, 0, 7, 5], "texture": "#3"},
				"west": {"uv": [0, 0, 7, 5], "texture": "#3"},
				"up": {"uv": [0, 0, 7, 5], "texture": "#3"},
				"down": {"uv": [0, 0, 7, 5], "texture": "#3"}
			}
		},
		{
			"from": [0.05, -0.6, -2],
			"to": [15.95, 5, 0],
			"rotation": {"angle": -22.5, "axis": "x", "origin": [8.05, 2.2, -0.5]},
			"faces": {
				"north": {"uv": [0, 0, 7, 5], "texture": "#0"},
				"east": {"uv": [0, 0, 7, 5], "texture": "#0"},
				"south": {"uv": [0, 0, 7, 5], "texture": "#0"},
				"west": {"uv": [0, 0, 7, 5], "texture": "#0"},
				"up": {"uv": [0, 0, 7, 5], "texture": "#0"},
				"down": {"uv": [0, 0, 7, 5], "texture": "#0"}
			}
		},
		{
			"from": [-0.05, -0.6, -0.2],
			"to": [16.05, 5, 0.1],
			"rotation": {"angle": -22.5, "axis": "x", "origin": [8.05, 2.2, -0.5]},
			"faces": {
				"north": {"uv": [0, 0, 7, 5], "texture": "#1"},
				"east": {"uv": [0, 0, 7, 5], "texture": "#1"},
				"south": {"uv": [0, 0, 7, 5], "texture": "#1"},
				"west": {"uv": [0, 0, 7, 5], "texture": "#1"},
				"up": {"uv": [0, 0, 7, 5], "texture": "#1"},
				"down": {"uv": [0, 0, 7, 5], "texture": "#1"}
			}
		},
		{
			"from": [4.575, 2.06317, 0.25261],
			"to": [5.425, 9.36317, 0.85261],
			"rotation": {"angle": 45, "axis": "x", "origin": [8, 4.21317, 0.55261]},
			"faces": {
				"north": {"uv": [0, 0, 7, 5], "rotation": 270, "texture": "#2"},
				"east": {"uv": [0, 0, 7, 5], "rotation": 270, "texture": "#2"},
				"south": {"uv": [0, 0, 7, 5], "rotation": 270, "texture": "#2"},
				"west": {"uv": [0, 0, 7, 5], "rotation": 270, "texture": "#2"},
				"up": {"uv": [0, 0, 7, 5], "rotation": 270, "texture": "#2"},
				"down": {"uv": [0, 0, 7, 5], "rotation": 270, "texture": "#2"}
			}
		},
		{
			"from": [3.575, 9.16317, 0.25261],
			"to": [6.425, 9.46317, 0.85261],
			"rotation": {"angle": 45, "axis": "x", "origin": [8, 4.21317, 0.55261]},
			"faces": {
				"north": {"uv": [0, 0, 7, 5], "rotation": 270, "texture": "#2"},
				"east": {"uv": [0, 0, 7, 5], "rotation": 270, "texture": "#2"},
				"south": {"uv": [0, 0, 7, 5], "rotation": 270, "texture": "#2"},
				"west": {"uv": [0, 0, 7, 5], "rotation": 270, "texture": "#2"},
				"up": {"uv": [0, 0, 7, 5], "rotation": 270, "texture": "#2"},
				"down": {"uv": [0, 0, 7, 5], "rotation": 270, "texture": "#2"}
			}
		},
		{
			"from": [3.375, 9.26317, -0.74739],
			"to": [3.875, 9.71317, 1.85261],
			"rotation": {"angle": 45, "axis": "x", "origin": [8.05, 4.21317, 0.55261]},
			"faces": {
				"north": {"uv": [0, 0, 7, 5], "rotation": 270, "texture": "#0"},
				"east": {"uv": [0, 0, 7, 5], "rotation": 270, "texture": "#0"},
				"south": {"uv": [0, 0, 7, 5], "rotation": 270, "texture": "#0"},
				"west": {"uv": [0, 0, 7, 5], "rotation": 270, "texture": "#0"},
				"up": {"uv": [0, 0, 7, 5], "rotation": 270, "texture": "#0"},
				"down": {"uv": [0, 0, 7, 5], "rotation": 270, "texture": "#0"}
			}
		},
		{
			"from": [6.125, 9.26317, -0.74739],
			"to": [6.625, 9.71317, 1.85261],
			"rotation": {"angle": 45, "axis": "x", "origin": [8.05, 4.21317, 0.55261]},
			"faces": {
				"north": {"uv": [0, 0, 7, 5], "rotation": 270, "texture": "#0"},
				"east": {"uv": [0, 0, 7, 5], "rotation": 270, "texture": "#0"},
				"south": {"uv": [0, 0, 7, 5], "rotation": 270, "texture": "#0"},
				"west": {"uv": [0, 0, 7, 5], "rotation": 270, "texture": "#0"},
				"up": {"uv": [0, 0, 7, 5], "rotation": 270, "texture": "#0"},
				"down": {"uv": [0, 0, 7, 5], "rotation": 270, "texture": "#0"}
			}
		},
		{
			"from": [3.875, 9.26317, -1.14739],
			"to": [6.125, 9.71317, -0.64739],
			"rotation": {"angle": 45, "axis": "x", "origin": [8.05, 4.21317, 0.55261]},
			"faces": {
				"north": {"uv": [0, 0, 7, 5], "rotation": 270, "texture": "#0"},
				"east": {"uv": [0, 0, 7, 5], "rotation": 270, "texture": "#0"},
				"south": {"uv": [0, 0, 7, 5], "rotation": 270, "texture": "#0"},
				"west": {"uv": [0, 0, 7, 5], "rotation": 270, "texture": "#0"},
				"up": {"uv": [0, 0, 7, 5], "rotation": 270, "texture": "#0"},
				"down": {"uv": [0, 0, 7, 5], "rotation": 270, "texture": "#0"}
			}
		},
		{
			"from": [3.875, 9.26317, 1.75261],
			"to": [6.125, 9.71317, 2.25261],
			"rotation": {"angle": 45, "axis": "x", "origin": [8.05, 4.21317, 0.55261]},
			"faces": {
				"north": {"uv": [0, 0, 7, 5], "rotation": 270, "texture": "#0"},
				"east": {"uv": [0, 0, 7, 5], "rotation": 270, "texture": "#0"},
				"south": {"uv": [0, 0, 7, 5], "rotation": 270, "texture": "#0"},
				"west": {"uv": [0, 0, 7, 5], "rotation": 270, "texture": "#0"},
				"up": {"uv": [0, 0, 7, 5], "rotation": 270, "texture": "#0"},
				"down": {"uv": [0, 0, 7, 5], "rotation": 270, "texture": "#0"}
			}
		},
		{
			"from": [4.825, 9.26317, 0.85261],
			"to": [5.175, 9.46317, 1.70261],
			"rotation": {"angle": 45, "axis": "x", "origin": [8, 4.21317, 0.55261]},
			"faces": {
				"north": {"uv": [0, 0, 7, 5], "rotation": 270, "texture": "#2"},
				"east": {"uv": [0, 0, 7, 5], "rotation": 270, "texture": "#2"},
				"south": {"uv": [0, 0, 7, 5], "rotation": 270, "texture": "#2"},
				"west": {"uv": [0, 0, 7, 5], "rotation": 270, "texture": "#2"},
				"up": {"uv": [0, 0, 7, 5], "rotation": 270, "texture": "#2"},
				"down": {"uv": [0, 0, 7, 5], "rotation": 270, "texture": "#2"}
			}
		},
		{
			"from": [0, -0.6, 0],
			"to": [16, 0.4, 9],
			"faces": {
				"north": {"uv": [0, 0, 7, 5], "texture": "#0"},
				"east": {"uv": [0, 0, 7, 5], "texture": "#0"},
				"south": {"uv": [0, 0, 7, 5], "texture": "#0"},
				"west": {"uv": [0, 0, 7, 5], "texture": "#0"},
				"up": {"uv": [0, 0, 7, 5], "texture": "#0"},
				"down": {"uv": [0, 0, 7, 5], "texture": "#0"}
			}
		},
		{
			"from": [-0.1, -1.6, -1],
			"to": [16.1, -0.6, 16],
			"faces": {
				"north": {"uv": [0, 0, 7, 5], "texture": "#3"},
				"east": {"uv": [0, 0, 7, 5], "texture": "#3"},
				"south": {"uv": [0, 0, 7, 5], "texture": "#3"},
				"west": {"uv": [0, 0, 7, 5], "texture": "#3"},
				"up": {"uv": [0, 0, 7, 5], "texture": "#3"},
				"down": {"uv": [0, 0, 7, 5], "texture": "#3"}
			}
		},
		{
			"from": [0.25, 0.4, 0.25],
			"to": [15.75, 0.45, 9],
			"faces": {
				"north": {"uv": [0, 0, 7, 5], "texture": "#2"},
				"east": {"uv": [0, 0, 7, 5], "texture": "#2"},
				"south": {"uv": [0, 0, 7, 5], "texture": "#2"},
				"west": {"uv": [0, 0, 7, 5], "texture": "#2"},
				"up": {"uv": [0, 0, 7, 5], "texture": "#2"},
				"down": {"uv": [0, 0, 7, 5], "texture": "#2"}
			}
		},
		{
			"from": [1, 4, 8.5],
			"to": [15, 6, 14],
			"faces": {
				"north": {"uv": [0, 0, 7, 5], "texture": "#1"},
				"east": {"uv": [0, 0, 7, 5], "texture": "#1"},
				"south": {"uv": [0, 0, 7, 5], "texture": "#1"},
				"west": {"uv": [0, 0, 7, 5], "texture": "#1"},
				"up": {"uv": [0, 0, 7, 5], "texture": "#1"},
				"down": {"uv": [0, 0, 7, 5], "texture": "#1"}
			}
		},
		{
			"from": [1.7, 4, 15.5],
			"to": [7.7, 6, 21],
			"rotation": {"angle": 0, "axis": "y", "origin": [0.7, 0, 0]},
			"faces": {
				"north": {"uv": [0, 0, 7, 5], "texture": "#1"},
				"east": {"uv": [0, 0, 7, 5], "texture": "#1"},
				"south": {"uv": [0, 0, 7, 5], "texture": "#1"},
				"west": {"uv": [0, 0, 7, 5], "texture": "#1"},
				"up": {"uv": [0, 0, 7, 5], "texture": "#1"},
				"down": {"uv": [0, 0, 7, 5], "texture": "#1"}
			}
		},
		{
			"from": [8.3, 4, 15.5],
			"to": [14.3, 6, 21],
			"rotation": {"angle": 0, "axis": "y", "origin": [0.7, 0, 0]},
			"faces": {
				"north": {"uv": [0, 0, 7, 5], "texture": "#1"},
				"east": {"uv": [0, 0, 7, 5], "texture": "#1"},
				"south": {"uv": [0, 0, 7, 5], "texture": "#1"},
				"west": {"uv": [0, 0, 7, 5], "texture": "#1"},
				"up": {"uv": [0, 0, 7, 5], "texture": "#1"},
				"down": {"uv": [0, 0, 7, 5], "texture": "#1"}
			}
		},
		{
			"from": [1, 5, 14],
			"to": [15, 11, 16],
			"rotation": {"angle": 0, "axis": "x", "origin": [8, 7.5, 17]},
			"faces": {
				"north": {"uv": [0, 0, 7, 5], "texture": "#1"},
				"east": {"uv": [0, 0, 7, 5], "texture": "#1"},
				"south": {"uv": [0, 0, 7, 5], "texture": "#1"},
				"west": {"uv": [0, 0, 7, 5], "texture": "#1"},
				"up": {"uv": [0, 0, 7, 5], "texture": "#1"},
				"down": {"uv": [0, 0, 7, 5], "texture": "#1"}
			}
		},
		{
			"from": [0, 3, 16],
			"to": [16, 5, 23],
			"faces": {
				"north": {"uv": [0, 0, 7, 2], "texture": "#0"},
				"east": {"uv": [0, 0, 7, 2], "texture": "#0"},
				"south": {"uv": [0, 0, 7, 2], "texture": "#0"},
				"west": {"uv": [0, 0, 7, 2], "texture": "#0"},
				"up": {"uv": [0, 0, 7, 2], "texture": "#0"},
				"down": {"uv": [0, 0, 7, 2], "texture": "#0"}
			}
		},
		{
			"from": [0.6, 3.1, 23],
			"to": [1.5, 4.7, 23.3],
			"faces": {
				"north": {"uv": [1, 1, 15, 15], "texture": "#6"},
				"east": {"uv": [1, 1, 15, 15], "texture": "#6"},
				"south": {"uv": [1, 1, 15, 15], "texture": "#6"},
				"west": {"uv": [1, 1, 15, 15], "texture": "#6"},
				"up": {"uv": [1, 1, 15, 15], "texture": "#6"},
				"down": {"uv": [1, 1, 15, 15], "texture": "#6"}
			}
		},
		{
			"from": [14.5, 3.1, 23],
			"to": [15.4, 4.7, 23.3],
			"rotation": {"angle": 0, "axis": "y", "origin": [16, 0, 0]},
			"faces": {
				"north": {"uv": [15, 1, 1, 15], "texture": "#6"},
				"east": {"uv": [15, 1, 1, 15], "texture": "#6"},
				"south": {"uv": [15, 1, 1, 15], "texture": "#6"},
				"west": {"uv": [15, 1, 1, 15], "texture": "#6"},
				"up": {"uv": [15, 1, 1, 15], "texture": "#6"},
				"down": {"uv": [15, 1, 1, 15], "texture": "#6"}
			}
		},
		{
			"from": [3, -1, 16],
			"to": [13, 3, 22],
			"faces": {
				"north": {"uv": [0, 0, 7, 2], "texture": "#3"},
				"east": {"uv": [0, 0, 7, 2], "texture": "#3"},
				"south": {"uv": [0, 0, 7, 2], "texture": "#3"},
				"west": {"uv": [0, 0, 7, 2], "texture": "#3"},
				"up": {"uv": [0, 0, 7, 2], "texture": "#3"},
				"down": {"uv": [0, 0, 7, 2], "texture": "#3"}
			}
		},
		{
			"from": [0.05, 2.4, 15.1],
			"to": [15.95, 4, 20.2],
			"rotation": {"angle": -22.5, "axis": "x", "origin": [8.05, 2.5, 18]},
			"faces": {
				"north": {"uv": [0, 0, 5.1, 1.6], "texture": "#0"},
				"east": {"uv": [0, 0, 5.1, 1.6], "texture": "#0"},
				"south": {"uv": [0, 0, 5.1, 1.6], "texture": "#0"},
				"west": {"uv": [0, 0, 5.1, 1.6], "texture": "#0"},
				"up": {"uv": [0, 0, 5.1, 1.6], "texture": "#0"},
				"down": {"uv": [0, 0, 5.1, 1.6], "texture": "#0"}
			}
		},
		{
			"name": "octagon",
			"from": [1.08, -2.01482, -6.45],
			"to": [3.92, 0.01482, -1.55],
			"rotation": {"angle": 45, "axis": "x", "origin": [7, -1, -4]},
			"faces": {
				"north": {"uv": [3, 0, 4, 1], "texture": "#4"},
				"east": {"uv": [3, 0, 4, 1], "texture": "#4"},
				"south": {"uv": [3, 0, 4, 1], "texture": "#4"},
				"west": {"uv": [3, 0, 4, 1], "texture": "#4"},
				"up": {"uv": [3, 0, 4, 1], "texture": "#4"},
				"down": {"uv": [3, 0, 4, 1], "texture": "#4"}
			}
		},
		{
			"name": "octagon",
			"from": [1.08, -2.01482, -6.45],
			"to": [3.92, 0.01482, -1.55],
			"rotation": {"angle": 0, "axis": "x", "origin": [7, -1, -4]},
			"faces": {
				"north": {"uv": [3, 0, 4, 1], "texture": "#4"},
				"east": {"uv": [3, 0, 4, 1], "texture": "#4"},
				"south": {"uv": [3, 0, 4, 1], "texture": "#4"},
				"west": {"uv": [3, 0, 4, 1], "texture": "#4"},
				"up": {"uv": [3, 0, 4, 1], "texture": "#4"},
				"down": {"uv": [3, 0, 4, 1], "texture": "#4"}
			}
		},
		{
			"name": "octagon",
			"from": [1.08, -3.45, -5.01482],
			"to": [3.92, 1.45, -2.98518],
			"rotation": {"angle": 45, "axis": "x", "origin": [7, -1, -4]},
			"faces": {
				"north": {"uv": [3, 0, 4, 1], "texture": "#4"},
				"east": {"uv": [3, 0, 4, 1], "texture": "#4"},
				"south": {"uv": [3, 0, 4, 1], "texture": "#4"},
				"west": {"uv": [3, 0, 4, 1], "texture": "#4"},
				"up": {"uv": [3, 0, 4, 1], "texture": "#4"},
				"down": {"uv": [3, 0, 4, 1], "texture": "#4"}
			}
		},
		{
			"name": "octagon",
			"from": [1.08, -3.45, -5.01482],
			"to": [3.92, 1.45, -2.98518],
			"rotation": {"angle": 0, "axis": "x", "origin": [7, -1, -4]},
			"faces": {
				"north": {"uv": [3, 0, 4, 1], "texture": "#4"},
				"east": {"uv": [3, 0, 4, 1], "texture": "#4"},
				"south": {"uv": [3, 0, 4, 1], "texture": "#4"},
				"west": {"uv": [3, 0, 4, 1], "texture": "#4"},
				"up": {"uv": [3, 0, 4, 1], "texture": "#4"},
				"down": {"uv": [3, 0, 4, 1], "texture": "#4"}
			}
		},
		{
			"name": "octagon",
			"from": [12.08, -2.01482, -6.45],
			"to": [14.92, 0.01482, -1.55],
			"rotation": {"angle": 0, "axis": "x", "origin": [9, -1, -4]},
			"faces": {
				"north": {"uv": [4, 0, 3, 1], "texture": "#4"},
				"east": {"uv": [4, 0, 3, 1], "texture": "#4"},
				"south": {"uv": [4, 0, 3, 1], "texture": "#4"},
				"west": {"uv": [4, 0, 3, 1], "texture": "#4"},
				"up": {"uv": [4, 0, 3, 1], "texture": "#4"},
				"down": {"uv": [4, 0, 3, 1], "texture": "#4"}
			}
		},
		{
			"name": "octagon",
			"from": [12.08, -3.45, -5.01482],
			"to": [14.92, 1.45, -2.98518],
			"rotation": {"angle": 0, "axis": "x", "origin": [9, -1, -4]},
			"faces": {
				"north": {"uv": [4, 0, 3, 1], "texture": "#4"},
				"east": {"uv": [4, 0, 3, 1], "texture": "#4"},
				"south": {"uv": [4, 0, 3, 1], "texture": "#4"},
				"west": {"uv": [4, 0, 3, 1], "texture": "#4"},
				"up": {"uv": [4, 0, 3, 1], "texture": "#4"},
				"down": {"uv": [4, 0, 3, 1], "texture": "#4"}
			}
		},
		{
			"name": "octagon",
			"from": [12.08, -2.01482, -6.45],
			"to": [14.92, 0.01482, -1.55],
			"rotation": {"angle": 45, "axis": "x", "origin": [9, -1, -4]},
			"faces": {
				"north": {"uv": [4, 0, 3, 1], "texture": "#4"},
				"east": {"uv": [4, 0, 3, 1], "texture": "#4"},
				"south": {"uv": [4, 0, 3, 1], "texture": "#4"},
				"west": {"uv": [4, 0, 3, 1], "texture": "#4"},
				"up": {"uv": [4, 0, 3, 1], "texture": "#4"},
				"down": {"uv": [4, 0, 3, 1], "texture": "#4"}
			}
		},
		{
			"name": "octagon",
			"from": [12.08, -3.45, -5.01482],
			"to": [14.92, 1.45, -2.98518],
			"rotation": {"angle": 45, "axis": "x", "origin": [9, -1, -4]},
			"faces": {
				"north": {"uv": [4, 0, 3, 1], "texture": "#4"},
				"east": {"uv": [4, 0, 3, 1], "texture": "#4"},
				"south": {"uv": [4, 0, 3, 1], "texture": "#4"},
				"west": {"uv": [4, 0, 3, 1], "texture": "#4"},
				"up": {"uv": [4, 0, 3, 1], "texture": "#4"},
				"down": {"uv": [4, 0, 3, 1], "texture": "#4"}
			}
		},
		{
			"name": "octagon",
			"from": [1.08, -2.01482, 16.55],
			"to": [3.92, 0.01482, 21.45],
			"rotation": {"angle": 45, "axis": "x", "origin": [7, -1, 19]},
			"faces": {
				"north": {"uv": [3, 0, 4, 1], "texture": "#4"},
				"east": {"uv": [3, 0, 4, 1], "texture": "#4"},
				"south": {"uv": [3, 0, 4, 1], "texture": "#4"},
				"west": {"uv": [3, 0, 4, 1], "texture": "#4"},
				"up": {"uv": [3, 0, 4, 1], "texture": "#4"},
				"down": {"uv": [3, 0, 4, 1], "texture": "#4"}
			}
		},
		{
			"name": "octagon",
			"from": [1.08, -2.01482, 16.55],
			"to": [3.92, 0.01482, 21.45],
			"rotation": {"angle": 0, "axis": "x", "origin": [7, -1, 19]},
			"faces": {
				"north": {"uv": [3, 0, 4, 1], "texture": "#4"},
				"east": {"uv": [3, 0, 4, 1], "texture": "#4"},
				"south": {"uv": [3, 0, 4, 1], "texture": "#4"},
				"west": {"uv": [3, 0, 4, 1], "texture": "#4"},
				"up": {"uv": [3, 0, 4, 1], "texture": "#4"},
				"down": {"uv": [3, 0, 4, 1], "texture": "#4"}
			}
		},
		{
			"name": "octagon",
			"from": [1.08, -3.45, 17.98518],
			"to": [3.92, 1.45, 20.01482],
			"rotation": {"angle": 45, "axis": "x", "origin": [7, -1, 19]},
			"faces": {
				"north": {"uv": [3, 0, 4, 1], "texture": "#4"},
				"east": {"uv": [3, 0, 4, 1], "texture": "#4"},
				"south": {"uv": [3, 0, 4, 1], "texture": "#4"},
				"west": {"uv": [3, 0, 4, 1], "texture": "#4"},
				"up": {"uv": [3, 0, 4, 1], "texture": "#4"},
				"down": {"uv": [3, 0, 4, 1], "texture": "#4"}
			}
		},
		{
			"name": "octagon",
			"from": [1.08, -3.45, 17.98518],
			"to": [3.92, 1.45, 20.01482],
			"rotation": {"angle": 0, "axis": "x", "origin": [7, -1, 19]},
			"faces": {
				"north": {"uv": [3, 0, 4, 1], "texture": "#4"},
				"east": {"uv": [3, 0, 4, 1], "texture": "#4"},
				"south": {"uv": [3, 0, 4, 1], "texture": "#4"},
				"west": {"uv": [3, 0, 4, 1], "texture": "#4"},
				"up": {"uv": [3, 0, 4, 1], "texture": "#4"},
				"down": {"uv": [3, 0, 4, 1], "texture": "#4"}
			}
		},
		{
			"name": "octagon",
			"from": [12.08, -3.45, 17.98518],
			"to": [14.92, 1.45, 20.01482],
			"rotation": {"angle": 45, "axis": "x", "origin": [9, -1, 19]},
			"faces": {
				"north": {"uv": [4, 0, 3, 1], "texture": "#4"},
				"east": {"uv": [4, 0, 3, 1], "texture": "#4"},
				"south": {"uv": [4, 0, 3, 1], "texture": "#4"},
				"west": {"uv": [4, 0, 3, 1], "texture": "#4"},
				"up": {"uv": [4, 0, 3, 1], "texture": "#4"},
				"down": {"uv": [4, 0, 3, 1], "texture": "#4"}
			}
		},
		{
			"name": "octagon",
			"from": [12.08, -3.45, 17.98518],
			"to": [14.92, 1.45, 20.01482],
			"rotation": {"angle": 0, "axis": "x", "origin": [9, -1, 19]},
			"faces": {
				"north": {"uv": [4, 0, 3, 1], "texture": "#4"},
				"east": {"uv": [4, 0, 3, 1], "texture": "#4"},
				"south": {"uv": [4, 0, 3, 1], "texture": "#4"},
				"west": {"uv": [4, 0, 3, 1], "texture": "#4"},
				"up": {"uv": [4, 0, 3, 1], "texture": "#4"},
				"down": {"uv": [4, 0, 3, 1], "texture": "#4"}
			}
		},
		{
			"name": "octagon",
			"from": [12.08, -2.01482, 16.55],
			"to": [14.92, 0.01482, 21.45],
			"rotation": {"angle": 0, "axis": "x", "origin": [9, -1, 19]},
			"faces": {
				"north": {"uv": [4, 0, 3, 1], "texture": "#4"},
				"east": {"uv": [4, 0, 3, 1], "texture": "#4"},
				"south": {"uv": [4, 0, 3, 1], "texture": "#4"},
				"west": {"uv": [4, 0, 3, 1], "texture": "#4"},
				"up": {"uv": [4, 0, 3, 1], "texture": "#4"},
				"down": {"uv": [4, 0, 3, 1], "texture": "#4"}
			}
		},
		{
			"name": "octagon",
			"from": [12.08, -2.01482, 16.55],
			"to": [14.92, 0.01482, 21.45],
			"rotation": {"angle": 45, "axis": "x", "origin": [9, -1, 19]},
			"faces": {
				"north": {"uv": [4, 0, 3, 1], "texture": "#4"},
				"east": {"uv": [4, 0, 3, 1], "texture": "#4"},
				"south": {"uv": [4, 0, 3, 1], "texture": "#4"},
				"west": {"uv": [4, 0, 3, 1], "texture": "#4"},
				"up": {"uv": [4, 0, 3, 1], "texture": "#4"},
				"down": {"uv": [4, 0, 3, 1], "texture": "#4"}
			}
		}
	],
	"display": {
		"thirdperson_righthand": {
			"translation": [0, 3.25, 0],
			"scale": [0.5, 0.5, 0.5]
		},
		"thirdperson_lefthand": {
			"translation": [0, 3.5, 0],
			"scale": [0.5, 0.5, 0.5]
		},
		"firstperson_righthand": {
			"scale": [0.5, 0.5, 0.5]
		},
		"firstperson_lefthand": {
			"scale": [0.5, 0.5, 0.5]
		},
		"ground": {
			"translation": [0, 5.5, 0]
		},
		"gui": {
			"rotation": [27, 146, 0],
			"scale": [0.3, 0.3, 0.3]
		},
		"head": {
			"translation": [0, -15, -4.5],
			"scale": [2.5, 2.5, 2.5]
		}
	},
	"groups": [
		0,
		1,
		2,
		3,
		4,
		5,
		6,
		7,
		8,
		9,
		10,
		11,
		12,
		13,
		14,
		15,
		16,
		17,
		18,
		19,
		20,
		21,
		22,
		23,
		24,
		25,
		26,
		27,
		28,
		29,
		30,
		31,
		32,
		33,
		34,
		35,
		36,
		37,
		38,
		39,
		40,
		41,
		42,
		43,
		44,
		45,
		46,
		{
			"name": "octagon",
			"origin": [7, 8, 8],
			"color": 0,
			"nbt": "{}",
			"children": [47, 48, 49, 50, 51, 52, 53, 54]
		},
		{
			"name": "octagon",
			"origin": [7, 8, 8],
			"color": 0,
			"nbt": "{}",
			"children": [55, 56, 57, 58, 59, 60, 61, 62]
		}
	]
}