{
	"credit": "Made with Blockbench",
	"textures": {
		"0": "block/brown_concrete",
		"1": "block/barrel_top_open",
		"particle": "block/brown_concrete"
	},
	"elements": [
		{
			"from": [6, -2, -15.1],
			"to": [10, 1, 32],
			"faces": {
				"north": {"uv": [0, 0, 4, 1], "texture": "#0"},
				"east": {"uv": [0, 0, 4, 1], "texture": "#0"},
				"south": {"uv": [0, 0, 4, 1], "texture": "#0"},
				"west": {"uv": [0, 0, 4, 1], "texture": "#0"},
				"up": {"uv": [0, 0, 4, 1], "texture": "#0"},
				"down": {"uv": [0, 0, 4, 1], "texture": "#0"}
			}
		},
		{
			"from": [6, -2, -15.5],
			"to": [10, 7.1, -14.4],
			"faces": {
				"north": {"uv": [0, 0, 4, 1], "texture": "#0"},
				"east": {"uv": [0, 0, 4, 1], "texture": "#0"},
				"south": {"uv": [0, 0, 4, 1], "texture": "#0"},
				"west": {"uv": [0, 0, 4, 1], "texture": "#0"},
				"up": {"uv": [0, 0, 4, 1], "texture": "#0"},
				"down": {"uv": [0, 0, 4, 1], "texture": "#0"}
			}
		},
		{
			"from": [10, -2, -16],
			"to": [10.5, 7.1, -14.9],
			"faces": {
				"north": {"uv": [0, 0, 4, 1], "texture": "#0"},
				"east": {"uv": [0, 0, 4, 1], "texture": "#0"},
				"south": {"uv": [0, 0, 4, 1], "texture": "#0"},
				"west": {"uv": [0, 0, 4, 1], "texture": "#0"},
				"up": {"uv": [0, 0, 4, 1], "texture": "#0"},
				"down": {"uv": [0, 0, 4, 1], "texture": "#0"}
			}
		},
		{
			"from": [7.75, -2, -16],
			"to": [8.25, 7.1, -15.5],
			"faces": {
				"north": {"uv": [6, 2, 10, 3], "texture": "#1"},
				"east": {"uv": [6, 2, 10, 3], "texture": "#1"},
				"south": {"uv": [6, 2, 10, 3], "texture": "#1"},
				"west": {"uv": [6, 2, 10, 3], "texture": "#1"},
				"up": {"uv": [6, 2, 10, 3], "texture": "#1"},
				"down": {"uv": [6, 2, 10, 3], "texture": "#1"}
			}
		},
		{
			"from": [5.5, -2, -16],
			"to": [6, 7.1, -14.9],
			"faces": {
				"north": {"uv": [4, 0, 0, 1], "texture": "#0"},
				"east": {"uv": [4, 0, 0, 1], "texture": "#0"},
				"south": {"uv": [4, 0, 0, 1], "texture": "#0"},
				"west": {"uv": [4, 0, 0, 1], "texture": "#0"},
				"up": {"uv": [4, 0, 0, 1], "texture": "#0"},
				"down": {"uv": [4, 0, 0, 1], "texture": "#0"}
			}
		},
		{
			"from": [7.75, -2.25, -16],
			"to": [8.25, 1.25, 32],
			"faces": {
				"north": {"uv": [6, 2, 10, 3], "texture": "#1"},
				"east": {"uv": [6, 2, 10, 3], "texture": "#1"},
				"south": {"uv": [6, 2, 10, 3], "texture": "#1"},
				"west": {"uv": [6, 2, 10, 3], "texture": "#1"},
				"up": {"uv": [6, 2, 10, 3], "texture": "#1"},
				"down": {"uv": [6, 2, 10, 3], "texture": "#1"}
			}
		},
		{
			"from": [5, -2, 12],
			"to": [11, 1.1, 32],
			"faces": {
				"north": {"uv": [0, 0, 4, 1], "texture": "#0"},
				"east": {"uv": [0, 0, 4, 1], "texture": "#0"},
				"south": {"uv": [0, 0, 4, 1], "texture": "#0"},
				"west": {"uv": [0, 0, 4, 1], "texture": "#0"},
				"up": {"uv": [0, 0, 4, 1], "texture": "#0"},
				"down": {"uv": [0, 0, 4, 1], "texture": "#0"}
			}
		},
		{
			"from": [1, -2, 28],
			"to": [15, 1, 32],
			"faces": {
				"north": {"uv": [0, 0, 4, 1], "texture": "#0"},
				"east": {"uv": [0, 0, 4, 1], "texture": "#0"},
				"south": {"uv": [0, 0, 4, 1], "texture": "#0"},
				"west": {"uv": [0, 0, 4, 1], "texture": "#0"},
				"up": {"uv": [0, 0, 4, 1], "texture": "#0"},
				"down": {"uv": [0, 0, 4, 1], "texture": "#0"}
			}
		},
		{
			"from": [3.32936, -2.24117, 18.27394],
			"to": [8.32936, 1.20883, 29.27394],
			"rotation": {"angle": -22.5, "axis": "y", "origin": [5.37476, -0.53043, 22.76773]},
			"faces": {
				"north": {"uv": [0, 0, 4, 1], "texture": "#0"},
				"east": {"uv": [0, 0, 4, 1], "texture": "#0"},
				"south": {"uv": [0, 0, 4, 1], "texture": "#0"},
				"west": {"uv": [0, 0, 4, 1], "texture": "#0"},
				"up": {"uv": [0, 0, 4, 1], "texture": "#0"},
				"down": {"uv": [0, 0, 4, 1], "texture": "#0"}
			}
		},
		{
			"from": [7.67064, -2.24117, 18.27394],
			"to": [12.67064, 1.20883, 29.27394],
			"rotation": {"angle": 22.5, "axis": "y", "origin": [10.62524, -0.53043, 22.76773]},
			"faces": {
				"north": {"uv": [4, 0, 0, 1], "texture": "#0"},
				"east": {"uv": [4, 0, 0, 1], "texture": "#0"},
				"south": {"uv": [4, 0, 0, 1], "texture": "#0"},
				"west": {"uv": [4, 0, 0, 1], "texture": "#0"},
				"up": {"uv": [4, 0, 0, 1], "texture": "#0"},
				"down": {"uv": [4, 0, 0, 1], "texture": "#0"}
			}
		}
	],
	"display": {
		"head": {
			"scale": [3.61, 4, 3.06]
		}
	}
}