{
	"credit": "Made with Blockbench",
	"textures": {
		"0": "block/centremedusa1",
		"particle": "block/centremedusa1"
	},
	"elements": [
		{
			"from": [-16, -1, 0],
			"to": [32, 32, 0.3],
			"rotation": {"angle": 0, "axis": "y", "origin": [-1, 0, 0]},
			"faces": {
				"north": {"uv": [15.26797, 3.00654, 0.67974, 12.99346], "texture": "#0"},
				"east": {"uv": [15.26797, 3.00654, 0.67974, 12.99346], "texture": "#0"},
				"south": {"uv": [15.26797, 3.00654, 0.67974, 12.99346], "texture": "#0"},
				"west": {"uv": [15.26797, 3.00654, 0.67974, 12.99346], "texture": "#0"},
				"up": {"uv": [15.26797, 3.00654, 0.67974, 12.99346], "texture": "#0"},
				"down": {"uv": [15.26797, 3.00654, 0.67974, 12.99346], "texture": "#0"}
			}
		}
	],
	"display": {
		"thirdperson_righthand": {
			"translation": [0, 6.5, 10.5],
			"scale": [3.79, 3.39, 1.23]
		}
	}
}