{
	"credit": "Made with Blockbench",
	"textures": {
		"0": "block/brown_terracotta",
		"1": "block/white_concrete",
		"particle": "block/brown_terracotta"
	},
	"elements": [
		{
			"from": [-2, 0, -11.92105],
			"to": [1, 1, 20.07895],
			"rotation": {"angle": 0, "axis": "y", "origin": [8, 8, -3.92105]},
			"faces": {
				"north": {"uv": [0, 0, 3, 16], "texture": "#0"},
				"east": {"uv": [0, 0, 3, 16], "texture": "#0"},
				"south": {"uv": [0, 0, 3, 16], "texture": "#0"},
				"west": {"uv": [0, 0, 3, 16], "texture": "#0"},
				"up": {"uv": [0, 0, 3, 16], "texture": "#0"},
				"down": {"uv": [0, 0, 3, 16], "texture": "#0"}
			}
		},
		{
			"from": [2, 0, 7.07895],
			"to": [3, 1, 16.07895],
			"rotation": {"angle": 0, "axis": "y", "origin": [10, 8, 12.07895]},
			"faces": {
				"north": {"uv": [0, 0, 3, 16], "texture": "#0"},
				"east": {"uv": [0, 0, 3, 16], "texture": "#0"},
				"south": {"uv": [0, 0, 3, 16], "texture": "#0"},
				"west": {"uv": [0, 0, 3, 16], "texture": "#0"},
				"up": {"uv": [0, 0, 3, 16], "texture": "#0"},
				"down": {"uv": [0, 0, 3, 16], "texture": "#0"}
			}
		},
		{
			"from": [4, 0, 7.07895],
			"to": [5, 1, 16.07895],
			"rotation": {"angle": 0, "axis": "y", "origin": [12, 8, 12.07895]},
			"faces": {
				"north": {"uv": [0, 0, 3, 16], "texture": "#0"},
				"east": {"uv": [0, 0, 3, 16], "texture": "#0"},
				"south": {"uv": [0, 0, 3, 16], "texture": "#0"},
				"west": {"uv": [0, 0, 3, 16], "texture": "#0"},
				"up": {"uv": [0, 0, 3, 16], "texture": "#0"},
				"down": {"uv": [0, 0, 3, 16], "texture": "#0"}
			}
		},
		{
			"from": [6, 0, 7.07895],
			"to": [7, 1, 16.07895],
			"rotation": {"angle": 0, "axis": "y", "origin": [14, 8, 12.07895]},
			"faces": {
				"north": {"uv": [0, 0, 3, 16], "texture": "#0"},
				"east": {"uv": [0, 0, 3, 16], "texture": "#0"},
				"south": {"uv": [0, 0, 3, 16], "texture": "#0"},
				"west": {"uv": [0, 0, 3, 16], "texture": "#0"},
				"up": {"uv": [0, 0, 3, 16], "texture": "#0"},
				"down": {"uv": [0, 0, 3, 16], "texture": "#0"}
			}
		},
		{
			"from": [8, 0, 7.07895],
			"to": [9, 1, 16.07895],
			"rotation": {"angle": 0, "axis": "y", "origin": [16, 8, 12.07895]},
			"faces": {
				"north": {"uv": [0, 0, 3, 16], "texture": "#0"},
				"east": {"uv": [0, 0, 3, 16], "texture": "#0"},
				"south": {"uv": [0, 0, 3, 16], "texture": "#0"},
				"west": {"uv": [0, 0, 3, 16], "texture": "#0"},
				"up": {"uv": [0, 0, 3, 16], "texture": "#0"},
				"down": {"uv": [0, 0, 3, 16], "texture": "#0"}
			}
		},
		{
			"from": [1, 0, 10.07895],
			"to": [8, 1, 11.07895],
			"rotation": {"angle": 0, "axis": "y", "origin": [16, 8, 15.07895]},
			"faces": {
				"north": {"uv": [0, 0, 3, 16], "texture": "#0"},
				"east": {"uv": [0, 0, 3, 16], "texture": "#0"},
				"south": {"uv": [0, 0, 3, 16], "texture": "#0"},
				"west": {"uv": [0, 0, 3, 16], "texture": "#0"},
				"up": {"uv": [0, 0, 3, 16], "texture": "#0"},
				"down": {"uv": [0, 0, 3, 16], "texture": "#0"}
			}
		},
		{
			"from": [1, 0, 14.07895],
			"to": [8, 1, 15.07895],
			"rotation": {"angle": 0, "axis": "y", "origin": [16, 8, 19.07895]},
			"faces": {
				"north": {"uv": [0, 0, 3, 16], "texture": "#0"},
				"east": {"uv": [0, 0, 3, 16], "texture": "#0"},
				"south": {"uv": [0, 0, 3, 16], "texture": "#0"},
				"west": {"uv": [0, 0, 3, 16], "texture": "#0"},
				"up": {"uv": [0, 0, 3, 16], "texture": "#0"},
				"down": {"uv": [0, 0, 3, 16], "texture": "#0"}
			}
		},
		{
			"from": [1, 0, 16.07895],
			"to": [9, 1, 17.07895],
			"rotation": {"angle": 0, "axis": "y", "origin": [16, 8, 21.07895]},
			"faces": {
				"north": {"uv": [0, 0, 3, 16], "texture": "#0"},
				"east": {"uv": [0, 0, 3, 16], "texture": "#0"},
				"south": {"uv": [0, 0, 3, 16], "texture": "#0"},
				"west": {"uv": [0, 0, 3, 16], "texture": "#0"},
				"up": {"uv": [0, 0, 3, 16], "texture": "#0"},
				"down": {"uv": [0, 0, 3, 16], "texture": "#0"}
			}
		},
		{
			"from": [1, 0, 8.07895],
			"to": [8, 1, 9.07895],
			"rotation": {"angle": 0, "axis": "y", "origin": [16, 8, 13.07895]},
			"faces": {
				"north": {"uv": [0, 0, 3, 16], "texture": "#0"},
				"east": {"uv": [0, 0, 3, 16], "texture": "#0"},
				"south": {"uv": [0, 0, 3, 16], "texture": "#0"},
				"west": {"uv": [0, 0, 3, 16], "texture": "#0"},
				"up": {"uv": [0, 0, 3, 16], "texture": "#0"},
				"down": {"uv": [0, 0, 3, 16], "texture": "#0"}
			}
		},
		{
			"from": [1, 0, 12.07895],
			"to": [8, 1, 13.07895],
			"rotation": {"angle": 0, "axis": "y", "origin": [16, 8, 17.07895]},
			"faces": {
				"north": {"uv": [0, 0, 3, 16], "texture": "#0"},
				"east": {"uv": [0, 0, 3, 16], "texture": "#0"},
				"south": {"uv": [0, 0, 3, 16], "texture": "#0"},
				"west": {"uv": [0, 0, 3, 16], "texture": "#0"},
				"up": {"uv": [0, 0, 3, 16], "texture": "#0"},
				"down": {"uv": [0, 0, 3, 16], "texture": "#0"}
			}
		},
		{
			"from": [20, 0, -11.92105],
			"to": [23, 1, 20.07895],
			"rotation": {"angle": 0, "axis": "y", "origin": [28, 8, -3.92105]},
			"faces": {
				"north": {"uv": [0, 0, 3, 16], "texture": "#0"},
				"east": {"uv": [0, 0, 3, 16], "texture": "#0"},
				"south": {"uv": [0, 0, 3, 16], "texture": "#0"},
				"west": {"uv": [0, 0, 3, 16], "texture": "#0"},
				"up": {"uv": [0, 0, 3, 16], "texture": "#0"},
				"down": {"uv": [0, 0, 3, 16], "texture": "#0"}
			}
		},
		{
			"from": [1, 0, -11.92105],
			"to": [20, 1, -8.92105],
			"rotation": {"angle": 0, "axis": "y", "origin": [27, 8, -3.92105]},
			"faces": {
				"north": {"uv": [0, 0, 16, 3], "texture": "#0"},
				"east": {"uv": [0, 0, 16, 3], "texture": "#0"},
				"south": {"uv": [0, 0, 16, 3], "texture": "#0"},
				"west": {"uv": [0, 0, 16, 3], "texture": "#0"},
				"up": {"uv": [0, 0, 16, 3], "texture": "#0"},
				"down": {"uv": [0, 0, 16, 3], "texture": "#0"}
			}
		},
		{
			"from": [1, 1, -8.92105],
			"to": [20, 1.1, 1.07895],
			"rotation": {"angle": 0, "axis": "y", "origin": [27, 8, -3.92105]},
			"faces": {
				"north": {"uv": [0, 0, 16, 3], "texture": "#1"},
				"east": {"uv": [0, 0, 16, 3], "texture": "#1"},
				"south": {"uv": [0, 0, 16, 3], "texture": "#1"},
				"west": {"uv": [0, 0, 16, 3], "texture": "#1"},
				"up": {"uv": [0, 0, 16, 3], "texture": "#1"},
				"down": {"uv": [0, 0, 16, 3], "texture": "#1"}
			}
		},
		{
			"from": [1, 1, 7.07895],
			"to": [20, 1.1, 17.07895],
			"rotation": {"angle": 0, "axis": "y", "origin": [27, 8, 12.07895]},
			"faces": {
				"north": {"uv": [0, 0, 16, 3], "texture": "#1"},
				"east": {"uv": [0, 0, 16, 3], "texture": "#1"},
				"south": {"uv": [0, 0, 16, 3], "texture": "#1"},
				"west": {"uv": [0, 0, 16, 3], "texture": "#1"},
				"up": {"uv": [0, 0, 16, 3], "texture": "#1"},
				"down": {"uv": [0, 0, 16, 3], "texture": "#1"}
			}
		},
		{
			"from": [1, 0, 1.07895],
			"to": [20, 1, 7.07895],
			"rotation": {"angle": 0, "axis": "y", "origin": [27, 8, -3.92105]},
			"faces": {
				"north": {"uv": [0, 3, 16, 0], "texture": "#0"},
				"east": {"uv": [0, 3, 16, 0], "texture": "#0"},
				"south": {"uv": [0, 3, 16, 0], "texture": "#0"},
				"west": {"uv": [0, 3, 16, 0], "texture": "#0"},
				"up": {"uv": [0, 3, 16, 0], "texture": "#0"},
				"down": {"uv": [0, 3, 16, 0], "texture": "#0"}
			}
		},
		{
			"from": [1, 0, 17.07895],
			"to": [20, 1, 20.07895],
			"rotation": {"angle": 0, "axis": "y", "origin": [27, 8, 12.07895]},
			"faces": {
				"north": {"uv": [0, 3, 16, 0], "texture": "#0"},
				"east": {"uv": [0, 3, 16, 0], "texture": "#0"},
				"south": {"uv": [0, 3, 16, 0], "texture": "#0"},
				"west": {"uv": [0, 3, 16, 0], "texture": "#0"},
				"up": {"uv": [0, 3, 16, 0], "texture": "#0"},
				"down": {"uv": [0, 3, 16, 0], "texture": "#0"}
			}
		}
	],
	"display": {
		"head": {
			"scale": [2.73, 2.73, 2.73]
		}
	}
}