{
	"credit": "Made with Blockbench",
	"textures": {
		"1": "block/green_terracotta",
		"2": "block/red_concrete",
		"3": "block/spruce_planks",
		"7": "block/stripped_acacia_log",
		"8": "block/light_gray_wool",
		"9": "block/yellow_terracotta",
		"10": "block/bee_nest_top",
		"13": "block/quartz_block_bottom",
		"14": "block/quartz_pillar",
		"15": "block/quartz_pillar_top",
		"16": "block/blue_concrete",
		"17": "block/poseidon",
		"particle": "block/white_concrete"
	},
	"elements": [
		{
			"name": "octagon",
			"from": [-14.8, 2.05887, 16],
			"to": [-11.7, 3.64113, 24],
			"rotation": {"angle": 0, "axis": "z", "origin": [-13.5, 8, 8]},
			"faces": {
				"north": {"uv": [0, 0, 1, 1], "rotation": 180, "texture": "#2"},
				"east": {"uv": [0, 0, 1, 1], "rotation": 180, "texture": "#2"},
				"south": {"uv": [0, 0, 1, 1], "rotation": 180, "texture": "#2"},
				"west": {"uv": [0, 0, 1, 1], "rotation": 180, "texture": "#2"},
				"up": {"uv": [0, 0, 1, 1], "rotation": 180, "texture": "#2"},
				"down": {"uv": [0, 0, 1, 1], "rotation": 180, "texture": "#2"}
			}
		},
		{
			"name": "octagon",
			"from": [-14.7, 1.95887, 16.1],
			"to": [-11.8, 2.14113, 24],
			"rotation": {"angle": 0, "axis": "z", "origin": [-13.5, 7.9, 8]},
			"faces": {
				"north": {"uv": [0, 0, 1, 1], "rotation": 180, "texture": "#9"},
				"east": {"uv": [0, 0, 1, 1], "rotation": 180, "texture": "#9"},
				"south": {"uv": [0, 0, 1, 1], "rotation": 180, "texture": "#9"},
				"west": {"uv": [0, 0, 1, 1], "rotation": 180, "texture": "#9"},
				"up": {"uv": [0, 0, 1, 1], "rotation": 180, "texture": "#9"},
				"down": {"uv": [0, 0, 1, 1], "rotation": 180, "texture": "#9"}
			}
		},
		{
			"name": "octagon",
			"from": [-14.6, 1.95887, -8],
			"to": [-11.9, 1.95887, -0.1],
			"rotation": {"angle": 0, "axis": "z", "origin": [-13.5, 7.9, 8]},
			"faces": {
				"north": {"uv": [1, 0, 0, 1], "rotation": 180, "texture": "#9"},
				"east": {"uv": [1, 0, 0, 1], "rotation": 180, "texture": "#9"},
				"south": {"uv": [1, 0, 0, 1], "rotation": 180, "texture": "#9"},
				"west": {"uv": [1, 0, 0, 1], "rotation": 180, "texture": "#9"},
				"up": {"uv": [0, 1, 1, 0], "rotation": 180, "texture": "#9"},
				"down": {"uv": [0, 1, 1, 0], "rotation": 180, "texture": "#9"}
			}
		},
		{
			"name": "octagon",
			"from": [-14.8, 2.05887, -8],
			"to": [-11.7, 3.64113, 0],
			"rotation": {"angle": 0, "axis": "z", "origin": [-13.5, 8, 8]},
			"faces": {
				"north": {"uv": [1, 0, 0, 1], "rotation": 180, "texture": "#2"},
				"east": {"uv": [1, 0, 0, 1], "rotation": 180, "texture": "#2"},
				"south": {"uv": [1, 0, 0, 1], "rotation": 180, "texture": "#2"},
				"west": {"uv": [1, 0, 0, 1], "rotation": 180, "texture": "#2"},
				"up": {"uv": [0, 1, 1, 0], "rotation": 180, "texture": "#2"},
				"down": {"uv": [0, 1, 1, 0], "rotation": 180, "texture": "#2"}
			}
		},
		{
			"name": "octagon",
			"from": [-14.8, -11.14113, 15.5],
			"to": [-11.7, 3.64113, 16.1],
			"rotation": {"angle": 0, "axis": "z", "origin": [-13.5, 8, 8]},
			"faces": {
				"north": {"uv": [0, 0, 1, 1], "rotation": 180, "texture": "#2"},
				"east": {"uv": [0, 0, 1, 1], "rotation": 180, "texture": "#2"},
				"south": {"uv": [0, 0, 1, 1], "rotation": 180, "texture": "#2"},
				"west": {"uv": [0, 0, 1, 1], "rotation": 180, "texture": "#2"},
				"up": {"uv": [0, 0, 1, 1], "rotation": 180, "texture": "#2"},
				"down": {"uv": [0, 0, 1, 1], "rotation": 180, "texture": "#2"}
			}
		},
		{
			"name": "octagon",
			"from": [-14.7, -11.14113, 15.5],
			"to": [-11.8, 3.64113, 16.3],
			"rotation": {"angle": 0, "axis": "z", "origin": [-13.5, 8, 8]},
			"faces": {
				"north": {"uv": [0, 0, 1, 1], "rotation": 180, "texture": "#9"},
				"east": {"uv": [0, 0, 1, 1], "rotation": 180, "texture": "#9"},
				"south": {"uv": [0, 0, 1, 1], "rotation": 180, "texture": "#9"},
				"west": {"uv": [0, 0, 1, 1], "rotation": 180, "texture": "#9"},
				"up": {"uv": [0, 0, 1, 1], "rotation": 180, "texture": "#9"},
				"down": {"uv": [0, 0, 1, 1], "rotation": 180, "texture": "#9"}
			}
		},
		{
			"name": "octagon",
			"from": [-14.6, -11.14113, -0.5],
			"to": [-11.9, 3.34113, 0.5],
			"rotation": {"angle": 0, "axis": "z", "origin": [-13.5, 8, 8]},
			"faces": {
				"north": {"uv": [1, 0, 0, 1], "rotation": 180, "texture": "#9"},
				"east": {"uv": [1, 0, 0, 1], "rotation": 180, "texture": "#9"},
				"south": {"uv": [1, 0, 0, 1], "rotation": 180, "texture": "#9"},
				"west": {"uv": [1, 0, 0, 1], "rotation": 180, "texture": "#9"},
				"up": {"uv": [0, 1, 1, 0], "rotation": 180, "texture": "#9"},
				"down": {"uv": [0, 1, 1, 0], "rotation": 180, "texture": "#9"}
			}
		},
		{
			"name": "octagon",
			"from": [-14.7, -11.14113, -0.1],
			"to": [-11.8, 3.64113, 0.6],
			"rotation": {"angle": 0, "axis": "z", "origin": [-13.5, 8, 8]},
			"faces": {
				"north": {"uv": [1, 0, 0, 1], "rotation": 180, "texture": "#2"},
				"east": {"uv": [1, 0, 0, 1], "rotation": 180, "texture": "#2"},
				"south": {"uv": [1, 0, 0, 1], "rotation": 180, "texture": "#2"},
				"west": {"uv": [1, 0, 0, 1], "rotation": 180, "texture": "#2"},
				"up": {"uv": [0, 1, 1, 0], "rotation": 180, "texture": "#2"},
				"down": {"uv": [0, 1, 1, 0], "rotation": 180, "texture": "#2"}
			}
		},
		{
			"name": "octagon",
			"from": [-14.8, -11.14113, 23.9],
			"to": [-11.7, 3.64113, 24.5],
			"rotation": {"angle": 0, "axis": "z", "origin": [-13.5, 8, 16.4]},
			"faces": {
				"north": {"uv": [0, 0, 1, 1], "rotation": 180, "texture": "#9"},
				"east": {"uv": [0, 0, 1, 1], "rotation": 180, "texture": "#2"},
				"south": {"uv": [0, 0, 1, 1], "rotation": 180, "texture": "#2"},
				"west": {"uv": [0, 0, 1, 1], "rotation": 180, "texture": "#2"},
				"up": {"uv": [0, 0, 1, 1], "rotation": 180, "texture": "#2"},
				"down": {"uv": [0, 0, 1, 1], "rotation": 180, "texture": "#2"}
			}
		},
		{
			"name": "octagon",
			"from": [-14.8, -15.74113, 24.5],
			"to": [-11.7, -3.65887, 26.4],
			"rotation": {"angle": 0, "axis": "z", "origin": [-13.5, 8, 16.4]},
			"faces": {
				"north": {"uv": [0, 0, 2, 3], "rotation": 180, "texture": "#3"},
				"east": {"uv": [0, 0, 2, 3], "rotation": 180, "texture": "#3"},
				"south": {"uv": [0, 0, 2, 3], "rotation": 180, "texture": "#3"},
				"west": {"uv": [0, 0, 2, 3], "rotation": 180, "texture": "#3"},
				"up": {"uv": [0, 0, 2, 3], "rotation": 180, "texture": "#3"},
				"down": {"uv": [0, 0, 2, 3], "rotation": 180, "texture": "#3"}
			}
		},
		{
			"name": "octagon",
			"from": [-14.8, -15.74113, -10.4],
			"to": [-11.7, -3.65887, -8.5],
			"rotation": {"angle": 0, "axis": "z", "origin": [-13.5, 8, -0.4]},
			"faces": {
				"north": {"uv": [2, 0, 0, 3], "rotation": 180, "texture": "#3"},
				"east": {"uv": [2, 0, 0, 3], "rotation": 180, "texture": "#3"},
				"south": {"uv": [2, 0, 0, 3], "rotation": 180, "texture": "#3"},
				"west": {"uv": [2, 0, 0, 3], "rotation": 180, "texture": "#3"},
				"up": {"uv": [0, 3, 2, 0], "rotation": 180, "texture": "#3"},
				"down": {"uv": [0, 3, 2, 0], "rotation": 180, "texture": "#3"}
			}
		},
		{
			"name": "octagon",
			"from": [-14.7, -11.14113, 23.8],
			"to": [-11.8, 3.64113, 24.5],
			"rotation": {"angle": 0, "axis": "z", "origin": [-13.5, 8, 16.3]},
			"faces": {
				"north": {"uv": [0, 0, 1, 1], "rotation": 180, "texture": "#9"},
				"east": {"uv": [0, 0, 1, 1], "rotation": 180, "texture": "#9"},
				"south": {"uv": [0, 0, 1, 1], "rotation": 180, "texture": "#9"},
				"west": {"uv": [0, 0, 1, 1], "rotation": 180, "texture": "#9"},
				"up": {"uv": [0, 0, 1, 1], "rotation": 180, "texture": "#9"},
				"down": {"uv": [0, 0, 1, 1], "rotation": 180, "texture": "#9"}
			}
		},
		{
			"name": "octagon",
			"from": [-14.6, -11.14113, -8.5],
			"to": [-11.9, 3.34113, -7.8],
			"rotation": {"angle": 0, "axis": "z", "origin": [-13.5, 8, -0.3]},
			"faces": {
				"north": {"uv": [1, 0, 0, 1], "rotation": 180, "texture": "#9"},
				"east": {"uv": [1, 0, 0, 1], "rotation": 180, "texture": "#9"},
				"south": {"uv": [1, 0, 0, 1], "rotation": 180, "texture": "#9"},
				"west": {"uv": [1, 0, 0, 1], "rotation": 180, "texture": "#9"},
				"up": {"uv": [0, 1, 1, 0], "rotation": 180, "texture": "#9"},
				"down": {"uv": [0, 1, 1, 0], "rotation": 180, "texture": "#9"}
			}
		},
		{
			"name": "octagon",
			"from": [-14.8, -11.14113, -8.5],
			"to": [-11.7, 3.64113, -7.9],
			"rotation": {"angle": 0, "axis": "z", "origin": [-13.5, 8, -0.4]},
			"faces": {
				"north": {"uv": [1, 0, 0, 1], "rotation": 180, "texture": "#2"},
				"east": {"uv": [1, 0, 0, 1], "rotation": 180, "texture": "#2"},
				"south": {"uv": [1, 0, 0, 1], "rotation": 180, "texture": "#2"},
				"west": {"uv": [1, 0, 0, 1], "rotation": 180, "texture": "#2"},
				"up": {"uv": [0, 1, 1, 0], "rotation": 180, "texture": "#2"},
				"down": {"uv": [0, 1, 1, 0], "rotation": 180, "texture": "#2"}
			}
		},
		{
			"name": "octagon",
			"from": [-14.5, -15.94113, -8.5],
			"to": [-12.2, -11.05887, 24.6],
			"rotation": {"angle": 0, "axis": "z", "origin": [-13.5, -10, 8]},
			"faces": {
				"north": {"uv": [0, 0, 16, 3], "rotation": 180, "texture": "#3"},
				"east": {"uv": [0, 0, 16, 3], "rotation": 180, "texture": "#3"},
				"south": {"uv": [0, 0, 16, 3], "rotation": 180, "texture": "#3"},
				"west": {"uv": [0, 0, 16, 3], "rotation": 180, "texture": "#3"},
				"up": {"uv": [0, 0, 16, 3], "rotation": 180, "texture": "#3"},
				"down": {"uv": [0, 0, 16, 3], "rotation": 180, "texture": "#3"}
			}
		},
		{
			"name": "octagon",
			"from": [-14.5, -16, -0.4],
			"to": [-11, 14.94113, 16.2],
			"rotation": {"angle": 0, "axis": "z", "origin": [-13.5, -7, -8]},
			"faces": {
				"north": {"uv": [0, 0, 16, 3], "rotation": 180, "texture": "#1"},
				"east": {"uv": [0, 0, 16, 3], "rotation": 180, "texture": "#1"},
				"south": {"uv": [0, 0, 16, 3], "rotation": 180, "texture": "#1"},
				"west": {"uv": [0, 0, 16, 3], "rotation": 180, "texture": "#1"},
				"up": {"uv": [0, 0, 16, 3], "rotation": 180, "texture": "#1"},
				"down": {"uv": [0, 0, 16, 3], "rotation": 180, "texture": "#1"}
			}
		},
		{
			"name": "octagon",
			"from": [-11.6, 6.3, -0.65],
			"to": [-10.9, 8.74113, -0.15],
			"rotation": {"angle": 0, "axis": "z", "origin": [-13.5, 7.6, -13.95]},
			"faces": {
				"north": {"uv": [0, 0, 16, 3], "rotation": 180, "texture": "#8"},
				"east": {"uv": [0, 0, 16, 3], "rotation": 180, "texture": "#8"},
				"south": {"uv": [0, 0, 16, 3], "rotation": 180, "texture": "#8"},
				"west": {"uv": [0, 0, 16, 3], "rotation": 180, "texture": "#8"},
				"up": {"uv": [0, 0, 16, 3], "rotation": 180, "texture": "#8"},
				"down": {"uv": [0, 0, 16, 3], "rotation": 180, "texture": "#8"}
			}
		},
		{
			"name": "octagon",
			"from": [-11.6, 6.3, 16.15],
			"to": [-10.9, 8.74113, 16.65],
			"rotation": {"angle": 0, "axis": "z", "origin": [-13.5, 7.6, 29.95]},
			"faces": {
				"north": {"uv": [16, 0, 0, 3], "rotation": 180, "texture": "#8"},
				"east": {"uv": [16, 0, 0, 3], "rotation": 180, "texture": "#8"},
				"south": {"uv": [16, 0, 0, 3], "rotation": 180, "texture": "#8"},
				"west": {"uv": [16, 0, 0, 3], "rotation": 180, "texture": "#8"},
				"up": {"uv": [0, 3, 16, 0], "rotation": 180, "texture": "#8"},
				"down": {"uv": [0, 3, 16, 0], "rotation": 180, "texture": "#8"}
			}
		},
		{
			"name": "octagon",
			"from": [-11.6, 8.6, -3.15],
			"to": [-10.9, 8.74113, -0.65],
			"rotation": {"angle": 0, "axis": "z", "origin": [-13.5, 7.6, -14.45]},
			"faces": {
				"north": {"uv": [0, 0, 16, 3], "rotation": 180, "texture": "#8"},
				"east": {"uv": [0, 0, 16, 3], "rotation": 180, "texture": "#8"},
				"south": {"uv": [0, 0, 16, 3], "rotation": 180, "texture": "#8"},
				"west": {"uv": [0, 0, 16, 3], "rotation": 180, "texture": "#8"},
				"up": {"uv": [0, 0, 16, 3], "rotation": 180, "texture": "#8"},
				"down": {"uv": [0, 0, 16, 3], "rotation": 180, "texture": "#8"}
			}
		},
		{
			"name": "octagon",
			"from": [-11.6, 8.6, 16.65],
			"to": [-10.9, 8.74113, 19.15],
			"rotation": {"angle": 0, "axis": "z", "origin": [-13.5, 7.6, 30.45]},
			"faces": {
				"north": {"uv": [16, 0, 0, 3], "rotation": 180, "texture": "#8"},
				"east": {"uv": [16, 0, 0, 3], "rotation": 180, "texture": "#8"},
				"south": {"uv": [16, 0, 0, 3], "rotation": 180, "texture": "#8"},
				"west": {"uv": [16, 0, 0, 3], "rotation": 180, "texture": "#8"},
				"up": {"uv": [0, 3, 16, 0], "rotation": 180, "texture": "#8"},
				"down": {"uv": [0, 3, 16, 0], "rotation": 180, "texture": "#8"}
			}
		},
		{
			"name": "octagon",
			"from": [-11.6, 8.6, 19.15],
			"to": [-10.9, 10.14113, 20.85],
			"rotation": {"angle": 0, "axis": "z", "origin": [-13.5, 7.6, 30.45]},
			"faces": {
				"north": {"uv": [16, 0, 0, 3], "rotation": 180, "texture": "#10"},
				"east": {"uv": [16, 0, 0, 3], "rotation": 180, "texture": "#10"},
				"south": {"uv": [16, 0, 0, 3], "rotation": 180, "texture": "#10"},
				"west": {"uv": [16, 0, 0, 3], "rotation": 180, "texture": "#10"},
				"up": {"uv": [16, 0, 0, 3], "rotation": 180, "texture": "#10"},
				"down": {"uv": [16, 0, 0, 3], "rotation": 180, "texture": "#10"}
			}
		},
		{
			"name": "octagon",
			"from": [-11.6, 8.6, -4.85],
			"to": [-10.9, 10.14113, -3.15],
			"rotation": {"angle": 0, "axis": "z", "origin": [-13.5, 7.6, -14.45]},
			"faces": {
				"north": {"uv": [0, 0, 16, 3], "rotation": 180, "texture": "#10"},
				"east": {"uv": [0, 0, 16, 3], "rotation": 180, "texture": "#10"},
				"south": {"uv": [0, 0, 16, 3], "rotation": 180, "texture": "#10"},
				"west": {"uv": [0, 0, 16, 3], "rotation": 180, "texture": "#10"},
				"up": {"uv": [16, 3, 0, 0], "rotation": 180, "texture": "#10"},
				"down": {"uv": [16, 3, 0, 0], "rotation": 180, "texture": "#10"}
			}
		},
		{
			"name": "octagon",
			"from": [-11.6, 8.1, -3.15],
			"to": [-10.9, 8.24113, -0.65],
			"rotation": {"angle": 22.5, "axis": "x", "origin": [-11.25, 8.17057, -1.9]},
			"faces": {
				"north": {"uv": [0, 0, 16, 3], "rotation": 180, "texture": "#8"},
				"east": {"uv": [0, 0, 16, 3], "rotation": 180, "texture": "#8"},
				"south": {"uv": [0, 0, 16, 3], "rotation": 180, "texture": "#8"},
				"west": {"uv": [0, 0, 16, 3], "rotation": 180, "texture": "#8"},
				"up": {"uv": [0, 0, 16, 3], "rotation": 180, "texture": "#8"},
				"down": {"uv": [0, 0, 16, 3], "rotation": 180, "texture": "#8"}
			}
		},
		{
			"name": "octagon",
			"from": [-11.6, 8.1, 16.65],
			"to": [-10.9, 8.24113, 19.15],
			"rotation": {"angle": -22.5, "axis": "x", "origin": [-11.25, 8.17057, 17.9]},
			"faces": {
				"north": {"uv": [16, 0, 0, 3], "rotation": 180, "texture": "#8"},
				"east": {"uv": [16, 0, 0, 3], "rotation": 180, "texture": "#8"},
				"south": {"uv": [16, 0, 0, 3], "rotation": 180, "texture": "#8"},
				"west": {"uv": [16, 0, 0, 3], "rotation": 180, "texture": "#8"},
				"up": {"uv": [0, 3, 16, 0], "rotation": 180, "texture": "#8"},
				"down": {"uv": [0, 3, 16, 0], "rotation": 180, "texture": "#8"}
			}
		},
		{
			"name": "octagon",
			"from": [-11, -16, 14],
			"to": [-9, 13.94113, 16],
			"rotation": {"angle": 0, "axis": "z", "origin": [-13.5, -7, -8]},
			"faces": {
				"north": {"uv": [0, 0, 16, 3], "rotation": 180, "texture": "#3"},
				"east": {"uv": [0, 0, 16, 3], "rotation": 180, "texture": "#3"},
				"south": {"uv": [0, 0, 16, 3], "rotation": 180, "texture": "#3"},
				"west": {"uv": [0, 0, 16, 3], "rotation": 180, "texture": "#3"},
				"up": {"uv": [0, 0, 16, 3], "rotation": 180, "texture": "#3"},
				"down": {"uv": [0, 0, 16, 3], "rotation": 180, "texture": "#3"}
			}
		},
		{
			"name": "octagon",
			"from": [-13, 14, 12],
			"to": [-11, 21.94113, 14],
			"rotation": {"angle": 0, "axis": "z", "origin": [-15.5, 1, -10]},
			"faces": {
				"north": {"uv": [0, 0, 16, 3], "rotation": 180, "texture": "#3"},
				"east": {"uv": [0, 0, 16, 3], "rotation": 180, "texture": "#3"},
				"south": {"uv": [0, 0, 16, 3], "rotation": 180, "texture": "#3"},
				"west": {"uv": [0, 0, 16, 3], "rotation": 180, "texture": "#3"},
				"up": {"uv": [0, 0, 16, 3], "rotation": 180, "texture": "#3"},
				"down": {"uv": [0, 0, 16, 3], "rotation": 180, "texture": "#3"}
			}
		},
		{
			"name": "octagon",
			"from": [-13, 17.6, 11.9],
			"to": [-10.9, 18.54113, 14.1],
			"rotation": {"angle": 0, "axis": "z", "origin": [-15.5, 1, -10]},
			"faces": {
				"north": {"uv": [0, 3, 16, 4], "rotation": 180, "texture": "#3"},
				"east": {"uv": [0, 3, 16, 4], "rotation": 180, "texture": "#3"},
				"south": {"uv": [0, 3, 16, 4], "rotation": 180, "texture": "#3"},
				"west": {"uv": [0, 3, 16, 4], "rotation": 180, "texture": "#3"},
				"up": {"uv": [0, 3, 16, 4], "rotation": 180, "texture": "#3"},
				"down": {"uv": [0, 3, 16, 4], "rotation": 180, "texture": "#3"}
			}
		},
		{
			"name": "octagon",
			"from": [-13, 21, 11],
			"to": [-10, 22.94113, 15],
			"rotation": {"angle": 0, "axis": "z", "origin": [-15.5, 1, -10]},
			"faces": {
				"north": {"uv": [3, 3, 13, 4], "rotation": 180, "texture": "#10"},
				"east": {"uv": [3, 3, 13, 4], "rotation": 180, "texture": "#10"},
				"south": {"uv": [3, 3, 13, 4], "rotation": 180, "texture": "#10"},
				"west": {"uv": [3, 3, 13, 4], "rotation": 180, "texture": "#10"},
				"up": {"uv": [3, 3, 13, 4], "rotation": 180, "texture": "#10"},
				"down": {"uv": [3, 3, 13, 4], "rotation": 180, "texture": "#10"}
			}
		},
		{
			"name": "octagon",
			"from": [-13, 22.7, 5],
			"to": [-10, 22.94113, 11],
			"rotation": {"angle": 0, "axis": "z", "origin": [-15.5, 1, -10]},
			"faces": {
				"north": {"uv": [3, 3, 13, 4], "rotation": 180, "texture": "#10"},
				"east": {"uv": [3, 3, 13, 4], "rotation": 180, "texture": "#10"},
				"south": {"uv": [3, 3, 13, 4], "rotation": 180, "texture": "#10"},
				"west": {"uv": [3, 3, 13, 4], "rotation": 180, "texture": "#10"},
				"up": {"uv": [3, 3, 13, 4], "rotation": 180, "texture": "#10"},
				"down": {"uv": [3, 3, 13, 4], "rotation": 180, "texture": "#10"}
			}
		},
		{
			"name": "octagon",
			"from": [-13, 22.94113, 1.6],
			"to": [-10, 23.24113, 14.5],
			"rotation": {"angle": 0, "axis": "z", "origin": [-15.5, 1, -10]},
			"faces": {
				"north": {"uv": [3, 3, 13, 4], "rotation": 180, "texture": "#7"},
				"east": {"uv": [3, 3, 13, 4], "rotation": 180, "texture": "#7"},
				"south": {"uv": [3, 3, 13, 4], "rotation": 180, "texture": "#7"},
				"west": {"uv": [3, 3, 13, 4], "rotation": 180, "texture": "#7"},
				"up": {"uv": [3, 3, 13, 4], "rotation": 180, "texture": "#7"},
				"down": {"uv": [3, 3, 13, 4], "rotation": 180, "texture": "#7"}
			}
		},
		{
			"name": "octagon",
			"from": [-13, 23.24113, 2],
			"to": [-10, 23.54113, 14],
			"rotation": {"angle": 0, "axis": "z", "origin": [-15.5, 1, -10]},
			"faces": {
				"north": {"uv": [3, 3, 13, 4], "rotation": 180, "texture": "#10"},
				"east": {"uv": [3, 3, 13, 4], "rotation": 180, "texture": "#10"},
				"south": {"uv": [3, 3, 13, 4], "rotation": 180, "texture": "#10"},
				"west": {"uv": [3, 3, 13, 4], "rotation": 180, "texture": "#10"},
				"up": {"uv": [3, 3, 13, 4], "rotation": 180, "texture": "#10"},
				"down": {"uv": [3, 3, 13, 4], "rotation": 180, "texture": "#10"}
			}
		},
		{
			"name": "octagon",
			"from": [-13, 23.54113, 5.6],
			"to": [-10.1, 24.54113, 10.5],
			"rotation": {"angle": 0, "axis": "z", "origin": [-15.5, 1.3, -10]},
			"faces": {
				"north": {"uv": [3, 3, 13, 4], "rotation": 180, "texture": "#16"},
				"east": {"uv": [3, 3, 13, 4], "rotation": 180, "texture": "#16"},
				"south": {"uv": [3, 3, 13, 4], "rotation": 180, "texture": "#16"},
				"west": {"uv": [3, 3, 13, 4], "rotation": 180, "texture": "#16"},
				"up": {"uv": [3, 3, 13, 4], "rotation": 180, "texture": "#16"},
				"down": {"uv": [3, 3, 13, 4], "rotation": 180, "texture": "#16"}
			}
		},
		{
			"name": "octagon",
			"from": [-13, 25.04113, 7.7],
			"to": [-9.9, 25.44113, 15.4],
			"rotation": {"angle": 22.5, "axis": "x", "origin": [-11.5, 25.19113, 9.4]},
			"faces": {
				"north": {"uv": [3, 3, 13, 4], "rotation": 180, "texture": "#10"},
				"east": {"uv": [3, 3, 13, 4], "rotation": 180, "texture": "#10"},
				"south": {"uv": [3, 3, 13, 4], "rotation": 180, "texture": "#10"},
				"west": {"uv": [3, 3, 13, 4], "rotation": 180, "texture": "#10"},
				"up": {"uv": [3, 3, 13, 4], "rotation": 180, "texture": "#10"},
				"down": {"uv": [3, 3, 13, 4], "rotation": 180, "texture": "#10"}
			}
		},
		{
			"name": "octagon",
			"from": [-13, 25.04113, 0.6],
			"to": [-9.9, 25.44113, 8.2],
			"rotation": {"angle": -22.5, "axis": "x", "origin": [-11.5, 25.19113, 6.6]},
			"faces": {
				"north": {"uv": [13, 3, 3, 4], "rotation": 180, "texture": "#10"},
				"east": {"uv": [13, 3, 3, 4], "rotation": 180, "texture": "#10"},
				"south": {"uv": [13, 3, 3, 4], "rotation": 180, "texture": "#10"},
				"west": {"uv": [13, 3, 3, 4], "rotation": 180, "texture": "#10"},
				"up": {"uv": [3, 4, 13, 3], "rotation": 180, "texture": "#10"},
				"down": {"uv": [3, 4, 13, 3], "rotation": 180, "texture": "#10"}
			}
		},
		{
			"name": "octagon",
			"from": [-12.7, 24.04113, 0.6],
			"to": [-10.1, 25.34113, 8.1],
			"rotation": {"angle": -22.5, "axis": "x", "origin": [-11.5, 25.19113, 6.6]},
			"faces": {
				"north": {"uv": [3, 4, 13, 3], "rotation": 180, "texture": "#16"},
				"east": {"uv": [3, 4, 13, 3], "rotation": 180, "texture": "#16"},
				"south": {"uv": [3, 4, 13, 3], "rotation": 180, "texture": "#16"},
				"west": {"uv": [3, 4, 13, 3], "rotation": 180, "texture": "#16"},
				"up": {"uv": [3, 4, 13, 3], "rotation": 180, "texture": "#16"},
				"down": {"uv": [3, 4, 13, 3], "rotation": 180, "texture": "#16"}
			}
		},
		{
			"name": "octagon",
			"from": [-12.7, 24.04113, 7.9],
			"to": [-10.1, 25.34113, 15.4],
			"rotation": {"angle": 22.5, "axis": "x", "origin": [-11.5, 25.19113, 9.4]},
			"faces": {
				"north": {"uv": [13, 4, 3, 3], "rotation": 180, "texture": "#16"},
				"east": {"uv": [13, 4, 3, 3], "rotation": 180, "texture": "#16"},
				"south": {"uv": [13, 4, 3, 3], "rotation": 180, "texture": "#16"},
				"west": {"uv": [13, 4, 3, 3], "rotation": 180, "texture": "#16"},
				"up": {"uv": [3, 3, 13, 4], "rotation": 180, "texture": "#16"},
				"down": {"uv": [3, 3, 13, 4], "rotation": 180, "texture": "#16"}
			}
		},
		{
			"name": "octagon",
			"from": [-13, 21, 1],
			"to": [-10, 22.94113, 5],
			"rotation": {"angle": 0, "axis": "z", "origin": [-15.5, 1, 26]},
			"faces": {
				"north": {"uv": [13, 3, 3, 4], "rotation": 180, "texture": "#10"},
				"east": {"uv": [13, 3, 3, 4], "rotation": 180, "texture": "#10"},
				"south": {"uv": [13, 3, 3, 4], "rotation": 180, "texture": "#10"},
				"west": {"uv": [13, 3, 3, 4], "rotation": 180, "texture": "#10"},
				"up": {"uv": [3, 4, 13, 3], "rotation": 180, "texture": "#10"},
				"down": {"uv": [3, 4, 13, 3], "rotation": 180, "texture": "#10"}
			}
		},
		{
			"name": "octagon",
			"from": [-13, 14, 2],
			"to": [-11, 21.94113, 4],
			"rotation": {"angle": 0, "axis": "z", "origin": [-15.5, 1, 26]},
			"faces": {
				"north": {"uv": [16, 0, 0, 3], "rotation": 180, "texture": "#3"},
				"east": {"uv": [16, 0, 0, 3], "rotation": 180, "texture": "#3"},
				"south": {"uv": [16, 0, 0, 3], "rotation": 180, "texture": "#3"},
				"west": {"uv": [16, 0, 0, 3], "rotation": 180, "texture": "#3"},
				"up": {"uv": [0, 3, 16, 0], "rotation": 180, "texture": "#3"},
				"down": {"uv": [0, 3, 16, 0], "rotation": 180, "texture": "#3"}
			}
		},
		{
			"name": "octagon",
			"from": [-13, 17.6, 1.9],
			"to": [-10.9, 18.54113, 4.1],
			"rotation": {"angle": 0, "axis": "z", "origin": [-15.5, 1, 26]},
			"faces": {
				"north": {"uv": [0, 3, 16, 4], "rotation": 180, "texture": "#3"},
				"east": {"uv": [0, 3, 16, 4], "rotation": 180, "texture": "#3"},
				"south": {"uv": [0, 3, 16, 4], "rotation": 180, "texture": "#3"},
				"west": {"uv": [0, 3, 16, 4], "rotation": 180, "texture": "#3"},
				"up": {"uv": [0, 3, 16, 4], "rotation": 180, "texture": "#3"},
				"down": {"uv": [0, 3, 16, 4], "rotation": 180, "texture": "#3"}
			}
		},
		{
			"name": "octagon",
			"from": [-11, 13.94113, -1],
			"to": [-9, 14.94113, 17],
			"rotation": {"angle": 0, "axis": "z", "origin": [-13.5, -7, -8]},
			"faces": {
				"north": {"uv": [0, 1, 16, 4], "rotation": 180, "texture": "#3"},
				"east": {"uv": [0, 1, 16, 4], "rotation": 180, "texture": "#3"},
				"south": {"uv": [0, 1, 16, 4], "rotation": 180, "texture": "#3"},
				"west": {"uv": [0, 1, 16, 4], "rotation": 180, "texture": "#3"},
				"up": {"uv": [0, 1, 16, 4], "rotation": 180, "texture": "#3"},
				"down": {"uv": [0, 1, 16, 4], "rotation": 180, "texture": "#3"}
			}
		},
		{
			"name": "octagon",
			"from": [-11, -16, 2],
			"to": [-9, -4.05887, 14],
			"rotation": {"angle": 0, "axis": "z", "origin": [-13.5, -7, -10]},
			"faces": {
				"north": {"uv": [0, 0, 16, 3], "rotation": 180, "texture": "#3"},
				"east": {"uv": [0, 0, 16, 3], "rotation": 180, "texture": "#3"},
				"south": {"uv": [0, 0, 16, 3], "rotation": 180, "texture": "#3"},
				"west": {"uv": [0, 0, 16, 3], "rotation": 180, "texture": "#3"},
				"up": {"uv": [0, 0, 16, 3], "rotation": 180, "texture": "#3"},
				"down": {"uv": [0, 0, 16, 3], "rotation": 180, "texture": "#3"}
			}
		},
		{
			"name": "octagon",
			"from": [-11, -4, 3],
			"to": [-9, 13.94113, 13],
			"rotation": {"angle": 0, "axis": "z", "origin": [-13.5, 5, -10]},
			"faces": {
				"north": {"uv": [0, 0, 16, 3], "rotation": 180, "texture": "#particle"},
				"east": {"uv": [0, 0, 16, 3], "rotation": 180, "texture": "#particle"},
				"south": {"uv": [0, 0, 16, 3], "rotation": 180, "texture": "#particle"},
				"west": {"uv": [0, 0, 16, 3], "rotation": 180, "texture": "#particle"},
				"up": {"uv": [0, 0, 16, 3], "rotation": 180, "texture": "#particle"},
				"down": {"uv": [0, 0, 16, 3], "rotation": 180, "texture": "#particle"}
			}
		},
		{
			"name": "octagon",
			"from": [-10.8, -4, 2],
			"to": [-8.8, 0.64113, 5.1],
			"rotation": {"angle": 0, "axis": "z", "origin": [-13.3, 5, -10]},
			"faces": {
				"north": {"uv": [0, 0, 16, 3], "rotation": 180, "texture": "#13"},
				"east": {"uv": [0, 0, 16, 3], "rotation": 180, "texture": "#13"},
				"south": {"uv": [0, 0, 16, 3], "rotation": 180, "texture": "#13"},
				"west": {"uv": [0, 0, 16, 3], "rotation": 180, "texture": "#13"},
				"up": {"uv": [0, 0, 16, 3], "rotation": 180, "texture": "#13"},
				"down": {"uv": [0, 0, 16, 3], "rotation": 180, "texture": "#13"}
			}
		},
		{
			"name": "octagon",
			"from": [-10.8, 0.3, 5.4],
			"to": [-8.3, 2.64113, 9.1],
			"rotation": {"angle": 0, "axis": "z", "origin": [-13.3, 7, -6]},
			"faces": {
				"north": {"uv": [0, 0, 16, 3], "rotation": 180, "texture": "#14"},
				"east": {"uv": [0, 0, 16, 3], "rotation": 180, "texture": "#14"},
				"south": {"uv": [0, 0, 16, 3], "rotation": 180, "texture": "#14"},
				"west": {"uv": [0, 0, 16, 3], "rotation": 180, "texture": "#14"},
				"up": {"uv": [0, 0, 16, 3], "rotation": 180, "texture": "#14"},
				"down": {"uv": [0, 0, 16, 3], "rotation": 180, "texture": "#14"}
			}
		},
		{
			"name": "octagon",
			"from": [-11.1, -2.1, 7.5],
			"to": [-8.6, 0.24113, 11.2],
			"rotation": {"angle": 0, "axis": "z", "origin": [-13.6, 4.6, -3.9]},
			"faces": {
				"north": {"uv": [0, 0, 16, 3], "rotation": 180, "texture": "#14"},
				"east": {"uv": [0, 0, 16, 3], "rotation": 180, "texture": "#14"},
				"south": {"uv": [0, 0, 16, 3], "rotation": 180, "texture": "#14"},
				"west": {"uv": [0, 0, 16, 3], "rotation": 180, "texture": "#14"},
				"up": {"uv": [0, 0, 16, 3], "rotation": 180, "texture": "#14"},
				"down": {"uv": [0, 0, 16, 3], "rotation": 180, "texture": "#14"}
			}
		},
		{
			"name": "octagon",
			"from": [-11, -3.4, 10],
			"to": [-8.5, -1.05887, 13.7],
			"rotation": {"angle": 0, "axis": "z", "origin": [-13.5, 3.3, -1.4]},
			"faces": {
				"north": {"uv": [0, 0, 16, 9], "rotation": 180, "texture": "#15"},
				"east": {"uv": [0, 0, 16, 9], "rotation": 180, "texture": "#15"},
				"south": {"uv": [0, 0, 16, 9], "rotation": 180, "texture": "#15"},
				"west": {"uv": [0, 0, 16, 9], "rotation": 180, "texture": "#15"},
				"up": {"uv": [0, 0, 16, 9], "rotation": 180, "texture": "#15"},
				"down": {"uv": [0, 0, 16, 9], "rotation": 180, "texture": "#15"}
			}
		},
		{
			"name": "octagon",
			"from": [-11, 0.3, 10],
			"to": [-8.3, 2.64113, 12.5],
			"rotation": {"angle": 0, "axis": "z", "origin": [-13.5, 7, -1.4]},
			"faces": {
				"north": {"uv": [0, 0, 16, 9], "rotation": 180, "texture": "#13"},
				"east": {"uv": [0, 0, 16, 9], "rotation": 180, "texture": "#13"},
				"south": {"uv": [0, 0, 16, 9], "rotation": 180, "texture": "#13"},
				"west": {"uv": [0, 0, 16, 9], "rotation": 180, "texture": "#13"},
				"up": {"uv": [0, 0, 16, 9], "rotation": 180, "texture": "#13"},
				"down": {"uv": [0, 0, 16, 9], "rotation": 180, "texture": "#13"}
			}
		},
		{
			"name": "octagon",
			"from": [-11, 2.6, 4.7],
			"to": [-8.1, 4.94113, 7.2],
			"rotation": {"angle": 0, "axis": "z", "origin": [-13.5, 9.3, -6.7]},
			"faces": {
				"north": {"uv": [0, 0, 16, 9], "rotation": 180, "texture": "#13"},
				"east": {"uv": [0, 0, 16, 9], "rotation": 180, "texture": "#13"},
				"south": {"uv": [0, 0, 16, 9], "rotation": 180, "texture": "#13"},
				"west": {"uv": [0, 0, 16, 9], "rotation": 180, "texture": "#13"},
				"up": {"uv": [0, 0, 16, 9], "rotation": 180, "texture": "#13"},
				"down": {"uv": [0, 0, 16, 9], "rotation": 180, "texture": "#13"}
			}
		},
		{
			"name": "octagon",
			"from": [-11, 9.1, 4.7],
			"to": [-8.1, 11.44113, 7.2],
			"rotation": {"angle": 0, "axis": "z", "origin": [-13.5, 15.8, -6.7]},
			"faces": {
				"north": {"uv": [0, 0, 16, 9], "rotation": 180, "texture": "#13"},
				"east": {"uv": [0, 0, 16, 9], "rotation": 180, "texture": "#13"},
				"south": {"uv": [0, 0, 16, 9], "rotation": 180, "texture": "#13"},
				"west": {"uv": [0, 0, 16, 9], "rotation": 180, "texture": "#13"},
				"up": {"uv": [0, 0, 16, 9], "rotation": 180, "texture": "#13"},
				"down": {"uv": [0, 0, 16, 9], "rotation": 180, "texture": "#13"}
			}
		},
		{
			"name": "octagon",
			"from": [-11, 4.3, 7.5],
			"to": [-7.9, 6.64113, 10],
			"rotation": {"angle": 0, "axis": "z", "origin": [-13.5, 11, -3.9]},
			"faces": {
				"north": {"uv": [0, 0, 16, 9], "rotation": 180, "texture": "#13"},
				"east": {"uv": [0, 0, 16, 9], "rotation": 180, "texture": "#13"},
				"south": {"uv": [0, 0, 16, 9], "rotation": 180, "texture": "#13"},
				"west": {"uv": [0, 0, 16, 9], "rotation": 180, "texture": "#13"},
				"up": {"uv": [0, 0, 16, 9], "rotation": 180, "texture": "#13"},
				"down": {"uv": [0, 0, 16, 9], "rotation": 180, "texture": "#13"}
			}
		},
		{
			"name": "octagon",
			"from": [-11, 10.8, 7.5],
			"to": [-7.9, 13.14113, 10],
			"rotation": {"angle": 0, "axis": "z", "origin": [-13.5, 17.5, -3.9]},
			"faces": {
				"north": {"uv": [0, 0, 16, 9], "rotation": 180, "texture": "#13"},
				"east": {"uv": [0, 0, 16, 9], "rotation": 180, "texture": "#13"},
				"south": {"uv": [0, 0, 16, 9], "rotation": 180, "texture": "#13"},
				"west": {"uv": [0, 0, 16, 9], "rotation": 180, "texture": "#13"},
				"up": {"uv": [0, 0, 16, 9], "rotation": 180, "texture": "#13"},
				"down": {"uv": [0, 0, 16, 9], "rotation": 180, "texture": "#13"}
			}
		},
		{
			"name": "octagon",
			"from": [-11, 9.5, 9],
			"to": [-7.7, 11.84113, 11.5],
			"rotation": {"angle": 0, "axis": "z", "origin": [-13.5, 16.2, -2.4]},
			"faces": {
				"north": {"uv": [0, 0, 16, 9], "rotation": 180, "texture": "#13"},
				"east": {"uv": [0, 0, 16, 9], "rotation": 180, "texture": "#13"},
				"south": {"uv": [0, 0, 16, 9], "rotation": 180, "texture": "#13"},
				"west": {"uv": [0, 0, 16, 9], "rotation": 180, "texture": "#13"},
				"up": {"uv": [0, 0, 16, 9], "rotation": 180, "texture": "#13"},
				"down": {"uv": [0, 0, 16, 9], "rotation": 180, "texture": "#13"}
			}
		},
		{
			"name": "octagon",
			"from": [-11, 2, 2.6],
			"to": [-7.7, 4.34113, 5.1],
			"rotation": {"angle": 0, "axis": "z", "origin": [-13.5, 8.7, -8.8]},
			"faces": {
				"north": {"uv": [0, 0, 16, 9], "rotation": 180, "texture": "#13"},
				"east": {"uv": [0, 0, 16, 9], "rotation": 180, "texture": "#13"},
				"south": {"uv": [0, 0, 16, 9], "rotation": 180, "texture": "#13"},
				"west": {"uv": [0, 0, 16, 9], "rotation": 180, "texture": "#13"},
				"up": {"uv": [0, 0, 16, 9], "rotation": 180, "texture": "#13"},
				"down": {"uv": [0, 0, 16, 9], "rotation": 180, "texture": "#13"}
			}
		},
		{
			"name": "octagon",
			"from": [-11, 8.7, 2.6],
			"to": [-7.7, 11.04113, 5.1],
			"rotation": {"angle": 0, "axis": "z", "origin": [-13.5, 15.4, -8.8]},
			"faces": {
				"north": {"uv": [0, 0, 16, 9], "rotation": 180, "texture": "#13"},
				"east": {"uv": [0, 0, 16, 9], "rotation": 180, "texture": "#13"},
				"south": {"uv": [0, 0, 16, 9], "rotation": 180, "texture": "#13"},
				"west": {"uv": [0, 0, 16, 9], "rotation": 180, "texture": "#13"},
				"up": {"uv": [0, 0, 16, 9], "rotation": 180, "texture": "#13"},
				"down": {"uv": [0, 0, 16, 9], "rotation": 180, "texture": "#13"}
			}
		},
		{
			"name": "octagon",
			"from": [-11, 4.3, 3.1],
			"to": [-7.9, 6.64113, 5.6],
			"rotation": {"angle": 0, "axis": "z", "origin": [-13.5, 11, -8.3]},
			"faces": {
				"north": {"uv": [0, 0, 16, 9], "rotation": 180, "texture": "#15"},
				"east": {"uv": [0, 0, 16, 9], "rotation": 180, "texture": "#15"},
				"south": {"uv": [0, 0, 16, 9], "rotation": 180, "texture": "#15"},
				"west": {"uv": [0, 0, 16, 9], "rotation": 180, "texture": "#15"},
				"up": {"uv": [0, 0, 16, 9], "rotation": 180, "texture": "#15"},
				"down": {"uv": [0, 0, 16, 9], "rotation": 180, "texture": "#15"}
			}
		},
		{
			"name": "octagon",
			"from": [-11, 10.8, 3.1],
			"to": [-7.9, 13.14113, 5.6],
			"rotation": {"angle": 0, "axis": "z", "origin": [-13.5, 17.5, -8.3]},
			"faces": {
				"north": {"uv": [0, 0, 16, 9], "rotation": 180, "texture": "#15"},
				"east": {"uv": [0, 0, 16, 9], "rotation": 180, "texture": "#15"},
				"south": {"uv": [0, 0, 16, 9], "rotation": 180, "texture": "#15"},
				"west": {"uv": [0, 0, 16, 9], "rotation": 180, "texture": "#15"},
				"up": {"uv": [0, 0, 16, 9], "rotation": 180, "texture": "#15"},
				"down": {"uv": [0, 0, 16, 9], "rotation": 180, "texture": "#15"}
			}
		},
		{
			"name": "octagon",
			"from": [-11, 3.8, 11.2],
			"to": [-7.9, 6.14113, 13.7],
			"rotation": {"angle": 0, "axis": "z", "origin": [-13.5, 10.5, -0.2]},
			"faces": {
				"north": {"uv": [0, 0, 16, 9], "rotation": 180, "texture": "#15"},
				"east": {"uv": [0, 0, 16, 9], "rotation": 180, "texture": "#15"},
				"south": {"uv": [0, 0, 16, 9], "rotation": 180, "texture": "#15"},
				"west": {"uv": [0, 0, 16, 9], "rotation": 180, "texture": "#15"},
				"up": {"uv": [0, 0, 16, 9], "rotation": 180, "texture": "#15"},
				"down": {"uv": [0, 0, 16, 9], "rotation": 180, "texture": "#15"}
			}
		},
		{
			"name": "octagon",
			"from": [-11, 6.5, 4.6],
			"to": [-7.7, 8.84113, 7.1],
			"rotation": {"angle": 0, "axis": "z", "origin": [-13.5, 13.2, -6.8]},
			"faces": {
				"north": {"uv": [0, 0, 16, 9], "rotation": 180, "texture": "#13"},
				"east": {"uv": [0, 0, 16, 9], "rotation": 180, "texture": "#13"},
				"south": {"uv": [0, 0, 16, 9], "rotation": 180, "texture": "#13"},
				"west": {"uv": [0, 0, 16, 9], "rotation": 180, "texture": "#13"},
				"up": {"uv": [0, 0, 16, 9], "rotation": 180, "texture": "#13"},
				"down": {"uv": [0, 0, 16, 9], "rotation": 180, "texture": "#13"}
			}
		},
		{
			"name": "octagon",
			"from": [-11, 13, 4.6],
			"to": [-8.8, 15.34113, 7.1],
			"rotation": {"angle": 0, "axis": "z", "origin": [-13.5, 19.7, -6.8]},
			"faces": {
				"north": {"uv": [0, 0, 16, 9], "rotation": 180, "texture": "#13"},
				"east": {"uv": [0, 0, 16, 9], "rotation": 180, "texture": "#13"},
				"south": {"uv": [0, 0, 16, 9], "rotation": 180, "texture": "#13"},
				"west": {"uv": [0, 0, 16, 9], "rotation": 180, "texture": "#13"},
				"up": {"uv": [0, 0, 16, 9], "rotation": 180, "texture": "#13"},
				"down": {"uv": [0, 0, 16, 9], "rotation": 180, "texture": "#13"}
			}
		},
		{
			"name": "octagon",
			"from": [-11, -1.9, 4.6],
			"to": [-7.7, 0.44113, 7.1],
			"rotation": {"angle": 0, "axis": "z", "origin": [-13.5, 4.8, -6.8]},
			"faces": {
				"north": {"uv": [0, 0, 16, 9], "rotation": 180, "texture": "#13"},
				"east": {"uv": [0, 0, 16, 9], "rotation": 180, "texture": "#13"},
				"south": {"uv": [0, 0, 16, 9], "rotation": 180, "texture": "#13"},
				"west": {"uv": [0, 0, 16, 9], "rotation": 180, "texture": "#13"},
				"up": {"uv": [0, 0, 16, 9], "rotation": 180, "texture": "#13"},
				"down": {"uv": [0, 0, 16, 9], "rotation": 180, "texture": "#13"}
			}
		},
		{
			"name": "octagon",
			"from": [-10.9, -3.9, 4.1],
			"to": [-7.6, -1.55887, 6.6],
			"rotation": {"angle": 0, "axis": "z", "origin": [-13.4, 2.8, -7.3]},
			"faces": {
				"north": {"uv": [0, 0, 16, 16], "rotation": 180, "texture": "#15"},
				"east": {"uv": [0, 0, 16, 16], "rotation": 180, "texture": "#15"},
				"south": {"uv": [0, 0, 16, 16], "rotation": 180, "texture": "#15"},
				"west": {"uv": [0, 0, 16, 16], "rotation": 180, "texture": "#15"},
				"up": {"uv": [0, 0, 16, 16], "rotation": 180, "texture": "#15"},
				"down": {"uv": [0, 0, 16, 16], "rotation": 180, "texture": "#15"}
			}
		},
		{
			"name": "octagon",
			"from": [-11, -2.9, 7],
			"to": [-8.4, -0.55887, 9.5],
			"rotation": {"angle": 0, "axis": "z", "origin": [-13.5, 3.8, -4.4]},
			"faces": {
				"north": {"uv": [0, 0, 16, 9], "rotation": 180, "texture": "#13"},
				"east": {"uv": [0, 0, 16, 9], "rotation": 180, "texture": "#13"},
				"south": {"uv": [0, 0, 16, 9], "rotation": 180, "texture": "#13"},
				"west": {"uv": [0, 0, 16, 9], "rotation": 180, "texture": "#13"},
				"up": {"uv": [0, 0, 16, 9], "rotation": 180, "texture": "#13"},
				"down": {"uv": [0, 0, 16, 9], "rotation": 180, "texture": "#13"}
			}
		},
		{
			"name": "octagon",
			"from": [-11, 1.8, 8.9],
			"to": [-7.6, 4.14113, 11.4],
			"rotation": {"angle": 0, "axis": "z", "origin": [-13.5, 8.5, -2.5]},
			"faces": {
				"north": {"uv": [0, 0, 16, 9], "rotation": 180, "texture": "#13"},
				"east": {"uv": [0, 0, 16, 9], "rotation": 180, "texture": "#13"},
				"south": {"uv": [0, 0, 16, 9], "rotation": 180, "texture": "#13"},
				"west": {"uv": [0, 0, 16, 9], "rotation": 180, "texture": "#13"},
				"up": {"uv": [0, 0, 16, 9], "rotation": 180, "texture": "#13"},
				"down": {"uv": [0, 0, 16, 9], "rotation": 180, "texture": "#13"}
			}
		},
		{
			"name": "octagon",
			"from": [-11, 2.6, 7],
			"to": [-8.3, 5.14113, 10],
			"rotation": {"angle": 0, "axis": "z", "origin": [-13.5, 9.3, -4.4]},
			"faces": {
				"north": {"uv": [0, 0, 16, 9], "rotation": 180, "texture": "#14"},
				"east": {"uv": [0, 0, 16, 9], "rotation": 180, "texture": "#14"},
				"south": {"uv": [0, 0, 16, 9], "rotation": 180, "texture": "#14"},
				"west": {"uv": [0, 0, 16, 9], "rotation": 180, "texture": "#14"},
				"up": {"uv": [0, 0, 16, 9], "rotation": 180, "texture": "#14"},
				"down": {"uv": [0, 0, 16, 9], "rotation": 180, "texture": "#14"}
			}
		},
		{
			"name": "octagon",
			"from": [-11, 9.1, 7],
			"to": [-8.3, 11.64113, 10],
			"rotation": {"angle": 0, "axis": "z", "origin": [-13.5, 15.8, -4.4]},
			"faces": {
				"north": {"uv": [0, 0, 16, 9], "rotation": 180, "texture": "#14"},
				"east": {"uv": [0, 0, 16, 9], "rotation": 180, "texture": "#14"},
				"south": {"uv": [0, 0, 16, 9], "rotation": 180, "texture": "#14"},
				"west": {"uv": [0, 0, 16, 9], "rotation": 180, "texture": "#14"},
				"up": {"uv": [0, 0, 16, 9], "rotation": 180, "texture": "#14"},
				"down": {"uv": [0, 0, 16, 9], "rotation": 180, "texture": "#14"}
			}
		},
		{
			"name": "octagon",
			"from": [-11, 5.1, 9.4],
			"to": [-8.3, 7.64113, 12.4],
			"rotation": {"angle": 0, "axis": "z", "origin": [-13.5, 11.8, -2]},
			"faces": {
				"north": {"uv": [0, 0, 16, 9], "rotation": 180, "texture": "#14"},
				"east": {"uv": [0, 0, 16, 9], "rotation": 180, "texture": "#14"},
				"south": {"uv": [0, 0, 16, 9], "rotation": 180, "texture": "#14"},
				"west": {"uv": [0, 0, 16, 9], "rotation": 180, "texture": "#14"},
				"up": {"uv": [0, 0, 16, 9], "rotation": 180, "texture": "#14"},
				"down": {"uv": [0, 0, 16, 9], "rotation": 180, "texture": "#14"}
			}
		},
		{
			"name": "octagon",
			"from": [-11, 7.4, 10.5],
			"to": [-8.3, 9.94113, 13.5],
			"rotation": {"angle": 0, "axis": "z", "origin": [-13.5, 14.1, -0.9]},
			"faces": {
				"north": {"uv": [0, 0, 16, 9], "rotation": 180, "texture": "#14"},
				"east": {"uv": [0, 0, 16, 9], "rotation": 180, "texture": "#14"},
				"south": {"uv": [0, 0, 16, 9], "rotation": 180, "texture": "#14"},
				"west": {"uv": [0, 0, 16, 9], "rotation": 180, "texture": "#14"},
				"up": {"uv": [0, 0, 16, 9], "rotation": 180, "texture": "#14"},
				"down": {"uv": [0, 0, 16, 9], "rotation": 180, "texture": "#14"}
			}
		},
		{
			"name": "octagon",
			"from": [-11, 11.6, 9.4],
			"to": [-8.3, 14.14113, 12.4],
			"rotation": {"angle": 0, "axis": "z", "origin": [-13.5, 18.3, -2]},
			"faces": {
				"north": {"uv": [0, 0, 16, 9], "rotation": 180, "texture": "#14"},
				"east": {"uv": [0, 0, 16, 9], "rotation": 180, "texture": "#14"},
				"south": {"uv": [0, 0, 16, 9], "rotation": 180, "texture": "#14"},
				"west": {"uv": [0, 0, 16, 9], "rotation": 180, "texture": "#14"},
				"up": {"uv": [0, 0, 16, 9], "rotation": 180, "texture": "#14"},
				"down": {"uv": [0, 0, 16, 9], "rotation": 180, "texture": "#14"}
			}
		},
		{
			"name": "octagon",
			"from": [-11, 6.9, 6.5],
			"to": [-8.3, 9.44113, 9.5],
			"rotation": {"angle": 0, "axis": "z", "origin": [-13.5, 13.6, -4.9]},
			"faces": {
				"north": {"uv": [0, 0, 16, 9], "rotation": 180, "texture": "#14"},
				"east": {"uv": [0, 0, 16, 9], "rotation": 180, "texture": "#14"},
				"south": {"uv": [0, 0, 16, 9], "rotation": 180, "texture": "#14"},
				"west": {"uv": [0, 0, 16, 9], "rotation": 180, "texture": "#14"},
				"up": {"uv": [0, 0, 16, 9], "rotation": 180, "texture": "#14"},
				"down": {"uv": [0, 0, 16, 9], "rotation": 180, "texture": "#14"}
			}
		},
		{
			"name": "octagon",
			"from": [-11, 13.4, 6.5],
			"to": [-8.3, 15.94113, 9.5],
			"rotation": {"angle": 0, "axis": "z", "origin": [-13.5, 20.1, -4.9]},
			"faces": {
				"north": {"uv": [0, 0, 16, 9], "rotation": 180, "texture": "#14"},
				"east": {"uv": [0, 0, 16, 9], "rotation": 180, "texture": "#14"},
				"south": {"uv": [0, 0, 16, 9], "rotation": 180, "texture": "#14"},
				"west": {"uv": [0, 0, 16, 9], "rotation": 180, "texture": "#14"},
				"up": {"uv": [0, 0, 16, 9], "rotation": 180, "texture": "#14"},
				"down": {"uv": [0, 0, 16, 9], "rotation": 180, "texture": "#14"}
			}
		},
		{
			"name": "octagon",
			"from": [-11, 13.4, 6.5],
			"to": [-8.3, 15.94113, 9.5],
			"rotation": {"angle": 0, "axis": "z", "origin": [-13.5, 20.1, -4.9]},
			"faces": {
				"north": {"uv": [0, 0, 16, 9], "rotation": 180, "texture": "#14"},
				"east": {"uv": [0, 0, 16, 9], "rotation": 180, "texture": "#14"},
				"south": {"uv": [0, 0, 16, 9], "rotation": 180, "texture": "#14"},
				"west": {"uv": [0, 0, 16, 9], "rotation": 180, "texture": "#14"},
				"up": {"uv": [0, 0, 16, 9], "rotation": 180, "texture": "#14"},
				"down": {"uv": [0, 0, 16, 9], "rotation": 180, "texture": "#14"}
			}
		},
		{
			"name": "octagon",
			"from": [-11.1, 2.2, 13.9],
			"to": [-8.9, 3.04113, 16.1],
			"rotation": {"angle": 0, "axis": "z", "origin": [-13.5, -7, -8]},
			"faces": {
				"north": {"uv": [0, 0, 16, 3], "rotation": 180, "texture": "#particle"},
				"east": {"uv": [0, 0, 16, 3], "rotation": 180, "texture": "#particle"},
				"south": {"uv": [0, 0, 16, 3], "rotation": 180, "texture": "#particle"},
				"west": {"uv": [0, 0, 16, 3], "rotation": 180, "texture": "#particle"},
				"up": {"uv": [0, 0, 16, 3], "rotation": 180, "texture": "#particle"},
				"down": {"uv": [0, 0, 16, 3], "rotation": 180, "texture": "#particle"}
			}
		},
		{
			"name": "octagon",
			"from": [-12, 8.8, 13.7],
			"to": [-8.5, 9.64113, 16.3],
			"rotation": {"angle": 0, "axis": "z", "origin": [-13.5, -0.4, -8]},
			"faces": {
				"north": {"uv": [0, 0, 16, 3], "rotation": 180, "texture": "#particle"},
				"east": {"uv": [0, 0, 16, 3], "rotation": 180, "texture": "#particle"},
				"south": {"uv": [0, 0, 16, 3], "rotation": 180, "texture": "#particle"},
				"west": {"uv": [0, 0, 16, 3], "rotation": 180, "texture": "#particle"},
				"up": {"uv": [0, 0, 16, 3], "rotation": 180, "texture": "#particle"},
				"down": {"uv": [0, 0, 16, 3], "rotation": 180, "texture": "#particle"}
			}
		},
		{
			"name": "octagon",
			"from": [-11.1, 2.2, -0.1],
			"to": [-8.9, 3.04113, 2.1],
			"rotation": {"angle": 0, "axis": "z", "origin": [-13.5, -7, 24]},
			"faces": {
				"north": {"uv": [16, 0, 0, 3], "rotation": 180, "texture": "#particle"},
				"east": {"uv": [16, 0, 0, 3], "rotation": 180, "texture": "#particle"},
				"south": {"uv": [16, 0, 0, 3], "rotation": 180, "texture": "#particle"},
				"west": {"uv": [16, 0, 0, 3], "rotation": 180, "texture": "#particle"},
				"up": {"uv": [0, 3, 16, 0], "rotation": 180, "texture": "#particle"},
				"down": {"uv": [0, 3, 16, 0], "rotation": 180, "texture": "#particle"}
			}
		},
		{
			"name": "octagon",
			"from": [-12, 8.8, -0.3],
			"to": [-8.5, 9.64113, 2.3],
			"rotation": {"angle": 0, "axis": "z", "origin": [-13.5, -0.4, 24]},
			"faces": {
				"north": {"uv": [16, 0, 0, 3], "rotation": 180, "texture": "#particle"},
				"east": {"uv": [16, 0, 0, 3], "rotation": 180, "texture": "#particle"},
				"south": {"uv": [16, 0, 0, 3], "rotation": 180, "texture": "#particle"},
				"west": {"uv": [16, 0, 0, 3], "rotation": 180, "texture": "#particle"},
				"up": {"uv": [0, 3, 16, 0], "rotation": 180, "texture": "#particle"},
				"down": {"uv": [0, 3, 16, 0], "rotation": 180, "texture": "#particle"}
			}
		},
		{
			"name": "octagon",
			"from": [-11, -16, 13.8],
			"to": [-8.8, -8.05887, 16.2],
			"rotation": {"angle": 0, "axis": "z", "origin": [-13.5, -7, -8]},
			"faces": {
				"north": {"uv": [0, 1, 16, 4], "rotation": 180, "texture": "#3"},
				"east": {"uv": [0, 1, 16, 4], "rotation": 180, "texture": "#3"},
				"south": {"uv": [0, 1, 16, 4], "rotation": 180, "texture": "#3"},
				"west": {"uv": [0, 1, 16, 4], "rotation": 180, "texture": "#3"},
				"up": {"uv": [0, 1, 16, 4], "rotation": 180, "texture": "#3"},
				"down": {"uv": [0, 1, 16, 4], "rotation": 180, "texture": "#3"}
			}
		},
		{
			"name": "octagon",
			"from": [-15, -9.25, -16],
			"to": [2.2, -8.05887, 32],
			"rotation": {"angle": 0, "axis": "z", "origin": [-13.5, -7, -8]},
			"faces": {
				"north": {"uv": [0, 1, 16, 4], "rotation": 180, "texture": "#7"},
				"east": {"uv": [0, 1, 16, 4], "rotation": 180, "texture": "#7"},
				"south": {"uv": [0, 1, 16, 4], "rotation": 180, "texture": "#7"},
				"west": {"uv": [0, 1, 16, 4], "rotation": 180, "texture": "#7"},
				"up": {"uv": [0, 1, 16, 4], "rotation": 180, "texture": "#7"},
				"down": {"uv": [0, 1, 16, 4], "rotation": 180, "texture": "#7"}
			}
		},
		{
			"name": "octagon",
			"from": [-11, -16, -0.2],
			"to": [-8.8, -8.05887, 2.2],
			"rotation": {"angle": 0, "axis": "z", "origin": [-13.5, -7, 24]},
			"faces": {
				"north": {"uv": [16, 1, 0, 4], "rotation": 180, "texture": "#3"},
				"east": {"uv": [16, 1, 0, 4], "rotation": 180, "texture": "#3"},
				"south": {"uv": [16, 1, 0, 4], "rotation": 180, "texture": "#3"},
				"west": {"uv": [16, 1, 0, 4], "rotation": 180, "texture": "#3"},
				"up": {"uv": [0, 4, 16, 1], "rotation": 180, "texture": "#3"},
				"down": {"uv": [0, 4, 16, 1], "rotation": 180, "texture": "#3"}
			}
		},
		{
			"name": "octagon",
			"from": [-11, -16, 0],
			"to": [-9, 13.94113, 2],
			"rotation": {"angle": 0, "axis": "z", "origin": [-13.5, -7, 24]},
			"faces": {
				"north": {"uv": [16, 0, 0, 3], "rotation": 180, "texture": "#3"},
				"east": {"uv": [16, 0, 0, 3], "rotation": 180, "texture": "#3"},
				"south": {"uv": [16, 0, 0, 3], "rotation": 180, "texture": "#3"},
				"west": {"uv": [16, 0, 0, 3], "rotation": 180, "texture": "#3"},
				"up": {"uv": [16, 0, 0, 3], "rotation": 180, "texture": "#3"},
				"down": {"uv": [16, 0, 0, 3], "rotation": 180, "texture": "#3"}
			}
		},
		{
			"name": "hexadecagon",
			"from": [-14.33102, 8.3859, -13.27524],
			"to": [-11.67142, 10.75034, -10.61564],
			"rotation": {"angle": -22.5, "axis": "x", "origin": [-13.00122, 6.51812, 8.00156]},
			"faces": {
				"north": {"uv": [2, 0, 3, 1], "texture": "#10"},
				"east": {"uv": [2, 0, 3, 1], "texture": "#10"},
				"south": {"uv": [2, 0, 3, 1], "texture": "#10"},
				"west": {"uv": [2, 0, 3, 1], "texture": "#10"},
				"up": {"uv": [2, 0, 3, 1], "texture": "#10"},
				"down": {"uv": [2, 0, 3, 1], "texture": "#10"}
			}
		},
		{
			"name": "hexadecagon",
			"from": [-14.33102, 2.2859, -13.27524],
			"to": [-11.67142, 10.75034, -10.61564],
			"rotation": {"angle": 0, "axis": "x", "origin": [-13.00122, 6.51812, 8.00156]},
			"faces": {
				"north": {"uv": [2, 0, 3, 1], "texture": "#10"},
				"east": {"uv": [2, 0, 3, 1], "texture": "#10"},
				"south": {"uv": [2, 0, 3, 1], "texture": "#10"},
				"west": {"uv": [2, 0, 3, 1], "texture": "#10"},
				"up": {"uv": [2, 0, 3, 1], "texture": "#10"},
				"down": {"uv": [2, 0, 3, 1], "texture": "#10"}
			}
		},
		{
			"name": "hexadecagon",
			"from": [-14.33102, 2.2859, -13.27524],
			"to": [-11.67142, 10.75034, -10.61564],
			"rotation": {"angle": 22.5, "axis": "x", "origin": [-13.00122, 6.51812, 8.00156]},
			"faces": {
				"north": {"uv": [2, 0, 3, 1], "texture": "#10"},
				"east": {"uv": [2, 0, 3, 1], "texture": "#10"},
				"south": {"uv": [2, 0, 3, 1], "texture": "#10"},
				"west": {"uv": [2, 0, 3, 1], "texture": "#10"},
				"up": {"uv": [2, 0, 3, 1], "texture": "#10"},
				"down": {"uv": [2, 0, 3, 1], "texture": "#10"}
			}
		},
		{
			"name": "hexadecagon",
			"from": [-14.33102, 2.2859, -13.27524],
			"to": [-11.67142, 10.75034, -10.61564],
			"rotation": {"angle": 45, "axis": "x", "origin": [-13.00122, 6.51812, 8.00156]},
			"faces": {
				"north": {"uv": [2, 0, 3, 1], "texture": "#10"},
				"east": {"uv": [2, 0, 3, 1], "texture": "#10"},
				"south": {"uv": [2, 0, 3, 1], "texture": "#10"},
				"west": {"uv": [2, 0, 3, 1], "texture": "#10"},
				"up": {"uv": [2, 0, 3, 1], "texture": "#10"},
				"down": {"uv": [2, 0, 3, 1], "texture": "#10"}
			}
		},
		{
			"name": "hexadecagon",
			"from": [-14.33102, 2.2859, 26.61876],
			"to": [-11.67142, 10.75034, 29.27836],
			"rotation": {"angle": -45, "axis": "x", "origin": [-13.00122, 6.51812, 8.00156]},
			"faces": {
				"north": {"uv": [2, 0, 3, 1], "texture": "#10"},
				"east": {"uv": [2, 0, 3, 1], "texture": "#10"},
				"south": {"uv": [2, 0, 3, 1], "texture": "#10"},
				"west": {"uv": [2, 0, 3, 1], "texture": "#10"},
				"up": {"uv": [2, 0, 3, 1], "texture": "#10"},
				"down": {"uv": [2, 0, 3, 1], "texture": "#10"}
			}
		},
		{
			"name": "hexadecagon",
			"from": [-14.81902, 4.7259, 26.25276],
			"to": [-11.30542, 8.31034, 29.52236],
			"rotation": {"angle": -45, "axis": "x", "origin": [-13.00122, 6.51812, 8.00156]},
			"faces": {
				"north": {"uv": [13, 0, 12, 1], "texture": "#10"},
				"east": {"uv": [13, 0, 12, 1], "texture": "#10"},
				"south": {"uv": [13, 0, 12, 1], "texture": "#10"},
				"west": {"uv": [13, 0, 12, 1], "texture": "#10"},
				"up": {"uv": [13, 0, 12, 1], "texture": "#10"},
				"down": {"uv": [13, 0, 12, 1], "texture": "#10"}
			}
		},
		{
			"name": "hexadecagon",
			"from": [-14.81902, 4.7259, 26.25276],
			"to": [-11.30542, 8.31034, 29.52236],
			"rotation": {"angle": 0, "axis": "x", "origin": [-13.00122, 6.51812, 8.00156]},
			"faces": {
				"north": {"uv": [13, 0, 12, 1], "texture": "#10"},
				"east": {"uv": [13, 0, 12, 1], "texture": "#10"},
				"south": {"uv": [13, 0, 12, 1], "texture": "#10"},
				"west": {"uv": [13, 0, 12, 1], "texture": "#10"},
				"up": {"uv": [13, 0, 12, 1], "texture": "#10"},
				"down": {"uv": [13, 0, 12, 1], "texture": "#10"}
			}
		},
		{
			"name": "hexadecagon",
			"from": [-14.81902, 4.7259, -13.51924],
			"to": [-11.30542, 8.31034, -10.24964],
			"rotation": {"angle": 0, "axis": "x", "origin": [-13.00122, 6.51812, 8.00156]},
			"faces": {
				"north": {"uv": [13, 0, 12, 1], "texture": "#10"},
				"east": {"uv": [13, 0, 12, 1], "texture": "#10"},
				"south": {"uv": [13, 0, 12, 1], "texture": "#10"},
				"west": {"uv": [13, 0, 12, 1], "texture": "#10"},
				"up": {"uv": [13, 0, 12, 1], "texture": "#10"},
				"down": {"uv": [13, 0, 12, 1], "texture": "#10"}
			}
		},
		{
			"name": "hexadecagon",
			"from": [-14.81902, 4.7259, -13.51924],
			"to": [-11.30542, 8.31034, -10.24964],
			"rotation": {"angle": 45, "axis": "x", "origin": [-13.00122, 6.51812, 8.00156]},
			"faces": {
				"north": {"uv": [13, 0, 12, 1], "texture": "#10"},
				"east": {"uv": [13, 0, 12, 1], "texture": "#10"},
				"south": {"uv": [13, 0, 12, 1], "texture": "#10"},
				"west": {"uv": [13, 0, 12, 1], "texture": "#10"},
				"up": {"uv": [13, 0, 12, 1], "texture": "#10"},
				"down": {"uv": [13, 0, 12, 1], "texture": "#10"}
			}
		},
		{
			"name": "hexadecagon",
			"from": [-14.81902, 24.76932, 6.20934],
			"to": [-11.30542, 28.03892, 9.79378],
			"rotation": {"angle": 0, "axis": "x", "origin": [-13.00122, 6.51812, 8.00156]},
			"faces": {
				"north": {"uv": [13, 0, 12, 1], "rotation": 270, "texture": "#10"},
				"east": {"uv": [13, 0, 12, 1], "rotation": 270, "texture": "#10"},
				"south": {"uv": [13, 0, 12, 1], "rotation": 270, "texture": "#10"},
				"west": {"uv": [13, 0, 12, 1], "rotation": 270, "texture": "#10"},
				"up": {"uv": [13, 0, 12, 1], "rotation": 270, "texture": "#10"},
				"down": {"uv": [13, 0, 12, 1], "rotation": 270, "texture": "#10"}
			}
		},
		{
			"name": "hexadecagon",
			"from": [-13.81902, 24.76932, 7.30934],
			"to": [-10.30542, 26.73892, 8.69378],
			"rotation": {"angle": 0, "axis": "x", "origin": [-12.00122, 6.51812, 8.00156]},
			"faces": {
				"north": {"uv": [10, 6, 6, 10], "rotation": 270, "texture": "#10"},
				"east": {"uv": [10, 6, 6, 10], "rotation": 270, "texture": "#10"},
				"south": {"uv": [10, 6, 6, 10], "rotation": 270, "texture": "#10"},
				"west": {"uv": [10, 6, 6, 10], "rotation": 270, "texture": "#10"},
				"up": {"uv": [10, 6, 6, 10], "rotation": 270, "texture": "#10"},
				"down": {"uv": [10, 6, 6, 10], "rotation": 270, "texture": "#10"}
			}
		},
		{
			"name": "hexadecagon",
			"from": [-14.33102, 2.2859, 26.61876],
			"to": [-11.67142, 10.75034, 29.27836],
			"rotation": {"angle": -22.5, "axis": "x", "origin": [-13.00122, 6.51812, 8.00156]},
			"faces": {
				"north": {"uv": [2, 0, 3, 1], "texture": "#10"},
				"east": {"uv": [2, 0, 3, 1], "texture": "#10"},
				"south": {"uv": [2, 0, 3, 1], "texture": "#10"},
				"west": {"uv": [2, 0, 3, 1], "texture": "#10"},
				"up": {"uv": [2, 0, 3, 1], "texture": "#10"},
				"down": {"uv": [2, 0, 3, 1], "texture": "#10"}
			}
		},
		{
			"name": "hexadecagon",
			"from": [-14.33102, 5.9459, 26.49676],
			"to": [-11.42742, 7.09034, 29.40036],
			"rotation": {"angle": -22.5, "axis": "x", "origin": [-13.00122, 6.51812, 8.00156]},
			"faces": {
				"north": {"uv": [0, 0, 1, 1], "texture": "#9"},
				"east": {"uv": [0, 0, 1, 1], "texture": "#9"},
				"south": {"uv": [0, 0, 1, 1], "texture": "#9"},
				"west": {"uv": [0, 0, 1, 1], "texture": "#9"},
				"up": {"uv": [0, 0, 1, 1], "texture": "#9"},
				"down": {"uv": [0, 0, 1, 1], "texture": "#9"}
			}
		},
		{
			"name": "hexadecagon",
			"from": [-14.33102, 5.9459, -13.39724],
			"to": [-11.42742, 7.09034, -10.49364],
			"rotation": {"angle": 22.5, "axis": "x", "origin": [-13.00122, 6.51812, 8.00156]},
			"faces": {
				"north": {"uv": [1, 0, 0, 1], "texture": "#9"},
				"east": {"uv": [1, 0, 0, 1], "texture": "#9"},
				"south": {"uv": [1, 0, 0, 1], "texture": "#9"},
				"west": {"uv": [1, 0, 0, 1], "texture": "#9"},
				"up": {"uv": [0, 1, 1, 0], "texture": "#9"},
				"down": {"uv": [0, 1, 1, 0], "texture": "#9"}
			}
		},
		{
			"name": "hexadecagon",
			"from": [-14.33102, 25.01332, 7.42934],
			"to": [-11.42742, 27.91692, 8.57378],
			"rotation": {"angle": 22.5, "axis": "x", "origin": [-13.00122, 6.51812, 8.00156]},
			"faces": {
				"north": {"uv": [0, 0, 1, 1], "rotation": 180, "texture": "#9"},
				"east": {"uv": [0, 0, 1, 1], "rotation": 90, "texture": "#9"},
				"south": {"uv": [0, 0, 1, 1], "texture": "#9"},
				"west": {"uv": [0, 0, 1, 1], "rotation": 270, "texture": "#9"},
				"up": {"uv": [0, 0, 1, 1], "texture": "#9"},
				"down": {"uv": [0, 0, 1, 1], "rotation": 180, "texture": "#9"}
			}
		},
		{
			"name": "hexadecagon",
			"from": [-14.33102, 25.01332, 7.42934],
			"to": [-11.42742, 27.91692, 8.57378],
			"rotation": {"angle": -22.5, "axis": "x", "origin": [-13.00122, 6.51812, 8.00156]},
			"faces": {
				"north": {"uv": [1, 0, 0, 1], "texture": "#9"},
				"east": {"uv": [0, 1, 1, 0], "rotation": 90, "texture": "#9"},
				"south": {"uv": [1, 0, 0, 1], "rotation": 180, "texture": "#9"},
				"west": {"uv": [0, 1, 1, 0], "rotation": 270, "texture": "#9"},
				"up": {"uv": [0, 1, 1, 0], "texture": "#9"},
				"down": {"uv": [0, 1, 1, 0], "rotation": 180, "texture": "#9"}
			}
		},
		{
			"name": "hexadecagon",
			"from": [-14.33102, 2.2859, 26.61876],
			"to": [-11.67142, 10.75034, 29.27836],
			"rotation": {"angle": 0, "axis": "x", "origin": [-13.00122, 6.51812, 8.00156]},
			"faces": {
				"north": {"uv": [2, 0, 3, 1], "texture": "#10"},
				"east": {"uv": [2, 0, 3, 1], "texture": "#10"},
				"south": {"uv": [2, 0, 3, 1], "texture": "#10"},
				"west": {"uv": [2, 0, 3, 1], "texture": "#10"},
				"up": {"uv": [2, 0, 3, 1], "texture": "#10"},
				"down": {"uv": [2, 0, 3, 1], "texture": "#10"}
			}
		},
		{
			"name": "hexadecagon",
			"from": [-14.33102, 3.3859, 26.61876],
			"to": [-11.67142, 10.75034, 29.27836],
			"rotation": {"angle": 22.5, "axis": "x", "origin": [-13.00122, 6.51812, 8.00156]},
			"faces": {
				"north": {"uv": [2, 0, 3, 1], "texture": "#10"},
				"east": {"uv": [2, 0, 3, 1], "texture": "#10"},
				"south": {"uv": [2, 0, 3, 1], "texture": "#10"},
				"west": {"uv": [2, 0, 3, 1], "texture": "#10"},
				"up": {"uv": [2, 0, 3, 1], "texture": "#10"},
				"down": {"uv": [2, 0, 3, 1], "texture": "#10"}
			}
		},
		{
			"name": "hexadecagon",
			"from": [-14.33102, 3.3859, -13.27836],
			"to": [-11.67142, 10.75034, -10.61876],
			"rotation": {"angle": -22.5, "axis": "x", "origin": [-13.00122, 6.51812, 7.99844]},
			"faces": {
				"north": {"uv": [2, 0, 3, 1], "texture": "#10"},
				"east": {"uv": [2, 0, 3, 1], "texture": "#10"},
				"south": {"uv": [2, 0, 3, 1], "texture": "#10"},
				"west": {"uv": [2, 0, 3, 1], "texture": "#10"},
				"up": {"uv": [2, 0, 3, 1], "texture": "#10"},
				"down": {"uv": [2, 0, 3, 1], "texture": "#10"}
			}
		},
		{
			"name": "hexadecagon",
			"from": [-14.09, -9.44, 4.53097],
			"to": [-11.91, -7.26, 9.46903],
			"rotation": {"angle": -22.5, "axis": "x", "origin": [-13, 8, 8]},
			"faces": {
				"north": {"uv": [0, 0, 1, 1], "texture": "#1"},
				"east": {"uv": [0, 0, 1, 1], "texture": "#1"},
				"south": {"uv": [0, 0, 1, 1], "texture": "#1"},
				"west": {"uv": [0, 0, 1, 1], "texture": "#1"},
				"up": {"uv": [0, 0, 1, 1], "texture": "#1"},
				"down": {"uv": [0, 0, 1, 1], "texture": "#1"}
			}
		},
		{
			"name": "hexadecagon",
			"from": [-14.09, -9.44, 4.53097],
			"to": [-11.91, -7.26, 11.46903],
			"rotation": {"angle": 0, "axis": "x", "origin": [-13, 8, 8]},
			"faces": {
				"north": {"uv": [0, 0, 1, 1], "texture": "#1"},
				"east": {"uv": [0, 0, 1, 1], "texture": "#1"},
				"south": {"uv": [0, 0, 1, 1], "texture": "#1"},
				"west": {"uv": [0, 0, 1, 1], "texture": "#1"},
				"up": {"uv": [0, 0, 1, 1], "texture": "#1"},
				"down": {"uv": [0, 0, 1, 1], "texture": "#1"}
			}
		},
		{
			"name": "hexadecagon",
			"from": [-14.09, -9.44, 6.53097],
			"to": [-11.91, -7.26, 11.46903],
			"rotation": {"angle": 22.5, "axis": "x", "origin": [-13, 8, 8]},
			"faces": {
				"north": {"uv": [0, 0, 1, 1], "texture": "#1"},
				"east": {"uv": [0, 0, 1, 1], "texture": "#1"},
				"south": {"uv": [0, 0, 1, 1], "texture": "#1"},
				"west": {"uv": [0, 0, 1, 1], "texture": "#1"},
				"up": {"uv": [0, 0, 1, 1], "texture": "#1"},
				"down": {"uv": [0, 0, 1, 1], "texture": "#1"}
			}
		},
		{
			"name": "hexadecagon",
			"from": [-14.33102, 25.13532, 3.76934],
			"to": [-11.67142, 27.79492, 12.23378],
			"rotation": {"angle": -22.5, "axis": "x", "origin": [-13.00122, 6.51812, 8.00156]},
			"faces": {
				"north": {"uv": [2, 0, 3, 1], "texture": "#10"},
				"east": {"uv": [2, 0, 3, 1], "texture": "#10"},
				"south": {"uv": [2, 0, 3, 1], "texture": "#10"},
				"west": {"uv": [2, 0, 3, 1], "texture": "#10"},
				"up": {"uv": [2, 0, 3, 1], "texture": "#10"},
				"down": {"uv": [2, 0, 3, 1], "texture": "#10"}
			}
		},
		{
			"name": "hexadecagon",
			"from": [-14.33102, 25.13532, 3.76934],
			"to": [-11.67142, 27.79492, 12.23378],
			"rotation": {"angle": 0, "axis": "x", "origin": [-13.00122, 6.51812, 8.00156]},
			"faces": {
				"north": {"uv": [2, 0, 3, 1], "texture": "#10"},
				"east": {"uv": [2, 0, 3, 1], "texture": "#10"},
				"south": {"uv": [2, 0, 3, 1], "texture": "#10"},
				"west": {"uv": [2, 0, 3, 1], "texture": "#10"},
				"up": {"uv": [2, 0, 3, 1], "texture": "#10"},
				"down": {"uv": [2, 0, 3, 1], "texture": "#10"}
			}
		},
		{
			"name": "hexadecagon",
			"from": [-14.20902, 2.83532, -2.08666],
			"to": [-11.79342, 25.35492, 18.08978],
			"rotation": {"angle": 0, "axis": "x", "origin": [-13.00122, 4.07812, 8.00156]},
			"faces": {
				"north": {"uv": [0, 3, 16, 4], "texture": "#3"},
				"east": {"uv": [0, 3, 16, 4], "texture": "#3"},
				"south": {"uv": [0, 3, 16, 4], "texture": "#3"},
				"west": {"uv": [0, 3, 16, 4], "texture": "#3"},
				"up": {"uv": [0, 3, 16, 4], "texture": "#3"},
				"down": {"uv": [0, 3, 16, 4], "texture": "#3"}
			}
		},
		{
			"name": "hexadecagon",
			"from": [-14.20902, 3.47932, 18.08978],
			"to": [-11.79342, 22.91492, 21.74978],
			"rotation": {"angle": 0, "axis": "x", "origin": [-13.00122, 4.07812, 8.00156]},
			"faces": {
				"north": {"uv": [0, 3, 16, 4], "texture": "#3"},
				"east": {"uv": [0, 3, 3, 4], "texture": "#3"},
				"south": {"uv": [0, 3, 16, 4], "texture": "#3"},
				"west": {"uv": [0, 3, 16, 4], "texture": "#3"},
				"up": {"uv": [0, 3, 16, 4], "texture": "#3"},
				"down": {"uv": [0, 3, 16, 4], "texture": "#3"}
			}
		},
		{
			"name": "hexadecagon",
			"from": [-14.20902, 3.57932, -5.74666],
			"to": [-11.79342, 22.91492, -2.08666],
			"rotation": {"angle": 0, "axis": "x", "origin": [-13.00122, 4.07812, 8.00156]},
			"faces": {
				"north": {"uv": [16, 3, 0, 4], "texture": "#3"},
				"east": {"uv": [3, 3, 0, 4], "texture": "#3"},
				"south": {"uv": [16, 3, 0, 4], "texture": "#3"},
				"west": {"uv": [16, 3, 0, 4], "texture": "#3"},
				"up": {"uv": [0, 4, 16, 3], "texture": "#3"},
				"down": {"uv": [0, 4, 16, 3], "texture": "#3"}
			}
		},
		{
			"name": "hexadecagon",
			"from": [-14.20902, 3.47932, 21.74978],
			"to": [-11.79342, 19.62092, 24.92178],
			"rotation": {"angle": 0, "axis": "x", "origin": [-13.00122, 4.07812, 8.00156]},
			"faces": {
				"north": {"uv": [0, 3, 16, 4], "texture": "#3"},
				"east": {"uv": [0, 3, 2, 4], "texture": "#3"},
				"south": {"uv": [0, 3, 16, 4], "texture": "#3"},
				"west": {"uv": [0, 3, 16, 4], "texture": "#3"},
				"up": {"uv": [0, 3, 16, 4], "texture": "#3"},
				"down": {"uv": [0, 3, 16, 4], "texture": "#3"}
			}
		},
		{
			"name": "hexadecagon",
			"from": [-14.20902, 3.67932, -8.91866],
			"to": [-11.79342, 19.62092, -5.74666],
			"rotation": {"angle": 0, "axis": "x", "origin": [-13.00122, 4.07812, 8.00156]},
			"faces": {
				"north": {"uv": [16, 3, 0, 4], "texture": "#3"},
				"east": {"uv": [2, 3, 0, 4], "texture": "#3"},
				"south": {"uv": [16, 3, 0, 4], "texture": "#3"},
				"west": {"uv": [16, 3, 0, 4], "texture": "#3"},
				"up": {"uv": [0, 4, 16, 3], "texture": "#3"},
				"down": {"uv": [0, 4, 16, 3], "texture": "#3"}
			}
		},
		{
			"name": "hexadecagon",
			"from": [-14.20902, -2.22068, 24.52178],
			"to": [-11.79342, 15.71692, 26.62978],
			"rotation": {"angle": 0, "axis": "x", "origin": [-13.00122, 4.07812, 8.00156]},
			"faces": {
				"north": {"uv": [0, 3, 16, 4], "texture": "#3"},
				"east": {"uv": [0, 3, 2, 4], "texture": "#3"},
				"south": {"uv": [0, 3, 16, 4], "texture": "#3"},
				"west": {"uv": [0, 3, 16, 4], "texture": "#3"},
				"up": {"uv": [0, 3, 16, 4], "texture": "#3"},
				"down": {"uv": [0, 3, 16, 4], "texture": "#3"}
			}
		},
		{
			"name": "hexadecagon",
			"from": [-14.20902, -2.62068, -10.62666],
			"to": [-11.79342, 15.71692, -8.51866],
			"rotation": {"angle": 0, "axis": "x", "origin": [-13.00122, 4.07812, 8.00156]},
			"faces": {
				"north": {"uv": [16, 3, 0, 4], "texture": "#3"},
				"east": {"uv": [2, 3, 0, 4], "texture": "#3"},
				"south": {"uv": [16, 3, 0, 4], "texture": "#3"},
				"west": {"uv": [16, 3, 0, 4], "texture": "#3"},
				"up": {"uv": [0, 4, 16, 3], "texture": "#3"},
				"down": {"uv": [0, 4, 16, 3], "texture": "#3"}
			}
		},
		{
			"name": "hexadecagon",
			"from": [-14.33102, 25.13532, 3.76934],
			"to": [-11.67142, 27.79492, 12.23378],
			"rotation": {"angle": 22.5, "axis": "x", "origin": [-13.00122, 6.51812, 8.00156]},
			"faces": {
				"north": {"uv": [2, 0, 3, 1], "texture": "#10"},
				"east": {"uv": [2, 0, 3, 1], "texture": "#10"},
				"south": {"uv": [2, 0, 3, 1], "texture": "#10"},
				"west": {"uv": [2, 0, 3, 1], "texture": "#10"},
				"up": {"uv": [2, 0, 3, 1], "texture": "#10"},
				"down": {"uv": [2, 0, 3, 1], "texture": "#10"}
			}
		},
		{
			"name": "head",
			"from": [-11.6, 18.66667, 6.8],
			"to": [-9.2, 21.06667, 9.2],
			"rotation": {"angle": -22.5, "axis": "y", "origin": [-10.4, 14.01667, 8]},
			"faces": {
				"north": {"uv": [4, 2, 6, 4], "texture": "#17"},
				"east": {"uv": [2, 2, 4, 4], "texture": "#17"},
				"south": {"uv": [0, 2, 2, 4], "texture": "#17"},
				"west": {"uv": [6, 2, 8, 4], "texture": "#17"},
				"up": {"uv": [4, 2, 2, 0], "rotation": 90, "texture": "#17"},
				"down": {"uv": [6, 0, 4, 2], "rotation": 270, "texture": "#17"}
			}
		},
		{
			"name": "body",
			"from": [-11, 15.06667, 6.8],
			"to": [-9.8, 18.66667, 9.2],
			"rotation": {"angle": 0, "axis": "y", "origin": [-10.4, 14.01667, 8]},
			"faces": {
				"north": {"uv": [7, 5, 8, 7.98], "texture": "#17"},
				"east": {"uv": [5, 5, 7, 7.98], "texture": "#17"},
				"south": {"uv": [4, 5, 5, 8], "texture": "#17"},
				"west": {"uv": [8, 5, 10, 8], "texture": "#17"},
				"up": {"uv": [7, 5, 5, 4], "rotation": 90, "texture": "#17"},
				"down": {"uv": [9, 4, 7, 5], "rotation": 270, "texture": "#17"}
			}
		},
		{
			"name": "right_arm",
			"from": [-11, 15.36667, 9.7],
			"to": [-9.8, 18.96667, 10.9],
			"rotation": {"angle": -22.5, "axis": "x", "origin": [-10.4, 17.16667, 10.3]},
			"faces": {
				"north": {"uv": [12, 5, 13, 8], "texture": "#17"},
				"east": {"uv": [11, 5, 12, 8], "texture": "#17"},
				"south": {"uv": [10, 5, 11, 8], "texture": "#17"},
				"west": {"uv": [13, 5, 14, 8], "texture": "#17"},
				"up": {"uv": [12, 5, 11, 4], "rotation": 90, "texture": "#17"},
				"down": {"uv": [13, 4, 12, 5], "rotation": 270, "texture": "#17"}
			}
		},
		{
			"name": "left_arm",
			"from": [-12.2, 17.36667, 5.6],
			"to": [-8.6, 18.56667, 6.8],
			"rotation": {"angle": 22.5, "axis": "z", "origin": [-10.4, 17.96667, 6.2]},
			"faces": {
				"north": {"uv": [10, 13, 11, 16], "rotation": 90, "texture": "#17"},
				"east": {"uv": [11, 12, 10, 13], "rotation": 180, "texture": "#17"},
				"south": {"uv": [8, 13, 9, 16], "rotation": 270, "texture": "#17"},
				"west": {"uv": [10, 13, 9, 12], "texture": "#17"},
				"up": {"uv": [9, 13, 10, 16], "rotation": 270, "texture": "#17"},
				"down": {"uv": [11, 13, 12, 16], "rotation": 270, "texture": "#17"}
			}
		},
		{
			"name": "left_arm",
			"from": [-8.52731, 18.01764, 6.1],
			"to": [-8.32731, 25.11764, 6.4],
			"rotation": {"angle": -22.5, "axis": "x", "origin": [-8.42731, 19.61764, 6.25]},
			"faces": {
				"north": {"uv": [10, 13, 11, 16], "rotation": 90, "texture": "#17"},
				"east": {"uv": [11, 12, 10, 13], "rotation": 180, "texture": "#17"},
				"south": {"uv": [8, 13, 9, 16], "rotation": 270, "texture": "#17"},
				"west": {"uv": [10, 13, 9, 12], "texture": "#17"},
				"up": {"uv": [9, 13, 10, 16], "rotation": 270, "texture": "#17"},
				"down": {"uv": [11, 13, 12, 16], "rotation": 270, "texture": "#17"}
			}
		},
		{
			"name": "left_arm",
			"from": [-8.52731, 23.41764, 5.1],
			"to": [-8.32731, 23.71764, 7.4],
			"rotation": {"angle": -22.5, "axis": "x", "origin": [-8.42731, 19.61764, 6.25]},
			"faces": {
				"north": {"uv": [10, 13, 11, 16], "rotation": 90, "texture": "#17"},
				"east": {"uv": [11, 12, 10, 13], "rotation": 180, "texture": "#17"},
				"south": {"uv": [8, 13, 9, 16], "rotation": 270, "texture": "#17"},
				"west": {"uv": [10, 13, 9, 12], "texture": "#17"},
				"up": {"uv": [9, 13, 10, 16], "rotation": 270, "texture": "#17"},
				"down": {"uv": [11, 13, 12, 16], "rotation": 270, "texture": "#17"}
			}
		},
		{
			"name": "left_arm",
			"from": [-8.52731, 23.71764, 7.1],
			"to": [-8.32731, 24.71764, 7.4],
			"rotation": {"angle": -22.5, "axis": "x", "origin": [-8.42731, 19.61764, 6.25]},
			"faces": {
				"north": {"uv": [10, 13, 11, 16], "rotation": 90, "texture": "#17"},
				"east": {"uv": [11, 12, 10, 13], "rotation": 180, "texture": "#17"},
				"south": {"uv": [8, 13, 9, 16], "rotation": 270, "texture": "#17"},
				"west": {"uv": [10, 13, 9, 12], "texture": "#17"},
				"up": {"uv": [9, 13, 10, 16], "rotation": 270, "texture": "#17"},
				"down": {"uv": [11, 13, 12, 16], "rotation": 270, "texture": "#17"}
			}
		},
		{
			"name": "left_arm",
			"from": [-8.52731, 22.91764, 5.3],
			"to": [-8.32731, 23.91764, 5.6],
			"rotation": {"angle": -22.5, "axis": "x", "origin": [-8.42731, 18.81764, 4.45]},
			"faces": {
				"north": {"uv": [10, 13, 11, 16], "rotation": 90, "texture": "#17"},
				"east": {"uv": [11, 12, 10, 13], "rotation": 180, "texture": "#17"},
				"south": {"uv": [8, 13, 9, 16], "rotation": 270, "texture": "#17"},
				"west": {"uv": [10, 13, 9, 12], "texture": "#17"},
				"up": {"uv": [9, 13, 10, 16], "rotation": 270, "texture": "#17"},
				"down": {"uv": [11, 13, 12, 16], "rotation": 270, "texture": "#17"}
			}
		}
	],
	"display": {
		"thirdperson_righthand": {
			"scale": [4, 4, 4]
		},
		"head": {
			"translation": [0, -29, 0],
			"scale": [1.6, 1.6, 1.6]
		}
	},
	"groups": [
		{
			"name": "hexadecagon",
			"origin": [8, 8, 8],
			"children": []
		},
		{
			"name": "octagon",
			"origin": [8, 8, 8],
			"children": [
				{
					"name": "queu",
					"origin": [3.5288, -1.6, 8.15],
					"children": []
				}
			]
		},
		{
			"name": "octagon",
			"origin": [8, 8, 8],
			"children": [0, 1, 2, 3, 4, 5, 6, 7, 8, 9, 10, 11, 12, 13, 14, 15, 16, 17, 18, 19, 20, 21, 22, 23, 24, 25, 26, 27, 28, 29, 30, 31, 32, 33, 34, 35, 36, 37, 38, 39, 40, 41, 42, 43, 44, 45, 46, 47, 48, 49, 50, 51, 52, 53, 54, 55, 56, 57, 58, 59, 60, 61, 62, 63, 64, 65, 66, 67, 68, 69, 70, 71, 72, 73, 74, 75, 76, 77, 78]
		},
		{
			"name": "hexadecagon",
			"origin": [8, 8, 8],
			"children": [79, 80, 81, 82, 83, 84, 85, 86, 87, 88, 89, 90, 91, 92, 93, 94, 95, 96, 97, 98, 99, 100, 101, 102, 103, 104, 105, 106, 107, 108, 109, 110]
		},
		{
			"name": "steve",
			"origin": [8, 8, 8],
			"children": [111, 112, 113, 114, 115, 116, 117, 118]
		}
	]
}