{
	"credit": "Made with Blockbench",
	"textures": {
		"1": "block/green_terracotta",
		"2": "block/red_concrete",
		"6": "block/orange_terracotta",
		"7": "block/barrel_bottom",
		"10": "block/gold_block",
		"11": "block/stripped_dark_oak_log",
		"12": "block/brown_concrete",
		"particle": "block/white_concrete"
	},
	"elements": [
		{
			"name": "octagon",
			"from": [-3.9, -3.95887, 24.65],
			"to": [28.1, 0.94113, 26.95],
			"rotation": {"angle": 22.5, "axis": "x", "origin": [6.1, -2.05887, 25.3]},
			"faces": {
				"north": {"uv": [16, 0, 0, 4], "texture": "#2"},
				"east": {"uv": [16, 0, 0, 4], "texture": "#2"},
				"south": {"uv": [16, 0, 0, 4], "texture": "#2"},
				"west": {"uv": [16, 0, 0, 4], "texture": "#2"},
				"up": {"uv": [16, 0, 0, 4], "texture": "#2"},
				"down": {"uv": [16, 0, 0, 4], "texture": "#2"}
			}
		},
		{
			"name": "octagon",
			"from": [-3.9, -3.95887, -10.95],
			"to": [28.1, 0.94113, -8.65],
			"rotation": {"angle": -22.5, "axis": "x", "origin": [6.1, -2.05887, -9.3]},
			"faces": {
				"north": {"uv": [0, 0, 16, 4], "texture": "#2"},
				"east": {"uv": [0, 0, 16, 4], "texture": "#2"},
				"south": {"uv": [0, 0, 16, 4], "texture": "#2"},
				"west": {"uv": [0, 0, 16, 4], "texture": "#2"},
				"up": {"uv": [16, 4, 0, 0], "texture": "#2"},
				"down": {"uv": [16, 4, 0, 0], "texture": "#2"}
			}
		},
		{
			"name": "octagon",
			"from": [-3.9, -6.15887, 16.35],
			"to": [28.1, -1.25887, 18.65],
			"rotation": {"angle": 22.5, "axis": "x", "origin": [6.1, -4.25887, 17]},
			"faces": {
				"north": {"uv": [16, 0, 0, 4], "texture": "#1"},
				"east": {"uv": [16, 0, 0, 4], "texture": "#1"},
				"south": {"uv": [16, 0, 0, 4], "texture": "#1"},
				"west": {"uv": [16, 0, 0, 4], "texture": "#1"},
				"up": {"uv": [16, 0, 0, 4], "texture": "#1"},
				"down": {"uv": [16, 0, 0, 4], "texture": "#1"}
			}
		},
		{
			"name": "octagon",
			"from": [-3.9, -6.15887, -2.65],
			"to": [28.1, -1.25887, -0.35],
			"rotation": {"angle": -22.5, "axis": "x", "origin": [6.1, -4.25887, -1]},
			"faces": {
				"north": {"uv": [0, 0, 16, 4], "texture": "#1"},
				"east": {"uv": [0, 0, 16, 4], "texture": "#1"},
				"south": {"uv": [0, 0, 16, 4], "texture": "#1"},
				"west": {"uv": [0, 0, 16, 4], "texture": "#1"},
				"up": {"uv": [16, 4, 0, 0], "texture": "#1"},
				"down": {"uv": [16, 4, 0, 0], "texture": "#1"}
			}
		},
		{
			"name": "octagon",
			"from": [-2.4, -3.85887, 24.35],
			"to": [2.6, 0.34113, 25.95],
			"rotation": {"angle": 22.5, "axis": "x", "origin": [-16.4, -2.05887, 25.3]},
			"faces": {
				"north": {"uv": [16, 0, 0, 4], "rotation": 270, "texture": "#12"},
				"east": {"uv": [16, 0, 0, 4], "rotation": 270, "texture": "#12"},
				"south": {"uv": [16, 0, 0, 4], "rotation": 270, "texture": "#12"},
				"west": {"uv": [16, 0, 0, 4], "rotation": 270, "texture": "#12"},
				"up": {"uv": [16, 0, 0, 4], "rotation": 270, "texture": "#12"},
				"down": {"uv": [16, 0, 0, 4], "rotation": 270, "texture": "#12"}
			}
		},
		{
			"name": "octagon",
			"from": [-2.4, -3.85887, -9.95],
			"to": [2.6, 0.34113, -8.35],
			"rotation": {"angle": -22.5, "axis": "x", "origin": [-16.4, -2.05887, -9.3]},
			"faces": {
				"north": {"uv": [16, 4, 0, 0], "rotation": 270, "texture": "#12"},
				"east": {"uv": [16, 4, 0, 0], "rotation": 270, "texture": "#12"},
				"south": {"uv": [16, 4, 0, 0], "rotation": 270, "texture": "#12"},
				"west": {"uv": [16, 4, 0, 0], "rotation": 270, "texture": "#12"},
				"up": {"uv": [0, 0, 16, 4], "rotation": 270, "texture": "#12"},
				"down": {"uv": [0, 0, 16, 4], "rotation": 270, "texture": "#12"}
			}
		},
		{
			"name": "octagon",
			"from": [-2.4, -6.05887, 16.05],
			"to": [2.6, -1.85887, 17.65],
			"rotation": {"angle": 22.5, "axis": "x", "origin": [-16.4, -4.25887, 17]},
			"faces": {
				"north": {"uv": [16, 0, 0, 4], "rotation": 270, "texture": "#12"},
				"east": {"uv": [16, 0, 0, 4], "rotation": 270, "texture": "#12"},
				"south": {"uv": [16, 0, 0, 4], "rotation": 270, "texture": "#12"},
				"west": {"uv": [16, 0, 0, 4], "rotation": 270, "texture": "#12"},
				"up": {"uv": [16, 0, 0, 4], "rotation": 270, "texture": "#12"},
				"down": {"uv": [16, 0, 0, 4], "rotation": 270, "texture": "#12"}
			}
		},
		{
			"name": "octagon",
			"from": [-2.4, -6.05887, -1.65],
			"to": [2.6, -1.85887, -0.05],
			"rotation": {"angle": -22.5, "axis": "x", "origin": [-16.4, -4.25887, -1]},
			"faces": {
				"north": {"uv": [16, 4, 0, 0], "rotation": 270, "texture": "#12"},
				"east": {"uv": [16, 4, 0, 0], "rotation": 270, "texture": "#12"},
				"south": {"uv": [16, 4, 0, 0], "rotation": 270, "texture": "#12"},
				"west": {"uv": [16, 4, 0, 0], "rotation": 270, "texture": "#12"},
				"up": {"uv": [0, 0, 16, 4], "rotation": 270, "texture": "#12"},
				"down": {"uv": [0, 0, 16, 4], "rotation": 270, "texture": "#12"}
			}
		},
		{
			"name": "octagon",
			"from": [9.6, -3.85887, 24.35],
			"to": [14.6, 0.34113, 25.95],
			"rotation": {"angle": 22.5, "axis": "x", "origin": [-4.4, -2.05887, 25.3]},
			"faces": {
				"north": {"uv": [16, 0, 0, 4], "rotation": 270, "texture": "#12"},
				"east": {"uv": [16, 0, 0, 4], "rotation": 270, "texture": "#12"},
				"south": {"uv": [16, 0, 0, 4], "rotation": 270, "texture": "#12"},
				"west": {"uv": [16, 0, 0, 4], "rotation": 270, "texture": "#12"},
				"up": {"uv": [16, 0, 0, 4], "rotation": 270, "texture": "#12"},
				"down": {"uv": [16, 0, 0, 4], "rotation": 270, "texture": "#12"}
			}
		},
		{
			"name": "octagon",
			"from": [9.6, -3.85887, -9.95],
			"to": [14.6, 0.34113, -8.35],
			"rotation": {"angle": -22.5, "axis": "x", "origin": [-4.4, -2.05887, -9.3]},
			"faces": {
				"north": {"uv": [16, 4, 0, 0], "rotation": 270, "texture": "#12"},
				"east": {"uv": [16, 4, 0, 0], "rotation": 270, "texture": "#12"},
				"south": {"uv": [16, 4, 0, 0], "rotation": 270, "texture": "#12"},
				"west": {"uv": [16, 4, 0, 0], "rotation": 270, "texture": "#12"},
				"up": {"uv": [0, 0, 16, 4], "rotation": 270, "texture": "#12"},
				"down": {"uv": [0, 0, 16, 4], "rotation": 270, "texture": "#12"}
			}
		},
		{
			"name": "octagon",
			"from": [9.6, -6.05887, 16.05],
			"to": [14.6, -1.85887, 17.65],
			"rotation": {"angle": 22.5, "axis": "x", "origin": [-4.4, -4.25887, 17]},
			"faces": {
				"north": {"uv": [16, 0, 0, 4], "rotation": 270, "texture": "#12"},
				"east": {"uv": [16, 0, 0, 4], "rotation": 270, "texture": "#12"},
				"south": {"uv": [16, 0, 0, 4], "rotation": 270, "texture": "#12"},
				"west": {"uv": [16, 0, 0, 4], "rotation": 270, "texture": "#12"},
				"up": {"uv": [16, 0, 0, 4], "rotation": 270, "texture": "#12"},
				"down": {"uv": [16, 0, 0, 4], "rotation": 270, "texture": "#12"}
			}
		},
		{
			"name": "octagon",
			"from": [9.6, -6.05887, -1.65],
			"to": [14.6, -1.85887, -0.05],
			"rotation": {"angle": -22.5, "axis": "x", "origin": [-4.4, -4.25887, -1]},
			"faces": {
				"north": {"uv": [16, 4, 0, 0], "rotation": 270, "texture": "#12"},
				"east": {"uv": [16, 4, 0, 0], "rotation": 270, "texture": "#12"},
				"south": {"uv": [16, 4, 0, 0], "rotation": 270, "texture": "#12"},
				"west": {"uv": [16, 4, 0, 0], "rotation": 270, "texture": "#12"},
				"up": {"uv": [0, 0, 16, 4], "rotation": 270, "texture": "#12"},
				"down": {"uv": [0, 0, 16, 4], "rotation": 270, "texture": "#12"}
			}
		},
		{
			"name": "octagon",
			"from": [15.6, -3.85887, 24.35],
			"to": [20.6, 0.34113, 25.95],
			"rotation": {"angle": 22.5, "axis": "x", "origin": [1.6, -2.05887, 25.3]},
			"faces": {
				"north": {"uv": [16, 0, 0, 4], "rotation": 270, "texture": "#11"},
				"east": {"uv": [16, 0, 0, 4], "rotation": 270, "texture": "#11"},
				"south": {"uv": [16, 0, 0, 4], "rotation": 270, "texture": "#11"},
				"west": {"uv": [16, 0, 0, 4], "rotation": 270, "texture": "#11"},
				"up": {"uv": [16, 0, 0, 4], "rotation": 270, "texture": "#11"},
				"down": {"uv": [16, 0, 0, 4], "rotation": 270, "texture": "#11"}
			}
		},
		{
			"name": "octagon",
			"from": [15.6, -3.85887, -9.95],
			"to": [20.6, 0.34113, -8.35],
			"rotation": {"angle": -22.5, "axis": "x", "origin": [1.6, -2.05887, -9.3]},
			"faces": {
				"north": {"uv": [16, 4, 0, 0], "rotation": 270, "texture": "#11"},
				"east": {"uv": [16, 4, 0, 0], "rotation": 270, "texture": "#11"},
				"south": {"uv": [16, 4, 0, 0], "rotation": 270, "texture": "#11"},
				"west": {"uv": [16, 4, 0, 0], "rotation": 270, "texture": "#11"},
				"up": {"uv": [0, 0, 16, 4], "rotation": 270, "texture": "#11"},
				"down": {"uv": [0, 0, 16, 4], "rotation": 270, "texture": "#11"}
			}
		},
		{
			"name": "octagon",
			"from": [15.6, -6.05887, 16.05],
			"to": [20.6, -1.85887, 17.65],
			"rotation": {"angle": 22.5, "axis": "x", "origin": [1.6, -4.25887, 17]},
			"faces": {
				"north": {"uv": [16, 0, 0, 4], "rotation": 270, "texture": "#11"},
				"east": {"uv": [16, 0, 0, 4], "rotation": 270, "texture": "#11"},
				"south": {"uv": [16, 0, 0, 4], "rotation": 270, "texture": "#11"},
				"west": {"uv": [16, 0, 0, 4], "rotation": 270, "texture": "#11"},
				"up": {"uv": [16, 0, 0, 4], "rotation": 270, "texture": "#11"},
				"down": {"uv": [16, 0, 0, 4], "rotation": 270, "texture": "#11"}
			}
		},
		{
			"name": "octagon",
			"from": [15.6, -6.05887, -1.65],
			"to": [20.6, -1.85887, -0.05],
			"rotation": {"angle": -22.5, "axis": "x", "origin": [1.6, -4.25887, -1]},
			"faces": {
				"north": {"uv": [16, 4, 0, 0], "rotation": 270, "texture": "#11"},
				"east": {"uv": [16, 4, 0, 0], "rotation": 270, "texture": "#11"},
				"south": {"uv": [16, 4, 0, 0], "rotation": 270, "texture": "#11"},
				"west": {"uv": [16, 4, 0, 0], "rotation": 270, "texture": "#11"},
				"up": {"uv": [0, 0, 16, 4], "rotation": 270, "texture": "#11"},
				"down": {"uv": [0, 0, 16, 4], "rotation": 270, "texture": "#11"}
			}
		},
		{
			"name": "octagon",
			"from": [21.6, -3.85887, 24.35],
			"to": [26.6, 0.34113, 25.95],
			"rotation": {"angle": 22.5, "axis": "x", "origin": [7.6, -2.05887, 25.3]},
			"faces": {
				"north": {"uv": [16, 0, 0, 4], "rotation": 270, "texture": "#12"},
				"east": {"uv": [16, 0, 0, 4], "rotation": 270, "texture": "#12"},
				"south": {"uv": [16, 0, 0, 4], "rotation": 270, "texture": "#12"},
				"west": {"uv": [16, 0, 0, 4], "rotation": 270, "texture": "#12"},
				"up": {"uv": [16, 0, 0, 4], "rotation": 270, "texture": "#12"},
				"down": {"uv": [16, 0, 0, 4], "rotation": 270, "texture": "#12"}
			}
		},
		{
			"name": "octagon",
			"from": [21.6, -3.85887, -9.95],
			"to": [26.6, 0.34113, -8.35],
			"rotation": {"angle": -22.5, "axis": "x", "origin": [7.6, -2.05887, -9.3]},
			"faces": {
				"north": {"uv": [16, 4, 0, 0], "rotation": 270, "texture": "#12"},
				"east": {"uv": [16, 4, 0, 0], "rotation": 270, "texture": "#12"},
				"south": {"uv": [16, 4, 0, 0], "rotation": 270, "texture": "#12"},
				"west": {"uv": [16, 4, 0, 0], "rotation": 270, "texture": "#12"},
				"up": {"uv": [0, 0, 16, 4], "rotation": 270, "texture": "#12"},
				"down": {"uv": [0, 0, 16, 4], "rotation": 270, "texture": "#12"}
			}
		},
		{
			"name": "octagon",
			"from": [21.6, -6.05887, 16.05],
			"to": [26.6, -1.85887, 17.65],
			"rotation": {"angle": 22.5, "axis": "x", "origin": [7.6, -4.25887, 17]},
			"faces": {
				"north": {"uv": [16, 0, 0, 4], "rotation": 270, "texture": "#12"},
				"east": {"uv": [16, 0, 0, 4], "rotation": 270, "texture": "#12"},
				"south": {"uv": [16, 0, 0, 4], "rotation": 270, "texture": "#12"},
				"west": {"uv": [16, 0, 0, 4], "rotation": 270, "texture": "#12"},
				"up": {"uv": [16, 0, 0, 4], "rotation": 270, "texture": "#12"},
				"down": {"uv": [16, 0, 0, 4], "rotation": 270, "texture": "#12"}
			}
		},
		{
			"name": "octagon",
			"from": [21.6, -6.05887, -1.65],
			"to": [26.6, -1.85887, -0.05],
			"rotation": {"angle": -22.5, "axis": "x", "origin": [7.6, -4.25887, -1]},
			"faces": {
				"north": {"uv": [16, 4, 0, 0], "rotation": 270, "texture": "#12"},
				"east": {"uv": [16, 4, 0, 0], "rotation": 270, "texture": "#12"},
				"south": {"uv": [16, 4, 0, 0], "rotation": 270, "texture": "#12"},
				"west": {"uv": [16, 4, 0, 0], "rotation": 270, "texture": "#12"},
				"up": {"uv": [0, 0, 16, 4], "rotation": 270, "texture": "#12"},
				"down": {"uv": [0, 0, 16, 4], "rotation": 270, "texture": "#12"}
			}
		},
		{
			"name": "octagon",
			"from": [3.6, -3.85887, 24.35],
			"to": [8.6, 0.34113, 25.95],
			"rotation": {"angle": 22.5, "axis": "x", "origin": [-10.4, -2.05887, 25.3]},
			"faces": {
				"north": {"uv": [16, 0, 0, 4], "rotation": 270, "texture": "#11"},
				"east": {"uv": [16, 0, 0, 4], "rotation": 270, "texture": "#11"},
				"south": {"uv": [16, 0, 0, 4], "rotation": 270, "texture": "#11"},
				"west": {"uv": [16, 0, 0, 4], "rotation": 270, "texture": "#11"},
				"up": {"uv": [16, 0, 0, 4], "rotation": 270, "texture": "#11"},
				"down": {"uv": [16, 0, 0, 4], "rotation": 270, "texture": "#11"}
			}
		},
		{
			"name": "octagon",
			"from": [3.6, -3.85887, -9.95],
			"to": [8.6, 0.34113, -8.35],
			"rotation": {"angle": -22.5, "axis": "x", "origin": [-10.4, -2.05887, -9.3]},
			"faces": {
				"north": {"uv": [16, 4, 0, 0], "rotation": 270, "texture": "#11"},
				"east": {"uv": [16, 4, 0, 0], "rotation": 270, "texture": "#11"},
				"south": {"uv": [16, 4, 0, 0], "rotation": 270, "texture": "#11"},
				"west": {"uv": [16, 4, 0, 0], "rotation": 270, "texture": "#11"},
				"up": {"uv": [0, 0, 16, 4], "rotation": 270, "texture": "#11"},
				"down": {"uv": [0, 0, 16, 4], "rotation": 270, "texture": "#11"}
			}
		},
		{
			"name": "octagon",
			"from": [3.6, -6.05887, 16.05],
			"to": [8.6, -1.85887, 17.65],
			"rotation": {"angle": 22.5, "axis": "x", "origin": [-10.4, -4.25887, 17]},
			"faces": {
				"north": {"uv": [16, 0, 0, 4], "rotation": 270, "texture": "#11"},
				"east": {"uv": [16, 0, 0, 4], "rotation": 270, "texture": "#11"},
				"south": {"uv": [16, 0, 0, 4], "rotation": 270, "texture": "#11"},
				"west": {"uv": [16, 0, 0, 4], "rotation": 270, "texture": "#11"},
				"up": {"uv": [16, 0, 0, 4], "rotation": 270, "texture": "#11"},
				"down": {"uv": [16, 0, 0, 4], "rotation": 270, "texture": "#11"}
			}
		},
		{
			"name": "octagon",
			"from": [3.6, -6.05887, -1.65],
			"to": [8.6, -1.85887, -0.05],
			"rotation": {"angle": -22.5, "axis": "x", "origin": [-10.4, -4.25887, -1]},
			"faces": {
				"north": {"uv": [16, 4, 0, 0], "rotation": 270, "texture": "#11"},
				"east": {"uv": [16, 4, 0, 0], "rotation": 270, "texture": "#11"},
				"south": {"uv": [16, 4, 0, 0], "rotation": 270, "texture": "#11"},
				"west": {"uv": [16, 4, 0, 0], "rotation": 270, "texture": "#11"},
				"up": {"uv": [0, 0, 16, 4], "rotation": 270, "texture": "#11"},
				"down": {"uv": [0, 0, 16, 4], "rotation": 270, "texture": "#11"}
			}
		},
		{
			"name": "octagon",
			"from": [-3.8, -6.05887, 21.55],
			"to": [28, -3.35887, 26.95],
			"rotation": {"angle": 0, "axis": "x", "origin": [6.1, -0.05887, 23.8]},
			"faces": {
				"north": {"uv": [16, 0, 0, 4], "texture": "#7"},
				"east": {"uv": [16, 0, 0, 4], "texture": "#7"},
				"south": {"uv": [16, 0, 0, 4], "texture": "#7"},
				"west": {"uv": [16, 0, 0, 4], "texture": "#7"},
				"up": {"uv": [16, 0, 0, 4], "texture": "#7"},
				"down": {"uv": [16, 0, 0, 4], "texture": "#7"}
			}
		},
		{
			"name": "octagon",
			"from": [-3.8, -6.05887, -10.95],
			"to": [28, -3.35887, -5.55],
			"rotation": {"angle": 0, "axis": "x", "origin": [6.1, -0.05887, -7.8]},
			"faces": {
				"north": {"uv": [0, 0, 16, 4], "texture": "#7"},
				"east": {"uv": [0, 0, 16, 4], "texture": "#7"},
				"south": {"uv": [0, 0, 16, 4], "texture": "#7"},
				"west": {"uv": [0, 0, 16, 4], "texture": "#7"},
				"up": {"uv": [16, 4, 0, 0], "texture": "#7"},
				"down": {"uv": [16, 4, 0, 0], "texture": "#7"}
			}
		},
		{
			"name": "octagon",
			"from": [-3.8, -8.25887, 13.25],
			"to": [28, -5.55887, 18.65],
			"rotation": {"angle": 0, "axis": "x", "origin": [6.1, -2.25887, 15.5]},
			"faces": {
				"north": {"uv": [16, 0, 0, 4], "texture": "#7"},
				"east": {"uv": [16, 0, 0, 4], "texture": "#7"},
				"south": {"uv": [16, 0, 0, 4], "texture": "#7"},
				"west": {"uv": [16, 0, 0, 4], "texture": "#7"},
				"up": {"uv": [16, 0, 0, 4], "texture": "#7"},
				"down": {"uv": [16, 0, 0, 4], "texture": "#7"}
			}
		},
		{
			"name": "octagon",
			"from": [-3.8, -8.25887, -2.65],
			"to": [28, -5.55887, 2.75],
			"rotation": {"angle": 0, "axis": "x", "origin": [6.1, -2.25887, 0.5]},
			"faces": {
				"north": {"uv": [0, 0, 16, 4], "texture": "#7"},
				"east": {"uv": [0, 0, 16, 4], "texture": "#7"},
				"south": {"uv": [0, 0, 16, 4], "texture": "#7"},
				"west": {"uv": [0, 0, 16, 4], "texture": "#7"},
				"up": {"uv": [16, 4, 0, 0], "texture": "#7"},
				"down": {"uv": [16, 4, 0, 0], "texture": "#7"}
			}
		},
		{
			"name": "octagon",
			"from": [-3.9, -8.85887, 17.9],
			"to": [28.2, -6.05887, 26.95],
			"rotation": {"angle": 0, "axis": "x", "origin": [6.1, -0.05887, 23.8]},
			"faces": {
				"north": {"uv": [16, 0, 0, 4], "texture": "#7"},
				"east": {"uv": [16, 0, 0, 4], "texture": "#7"},
				"south": {"uv": [16, 0, 0, 4], "texture": "#7"},
				"west": {"uv": [16, 0, 0, 4], "texture": "#7"},
				"up": {"uv": [16, 0, 0, 4], "texture": "#7"},
				"down": {"uv": [16, 0, 0, 4], "texture": "#7"}
			}
		},
		{
			"name": "octagon",
			"from": [-3.9, -8.85887, -10.95],
			"to": [28.2, -6.05887, -1.9],
			"rotation": {"angle": 0, "axis": "x", "origin": [6.1, -0.05887, -7.8]},
			"faces": {
				"north": {"uv": [0, 0, 16, 4], "texture": "#7"},
				"east": {"uv": [0, 0, 16, 4], "texture": "#7"},
				"south": {"uv": [0, 0, 16, 4], "texture": "#7"},
				"west": {"uv": [0, 0, 16, 4], "texture": "#7"},
				"up": {"uv": [16, 4, 0, 0], "texture": "#7"},
				"down": {"uv": [16, 4, 0, 0], "texture": "#7"}
			}
		},
		{
			"name": "octagon",
			"from": [-3.8, -8.85887, 10.6],
			"to": [28, -8.25887, 18.65],
			"rotation": {"angle": 0, "axis": "x", "origin": [6.1, -2.25887, 15.5]},
			"faces": {
				"north": {"uv": [16, 0, 0, 4], "texture": "#7"},
				"east": {"uv": [16, 0, 0, 4], "texture": "#7"},
				"south": {"uv": [16, 0, 0, 4], "texture": "#7"},
				"west": {"uv": [16, 0, 0, 4], "texture": "#7"},
				"up": {"uv": [16, 0, 0, 4], "texture": "#7"},
				"down": {"uv": [16, 0, 0, 4], "texture": "#7"}
			}
		},
		{
			"name": "octagon",
			"from": [-3.8, -8.25887, 5.35],
			"to": [28, -6.25887, 5.6],
			"rotation": {"angle": 0, "axis": "x", "origin": [6.1, -2.25887, 0.5]},
			"faces": {
				"north": {"uv": [0, 0, 16, 4], "texture": "#1"},
				"east": {"uv": [0, 0, 16, 4], "texture": "#1"},
				"south": {"uv": [0, 0, 16, 4], "texture": "#1"},
				"west": {"uv": [0, 0, 16, 4], "texture": "#1"},
				"up": {"uv": [16, 4, 0, 0], "texture": "#1"},
				"down": {"uv": [16, 4, 0, 0], "texture": "#1"}
			}
		},
		{
			"name": "octagon",
			"from": [-3.8, -8.25887, 10.4],
			"to": [28, -6.25887, 10.65],
			"rotation": {"angle": 0, "axis": "x", "origin": [6.1, -2.25887, 15.5]},
			"faces": {
				"north": {"uv": [16, 0, 0, 4], "texture": "#1"},
				"east": {"uv": [16, 0, 0, 4], "texture": "#1"},
				"south": {"uv": [16, 0, 0, 4], "texture": "#1"},
				"west": {"uv": [16, 0, 0, 4], "texture": "#1"},
				"up": {"uv": [16, 0, 0, 4], "texture": "#1"},
				"down": {"uv": [16, 0, 0, 4], "texture": "#1"}
			}
		},
		{
			"name": "octagon",
			"from": [-3.8, -8.85887, -2.65],
			"to": [28, -8.25887, 5.4],
			"rotation": {"angle": 0, "axis": "x", "origin": [6.1, -2.25887, 0.5]},
			"faces": {
				"north": {"uv": [0, 0, 16, 4], "texture": "#7"},
				"east": {"uv": [0, 0, 16, 4], "texture": "#7"},
				"south": {"uv": [0, 0, 16, 4], "texture": "#7"},
				"west": {"uv": [0, 0, 16, 4], "texture": "#7"},
				"up": {"uv": [16, 4, 0, 0], "texture": "#7"},
				"down": {"uv": [16, 4, 0, 0], "texture": "#7"}
			}
		},
		{
			"name": "octagon",
			"from": [-3.8, -9.85887, 5.4],
			"to": [28, -8.25887, 10.6],
			"rotation": {"angle": 0, "axis": "x", "origin": [6.1, -2.25887, 0.5]},
			"faces": {
				"north": {"uv": [16, 4, 0, 0], "texture": "#6"},
				"east": {"uv": [16, 4, 0, 0], "texture": "#6"},
				"south": {"uv": [16, 4, 0, 0], "texture": "#6"},
				"west": {"uv": [16, 4, 0, 0], "texture": "#6"},
				"up": {"uv": [16, 4, 0, 0], "texture": "#6"},
				"down": {"uv": [16, 4, 0, 0], "texture": "#6"}
			}
		},
		{
			"name": "octagon",
			"from": [2.53, 0.21846, 26.019],
			"to": [3.27, 1.69846, 26.981],
			"rotation": {"angle": 0, "axis": "x", "origin": [-16.35569, -1.95797, 9.221]},
			"faces": {
				"north": {"uv": [16, 0, 0, 4], "texture": "#10"},
				"east": {"uv": [16, 0, 0, 4], "texture": "#10"},
				"south": {"uv": [16, 0, 0, 4], "texture": "#10"},
				"west": {"uv": [16, 0, 0, 4], "texture": "#10"},
				"up": {"uv": [16, 0, 0, 4], "texture": "#10"},
				"down": {"uv": [16, 0, 0, 4], "texture": "#10"}
			}
		},
		{
			"name": "octagon",
			"from": [2.53, 0.21846, -10.981],
			"to": [3.27, 1.69846, -10.019],
			"rotation": {"angle": 0, "axis": "x", "origin": [-16.35569, -1.95797, 6.779]},
			"faces": {
				"north": {"uv": [0, 0, 16, 4], "texture": "#10"},
				"east": {"uv": [0, 0, 16, 4], "texture": "#10"},
				"south": {"uv": [0, 0, 16, 4], "texture": "#10"},
				"west": {"uv": [0, 0, 16, 4], "texture": "#10"},
				"up": {"uv": [16, 4, 0, 0], "texture": "#10"},
				"down": {"uv": [16, 4, 0, 0], "texture": "#10"}
			}
		},
		{
			"name": "octagon",
			"from": [2.53, 0.36646, 26.167],
			"to": [3.27, 1.84646, 26.833],
			"rotation": {"angle": 0, "axis": "x", "origin": [-16.35569, -1.80997, 9.221]},
			"faces": {
				"north": {"uv": [16, 0, 0, 4], "texture": "#10"},
				"east": {"uv": [16, 0, 0, 4], "texture": "#10"},
				"south": {"uv": [16, 0, 0, 4], "texture": "#10"},
				"west": {"uv": [16, 0, 0, 4], "texture": "#10"},
				"up": {"uv": [16, 0, 0, 4], "texture": "#10"},
				"down": {"uv": [16, 0, 0, 4], "texture": "#10"}
			}
		},
		{
			"name": "octagon",
			"from": [2.53, 0.36646, -10.833],
			"to": [3.27, 1.84646, -10.167],
			"rotation": {"angle": 0, "axis": "x", "origin": [-16.35569, -1.80997, 6.779]},
			"faces": {
				"north": {"uv": [0, 0, 16, 4], "texture": "#10"},
				"east": {"uv": [0, 0, 16, 4], "texture": "#10"},
				"south": {"uv": [0, 0, 16, 4], "texture": "#10"},
				"west": {"uv": [0, 0, 16, 4], "texture": "#10"},
				"up": {"uv": [16, 4, 0, 0], "texture": "#10"},
				"down": {"uv": [16, 4, 0, 0], "texture": "#10"}
			}
		},
		{
			"name": "octagon",
			"from": [2.419, 0.21846, 26.13],
			"to": [3.381, 1.69846, 26.87],
			"rotation": {"angle": 0, "axis": "y", "origin": [2.9, 0.95846, 26.5]},
			"faces": {
				"north": {"uv": [16, 0, 0, 4], "texture": "#10"},
				"east": {"uv": [16, 0, 0, 4], "texture": "#10"},
				"south": {"uv": [16, 0, 0, 4], "texture": "#10"},
				"west": {"uv": [16, 0, 0, 4], "texture": "#10"},
				"up": {"uv": [16, 0, 0, 4], "rotation": 270, "texture": "#10"},
				"down": {"uv": [16, 0, 0, 4], "rotation": 90, "texture": "#10"}
			}
		},
		{
			"name": "octagon",
			"from": [2.419, 0.21846, -10.87],
			"to": [3.381, 1.69846, -10.13],
			"rotation": {"angle": 0, "axis": "y", "origin": [2.9, 0.95846, -10.5]},
			"faces": {
				"north": {"uv": [0, 0, 16, 4], "texture": "#10"},
				"east": {"uv": [0, 0, 16, 4], "texture": "#10"},
				"south": {"uv": [0, 0, 16, 4], "texture": "#10"},
				"west": {"uv": [0, 0, 16, 4], "texture": "#10"},
				"up": {"uv": [0, 0, 16, 4], "rotation": 270, "texture": "#10"},
				"down": {"uv": [0, 0, 16, 4], "rotation": 90, "texture": "#10"}
			}
		},
		{
			"name": "octagon",
			"from": [8.619, 0.21846, 26.13],
			"to": [9.581, 1.69846, 26.87],
			"rotation": {"angle": 0, "axis": "y", "origin": [9.1, 0.95846, 26.5]},
			"faces": {
				"north": {"uv": [16, 0, 0, 4], "texture": "#10"},
				"east": {"uv": [16, 0, 0, 4], "texture": "#10"},
				"south": {"uv": [16, 0, 0, 4], "texture": "#10"},
				"west": {"uv": [16, 0, 0, 4], "texture": "#10"},
				"up": {"uv": [16, 0, 0, 4], "rotation": 270, "texture": "#10"},
				"down": {"uv": [16, 0, 0, 4], "rotation": 90, "texture": "#10"}
			}
		},
		{
			"name": "octagon",
			"from": [8.619, 0.21846, -10.87],
			"to": [9.581, 1.69846, -10.13],
			"rotation": {"angle": 0, "axis": "y", "origin": [9.1, 0.95846, -10.5]},
			"faces": {
				"north": {"uv": [0, 0, 16, 4], "texture": "#10"},
				"east": {"uv": [0, 0, 16, 4], "texture": "#10"},
				"south": {"uv": [0, 0, 16, 4], "texture": "#10"},
				"west": {"uv": [0, 0, 16, 4], "texture": "#10"},
				"up": {"uv": [0, 0, 16, 4], "rotation": 270, "texture": "#10"},
				"down": {"uv": [0, 0, 16, 4], "rotation": 90, "texture": "#10"}
			}
		},
		{
			"name": "octagon",
			"from": [8.73, 0.36646, 26.167],
			"to": [9.47, 1.84646, 26.833],
			"rotation": {"angle": 0, "axis": "x", "origin": [-10.15569, -1.80997, 9.221]},
			"faces": {
				"north": {"uv": [16, 0, 0, 4], "texture": "#10"},
				"east": {"uv": [16, 0, 0, 4], "texture": "#10"},
				"south": {"uv": [16, 0, 0, 4], "texture": "#10"},
				"west": {"uv": [16, 0, 0, 4], "texture": "#10"},
				"up": {"uv": [16, 0, 0, 4], "texture": "#10"},
				"down": {"uv": [16, 0, 0, 4], "texture": "#10"}
			}
		},
		{
			"name": "octagon",
			"from": [8.73, 0.36646, -10.833],
			"to": [9.47, 1.84646, -10.167],
			"rotation": {"angle": 0, "axis": "x", "origin": [-10.15569, -1.80997, 6.779]},
			"faces": {
				"north": {"uv": [0, 0, 16, 4], "texture": "#10"},
				"east": {"uv": [0, 0, 16, 4], "texture": "#10"},
				"south": {"uv": [0, 0, 16, 4], "texture": "#10"},
				"west": {"uv": [0, 0, 16, 4], "texture": "#10"},
				"up": {"uv": [16, 4, 0, 0], "texture": "#10"},
				"down": {"uv": [16, 4, 0, 0], "texture": "#10"}
			}
		},
		{
			"name": "octagon",
			"from": [8.73, 0.21846, 26.019],
			"to": [9.47, 1.69846, 26.981],
			"rotation": {"angle": 0, "axis": "x", "origin": [-10.15569, -1.95797, 9.221]},
			"faces": {
				"north": {"uv": [16, 0, 0, 4], "texture": "#10"},
				"east": {"uv": [16, 0, 0, 4], "texture": "#10"},
				"south": {"uv": [16, 0, 0, 4], "texture": "#10"},
				"west": {"uv": [16, 0, 0, 4], "texture": "#10"},
				"up": {"uv": [16, 0, 0, 4], "texture": "#10"},
				"down": {"uv": [16, 0, 0, 4], "texture": "#10"}
			}
		},
		{
			"name": "octagon",
			"from": [8.73, 0.21846, -10.981],
			"to": [9.47, 1.69846, -10.019],
			"rotation": {"angle": 0, "axis": "x", "origin": [-10.15569, -1.95797, 6.779]},
			"faces": {
				"north": {"uv": [0, 0, 16, 4], "texture": "#10"},
				"east": {"uv": [0, 0, 16, 4], "texture": "#10"},
				"south": {"uv": [0, 0, 16, 4], "texture": "#10"},
				"west": {"uv": [0, 0, 16, 4], "texture": "#10"},
				"up": {"uv": [16, 4, 0, 0], "texture": "#10"},
				"down": {"uv": [16, 4, 0, 0], "texture": "#10"}
			}
		},
		{
			"name": "octagon",
			"from": [14.619, 0.21846, 26.13],
			"to": [15.581, 1.69846, 26.87],
			"rotation": {"angle": 0, "axis": "y", "origin": [15.1, 0.95846, 26.5]},
			"faces": {
				"north": {"uv": [16, 0, 0, 4], "texture": "#10"},
				"east": {"uv": [16, 0, 0, 4], "texture": "#10"},
				"south": {"uv": [16, 0, 0, 4], "texture": "#10"},
				"west": {"uv": [16, 0, 0, 4], "texture": "#10"},
				"up": {"uv": [16, 0, 0, 4], "rotation": 270, "texture": "#10"},
				"down": {"uv": [16, 0, 0, 4], "rotation": 90, "texture": "#10"}
			}
		},
		{
			"name": "octagon",
			"from": [14.619, 0.21846, -10.87],
			"to": [15.581, 1.69846, -10.13],
			"rotation": {"angle": 0, "axis": "y", "origin": [15.1, 0.95846, -10.5]},
			"faces": {
				"north": {"uv": [0, 0, 16, 4], "texture": "#10"},
				"east": {"uv": [0, 0, 16, 4], "texture": "#10"},
				"south": {"uv": [0, 0, 16, 4], "texture": "#10"},
				"west": {"uv": [0, 0, 16, 4], "texture": "#10"},
				"up": {"uv": [0, 0, 16, 4], "rotation": 270, "texture": "#10"},
				"down": {"uv": [0, 0, 16, 4], "rotation": 90, "texture": "#10"}
			}
		},
		{
			"name": "octagon",
			"from": [14.73, 0.36646, 26.167],
			"to": [15.47, 1.84646, 26.833],
			"rotation": {"angle": 0, "axis": "x", "origin": [-4.15569, -1.80997, 9.221]},
			"faces": {
				"north": {"uv": [16, 0, 0, 4], "texture": "#10"},
				"east": {"uv": [16, 0, 0, 4], "texture": "#10"},
				"south": {"uv": [16, 0, 0, 4], "texture": "#10"},
				"west": {"uv": [16, 0, 0, 4], "texture": "#10"},
				"up": {"uv": [16, 0, 0, 4], "texture": "#10"},
				"down": {"uv": [16, 0, 0, 4], "texture": "#10"}
			}
		},
		{
			"name": "octagon",
			"from": [14.73, 0.36646, -10.833],
			"to": [15.47, 1.84646, -10.167],
			"rotation": {"angle": 0, "axis": "x", "origin": [-4.15569, -1.80997, 6.779]},
			"faces": {
				"north": {"uv": [0, 0, 16, 4], "texture": "#10"},
				"east": {"uv": [0, 0, 16, 4], "texture": "#10"},
				"south": {"uv": [0, 0, 16, 4], "texture": "#10"},
				"west": {"uv": [0, 0, 16, 4], "texture": "#10"},
				"up": {"uv": [16, 4, 0, 0], "texture": "#10"},
				"down": {"uv": [16, 4, 0, 0], "texture": "#10"}
			}
		},
		{
			"name": "octagon",
			"from": [14.73, 0.21846, 26.019],
			"to": [15.47, 1.69846, 26.981],
			"rotation": {"angle": 0, "axis": "x", "origin": [-4.15569, -1.95797, 9.221]},
			"faces": {
				"north": {"uv": [16, 0, 0, 4], "texture": "#10"},
				"east": {"uv": [16, 0, 0, 4], "texture": "#10"},
				"south": {"uv": [16, 0, 0, 4], "texture": "#10"},
				"west": {"uv": [16, 0, 0, 4], "texture": "#10"},
				"up": {"uv": [16, 0, 0, 4], "texture": "#10"},
				"down": {"uv": [16, 0, 0, 4], "texture": "#10"}
			}
		},
		{
			"name": "octagon",
			"from": [14.73, 0.21846, -10.981],
			"to": [15.47, 1.69846, -10.019],
			"rotation": {"angle": 0, "axis": "x", "origin": [-4.15569, -1.95797, 6.779]},
			"faces": {
				"north": {"uv": [0, 0, 16, 4], "texture": "#10"},
				"east": {"uv": [0, 0, 16, 4], "texture": "#10"},
				"south": {"uv": [0, 0, 16, 4], "texture": "#10"},
				"west": {"uv": [0, 0, 16, 4], "texture": "#10"},
				"up": {"uv": [16, 4, 0, 0], "texture": "#10"},
				"down": {"uv": [16, 4, 0, 0], "texture": "#10"}
			}
		},
		{
			"name": "octagon",
			"from": [20.819, 0.21846, 26.13],
			"to": [21.781, 1.69846, 26.87],
			"rotation": {"angle": 0, "axis": "y", "origin": [21.3, 0.95846, 26.5]},
			"faces": {
				"north": {"uv": [16, 0, 0, 4], "texture": "#10"},
				"east": {"uv": [16, 0, 0, 4], "texture": "#10"},
				"south": {"uv": [16, 0, 0, 4], "texture": "#10"},
				"west": {"uv": [16, 0, 0, 4], "texture": "#10"},
				"up": {"uv": [16, 0, 0, 4], "rotation": 270, "texture": "#10"},
				"down": {"uv": [16, 0, 0, 4], "rotation": 90, "texture": "#10"}
			}
		},
		{
			"name": "octagon",
			"from": [20.819, 0.21846, -10.87],
			"to": [21.781, 1.69846, -10.13],
			"rotation": {"angle": 0, "axis": "y", "origin": [21.3, 0.95846, -10.5]},
			"faces": {
				"north": {"uv": [0, 0, 16, 4], "texture": "#10"},
				"east": {"uv": [0, 0, 16, 4], "texture": "#10"},
				"south": {"uv": [0, 0, 16, 4], "texture": "#10"},
				"west": {"uv": [0, 0, 16, 4], "texture": "#10"},
				"up": {"uv": [0, 0, 16, 4], "rotation": 270, "texture": "#10"},
				"down": {"uv": [0, 0, 16, 4], "rotation": 90, "texture": "#10"}
			}
		},
		{
			"name": "octagon",
			"from": [20.93, 0.36646, 26.167],
			"to": [21.67, 1.84646, 26.833],
			"rotation": {"angle": 0, "axis": "x", "origin": [2.04431, -1.80997, 9.221]},
			"faces": {
				"north": {"uv": [16, 0, 0, 4], "texture": "#10"},
				"east": {"uv": [16, 0, 0, 4], "texture": "#10"},
				"south": {"uv": [16, 0, 0, 4], "texture": "#10"},
				"west": {"uv": [16, 0, 0, 4], "texture": "#10"},
				"up": {"uv": [16, 0, 0, 4], "texture": "#10"},
				"down": {"uv": [16, 0, 0, 4], "texture": "#10"}
			}
		},
		{
			"name": "octagon",
			"from": [20.93, 0.36646, -10.833],
			"to": [21.67, 1.84646, -10.167],
			"rotation": {"angle": 0, "axis": "x", "origin": [2.04431, -1.80997, 6.779]},
			"faces": {
				"north": {"uv": [0, 0, 16, 4], "texture": "#10"},
				"east": {"uv": [0, 0, 16, 4], "texture": "#10"},
				"south": {"uv": [0, 0, 16, 4], "texture": "#10"},
				"west": {"uv": [0, 0, 16, 4], "texture": "#10"},
				"up": {"uv": [16, 4, 0, 0], "texture": "#10"},
				"down": {"uv": [16, 4, 0, 0], "texture": "#10"}
			}
		},
		{
			"name": "octagon",
			"from": [20.93, 0.21846, 26.019],
			"to": [21.67, 1.69846, 26.981],
			"rotation": {"angle": 0, "axis": "x", "origin": [2.04431, -1.95797, 9.221]},
			"faces": {
				"north": {"uv": [16, 0, 0, 4], "texture": "#10"},
				"east": {"uv": [16, 0, 0, 4], "texture": "#10"},
				"south": {"uv": [16, 0, 0, 4], "texture": "#10"},
				"west": {"uv": [16, 0, 0, 4], "texture": "#10"},
				"up": {"uv": [16, 0, 0, 4], "texture": "#10"},
				"down": {"uv": [16, 0, 0, 4], "texture": "#10"}
			}
		},
		{
			"name": "octagon",
			"from": [20.93, 0.21846, -10.981],
			"to": [21.67, 1.69846, -10.019],
			"rotation": {"angle": 0, "axis": "x", "origin": [2.04431, -1.95797, 6.779]},
			"faces": {
				"north": {"uv": [0, 0, 16, 4], "texture": "#10"},
				"east": {"uv": [0, 0, 16, 4], "texture": "#10"},
				"south": {"uv": [0, 0, 16, 4], "texture": "#10"},
				"west": {"uv": [0, 0, 16, 4], "texture": "#10"},
				"up": {"uv": [16, 4, 0, 0], "texture": "#10"},
				"down": {"uv": [16, 4, 0, 0], "texture": "#10"}
			}
		},
		{
			"name": "octagon",
			"from": [-3.9, -4.05887, 25.85],
			"to": [28.1, 0.94113, 27.15],
			"rotation": {"angle": 0, "axis": "x", "origin": [-2.4212, -4, 3.15]},
			"faces": {
				"north": {"uv": [16, 0, 0, 4], "texture": "#2"},
				"east": {"uv": [16, 0, 0, 4], "texture": "#2"},
				"south": {"uv": [16, 0, 0, 4], "texture": "#2"},
				"west": {"uv": [16, 0, 0, 4], "texture": "#2"},
				"up": {"uv": [16, 0, 0, 4], "texture": "#2"},
				"down": {"uv": [16, 0, 0, 4], "texture": "#2"}
			}
		},
		{
			"name": "octagon",
			"from": [-3.9, -4.05887, -11.15],
			"to": [28.1, 0.94113, -9.85],
			"rotation": {"angle": 0, "axis": "x", "origin": [-2.4212, -4, 12.85]},
			"faces": {
				"north": {"uv": [0, 0, 16, 4], "texture": "#2"},
				"east": {"uv": [0, 0, 16, 4], "texture": "#2"},
				"south": {"uv": [0, 0, 16, 4], "texture": "#2"},
				"west": {"uv": [0, 0, 16, 4], "texture": "#2"},
				"up": {"uv": [16, 4, 0, 0], "texture": "#2"},
				"down": {"uv": [16, 4, 0, 0], "texture": "#2"}
			}
		},
		{
			"name": "octagon",
			"from": [-3.9, -6.25887, 17.55],
			"to": [28.1, -1.25887, 18.85],
			"rotation": {"angle": 0, "axis": "x", "origin": [-2.4212, -6.2, -5.15]},
			"faces": {
				"north": {"uv": [16, 0, 0, 4], "texture": "#1"},
				"east": {"uv": [16, 0, 0, 4], "texture": "#1"},
				"south": {"uv": [16, 0, 0, 4], "texture": "#1"},
				"west": {"uv": [16, 0, 0, 4], "texture": "#1"},
				"up": {"uv": [16, 0, 0, 4], "texture": "#1"},
				"down": {"uv": [16, 0, 0, 4], "texture": "#1"}
			}
		},
		{
			"name": "octagon",
			"from": [-3.9, -6.25887, -2.85],
			"to": [28.1, -1.25887, -1.55],
			"rotation": {"angle": 0, "axis": "x", "origin": [-2.4212, -6.2, 21.15]},
			"faces": {
				"north": {"uv": [0, 0, 16, 4], "texture": "#1"},
				"east": {"uv": [0, 0, 16, 4], "texture": "#1"},
				"south": {"uv": [0, 0, 16, 4], "texture": "#1"},
				"west": {"uv": [0, 0, 16, 4], "texture": "#1"},
				"up": {"uv": [16, 4, 0, 0], "texture": "#1"},
				"down": {"uv": [16, 4, 0, 0], "texture": "#1"}
			}
		},
		{
			"name": "octagon",
			"from": [26.93, 0.36646, 26.167],
			"to": [27.67, 1.84646, 26.833],
			"rotation": {"angle": 0, "axis": "x", "origin": [8.04431, -1.80997, 9.221]},
			"faces": {
				"north": {"uv": [16, 0, 0, 4], "texture": "#10"},
				"east": {"uv": [16, 0, 0, 4], "texture": "#10"},
				"south": {"uv": [16, 0, 0, 4], "texture": "#10"},
				"west": {"uv": [16, 0, 0, 4], "texture": "#10"},
				"up": {"uv": [16, 0, 0, 4], "texture": "#10"},
				"down": {"uv": [16, 0, 0, 4], "texture": "#10"}
			}
		},
		{
			"name": "octagon",
			"from": [26.93, 0.36646, -10.833],
			"to": [27.67, 1.84646, -10.167],
			"rotation": {"angle": 0, "axis": "x", "origin": [8.04431, -1.80997, 6.779]},
			"faces": {
				"north": {"uv": [0, 0, 16, 4], "texture": "#10"},
				"east": {"uv": [0, 0, 16, 4], "texture": "#10"},
				"south": {"uv": [0, 0, 16, 4], "texture": "#10"},
				"west": {"uv": [0, 0, 16, 4], "texture": "#10"},
				"up": {"uv": [16, 4, 0, 0], "texture": "#10"},
				"down": {"uv": [16, 4, 0, 0], "texture": "#10"}
			}
		},
		{
			"name": "octagon",
			"from": [26.819, 0.21846, 26.13],
			"to": [27.781, 1.69846, 26.87],
			"rotation": {"angle": 0, "axis": "y", "origin": [27.3, 0.95846, 26.5]},
			"faces": {
				"north": {"uv": [16, 0, 0, 4], "texture": "#10"},
				"east": {"uv": [16, 0, 0, 4], "texture": "#10"},
				"south": {"uv": [16, 0, 0, 4], "texture": "#10"},
				"west": {"uv": [16, 0, 0, 4], "texture": "#10"},
				"up": {"uv": [16, 0, 0, 4], "rotation": 270, "texture": "#10"},
				"down": {"uv": [16, 0, 0, 4], "rotation": 90, "texture": "#10"}
			}
		},
		{
			"name": "octagon",
			"from": [26.819, 0.21846, -10.87],
			"to": [27.781, 1.69846, -10.13],
			"rotation": {"angle": 0, "axis": "y", "origin": [27.3, 0.95846, -10.5]},
			"faces": {
				"north": {"uv": [0, 0, 16, 4], "texture": "#10"},
				"east": {"uv": [0, 0, 16, 4], "texture": "#10"},
				"south": {"uv": [0, 0, 16, 4], "texture": "#10"},
				"west": {"uv": [0, 0, 16, 4], "texture": "#10"},
				"up": {"uv": [0, 0, 16, 4], "rotation": 270, "texture": "#10"},
				"down": {"uv": [0, 0, 16, 4], "rotation": 90, "texture": "#10"}
			}
		},
		{
			"name": "octagon",
			"from": [26.93, 0.21846, 26.019],
			"to": [27.67, 1.69846, 26.981],
			"rotation": {"angle": 0, "axis": "x", "origin": [8.04431, -1.95797, 9.221]},
			"faces": {
				"north": {"uv": [16, 0, 0, 4], "texture": "#10"},
				"east": {"uv": [16, 0, 0, 4], "texture": "#10"},
				"south": {"uv": [16, 0, 0, 4], "texture": "#10"},
				"west": {"uv": [16, 0, 0, 4], "texture": "#10"},
				"up": {"uv": [16, 0, 0, 4], "texture": "#10"},
				"down": {"uv": [16, 0, 0, 4], "texture": "#10"}
			}
		},
		{
			"name": "octagon",
			"from": [26.93, 0.21846, -10.981],
			"to": [27.67, 1.69846, -10.019],
			"rotation": {"angle": 0, "axis": "x", "origin": [8.04431, -1.95797, 6.779]},
			"faces": {
				"north": {"uv": [0, 0, 16, 4], "texture": "#10"},
				"east": {"uv": [0, 0, 16, 4], "texture": "#10"},
				"south": {"uv": [0, 0, 16, 4], "texture": "#10"},
				"west": {"uv": [0, 0, 16, 4], "texture": "#10"},
				"up": {"uv": [16, 4, 0, 0], "texture": "#10"},
				"down": {"uv": [16, 4, 0, 0], "texture": "#10"}
			}
		},
		{
			"name": "octagon",
			"from": [-3.27, 0.36646, 26.167],
			"to": [-2.53, 1.84646, 26.833],
			"rotation": {"angle": 0, "axis": "x", "origin": [-22.15569, -1.80997, 9.221]},
			"faces": {
				"north": {"uv": [16, 0, 0, 4], "texture": "#10"},
				"east": {"uv": [16, 0, 0, 4], "texture": "#10"},
				"south": {"uv": [16, 0, 0, 4], "texture": "#10"},
				"west": {"uv": [16, 0, 0, 4], "texture": "#10"},
				"up": {"uv": [16, 0, 0, 4], "texture": "#10"},
				"down": {"uv": [16, 0, 0, 4], "texture": "#10"}
			}
		},
		{
			"name": "octagon",
			"from": [-3.27, 0.36646, -10.833],
			"to": [-2.53, 1.84646, -10.167],
			"rotation": {"angle": 0, "axis": "x", "origin": [-22.15569, -1.80997, 6.779]},
			"faces": {
				"north": {"uv": [0, 0, 16, 4], "texture": "#10"},
				"east": {"uv": [0, 0, 16, 4], "texture": "#10"},
				"south": {"uv": [0, 0, 16, 4], "texture": "#10"},
				"west": {"uv": [0, 0, 16, 4], "texture": "#10"},
				"up": {"uv": [16, 4, 0, 0], "texture": "#10"},
				"down": {"uv": [16, 4, 0, 0], "texture": "#10"}
			}
		},
		{
			"name": "octagon",
			"from": [-3.381, 0.21846, 26.13],
			"to": [-2.419, 1.69846, 26.87],
			"rotation": {"angle": 0, "axis": "y", "origin": [-2.9, 0.95846, 26.5]},
			"faces": {
				"north": {"uv": [16, 0, 0, 4], "texture": "#10"},
				"east": {"uv": [16, 0, 0, 4], "texture": "#10"},
				"south": {"uv": [16, 0, 0, 4], "texture": "#10"},
				"west": {"uv": [16, 0, 0, 4], "texture": "#10"},
				"up": {"uv": [16, 0, 0, 4], "rotation": 270, "texture": "#10"},
				"down": {"uv": [16, 0, 0, 4], "rotation": 90, "texture": "#10"}
			}
		},
		{
			"name": "octagon",
			"from": [-3.381, 0.21846, -10.87],
			"to": [-2.419, 1.69846, -10.13],
			"rotation": {"angle": 0, "axis": "y", "origin": [-2.9, 0.95846, -10.5]},
			"faces": {
				"north": {"uv": [0, 0, 16, 4], "texture": "#10"},
				"east": {"uv": [0, 0, 16, 4], "texture": "#10"},
				"south": {"uv": [0, 0, 16, 4], "texture": "#10"},
				"west": {"uv": [0, 0, 16, 4], "texture": "#10"},
				"up": {"uv": [0, 0, 16, 4], "rotation": 270, "texture": "#10"},
				"down": {"uv": [0, 0, 16, 4], "rotation": 90, "texture": "#10"}
			}
		},
		{
			"name": "octagon",
			"from": [-3.27, 0.21846, 26.019],
			"to": [-2.53, 1.69846, 26.981],
			"rotation": {"angle": 0, "axis": "x", "origin": [-22.15569, -1.95797, 9.221]},
			"faces": {
				"north": {"uv": [16, 0, 0, 4], "texture": "#10"},
				"east": {"uv": [16, 0, 0, 4], "texture": "#10"},
				"south": {"uv": [16, 0, 0, 4], "texture": "#10"},
				"west": {"uv": [16, 0, 0, 4], "texture": "#10"},
				"up": {"uv": [16, 0, 0, 4], "texture": "#10"},
				"down": {"uv": [16, 0, 0, 4], "texture": "#10"}
			}
		},
		{
			"name": "octagon",
			"from": [-3.27, 0.21846, -10.981],
			"to": [-2.53, 1.69846, -10.019],
			"rotation": {"angle": 0, "axis": "x", "origin": [-22.15569, -1.95797, 6.779]},
			"faces": {
				"north": {"uv": [0, 0, 16, 4], "texture": "#10"},
				"east": {"uv": [0, 0, 16, 4], "texture": "#10"},
				"south": {"uv": [0, 0, 16, 4], "texture": "#10"},
				"west": {"uv": [0, 0, 16, 4], "texture": "#10"},
				"up": {"uv": [16, 4, 0, 0], "texture": "#10"},
				"down": {"uv": [16, 4, 0, 0], "texture": "#10"}
			}
		}
	],
	"display": {
		"thirdperson_righthand": {
			"scale": [4, 4, 4]
		},
		"head": {
			"scale": [4, 4, 4]
		}
	},
	"groups": [
		{
			"name": "hexadecagon",
			"origin": [8, 8, 8],
			"children": []
		},
		{
			"name": "octagon",
			"origin": [8, 8, 8],
			"children": [
				{
					"name": "group",
					"origin": [-22.15569, -1.95797, 9.821],
					"children": [0, 1, 2, 3, 4, 5, 6, 7, 8, 9, 10, 11, 12, 13, 14, 15, 16, 17, 18, 19, 20, 21, 22, 23, 24, 25, 26, 27, 28, 29, 30, 31, 32, 33, 34, 35, 36, 37, 38, 39, 40, 41, 42, 43, 44, 45, 46, 47, 48, 49, 50, 51, 52, 53, 54, 55, 56, 57, 58, 59, 60, 61, 62, 63, 64, 65, 66, 67, 68, 69, 70, 71, 72, 73, 74]
				},
				{
					"name": "group",
					"origin": [-22.15569, -1.95797, 9.821],
					"children": []
				}
			]
		}
	]
}