{
	"credit": "Made with Blockbench",
	"textures": {
		"0": "block/lime_concrete",
		"particle": "block/lime_concrete"
	},
	"elements": [
		{
			"from": [3, 7, 7],
			"to": [13, 9, 9],
			"rotation": {"angle": 0, "axis": "y", "origin": [0, 7, 1]},
			"faces": {
				"north": {"uv": [0, 0, 2, 2], "texture": "#0"},
				"east": {"uv": [0, 0, 2, 2], "texture": "#0"},
				"south": {"uv": [0, 0, 2, 2], "texture": "#0"},
				"west": {"uv": [0, 0, 2, 2], "texture": "#0"},
				"up": {"uv": [0, 0, 2, 2], "texture": "#0"},
				"down": {"uv": [0, 0, 2, 2], "texture": "#0"}
			}
		}
	],
	"display": {
		"head": {
			"rotation": [0, 90, 0],
			"scale": [2.47266, 2, 2]
		}
	}
}