{
	"credit": "Made with Blockbench",
	"textures": {
		"0": "block/red_terracotta",
		"1": "block/anvil",
		"particle": "block/red_terracotta"
	},
	"elements": [
		{
			"from": [3, 0, -16],
			"to": [4, 1.1, 32],
			"faces": {
				"north": {"uv": [0, 0, 1, 16], "texture": "#0"},
				"east": {"uv": [0, 0, 1, 16], "texture": "#0"},
				"south": {"uv": [0, 0, 1, 16], "texture": "#0"},
				"west": {"uv": [0, 0, 1, 16], "texture": "#0"},
				"up": {"uv": [0, 0, 1, 16], "texture": "#0"},
				"down": {"uv": [0, 0, 1, 16], "texture": "#0"}
			}
		},
		{
			"from": [3.75, -0.4, 3],
			"to": [12.25, 0, 4],
			"faces": {
				"north": {"uv": [0, 0, 8.5, 1], "texture": "#0"},
				"east": {"uv": [0, 0, 8.5, 1], "texture": "#0"},
				"south": {"uv": [0, 0, 8.5, 1], "texture": "#0"},
				"west": {"uv": [0, 0, 8.5, 1], "texture": "#0"},
				"up": {"uv": [0, 0, 8.5, 1], "texture": "#0"},
				"down": {"uv": [0, 0, 8.5, 1], "texture": "#0"}
			}
		},
		{
			"from": [3.75, -0.4, 8],
			"to": [12.25, 0, 9],
			"faces": {
				"north": {"uv": [0, 0, 8.5, 1], "texture": "#0"},
				"east": {"uv": [0, 0, 8.5, 1], "texture": "#0"},
				"south": {"uv": [0, 0, 8.5, 1], "texture": "#0"},
				"west": {"uv": [0, 0, 8.5, 1], "texture": "#0"},
				"up": {"uv": [0, 0, 8.5, 1], "texture": "#0"},
				"down": {"uv": [0, 0, 8.5, 1], "texture": "#0"}
			}
		},
		{
			"from": [3.75, -0.4, 13],
			"to": [12.25, 0, 14],
			"faces": {
				"north": {"uv": [0, 0, 8.5, 1], "texture": "#0"},
				"east": {"uv": [0, 0, 8.5, 1], "texture": "#0"},
				"south": {"uv": [0, 0, 8.5, 1], "texture": "#0"},
				"west": {"uv": [0, 0, 8.5, 1], "texture": "#0"},
				"up": {"uv": [0, 0, 8.5, 1], "texture": "#0"},
				"down": {"uv": [0, 0, 8.5, 1], "texture": "#0"}
			}
		},
		{
			"from": [3.75, -0.4, 18],
			"to": [12.25, 0, 19],
			"faces": {
				"north": {"uv": [0, 0, 8.5, 1], "texture": "#0"},
				"east": {"uv": [0, 0, 8.5, 1], "texture": "#0"},
				"south": {"uv": [0, 0, 8.5, 1], "texture": "#0"},
				"west": {"uv": [0, 0, 8.5, 1], "texture": "#0"},
				"up": {"uv": [0, 0, 8.5, 1], "texture": "#0"},
				"down": {"uv": [0, 0, 8.5, 1], "texture": "#0"}
			}
		},
		{
			"from": [3.75, -0.4, 23],
			"to": [12.25, 0, 24],
			"faces": {
				"north": {"uv": [0, 0, 8.5, 1], "texture": "#0"},
				"east": {"uv": [0, 0, 8.5, 1], "texture": "#0"},
				"south": {"uv": [0, 0, 8.5, 1], "texture": "#0"},
				"west": {"uv": [0, 0, 8.5, 1], "texture": "#0"},
				"up": {"uv": [0, 0, 8.5, 1], "texture": "#0"},
				"down": {"uv": [0, 0, 8.5, 1], "texture": "#0"}
			}
		},
		{
			"from": [3.75, -0.4, 28],
			"to": [12.25, 0, 29],
			"faces": {
				"north": {"uv": [0, 0, 8.5, 1], "texture": "#0"},
				"east": {"uv": [0, 0, 8.5, 1], "texture": "#0"},
				"south": {"uv": [0, 0, 8.5, 1], "texture": "#0"},
				"west": {"uv": [0, 0, 8.5, 1], "texture": "#0"},
				"up": {"uv": [0, 0, 8.5, 1], "texture": "#0"},
				"down": {"uv": [0, 0, 8.5, 1], "texture": "#0"}
			}
		},
		{
			"from": [3.75, -0.4, -12],
			"to": [12.25, 0, -11],
			"faces": {
				"north": {"uv": [0, 0, 8.5, 1], "texture": "#0"},
				"east": {"uv": [0, 0, 8.5, 1], "texture": "#0"},
				"south": {"uv": [0, 0, 8.5, 1], "texture": "#0"},
				"west": {"uv": [0, 0, 8.5, 1], "texture": "#0"},
				"up": {"uv": [0, 0, 8.5, 1], "texture": "#0"},
				"down": {"uv": [0, 0, 8.5, 1], "texture": "#0"}
			}
		},
		{
			"from": [3.75, -0.4, -7],
			"to": [12.25, 0, -6],
			"faces": {
				"north": {"uv": [0, 0, 8.5, 1], "texture": "#0"},
				"east": {"uv": [0, 0, 8.5, 1], "texture": "#0"},
				"south": {"uv": [0, 0, 8.5, 1], "texture": "#0"},
				"west": {"uv": [0, 0, 8.5, 1], "texture": "#0"},
				"up": {"uv": [0, 0, 8.5, 1], "texture": "#0"},
				"down": {"uv": [0, 0, 8.5, 1], "texture": "#0"}
			}
		},
		{
			"from": [3.75, -0.4, -2],
			"to": [12.25, 0, -1],
			"faces": {
				"north": {"uv": [0, 0, 8.5, 1], "texture": "#0"},
				"east": {"uv": [0, 0, 8.5, 1], "texture": "#0"},
				"south": {"uv": [0, 0, 8.5, 1], "texture": "#0"},
				"west": {"uv": [0, 0, 8.5, 1], "texture": "#0"},
				"up": {"uv": [0, 0, 8.5, 1], "texture": "#0"},
				"down": {"uv": [0, 0, 8.5, 1], "texture": "#0"}
			}
		},
		{
			"from": [12, 0, -16],
			"to": [13, 1.1, 32],
			"faces": {
				"north": {"uv": [0, 0, 1, 16], "texture": "#0"},
				"east": {"uv": [0, 0, 1, 16], "texture": "#0"},
				"south": {"uv": [0, 0, 1, 16], "texture": "#0"},
				"west": {"uv": [0, 0, 1, 16], "texture": "#0"},
				"up": {"uv": [0, 0, 1, 16], "texture": "#0"},
				"down": {"uv": [0, 0, 1, 16], "texture": "#0"}
			}
		},
		{
			"from": [4.65, -0.15, -16],
			"to": [5.65, 0.1, 32],
			"faces": {
				"north": {"uv": [0, 0, 1, 16], "texture": "#1"},
				"east": {"uv": [0, 0, 1, 16], "texture": "#1"},
				"south": {"uv": [0, 0, 1, 16], "texture": "#1"},
				"west": {"uv": [0, 0, 1, 16], "texture": "#1"},
				"up": {"uv": [0, 0, 1, 16], "texture": "#1"},
				"down": {"uv": [0, 0, 1, 16], "texture": "#1"}
			}
		},
		{
			"from": [10.35, -0.15, -16],
			"to": [11.35, 0.1, 32],
			"rotation": {"angle": 0, "axis": "y", "origin": [16, 0, 0]},
			"faces": {
				"north": {"uv": [1, 0, 0, 16], "texture": "#1"},
				"east": {"uv": [1, 0, 0, 16], "texture": "#1"},
				"south": {"uv": [1, 0, 0, 16], "texture": "#1"},
				"west": {"uv": [1, 0, 0, 16], "texture": "#1"},
				"up": {"uv": [1, 0, 0, 16], "texture": "#1"},
				"down": {"uv": [1, 0, 0, 16], "texture": "#1"}
			}
		},
		{
			"from": [9.85, -0.15, -16],
			"to": [10.1, 0.1, 32],
			"rotation": {"angle": 0, "axis": "y", "origin": [16, 0, 0]},
			"faces": {
				"north": {"uv": [1, 0, 0, 16], "texture": "#0"},
				"east": {"uv": [1, 0, 0, 16], "texture": "#0"},
				"south": {"uv": [1, 0, 0, 16], "texture": "#0"},
				"west": {"uv": [1, 0, 0, 16], "texture": "#0"},
				"up": {"uv": [1, 0, 0, 16], "texture": "#0"},
				"down": {"uv": [1, 0, 0, 16], "texture": "#0"}
			}
		},
		{
			"from": [12.4, 1.1, -16],
			"to": [12.9, 1.35, 32],
			"faces": {
				"north": {"uv": [0, 0, 1, 16], "texture": "#1"},
				"east": {"uv": [0, 0, 1, 16], "texture": "#1"},
				"south": {"uv": [0, 0, 1, 16], "texture": "#1"},
				"west": {"uv": [0, 0, 1, 16], "texture": "#1"},
				"up": {"uv": [0, 0, 1, 16], "texture": "#1"},
				"down": {"uv": [0, 0, 1, 16], "texture": "#1"}
			}
		},
		{
			"from": [3.1, 1.1, -16],
			"to": [3.6, 1.35, 32],
			"rotation": {"angle": 0, "axis": "y", "origin": [16, 0, 0]},
			"faces": {
				"north": {"uv": [1, 0, 0, 16], "texture": "#1"},
				"east": {"uv": [1, 0, 0, 16], "texture": "#1"},
				"south": {"uv": [1, 0, 0, 16], "texture": "#1"},
				"west": {"uv": [1, 0, 0, 16], "texture": "#1"},
				"up": {"uv": [1, 0, 0, 16], "texture": "#1"},
				"down": {"uv": [1, 0, 0, 16], "texture": "#1"}
			}
		}
	],
	"display": {
		"head": {
			"translation": [0, -12, 0],
			"scale": [2.92, 2.92, 2.92]
		}
	}
}