{
	"credit": "Made with Blockbench",
	"textures": {
		"0": "block/yellow_terracotta",
		"1": "block/red_terracotta",
		"particle": "block/yellow_terracotta"
	},
	"elements": [
		{
			"name": "hexadecagon",
			"from": [6.74539, 1.72, -1.04],
			"to": [9.25461, 4.28, 14.04],
			"faces": {
				"north": {"uv": [0, 0, 1, 1], "texture": "#0"},
				"east": {"uv": [0, 0, 1, 1], "texture": "#0"},
				"south": {"uv": [0, 0, 1, 1], "texture": "#0"},
				"west": {"uv": [0, 0, 1, 1], "texture": "#0"},
				"up": {"uv": [0, 0, 1, 1], "texture": "#0"},
				"down": {"uv": [0, 0, 1, 1], "texture": "#0"}
			}
		},
		{
			"from": [5.75, 4, 0],
			"to": [10.25, 5, 1],
			"faces": {
				"north": {"uv": [0, 0, 4.5, 1], "texture": "#0"},
				"east": {"uv": [0, 0, 4.5, 1], "texture": "#0"},
				"south": {"uv": [0, 0, 4.5, 1], "texture": "#0"},
				"west": {"uv": [0, 0, 4.5, 1], "texture": "#0"},
				"up": {"uv": [0, 0, 4.5, 1], "texture": "#0"},
				"down": {"uv": [0, 0, 4.5, 1], "texture": "#0"}
			}
		},
		{
			"from": [5.75, 4, 6],
			"to": [10.25, 5, 7],
			"faces": {
				"north": {"uv": [0, 0, 4.5, 1], "texture": "#0"},
				"east": {"uv": [0, 0, 4.5, 1], "texture": "#0"},
				"south": {"uv": [0, 0, 4.5, 1], "texture": "#0"},
				"west": {"uv": [0, 0, 4.5, 1], "texture": "#0"},
				"up": {"uv": [0, 0, 4.5, 1], "texture": "#0"},
				"down": {"uv": [0, 0, 4.5, 1], "texture": "#0"}
			}
		},
		{
			"from": [5.75, 4, 12],
			"to": [10.25, 5, 13],
			"faces": {
				"north": {"uv": [0, 0, 4.5, 1], "texture": "#0"},
				"east": {"uv": [0, 0, 4.5, 1], "texture": "#0"},
				"south": {"uv": [0, 0, 4.5, 1], "texture": "#0"},
				"west": {"uv": [0, 0, 4.5, 1], "texture": "#0"},
				"up": {"uv": [0, 0, 4.5, 1], "texture": "#0"},
				"down": {"uv": [0, 0, 4.5, 1], "texture": "#0"}
			}
		},
		{
			"from": [4.75, 5, 0],
			"to": [11.25, 5.5, 1],
			"faces": {
				"north": {"uv": [0, 0, 6.5, 1], "texture": "#0"},
				"east": {"uv": [0, 0, 6.5, 1], "texture": "#0"},
				"south": {"uv": [0, 0, 6.5, 1], "texture": "#0"},
				"west": {"uv": [0, 0, 6.5, 1], "texture": "#0"},
				"up": {"uv": [0, 0, 6.5, 1], "texture": "#0"},
				"down": {"uv": [0, 0, 6.5, 1], "texture": "#0"}
			}
		},
		{
			"from": [4.75, 5, 6],
			"to": [11.25, 5.5, 7],
			"faces": {
				"north": {"uv": [0, 0, 6.5, 1], "texture": "#0"},
				"east": {"uv": [0, 0, 6.5, 1], "texture": "#0"},
				"south": {"uv": [0, 0, 6.5, 1], "texture": "#0"},
				"west": {"uv": [0, 0, 6.5, 1], "texture": "#0"},
				"up": {"uv": [0, 0, 6.5, 1], "texture": "#0"},
				"down": {"uv": [0, 0, 6.5, 1], "texture": "#0"}
			}
		},
		{
			"from": [4.75, 5, 12],
			"to": [11.25, 5.5, 13],
			"faces": {
				"north": {"uv": [0, 0, 6.5, 1], "texture": "#0"},
				"east": {"uv": [0, 0, 6.5, 1], "texture": "#0"},
				"south": {"uv": [0, 0, 6.5, 1], "texture": "#0"},
				"west": {"uv": [0, 0, 6.5, 1], "texture": "#0"},
				"up": {"uv": [0, 0, 6.5, 1], "texture": "#0"},
				"down": {"uv": [0, 0, 6.5, 1], "texture": "#0"}
			}
		},
		{
			"from": [3.25, 5.5, 0],
			"to": [12.75, 6.25, 1],
			"faces": {
				"north": {"uv": [0, 0, 10.5, 0.75], "texture": "#0"},
				"east": {"uv": [0, 0, 10.5, 0.75], "texture": "#0"},
				"south": {"uv": [0, 0, 10.5, 0.75], "texture": "#0"},
				"west": {"uv": [0, 0, 10.5, 0.75], "texture": "#0"},
				"up": {"uv": [0, 0, 10.5, 0.75], "texture": "#0"},
				"down": {"uv": [0, 0, 10.5, 0.75], "texture": "#0"}
			}
		},
		{
			"from": [3.25, 5.5, 6],
			"to": [12.75, 6.25, 7],
			"faces": {
				"north": {"uv": [0, 0, 10.5, 0.75], "texture": "#0"},
				"east": {"uv": [0, 0, 10.5, 0.75], "texture": "#0"},
				"south": {"uv": [0, 0, 10.5, 0.75], "texture": "#0"},
				"west": {"uv": [0, 0, 10.5, 0.75], "texture": "#0"},
				"up": {"uv": [0, 0, 10.5, 0.75], "texture": "#0"},
				"down": {"uv": [0, 0, 10.5, 0.75], "texture": "#0"}
			}
		},
		{
			"from": [3.25, 5.5, 12],
			"to": [12.75, 6.25, 13],
			"faces": {
				"north": {"uv": [0, 0, 10.5, 0.75], "texture": "#0"},
				"east": {"uv": [0, 0, 10.5, 0.75], "texture": "#0"},
				"south": {"uv": [0, 0, 10.5, 0.75], "texture": "#0"},
				"west": {"uv": [0, 0, 10.5, 0.75], "texture": "#0"},
				"up": {"uv": [0, 0, 10.5, 0.75], "texture": "#0"},
				"down": {"uv": [0, 0, 10.5, 0.75], "texture": "#0"}
			}
		},
		{
			"from": [12.75, 5.9, 0],
			"to": [13.25, 8.25, 1],
			"faces": {
				"north": {"uv": [0, 0, 0.5, 2.75], "texture": "#0"},
				"east": {"uv": [0, 0, 0.5, 2.75], "texture": "#0"},
				"south": {"uv": [0, 0, 0.5, 2.75], "texture": "#0"},
				"west": {"uv": [0, 0, 0.5, 2.75], "texture": "#0"},
				"up": {"uv": [0, 0, 0.5, 2.75], "texture": "#0"},
				"down": {"uv": [0, 0, 0.5, 2.75], "texture": "#0"}
			}
		},
		{
			"from": [12.75, 5.9, 6],
			"to": [13.25, 8.25, 7],
			"faces": {
				"north": {"uv": [0, 0, 0.5, 2.75], "texture": "#0"},
				"east": {"uv": [0, 0, 0.5, 2.75], "texture": "#0"},
				"south": {"uv": [0, 0, 0.5, 2.75], "texture": "#0"},
				"west": {"uv": [0, 0, 0.5, 2.75], "texture": "#0"},
				"up": {"uv": [0, 0, 0.5, 2.75], "texture": "#0"},
				"down": {"uv": [0, 0, 0.5, 2.75], "texture": "#0"}
			}
		},
		{
			"from": [12.75, 5.9, 12],
			"to": [13.25, 8.25, 13],
			"faces": {
				"north": {"uv": [0, 0, 0.5, 2.75], "texture": "#0"},
				"east": {"uv": [0, 0, 0.5, 2.75], "texture": "#0"},
				"south": {"uv": [0, 0, 0.5, 2.75], "texture": "#0"},
				"west": {"uv": [0, 0, 0.5, 2.75], "texture": "#0"},
				"up": {"uv": [0, 0, 0.5, 2.75], "texture": "#0"},
				"down": {"uv": [0, 0, 0.5, 2.75], "texture": "#0"}
			}
		},
		{
			"from": [2.75, 5.9, 0],
			"to": [3.25, 8.35, 1],
			"faces": {
				"north": {"uv": [0, 0, 0.5, 2.85], "texture": "#0"},
				"east": {"uv": [0, 0, 0.5, 2.85], "texture": "#0"},
				"south": {"uv": [0, 0, 0.5, 2.85], "texture": "#0"},
				"west": {"uv": [0, 0, 0.5, 2.85], "texture": "#0"},
				"up": {"uv": [0, 0, 0.5, 2.85], "texture": "#0"},
				"down": {"uv": [0, 0, 0.5, 2.85], "texture": "#0"}
			}
		},
		{
			"from": [2.75, 5.9, 6],
			"to": [3.25, 8.35, 7],
			"faces": {
				"north": {"uv": [0, 0, 0.5, 2.85], "texture": "#0"},
				"east": {"uv": [0, 0, 0.5, 2.85], "texture": "#0"},
				"south": {"uv": [0, 0, 0.5, 2.85], "texture": "#0"},
				"west": {"uv": [0, 0, 0.5, 2.85], "texture": "#0"},
				"up": {"uv": [0, 0, 0.5, 2.85], "texture": "#0"},
				"down": {"uv": [0, 0, 0.5, 2.85], "texture": "#0"}
			}
		},
		{
			"from": [2.75, 5.9, 12],
			"to": [3.25, 8.35, 13],
			"faces": {
				"north": {"uv": [0, 0, 0.5, 2.85], "texture": "#0"},
				"east": {"uv": [0, 0, 0.5, 2.85], "texture": "#0"},
				"south": {"uv": [0, 0, 0.5, 2.85], "texture": "#0"},
				"west": {"uv": [0, 0, 0.5, 2.85], "texture": "#0"},
				"up": {"uv": [0, 0, 0.5, 2.85], "texture": "#0"},
				"down": {"uv": [0, 0, 0.5, 2.85], "texture": "#0"}
			}
		},
		{
			"from": [3.35, 4.25, 0],
			"to": [3.85, 5.2, 1],
			"rotation": {"angle": -45, "axis": "z", "origin": [8, 7, 8]},
			"faces": {
				"north": {"uv": [0, 0, 0.5, 0.95], "texture": "#0"},
				"east": {"uv": [0, 0, 0.5, 0.95], "texture": "#0"},
				"south": {"uv": [0, 0, 0.5, 0.95], "texture": "#0"},
				"west": {"uv": [0, 0, 0.5, 0.95], "texture": "#0"},
				"up": {"uv": [0, 0, 0.5, 0.95], "texture": "#0"},
				"down": {"uv": [0, 0, 0.5, 0.95], "texture": "#0"}
			}
		},
		{
			"from": [3.35, 4.25, 6],
			"to": [3.85, 5.2, 7],
			"rotation": {"angle": -45, "axis": "z", "origin": [8, 7, 8]},
			"faces": {
				"north": {"uv": [0, 0, 0.5, 0.95], "texture": "#0"},
				"east": {"uv": [0, 0, 0.5, 0.95], "texture": "#0"},
				"south": {"uv": [0, 0, 0.5, 0.95], "texture": "#0"},
				"west": {"uv": [0, 0, 0.5, 0.95], "texture": "#0"},
				"up": {"uv": [0, 0, 0.5, 0.95], "texture": "#0"},
				"down": {"uv": [0, 0, 0.5, 0.95], "texture": "#0"}
			}
		},
		{
			"from": [3.35, 4.25, 12],
			"to": [3.85, 5.2, 13],
			"rotation": {"angle": -45, "axis": "z", "origin": [8, 7, 8]},
			"faces": {
				"north": {"uv": [0, 0, 0.5, 0.95], "texture": "#0"},
				"east": {"uv": [0, 0, 0.5, 0.95], "texture": "#0"},
				"south": {"uv": [0, 0, 0.5, 0.95], "texture": "#0"},
				"west": {"uv": [0, 0, 0.5, 0.95], "texture": "#0"},
				"up": {"uv": [0, 0, 0.5, 0.95], "texture": "#0"},
				"down": {"uv": [0, 0, 0.5, 0.95], "texture": "#0"}
			}
		},
		{
			"from": [9.85, 11.15, 0],
			"to": [10.8, 11.65, 1],
			"rotation": {"angle": -45, "axis": "z", "origin": [8, 7, 8]},
			"faces": {
				"north": {"uv": [0, 0, 0.5, 0.95], "rotation": 270, "texture": "#0"},
				"east": {"uv": [0, 0, 0.5, 0.95], "rotation": 270, "texture": "#0"},
				"south": {"uv": [0, 0, 0.5, 0.95], "rotation": 270, "texture": "#0"},
				"west": {"uv": [0, 0, 0.5, 0.95], "rotation": 270, "texture": "#0"},
				"up": {"uv": [0, 0, 0.5, 0.95], "rotation": 270, "texture": "#0"},
				"down": {"uv": [0, 0, 0.5, 0.95], "rotation": 270, "texture": "#0"}
			}
		},
		{
			"from": [9.85, 11.15, 6],
			"to": [10.8, 11.65, 7],
			"rotation": {"angle": -45, "axis": "z", "origin": [8, 7, 8]},
			"faces": {
				"north": {"uv": [0, 0, 0.5, 0.95], "rotation": 270, "texture": "#0"},
				"east": {"uv": [0, 0, 0.5, 0.95], "rotation": 270, "texture": "#0"},
				"south": {"uv": [0, 0, 0.5, 0.95], "rotation": 270, "texture": "#0"},
				"west": {"uv": [0, 0, 0.5, 0.95], "rotation": 270, "texture": "#0"},
				"up": {"uv": [0, 0, 0.5, 0.95], "rotation": 270, "texture": "#0"},
				"down": {"uv": [0, 0, 0.5, 0.95], "rotation": 270, "texture": "#0"}
			}
		},
		{
			"from": [9.85, 11.15, 12],
			"to": [10.8, 11.65, 13],
			"rotation": {"angle": -45, "axis": "z", "origin": [8, 7, 8]},
			"faces": {
				"north": {"uv": [0, 0, 0.5, 0.95], "rotation": 270, "texture": "#0"},
				"east": {"uv": [0, 0, 0.5, 0.95], "rotation": 270, "texture": "#0"},
				"south": {"uv": [0, 0, 0.5, 0.95], "rotation": 270, "texture": "#0"},
				"west": {"uv": [0, 0, 0.5, 0.95], "rotation": 270, "texture": "#0"},
				"up": {"uv": [0, 0, 0.5, 0.95], "rotation": 270, "texture": "#0"},
				"down": {"uv": [0, 0, 0.5, 0.95], "rotation": 270, "texture": "#0"}
			}
		},
		{
			"from": [6.75, 3, 0],
			"to": [9.25, 4, 1],
			"faces": {
				"north": {"uv": [0, 0, 2.5, 2], "texture": "#0"},
				"east": {"uv": [0, 0, 2.5, 2], "texture": "#0"},
				"south": {"uv": [0, 0, 2.5, 2], "texture": "#0"},
				"west": {"uv": [0, 0, 2.5, 2], "texture": "#0"},
				"up": {"uv": [0, 0, 2.5, 2], "texture": "#0"},
				"down": {"uv": [0, 0, 2.5, 2], "texture": "#0"}
			}
		},
		{
			"from": [6.75, 3, 6],
			"to": [9.25, 4, 7],
			"faces": {
				"north": {"uv": [0, 0, 2.5, 2], "texture": "#0"},
				"east": {"uv": [0, 0, 2.5, 2], "texture": "#0"},
				"south": {"uv": [0, 0, 2.5, 2], "texture": "#0"},
				"west": {"uv": [0, 0, 2.5, 2], "texture": "#0"},
				"up": {"uv": [0, 0, 2.5, 2], "texture": "#0"},
				"down": {"uv": [0, 0, 2.5, 2], "texture": "#0"}
			}
		},
		{
			"from": [6.75, 3, 12],
			"to": [9.25, 4, 13],
			"faces": {
				"north": {"uv": [0, 0, 2.5, 2], "texture": "#0"},
				"east": {"uv": [0, 0, 2.5, 2], "texture": "#0"},
				"south": {"uv": [0, 0, 2.5, 2], "texture": "#0"},
				"west": {"uv": [0, 0, 2.5, 2], "texture": "#0"},
				"up": {"uv": [0, 0, 2.5, 2], "texture": "#0"},
				"down": {"uv": [0, 0, 2.5, 2], "texture": "#0"}
			}
		},
		{
			"name": "hexadecagon",
			"from": [11.8727, 8.36, -1.62],
			"to": [12.1273, 9.64, 14.02],
			"rotation": {"angle": -45, "axis": "z", "origin": [12, 9, 1]},
			"faces": {
				"north": {"uv": [0, 0, 1, 1], "texture": "#1"},
				"east": {"uv": [0, 0, 1, 1], "texture": "#1"},
				"south": {"uv": [0, 0, 1, 1], "texture": "#1"},
				"west": {"uv": [0, 0, 1, 1], "texture": "#1"},
				"up": {"uv": [0, 0, 1, 1], "texture": "#1"},
				"down": {"uv": [0, 0, 1, 1], "texture": "#1"}
			}
		},
		{
			"name": "hexadecagon",
			"from": [3.8727, 8.36, -1.62],
			"to": [4.1273, 9.64, 14.02],
			"rotation": {"angle": -45, "axis": "z", "origin": [4, 9, 1]},
			"faces": {
				"north": {"uv": [0, 0, 1, 1], "texture": "#1"},
				"east": {"uv": [0, 0, 1, 1], "texture": "#1"},
				"south": {"uv": [0, 0, 1, 1], "texture": "#1"},
				"west": {"uv": [0, 0, 1, 1], "texture": "#1"},
				"up": {"uv": [0, 0, 1, 1], "texture": "#1"},
				"down": {"uv": [0, 0, 1, 1], "texture": "#1"}
			}
		},
		{
			"name": "hexadecagon",
			"from": [11.8727, 8.36, -1.62],
			"to": [12.1273, 9.64, 14.02],
			"rotation": {"angle": -22.5, "axis": "z", "origin": [12, 9, 1]},
			"faces": {
				"north": {"uv": [0, 0, 1, 1], "texture": "#1"},
				"east": {"uv": [0, 0, 1, 1], "texture": "#1"},
				"south": {"uv": [0, 0, 1, 1], "texture": "#1"},
				"west": {"uv": [0, 0, 1, 1], "texture": "#1"},
				"up": {"uv": [0, 0, 1, 1], "texture": "#1"},
				"down": {"uv": [0, 0, 1, 1], "texture": "#1"}
			}
		},
		{
			"name": "hexadecagon",
			"from": [3.8727, 8.36, -1.62],
			"to": [4.1273, 9.64, 14.02],
			"rotation": {"angle": -22.5, "axis": "z", "origin": [4, 9, 1]},
			"faces": {
				"north": {"uv": [0, 0, 1, 1], "texture": "#1"},
				"east": {"uv": [0, 0, 1, 1], "texture": "#1"},
				"south": {"uv": [0, 0, 1, 1], "texture": "#1"},
				"west": {"uv": [0, 0, 1, 1], "texture": "#1"},
				"up": {"uv": [0, 0, 1, 1], "texture": "#1"},
				"down": {"uv": [0, 0, 1, 1], "texture": "#1"}
			}
		},
		{
			"name": "hexadecagon",
			"from": [11.8727, 8.36, -1.62],
			"to": [12.1273, 9.64, 14.02],
			"faces": {
				"north": {"uv": [0, 0, 1, 1], "texture": "#1"},
				"east": {"uv": [0, 0, 1, 1], "texture": "#1"},
				"south": {"uv": [0, 0, 1, 1], "texture": "#1"},
				"west": {"uv": [0, 0, 1, 1], "texture": "#1"},
				"up": {"uv": [0, 0, 1, 1], "texture": "#1"},
				"down": {"uv": [0, 0, 1, 1], "texture": "#1"}
			}
		},
		{
			"name": "hexadecagon",
			"from": [3.8727, 8.36, -1.62],
			"to": [4.1273, 9.64, 14.02],
			"faces": {
				"north": {"uv": [0, 0, 1, 1], "texture": "#1"},
				"east": {"uv": [0, 0, 1, 1], "texture": "#1"},
				"south": {"uv": [0, 0, 1, 1], "texture": "#1"},
				"west": {"uv": [0, 0, 1, 1], "texture": "#1"},
				"up": {"uv": [0, 0, 1, 1], "texture": "#1"},
				"down": {"uv": [0, 0, 1, 1], "texture": "#1"}
			}
		},
		{
			"name": "hexadecagon",
			"from": [11.8727, 8.36, -1.62],
			"to": [12.1273, 9.64, 14.02],
			"rotation": {"angle": 22.5, "axis": "z", "origin": [12, 9, 1]},
			"faces": {
				"north": {"uv": [0, 0, 1, 1], "texture": "#1"},
				"east": {"uv": [0, 0, 1, 1], "texture": "#1"},
				"south": {"uv": [0, 0, 1, 1], "texture": "#1"},
				"west": {"uv": [0, 0, 1, 1], "texture": "#1"},
				"up": {"uv": [0, 0, 1, 1], "texture": "#1"},
				"down": {"uv": [0, 0, 1, 1], "texture": "#1"}
			}
		},
		{
			"name": "hexadecagon",
			"from": [3.8727, 8.36, -1.62],
			"to": [4.1273, 9.64, 14.02],
			"rotation": {"angle": 22.5, "axis": "z", "origin": [4, 9, 1]},
			"faces": {
				"north": {"uv": [0, 0, 1, 1], "texture": "#1"},
				"east": {"uv": [0, 0, 1, 1], "texture": "#1"},
				"south": {"uv": [0, 0, 1, 1], "texture": "#1"},
				"west": {"uv": [0, 0, 1, 1], "texture": "#1"},
				"up": {"uv": [0, 0, 1, 1], "texture": "#1"},
				"down": {"uv": [0, 0, 1, 1], "texture": "#1"}
			}
		},
		{
			"name": "hexadecagon",
			"from": [11.8727, 8.36, -1.62],
			"to": [12.1273, 9.64, 14.02],
			"rotation": {"angle": 45, "axis": "z", "origin": [12, 9, 1]},
			"faces": {
				"north": {"uv": [0, 0, 1, 1], "texture": "#1"},
				"east": {"uv": [0, 0, 1, 1], "texture": "#1"},
				"south": {"uv": [0, 0, 1, 1], "texture": "#1"},
				"west": {"uv": [0, 0, 1, 1], "texture": "#1"},
				"up": {"uv": [0, 0, 1, 1], "texture": "#1"},
				"down": {"uv": [0, 0, 1, 1], "texture": "#1"}
			}
		},
		{
			"name": "hexadecagon",
			"from": [3.8727, 8.36, -1.62],
			"to": [4.1273, 9.64, 14.02],
			"rotation": {"angle": 45, "axis": "z", "origin": [4, 9, 1]},
			"faces": {
				"north": {"uv": [0, 0, 1, 1], "texture": "#1"},
				"east": {"uv": [0, 0, 1, 1], "texture": "#1"},
				"south": {"uv": [0, 0, 1, 1], "texture": "#1"},
				"west": {"uv": [0, 0, 1, 1], "texture": "#1"},
				"up": {"uv": [0, 0, 1, 1], "texture": "#1"},
				"down": {"uv": [0, 0, 1, 1], "texture": "#1"}
			}
		},
		{
			"name": "hexadecagon",
			"from": [11.36, 8.8727, -1.62],
			"to": [12.64, 9.1273, 14.02],
			"rotation": {"angle": -22.5, "axis": "z", "origin": [12, 9, 1]},
			"faces": {
				"north": {"uv": [0, 0, 1, 1], "texture": "#1"},
				"east": {"uv": [0, 0, 1, 1], "texture": "#1"},
				"south": {"uv": [0, 0, 1, 1], "texture": "#1"},
				"west": {"uv": [0, 0, 1, 1], "texture": "#1"},
				"up": {"uv": [0, 0, 1, 1], "texture": "#1"},
				"down": {"uv": [0, 0, 1, 1], "texture": "#1"}
			}
		},
		{
			"name": "hexadecagon",
			"from": [3.36, 8.8727, -1.62],
			"to": [4.64, 9.1273, 14.02],
			"rotation": {"angle": -22.5, "axis": "z", "origin": [4, 9, 1]},
			"faces": {
				"north": {"uv": [0, 0, 1, 1], "texture": "#1"},
				"east": {"uv": [0, 0, 1, 1], "texture": "#1"},
				"south": {"uv": [0, 0, 1, 1], "texture": "#1"},
				"west": {"uv": [0, 0, 1, 1], "texture": "#1"},
				"up": {"uv": [0, 0, 1, 1], "texture": "#1"},
				"down": {"uv": [0, 0, 1, 1], "texture": "#1"}
			}
		},
		{
			"name": "hexadecagon",
			"from": [11.36, 8.8727, -1.62],
			"to": [12.64, 9.1273, 14.02],
			"faces": {
				"north": {"uv": [0, 0, 1, 1], "texture": "#1"},
				"east": {"uv": [0, 0, 1, 1], "texture": "#1"},
				"south": {"uv": [0, 0, 1, 1], "texture": "#1"},
				"west": {"uv": [0, 0, 1, 1], "texture": "#1"},
				"up": {"uv": [0, 0, 1, 1], "texture": "#1"},
				"down": {"uv": [0, 0, 1, 1], "texture": "#1"}
			}
		},
		{
			"name": "hexadecagon",
			"from": [3.36, 8.8727, -1.62],
			"to": [4.64, 9.1273, 14.02],
			"faces": {
				"north": {"uv": [0, 0, 1, 1], "texture": "#1"},
				"east": {"uv": [0, 0, 1, 1], "texture": "#1"},
				"south": {"uv": [0, 0, 1, 1], "texture": "#1"},
				"west": {"uv": [0, 0, 1, 1], "texture": "#1"},
				"up": {"uv": [0, 0, 1, 1], "texture": "#1"},
				"down": {"uv": [0, 0, 1, 1], "texture": "#1"}
			}
		},
		{
			"name": "hexadecagon",
			"from": [11.36, 8.8727, -1.62],
			"to": [12.64, 9.1273, 14.02],
			"rotation": {"angle": 22.5, "axis": "z", "origin": [12, 9, 1]},
			"faces": {
				"north": {"uv": [0, 0, 1, 1], "texture": "#1"},
				"east": {"uv": [0, 0, 1, 1], "texture": "#1"},
				"south": {"uv": [0, 0, 1, 1], "texture": "#1"},
				"west": {"uv": [0, 0, 1, 1], "texture": "#1"},
				"up": {"uv": [0, 0, 1, 1], "texture": "#1"},
				"down": {"uv": [0, 0, 1, 1], "texture": "#1"}
			}
		},
		{
			"name": "hexadecagon",
			"from": [3.36, 8.8727, -1.62],
			"to": [4.64, 9.1273, 14.02],
			"rotation": {"angle": 22.5, "axis": "z", "origin": [4, 9, 1]},
			"faces": {
				"north": {"uv": [0, 0, 1, 1], "texture": "#1"},
				"east": {"uv": [0, 0, 1, 1], "texture": "#1"},
				"south": {"uv": [0, 0, 1, 1], "texture": "#1"},
				"west": {"uv": [0, 0, 1, 1], "texture": "#1"},
				"up": {"uv": [0, 0, 1, 1], "texture": "#1"},
				"down": {"uv": [0, 0, 1, 1], "texture": "#1"}
			}
		},
		{
			"from": [3, 8.5, 14],
			"to": [13, 9.5, 15],
			"rotation": {"angle": 0, "axis": "y", "origin": [12, 16.5, 22]},
			"faces": {
				"north": {"uv": [0, 0, 10, 1], "texture": "#1"},
				"east": {"uv": [0, 0, 10, 1], "texture": "#1"},
				"south": {"uv": [0, 0, 10, 1], "texture": "#1"},
				"west": {"uv": [0, 0, 10, 1], "texture": "#1"},
				"up": {"uv": [0, 0, 10, 1], "texture": "#1"},
				"down": {"uv": [0, 0, 10, 1], "texture": "#1"}
			}
		},
		{
			"from": [9.12464, 8.7, 14.42806],
			"to": [11.12464, 9.5, 25.42806],
			"rotation": {"angle": -22.5, "axis": "y", "origin": [10.62464, 9.2, 19.42806]},
			"faces": {
				"north": {"uv": [0, 0, 10, 1], "texture": "#1"},
				"east": {"uv": [0, 0, 10, 1], "texture": "#1"},
				"south": {"uv": [0, 0, 10, 1], "texture": "#1"},
				"west": {"uv": [0, 0, 10, 1], "texture": "#1"},
				"up": {"uv": [0, 0, 10, 1], "rotation": 270, "texture": "#1"},
				"down": {"uv": [0, 0, 10, 1], "rotation": 90, "texture": "#1"}
			}
		},
		{
			"from": [4.87536, 8.6, 14.42806],
			"to": [6.87536, 9.5, 25.42806],
			"rotation": {"angle": 22.5, "axis": "y", "origin": [5.37536, 9.1, 19.42806]},
			"faces": {
				"north": {"uv": [10, 0, 0, 1], "texture": "#1"},
				"east": {"uv": [10, 0, 0, 1], "texture": "#1"},
				"south": {"uv": [10, 0, 0, 1], "texture": "#1"},
				"west": {"uv": [10, 0, 0, 1], "texture": "#1"},
				"up": {"uv": [0, 1, 10, 0], "rotation": 270, "texture": "#1"},
				"down": {"uv": [0, 1, 10, 0], "rotation": 90, "texture": "#1"}
			}
		}
	],
	"display": {
		"gui": {
			"rotation": [32, -17, 0],
			"translation": [0, 0.75, 0]
		},
		"head": {
			"translation": [0, -21, 0],
			"scale": [2.87, 2.87, 2.87]
		}
	},
	"groups": [
		{
			"name": "hexadecagon",
			"origin": [8, 8, 8],
			"children": [0]
		}, 1, 2, 3, 4, 5, 6, 7, 8, 9, 10, 11, 12, 13, 14, 15, 16, 17, 18, 19, 20, 21, 22, 23, 24,
		{
			"name": "hexadecagon",
			"origin": [8, 8, 8],
			"children": [25, 26, 27, 28, 29, 30, 31, 32, 33, 34, 35, 36, 37, 38, 39, 40]
		}, 41, 42, 43]
}