{
	"credit": "Made with Blockbench",
	"textures": {
		"2": "block/cauldron_inner",
		"3": "block/white_concrete",
		"particle": "block/red_terracotta"
	},
	"elements": [
		{
			"from": [10.136, 2.77576, 6.64636],
			"to": [13.444, 3.52576, 7.34636],
			"rotation": {"angle": 0, "axis": "x", "origin": [12.485, 4.57576, 6.99636]},
			"faces": {
				"north": {"uv": [0, 0, 15.5, 5], "rotation": 180, "texture": "#2"},
				"east": {"uv": [0, 0, 15.5, 5], "rotation": 90, "texture": "#2"},
				"south": {"uv": [0, 0, 15.5, 5], "texture": "#2"},
				"west": {"uv": [0, 0, 15.5, 5], "rotation": 270, "texture": "#2"},
				"up": {"uv": [0, 0, 15.5, 5], "texture": "#2"},
				"down": {"uv": [0, 0, 15.5, 5], "rotation": 180, "texture": "#2"}
			}
		},
		{
			"from": [12.636, 3.37576, 6.74636],
			"to": [13.944, 3.77576, 7.24636],
			"rotation": {"angle": 45, "axis": "z", "origin": [13.29, 3.45076, 6.99636]},
			"faces": {
				"north": {"uv": [0, 0, 15.5, 5], "rotation": 180, "texture": "#2"},
				"east": {"uv": [0, 0, 15.5, 5], "rotation": 90, "texture": "#2"},
				"south": {"uv": [0, 0, 15.5, 5], "texture": "#2"},
				"west": {"uv": [0, 0, 15.5, 5], "rotation": 270, "texture": "#2"},
				"up": {"uv": [0, 0, 15.5, 5], "texture": "#2"},
				"down": {"uv": [0, 0, 15.5, 5], "rotation": 180, "texture": "#2"}
			}
		},
		{
			"from": [9.456, 3.37576, 6.74636],
			"to": [10.764, 3.77576, 7.24636],
			"rotation": {"angle": -45, "axis": "z", "origin": [10.11, 3.45076, 6.99636]},
			"faces": {
				"north": {"uv": [15.5, 0, 0, 5], "rotation": 180, "texture": "#2"},
				"east": {"uv": [0, 5, 15.5, 0], "rotation": 270, "texture": "#2"},
				"south": {"uv": [15.5, 0, 0, 5], "texture": "#2"},
				"west": {"uv": [0, 5, 15.5, 0], "rotation": 90, "texture": "#2"},
				"up": {"uv": [15.5, 0, 0, 5], "texture": "#2"},
				"down": {"uv": [15.5, 0, 0, 5], "rotation": 180, "texture": "#2"}
			}
		},
		{
			"from": [9.016, 2.87576, 6.84636],
			"to": [10.124, 5.27576, 7.54636],
			"rotation": {"angle": 0, "axis": "x", "origin": [11.365, 4.57576, 7.19636]},
			"faces": {
				"north": {"uv": [15.5, 0, 0, 5], "rotation": 180, "texture": "#2"},
				"east": {"uv": [0, 5, 15.5, 0], "rotation": 270, "texture": "#2"},
				"south": {"uv": [15.5, 0, 0, 5], "texture": "#2"},
				"west": {"uv": [0, 5, 15.5, 0], "rotation": 90, "texture": "#2"},
				"up": {"uv": [15.5, 0, 0, 5], "texture": "#2"},
				"down": {"uv": [15.5, 0, 0, 5], "rotation": 180, "texture": "#2"}
			}
		},
		{
			"from": [9.216, 4.17576, 6.24636],
			"to": [9.324, 5.07576, 6.34636],
			"rotation": {"angle": 22.5, "axis": "y", "origin": [9.27, 4.62576, 6.49636]},
			"faces": {
				"north": {"uv": [0, 5, 15.5, 0], "rotation": 90, "texture": "#3"},
				"east": {"uv": [0, 5, 15.5, 0], "rotation": 90, "texture": "#3"},
				"south": {"uv": [0, 5, 15.5, 0], "rotation": 90, "texture": "#3"},
				"west": {"uv": [0, 5, 15.5, 0], "rotation": 90, "texture": "#3"},
				"up": {"uv": [0, 5, 15.5, 0], "rotation": 90, "texture": "#3"},
				"down": {"uv": [0, 5, 15.5, 0], "rotation": 90, "texture": "#3"}
			}
		},
		{
			"from": [9.216, 5.07576, 6.34636],
			"to": [9.324, 5.17576, 6.84636],
			"rotation": {"angle": 22.5, "axis": "y", "origin": [9.27, 4.62576, 6.49636]},
			"faces": {
				"north": {"uv": [0, 5, 15.5, 0], "rotation": 90, "texture": "#3"},
				"east": {"uv": [0, 5, 15.5, 0], "rotation": 90, "texture": "#3"},
				"south": {"uv": [0, 5, 15.5, 0], "rotation": 90, "texture": "#3"},
				"west": {"uv": [0, 5, 15.5, 0], "rotation": 90, "texture": "#3"},
				"up": {"uv": [0, 5, 15.5, 0], "rotation": 90, "texture": "#3"},
				"down": {"uv": [0, 5, 15.5, 0], "rotation": 90, "texture": "#3"}
			}
		},
		{
			"from": [8.886, 6.70443, 7.91819],
			"to": [9.694, 7.40443, 8.81819],
			"rotation": {"angle": -22.5, "axis": "x", "origin": [11.735, 7.05443, 8.36819]},
			"faces": {
				"north": {"uv": [0, 0, 15.5, 5], "texture": "#2"},
				"east": {"uv": [0, 0, 15.5, 5], "texture": "#2"},
				"south": {"uv": [0, 0, 15.5, 5], "texture": "#2"},
				"west": {"uv": [0, 0, 15.5, 5], "texture": "#2"},
				"up": {"uv": [0, 0, 15.5, 5], "texture": "#2"},
				"down": {"uv": [0, 0, 15.5, 5], "texture": "#2"}
			}
		},
		{
			"from": [8.716, 6.50443, 7.91819],
			"to": [9.824, 7.20443, 8.81819],
			"rotation": {"angle": -22.5, "axis": "x", "origin": [11.565, 6.85443, 8.36819]},
			"faces": {
				"north": {"uv": [15.5, 0, 0, 5], "texture": "#2"},
				"east": {"uv": [15.5, 0, 0, 5], "texture": "#2"},
				"south": {"uv": [15.5, 0, 0, 5], "texture": "#2"},
				"west": {"uv": [15.5, 0, 0, 5], "texture": "#2"},
				"up": {"uv": [15.5, 0, 0, 5], "texture": "#2"},
				"down": {"uv": [15.5, 0, 0, 5], "texture": "#2"}
			}
		},
		{
			"from": [8.716, 5.85248, 7.45643],
			"to": [9.824, 6.55248, 8.35643],
			"rotation": {"angle": -45, "axis": "x", "origin": [11.565, 6.1297, 7.54053]},
			"faces": {
				"north": {"uv": [15.5, 0, 0, 5], "texture": "#2"},
				"east": {"uv": [15.5, 0, 0, 5], "texture": "#2"},
				"south": {"uv": [15.5, 0, 0, 5], "texture": "#2"},
				"west": {"uv": [15.5, 0, 0, 5], "texture": "#2"},
				"up": {"uv": [15.5, 0, 0, 5], "texture": "#2"},
				"down": {"uv": [15.5, 0, 0, 5], "texture": "#2"}
			}
		},
		{
			"from": [13.776, 6.70443, 7.91819],
			"to": [14.584, 7.40443, 8.81819],
			"rotation": {"angle": -22.5, "axis": "x", "origin": [11.735, 7.05443, 8.36819]},
			"faces": {
				"north": {"uv": [0, 0, 15.5, 5], "texture": "#2"},
				"east": {"uv": [0, 0, 15.5, 5], "texture": "#2"},
				"south": {"uv": [0, 0, 15.5, 5], "texture": "#2"},
				"west": {"uv": [0, 0, 15.5, 5], "texture": "#2"},
				"up": {"uv": [0, 0, 15.5, 5], "texture": "#2"},
				"down": {"uv": [0, 0, 15.5, 5], "texture": "#2"}
			}
		},
		{
			"from": [13.776, 6.85, 8.65],
			"to": [14.584, 7.55, 10.3],
			"rotation": {"angle": 0, "axis": "y", "origin": [8, 8.25, 7.5]},
			"faces": {
				"north": {"uv": [0, 0, 15.5, 5], "texture": "#2"},
				"east": {"uv": [0, 0, 15.5, 5], "texture": "#2"},
				"south": {"uv": [0, 0, 15.5, 5], "texture": "#2"},
				"west": {"uv": [0, 0, 15.5, 5], "texture": "#2"},
				"up": {"uv": [0, 0, 15.5, 5], "texture": "#2"},
				"down": {"uv": [0, 0, 15.5, 5], "texture": "#2"}
			}
		},
		{
			"from": [13.676, 6.65, 8.65],
			"to": [14.684, 7.35, 10.3],
			"rotation": {"angle": 0, "axis": "y", "origin": [8.1, 8.05, 7.5]},
			"faces": {
				"north": {"uv": [0, 0, 15.5, 5], "texture": "#2"},
				"east": {"uv": [0, 0, 15.5, 5], "texture": "#2"},
				"south": {"uv": [0, 0, 15.5, 5], "texture": "#2"},
				"west": {"uv": [0, 0, 15.5, 5], "texture": "#2"},
				"up": {"uv": [0, 0, 15.5, 5], "texture": "#2"},
				"down": {"uv": [0, 0, 15.5, 5], "texture": "#2"}
			}
		},
		{
			"from": [13.676, 6.50443, 7.91819],
			"to": [14.684, 7.20443, 8.81819],
			"rotation": {"angle": -22.5, "axis": "x", "origin": [11.835, 6.85443, 8.36819]},
			"faces": {
				"north": {"uv": [0, 0, 15.5, 5], "texture": "#2"},
				"east": {"uv": [0, 0, 15.5, 5], "texture": "#2"},
				"south": {"uv": [0, 0, 15.5, 5], "texture": "#2"},
				"west": {"uv": [0, 0, 15.5, 5], "texture": "#2"},
				"up": {"uv": [0, 0, 15.5, 5], "texture": "#2"},
				"down": {"uv": [0, 0, 15.5, 5], "texture": "#2"}
			}
		},
		{
			"from": [13.676, 5.85248, 7.45643],
			"to": [14.684, 6.55248, 8.35643],
			"rotation": {"angle": -45, "axis": "x", "origin": [11.835, 6.1297, 7.54053]},
			"faces": {
				"north": {"uv": [0, 0, 15.5, 5], "texture": "#2"},
				"east": {"uv": [0, 0, 15.5, 5], "texture": "#2"},
				"south": {"uv": [0, 0, 15.5, 5], "texture": "#2"},
				"west": {"uv": [0, 0, 15.5, 5], "texture": "#2"},
				"up": {"uv": [0, 0, 15.5, 5], "texture": "#2"},
				"down": {"uv": [0, 0, 15.5, 5], "texture": "#2"}
			}
		},
		{
			"from": [13.376, 5.0695, 7.18326],
			"to": [14.384, 6.4695, 7.88326],
			"rotation": {"angle": 22.5, "axis": "x", "origin": [11.535, 6.0195, 7.53326]},
			"faces": {
				"north": {"uv": [0, 0, 15.5, 5], "rotation": 180, "texture": "#2"},
				"east": {"uv": [0, 0, 15.5, 5], "rotation": 90, "texture": "#2"},
				"south": {"uv": [0, 0, 15.5, 5], "texture": "#2"},
				"west": {"uv": [0, 0, 15.5, 5], "rotation": 270, "texture": "#2"},
				"up": {"uv": [0, 0, 15.5, 5], "texture": "#2"},
				"down": {"uv": [0, 0, 15.5, 5], "rotation": 180, "texture": "#2"}
			}
		},
		{
			"from": [14.076, 5.07576, 6.34636],
			"to": [14.184, 5.17576, 6.84636],
			"rotation": {"angle": -22.5, "axis": "y", "origin": [14.13, 4.62576, 6.49636]},
			"faces": {
				"north": {"uv": [0, 0, 15.5, 5], "rotation": 90, "texture": "#3"},
				"east": {"uv": [0, 0, 15.5, 5], "rotation": 90, "texture": "#3"},
				"south": {"uv": [0, 0, 15.5, 5], "rotation": 90, "texture": "#3"},
				"west": {"uv": [0, 0, 15.5, 5], "rotation": 90, "texture": "#3"},
				"up": {"uv": [0, 0, 15.5, 5], "rotation": 90, "texture": "#3"},
				"down": {"uv": [0, 0, 15.5, 5], "rotation": 90, "texture": "#3"}
			}
		},
		{
			"from": [13.376, 2.87576, 6.84636],
			"to": [14.384, 5.27576, 7.54636],
			"rotation": {"angle": 0, "axis": "x", "origin": [12.035, 4.57576, 7.19636]},
			"faces": {
				"north": {"uv": [0, 0, 15.5, 5], "rotation": 180, "texture": "#2"},
				"east": {"uv": [0, 0, 15.5, 5], "rotation": 90, "texture": "#2"},
				"south": {"uv": [0, 0, 15.5, 5], "texture": "#2"},
				"west": {"uv": [0, 0, 15.5, 5], "rotation": 270, "texture": "#2"},
				"up": {"uv": [0, 0, 15.5, 5], "texture": "#2"},
				"down": {"uv": [0, 0, 15.5, 5], "rotation": 180, "texture": "#2"}
			}
		},
		{
			"from": [14.076, 4.17576, 6.24636],
			"to": [14.184, 5.07576, 6.34636],
			"rotation": {"angle": -22.5, "axis": "y", "origin": [14.13, 4.62576, 6.49636]},
			"faces": {
				"north": {"uv": [0, 0, 15.5, 5], "rotation": 90, "texture": "#3"},
				"east": {"uv": [0, 0, 15.5, 5], "rotation": 90, "texture": "#3"},
				"south": {"uv": [0, 0, 15.5, 5], "rotation": 90, "texture": "#3"},
				"west": {"uv": [0, 0, 15.5, 5], "rotation": 90, "texture": "#3"},
				"up": {"uv": [0, 0, 15.5, 5], "rotation": 90, "texture": "#3"},
				"down": {"uv": [0, 0, 15.5, 5], "rotation": 90, "texture": "#3"}
			}
		},
		{
			"from": [14.076, 4.07576, 6.34636],
			"to": [14.184, 4.17576, 6.84636],
			"rotation": {"angle": -22.5, "axis": "y", "origin": [14.13, 4.62576, 6.49636]},
			"faces": {
				"north": {"uv": [0, 0, 15.5, 5], "rotation": 90, "texture": "#3"},
				"east": {"uv": [0, 0, 15.5, 5], "rotation": 90, "texture": "#3"},
				"south": {"uv": [0, 0, 15.5, 5], "rotation": 90, "texture": "#3"},
				"west": {"uv": [0, 0, 15.5, 5], "rotation": 90, "texture": "#3"},
				"up": {"uv": [0, 0, 15.5, 5], "rotation": 90, "texture": "#3"},
				"down": {"uv": [0, 0, 15.5, 5], "rotation": 90, "texture": "#3"}
			}
		},
		{
			"from": [8.886, 6.85, 8.65],
			"to": [9.694, 7.55, 10.3],
			"rotation": {"angle": 0, "axis": "y", "origin": [8, 8.25, 7.5]},
			"faces": {
				"north": {"uv": [0, 0, 15.5, 5], "texture": "#2"},
				"east": {"uv": [0, 0, 15.5, 5], "texture": "#2"},
				"south": {"uv": [0, 0, 15.5, 5], "texture": "#2"},
				"west": {"uv": [0, 0, 15.5, 5], "texture": "#2"},
				"up": {"uv": [0, 0, 15.5, 5], "texture": "#2"},
				"down": {"uv": [0, 0, 15.5, 5], "texture": "#2"}
			}
		},
		{
			"from": [8.716, 6.65, 8.65],
			"to": [9.824, 7.35, 10.3],
			"rotation": {"angle": 0, "axis": "y", "origin": [15.3, 8.05, 7.5]},
			"faces": {
				"north": {"uv": [15.5, 0, 0, 5], "texture": "#2"},
				"east": {"uv": [15.5, 0, 0, 5], "texture": "#2"},
				"south": {"uv": [15.5, 0, 0, 5], "texture": "#2"},
				"west": {"uv": [15.5, 0, 0, 5], "texture": "#2"},
				"up": {"uv": [15.5, 0, 0, 5], "texture": "#2"},
				"down": {"uv": [15.5, 0, 0, 5], "texture": "#2"}
			}
		},
		{
			"from": [9.016, 5.0695, 7.18326],
			"to": [10.124, 6.4695, 7.88326],
			"rotation": {"angle": 22.5, "axis": "x", "origin": [11.865, 6.0195, 7.53326]},
			"faces": {
				"north": {"uv": [15.5, 0, 0, 5], "rotation": 180, "texture": "#2"},
				"east": {"uv": [0, 5, 15.5, 0], "rotation": 270, "texture": "#2"},
				"south": {"uv": [15.5, 0, 0, 5], "texture": "#2"},
				"west": {"uv": [0, 5, 15.5, 0], "rotation": 90, "texture": "#2"},
				"up": {"uv": [15.5, 0, 0, 5], "texture": "#2"},
				"down": {"uv": [15.5, 0, 0, 5], "rotation": 180, "texture": "#2"}
			}
		},
		{
			"from": [9.216, 4.07576, 6.34636],
			"to": [9.324, 4.17576, 6.84636],
			"rotation": {"angle": 22.5, "axis": "y", "origin": [9.27, 4.62576, 6.49636]},
			"faces": {
				"north": {"uv": [0, 5, 15.5, 0], "rotation": 90, "texture": "#3"},
				"east": {"uv": [0, 5, 15.5, 0], "rotation": 90, "texture": "#3"},
				"south": {"uv": [0, 5, 15.5, 0], "rotation": 90, "texture": "#3"},
				"west": {"uv": [0, 5, 15.5, 0], "rotation": 90, "texture": "#3"},
				"up": {"uv": [0, 5, 15.5, 0], "rotation": 90, "texture": "#3"},
				"down": {"uv": [0, 5, 15.5, 0], "rotation": 90, "texture": "#3"}
			}
		},
		{
			"from": [2.556, 2.77576, 6.64636],
			"to": [5.864, 3.52576, 7.34636],
			"rotation": {"angle": 0, "axis": "x", "origin": [3.515, 4.57576, 6.99636]},
			"faces": {
				"north": {"uv": [15.5, 0, 0, 5], "rotation": 180, "texture": "#2"},
				"east": {"uv": [0, 5, 15.5, 0], "rotation": 270, "texture": "#2"},
				"south": {"uv": [15.5, 0, 0, 5], "texture": "#2"},
				"west": {"uv": [0, 5, 15.5, 0], "rotation": 90, "texture": "#2"},
				"up": {"uv": [15.5, 0, 0, 5], "texture": "#2"},
				"down": {"uv": [15.5, 0, 0, 5], "rotation": 180, "texture": "#2"}
			}
		},
		{
			"from": [2.056, 3.37576, 6.74636],
			"to": [3.364, 3.77576, 7.24636],
			"rotation": {"angle": -45, "axis": "z", "origin": [2.71, 3.45076, 6.99636]},
			"faces": {
				"north": {"uv": [15.5, 0, 0, 5], "rotation": 180, "texture": "#2"},
				"east": {"uv": [0, 5, 15.5, 0], "rotation": 270, "texture": "#2"},
				"south": {"uv": [15.5, 0, 0, 5], "texture": "#2"},
				"west": {"uv": [0, 5, 15.5, 0], "rotation": 90, "texture": "#2"},
				"up": {"uv": [15.5, 0, 0, 5], "texture": "#2"},
				"down": {"uv": [15.5, 0, 0, 5], "rotation": 180, "texture": "#2"}
			}
		},
		{
			"from": [5.236, 3.37576, 6.74636],
			"to": [6.544, 3.77576, 7.24636],
			"rotation": {"angle": 45, "axis": "z", "origin": [5.89, 3.45076, 6.99636]},
			"faces": {
				"north": {"uv": [0, 0, 15.5, 5], "rotation": 180, "texture": "#2"},
				"east": {"uv": [0, 0, 15.5, 5], "rotation": 90, "texture": "#2"},
				"south": {"uv": [0, 0, 15.5, 5], "texture": "#2"},
				"west": {"uv": [0, 0, 15.5, 5], "rotation": 270, "texture": "#2"},
				"up": {"uv": [0, 0, 15.5, 5], "texture": "#2"},
				"down": {"uv": [0, 0, 15.5, 5], "rotation": 180, "texture": "#2"}
			}
		},
		{
			"from": [5.876, 2.87576, 6.84636],
			"to": [6.984, 5.27576, 7.54636],
			"rotation": {"angle": 0, "axis": "x", "origin": [4.635, 4.57576, 7.19636]},
			"faces": {
				"north": {"uv": [0, 0, 15.5, 5], "rotation": 180, "texture": "#2"},
				"east": {"uv": [0, 0, 15.5, 5], "rotation": 90, "texture": "#2"},
				"south": {"uv": [0, 0, 15.5, 5], "texture": "#2"},
				"west": {"uv": [0, 0, 15.5, 5], "rotation": 270, "texture": "#2"},
				"up": {"uv": [0, 0, 15.5, 5], "texture": "#2"},
				"down": {"uv": [0, 0, 15.5, 5], "rotation": 180, "texture": "#2"}
			}
		},
		{
			"from": [6.676, 4.17576, 6.24636],
			"to": [6.784, 5.07576, 6.34636],
			"rotation": {"angle": -22.5, "axis": "y", "origin": [6.73, 4.62576, 6.49636]},
			"faces": {
				"north": {"uv": [0, 0, 15.5, 5], "rotation": 90, "texture": "#3"},
				"east": {"uv": [0, 0, 15.5, 5], "rotation": 90, "texture": "#3"},
				"south": {"uv": [0, 0, 15.5, 5], "rotation": 90, "texture": "#3"},
				"west": {"uv": [0, 0, 15.5, 5], "rotation": 90, "texture": "#3"},
				"up": {"uv": [0, 0, 15.5, 5], "rotation": 90, "texture": "#3"},
				"down": {"uv": [0, 0, 15.5, 5], "rotation": 90, "texture": "#3"}
			}
		},
		{
			"from": [6.676, 5.07576, 6.34636],
			"to": [6.784, 5.17576, 6.84636],
			"rotation": {"angle": -22.5, "axis": "y", "origin": [6.73, 4.62576, 6.49636]},
			"faces": {
				"north": {"uv": [0, 0, 15.5, 5], "rotation": 90, "texture": "#3"},
				"east": {"uv": [0, 0, 15.5, 5], "rotation": 90, "texture": "#3"},
				"south": {"uv": [0, 0, 15.5, 5], "rotation": 90, "texture": "#3"},
				"west": {"uv": [0, 0, 15.5, 5], "rotation": 90, "texture": "#3"},
				"up": {"uv": [0, 0, 15.5, 5], "rotation": 90, "texture": "#3"},
				"down": {"uv": [0, 0, 15.5, 5], "rotation": 90, "texture": "#3"}
			}
		},
		{
			"from": [6.306, 6.70443, 7.91819],
			"to": [7.114, 7.40443, 8.81819],
			"rotation": {"angle": -22.5, "axis": "x", "origin": [4.265, 7.05443, 8.36819]},
			"faces": {
				"north": {"uv": [15.5, 0, 0, 5], "texture": "#2"},
				"east": {"uv": [15.5, 0, 0, 5], "texture": "#2"},
				"south": {"uv": [15.5, 0, 0, 5], "texture": "#2"},
				"west": {"uv": [15.5, 0, 0, 5], "texture": "#2"},
				"up": {"uv": [15.5, 0, 0, 5], "texture": "#2"},
				"down": {"uv": [15.5, 0, 0, 5], "texture": "#2"}
			}
		},
		{
			"from": [6.176, 6.50443, 7.91819],
			"to": [7.284, 7.20443, 8.81819],
			"rotation": {"angle": -22.5, "axis": "x", "origin": [4.435, 6.85443, 8.36819]},
			"faces": {
				"north": {"uv": [0, 0, 15.5, 5], "texture": "#2"},
				"east": {"uv": [0, 0, 15.5, 5], "texture": "#2"},
				"south": {"uv": [0, 0, 15.5, 5], "texture": "#2"},
				"west": {"uv": [0, 0, 15.5, 5], "texture": "#2"},
				"up": {"uv": [0, 0, 15.5, 5], "texture": "#2"},
				"down": {"uv": [0, 0, 15.5, 5], "texture": "#2"}
			}
		},
		{
			"from": [6.176, 5.85248, 7.45643],
			"to": [7.284, 6.55248, 8.35643],
			"rotation": {"angle": -45, "axis": "x", "origin": [4.435, 6.1297, 7.54053]},
			"faces": {
				"north": {"uv": [0, 0, 15.5, 5], "texture": "#2"},
				"east": {"uv": [0, 0, 15.5, 5], "texture": "#2"},
				"south": {"uv": [0, 0, 15.5, 5], "texture": "#2"},
				"west": {"uv": [0, 0, 15.5, 5], "texture": "#2"},
				"up": {"uv": [0, 0, 15.5, 5], "texture": "#2"},
				"down": {"uv": [0, 0, 15.5, 5], "texture": "#2"}
			}
		},
		{
			"from": [1.416, 6.70443, 7.91819],
			"to": [2.224, 7.40443, 8.81819],
			"rotation": {"angle": -22.5, "axis": "x", "origin": [4.265, 7.05443, 8.36819]},
			"faces": {
				"north": {"uv": [15.5, 0, 0, 5], "texture": "#2"},
				"east": {"uv": [15.5, 0, 0, 5], "texture": "#2"},
				"south": {"uv": [15.5, 0, 0, 5], "texture": "#2"},
				"west": {"uv": [15.5, 0, 0, 5], "texture": "#2"},
				"up": {"uv": [15.5, 0, 0, 5], "texture": "#2"},
				"down": {"uv": [15.5, 0, 0, 5], "texture": "#2"}
			}
		},
		{
			"from": [1.416, 6.85, 8.65],
			"to": [2.224, 7.55, 10.3],
			"rotation": {"angle": 0, "axis": "y", "origin": [8, 8.25, 7.5]},
			"faces": {
				"north": {"uv": [15.5, 0, 0, 5], "texture": "#2"},
				"east": {"uv": [15.5, 0, 0, 5], "texture": "#2"},
				"south": {"uv": [15.5, 0, 0, 5], "texture": "#2"},
				"west": {"uv": [15.5, 0, 0, 5], "texture": "#2"},
				"up": {"uv": [15.5, 0, 0, 5], "texture": "#2"},
				"down": {"uv": [15.5, 0, 0, 5], "texture": "#2"}
			}
		},
		{
			"from": [1.316, 6.65, 8.65],
			"to": [2.324, 7.35, 10.3],
			"rotation": {"angle": 0, "axis": "y", "origin": [7.9, 8.05, 7.5]},
			"faces": {
				"north": {"uv": [15.5, 0, 0, 5], "texture": "#2"},
				"east": {"uv": [15.5, 0, 0, 5], "texture": "#2"},
				"south": {"uv": [15.5, 0, 0, 5], "texture": "#2"},
				"west": {"uv": [15.5, 0, 0, 5], "texture": "#2"},
				"up": {"uv": [15.5, 0, 0, 5], "texture": "#2"},
				"down": {"uv": [15.5, 0, 0, 5], "texture": "#2"}
			}
		},
		{
			"from": [1.316, 6.50443, 7.91819],
			"to": [2.324, 7.20443, 8.81819],
			"rotation": {"angle": -22.5, "axis": "x", "origin": [4.165, 6.85443, 8.36819]},
			"faces": {
				"north": {"uv": [15.5, 0, 0, 5], "texture": "#2"},
				"east": {"uv": [15.5, 0, 0, 5], "texture": "#2"},
				"south": {"uv": [15.5, 0, 0, 5], "texture": "#2"},
				"west": {"uv": [15.5, 0, 0, 5], "texture": "#2"},
				"up": {"uv": [15.5, 0, 0, 5], "texture": "#2"},
				"down": {"uv": [15.5, 0, 0, 5], "texture": "#2"}
			}
		},
		{
			"from": [1.316, 5.85248, 7.45643],
			"to": [2.324, 6.55248, 8.35643],
			"rotation": {"angle": -45, "axis": "x", "origin": [4.165, 6.1297, 7.54053]},
			"faces": {
				"north": {"uv": [15.5, 0, 0, 5], "texture": "#2"},
				"east": {"uv": [15.5, 0, 0, 5], "texture": "#2"},
				"south": {"uv": [15.5, 0, 0, 5], "texture": "#2"},
				"west": {"uv": [15.5, 0, 0, 5], "texture": "#2"},
				"up": {"uv": [15.5, 0, 0, 5], "texture": "#2"},
				"down": {"uv": [15.5, 0, 0, 5], "texture": "#2"}
			}
		},
		{
			"from": [1.616, 5.0695, 7.18326],
			"to": [2.624, 6.4695, 7.88326],
			"rotation": {"angle": 22.5, "axis": "x", "origin": [4.465, 6.0195, 7.53326]},
			"faces": {
				"north": {"uv": [15.5, 0, 0, 5], "rotation": 180, "texture": "#2"},
				"east": {"uv": [0, 5, 15.5, 0], "rotation": 270, "texture": "#2"},
				"south": {"uv": [15.5, 0, 0, 5], "texture": "#2"},
				"west": {"uv": [0, 5, 15.5, 0], "rotation": 90, "texture": "#2"},
				"up": {"uv": [15.5, 0, 0, 5], "texture": "#2"},
				"down": {"uv": [15.5, 0, 0, 5], "rotation": 180, "texture": "#2"}
			}
		},
		{
			"from": [1.816, 5.07576, 6.34636],
			"to": [1.924, 5.17576, 6.84636],
			"rotation": {"angle": 22.5, "axis": "y", "origin": [1.87, 4.62576, 6.49636]},
			"faces": {
				"north": {"uv": [0, 5, 15.5, 0], "rotation": 90, "texture": "#3"},
				"east": {"uv": [0, 5, 15.5, 0], "rotation": 90, "texture": "#3"},
				"south": {"uv": [0, 5, 15.5, 0], "rotation": 90, "texture": "#3"},
				"west": {"uv": [0, 5, 15.5, 0], "rotation": 90, "texture": "#3"},
				"up": {"uv": [0, 5, 15.5, 0], "rotation": 90, "texture": "#3"},
				"down": {"uv": [0, 5, 15.5, 0], "rotation": 90, "texture": "#3"}
			}
		},
		{
			"from": [1.616, 2.87576, 6.84636],
			"to": [2.624, 5.27576, 7.54636],
			"rotation": {"angle": 0, "axis": "x", "origin": [3.965, 4.57576, 7.19636]},
			"faces": {
				"north": {"uv": [15.5, 0, 0, 5], "rotation": 180, "texture": "#2"},
				"east": {"uv": [0, 5, 15.5, 0], "rotation": 270, "texture": "#2"},
				"south": {"uv": [15.5, 0, 0, 5], "texture": "#2"},
				"west": {"uv": [0, 5, 15.5, 0], "rotation": 90, "texture": "#2"},
				"up": {"uv": [15.5, 0, 0, 5], "texture": "#2"},
				"down": {"uv": [15.5, 0, 0, 5], "rotation": 180, "texture": "#2"}
			}
		},
		{
			"from": [1.816, 4.17576, 6.24636],
			"to": [1.924, 5.07576, 6.34636],
			"rotation": {"angle": 22.5, "axis": "y", "origin": [1.87, 4.62576, 6.49636]},
			"faces": {
				"north": {"uv": [0, 5, 15.5, 0], "rotation": 90, "texture": "#3"},
				"east": {"uv": [0, 5, 15.5, 0], "rotation": 90, "texture": "#3"},
				"south": {"uv": [0, 5, 15.5, 0], "rotation": 90, "texture": "#3"},
				"west": {"uv": [0, 5, 15.5, 0], "rotation": 90, "texture": "#3"},
				"up": {"uv": [0, 5, 15.5, 0], "rotation": 90, "texture": "#3"},
				"down": {"uv": [0, 5, 15.5, 0], "rotation": 90, "texture": "#3"}
			}
		},
		{
			"from": [1.816, 4.07576, 6.34636],
			"to": [1.924, 4.17576, 6.84636],
			"rotation": {"angle": 22.5, "axis": "y", "origin": [1.87, 4.62576, 6.49636]},
			"faces": {
				"north": {"uv": [0, 5, 15.5, 0], "rotation": 90, "texture": "#3"},
				"east": {"uv": [0, 5, 15.5, 0], "rotation": 90, "texture": "#3"},
				"south": {"uv": [0, 5, 15.5, 0], "rotation": 90, "texture": "#3"},
				"west": {"uv": [0, 5, 15.5, 0], "rotation": 90, "texture": "#3"},
				"up": {"uv": [0, 5, 15.5, 0], "rotation": 90, "texture": "#3"},
				"down": {"uv": [0, 5, 15.5, 0], "rotation": 90, "texture": "#3"}
			}
		},
		{
			"from": [6.306, 6.85, 8.65],
			"to": [7.114, 7.55, 10.3],
			"rotation": {"angle": 0, "axis": "y", "origin": [8, 8.25, 7.5]},
			"faces": {
				"north": {"uv": [15.5, 0, 0, 5], "texture": "#2"},
				"east": {"uv": [15.5, 0, 0, 5], "texture": "#2"},
				"south": {"uv": [15.5, 0, 0, 5], "texture": "#2"},
				"west": {"uv": [15.5, 0, 0, 5], "texture": "#2"},
				"up": {"uv": [15.5, 0, 0, 5], "texture": "#2"},
				"down": {"uv": [15.5, 0, 0, 5], "texture": "#2"}
			}
		},
		{
			"from": [6.176, 6.65, 8.65],
			"to": [7.284, 7.35, 10.3],
			"rotation": {"angle": 0, "axis": "y", "origin": [0.7, 8.05, 7.5]},
			"faces": {
				"north": {"uv": [0, 0, 15.5, 5], "texture": "#2"},
				"east": {"uv": [0, 0, 15.5, 5], "texture": "#2"},
				"south": {"uv": [0, 0, 15.5, 5], "texture": "#2"},
				"west": {"uv": [0, 0, 15.5, 5], "texture": "#2"},
				"up": {"uv": [0, 0, 15.5, 5], "texture": "#2"},
				"down": {"uv": [0, 0, 15.5, 5], "texture": "#2"}
			}
		},
		{
			"from": [5.876, 5.0695, 7.18326],
			"to": [6.984, 6.4695, 7.88326],
			"rotation": {"angle": 22.5, "axis": "x", "origin": [4.135, 6.0195, 7.53326]},
			"faces": {
				"north": {"uv": [0, 0, 15.5, 5], "rotation": 180, "texture": "#2"},
				"east": {"uv": [0, 0, 15.5, 5], "rotation": 90, "texture": "#2"},
				"south": {"uv": [0, 0, 15.5, 5], "texture": "#2"},
				"west": {"uv": [0, 0, 15.5, 5], "rotation": 270, "texture": "#2"},
				"up": {"uv": [0, 0, 15.5, 5], "texture": "#2"},
				"down": {"uv": [0, 0, 15.5, 5], "rotation": 180, "texture": "#2"}
			}
		},
		{
			"from": [6.676, 4.07576, 6.34636],
			"to": [6.784, 4.17576, 6.84636],
			"rotation": {"angle": -22.5, "axis": "y", "origin": [6.73, 4.62576, 6.49636]},
			"faces": {
				"north": {"uv": [0, 0, 15.5, 5], "rotation": 90, "texture": "#3"},
				"east": {"uv": [0, 0, 15.5, 5], "rotation": 90, "texture": "#3"},
				"south": {"uv": [0, 0, 15.5, 5], "rotation": 90, "texture": "#3"},
				"west": {"uv": [0, 0, 15.5, 5], "rotation": 90, "texture": "#3"},
				"up": {"uv": [0, 0, 15.5, 5], "rotation": 90, "texture": "#3"},
				"down": {"uv": [0, 0, 15.5, 5], "rotation": 90, "texture": "#3"}
			}
		}
	],
	"display": {
		"ground": {
			"translation": [0, 4.25, 0],
			"scale": [0.38, 0.33, 0.33]
		},
		"gui": {
			"rotation": [26, 162, 0],
			"translation": [0, 1.25, 0],
			"scale": [0.56, 0.53, 0.87]
		},
		"head": {
			"scale": [3.26, 4, 4]
		},
		"fixed": {
			"translation": [0, 0, -3.5]
		}
	},
	"groups": [
		{
			"name": "hexadecagon",
			"origin": [8, 8, 8],
			"children": []
		},
		{
			"name": "hexadecagon",
			"origin": [8, 8, 8],
			"children": []
		},
		{
			"name": "hexadecagon",
			"origin": [8, 8, 8],
			"children": []
		},
		{
			"name": "group",
			"origin": [8, 8.5, 9.2],
			"children": []
		},
		{
			"name": "group",
			"origin": [8, 8, 2],
			"children": [
				{
					"name": "group",
					"origin": [12.485, 4.47576, 6.99636],
					"children": [0, 1, 2, 3, 4, 5, 6, 7, 8, 9, 10, 11, 12, 13, 14, 15, 16, 17, 18, 19, 20, 21, 22]
				},
				{
					"name": "group",
					"origin": [12.485, 4.47576, 6.99636],
					"children": [23, 24, 25, 26, 27, 28, 29, 30, 31, 32, 33, 34, 35, 36, 37, 38, 39, 40, 41, 42, 43, 44, 45]
				}
			]
		}
	]
}