{
	"credit": "Made with Blockbench",
	"textures": {
		"0": "block/yellow_terracotta",
		"particle": "block/yellow_terracotta"
	},
	"elements": [
		{
			"name": "hexadecagon",
			"from": [6.74539, 1.72, -1.04],
			"to": [9.25461, 4.28, 14.04],
			"faces": {
				"north": {"uv": [0, 0, 1, 1], "texture": "#0"},
				"east": {"uv": [0, 0, 1, 1], "texture": "#0"},
				"south": {"uv": [0, 0, 1, 1], "texture": "#0"},
				"west": {"uv": [0, 0, 1, 1], "texture": "#0"},
				"up": {"uv": [0, 0, 1, 1], "texture": "#0"},
				"down": {"uv": [0, 0, 1, 1], "texture": "#0"}
			}
		}
	],
	"display": {
		"gui": {
			"rotation": [32, -17, 0],
			"translation": [0, 0.75, 0]
		},
		"head": {
			"translation": [0, -21, 0],
			"scale": [2.87, 2.87, 2.87]
		}
	},
	"groups": [
		{
			"name": "hexadecagon",
			"origin": [8, 8, 8],
			"children": [0]
		}
	]
}