{
	"credit": "Made with Blockbench",
	"textures": {
		"0": "block/barrel_top",
		"3": "block/werewolf",
		"particle": "block/barrel_top"
	},
	"elements": [
		{
			"from": [6.12778, 11.09967, 3.80069],
			"to": [10.02778, 14.79967, 7.80069],
			"rotation": {"angle": 0, "axis": "x", "origin": [9.97778, -2.35033, 9.90069]},
			"faces": {
				"north": {"uv": [6, 2, 4, 4], "texture": "#3"},
				"east": {"uv": [6, 2, 4, 4], "texture": "#3"},
				"south": {"uv": [6, 2, 4, 4], "texture": "#3"},
				"west": {"uv": [6, 2, 4, 4], "texture": "#3"},
				"up": {"uv": [6, 2, 4, 4], "texture": "#3"},
				"down": {"uv": [6, 2, 4, 4], "texture": "#3"}
			}
		},
		{
			"from": [6.52778, 6.70586, 4.27379],
			"to": [9.52778, 11.30586, 6.72379],
			"rotation": {"angle": -22.5, "axis": "x", "origin": [8.02778, 10.45586, 3.09879]},
			"faces": {
				"north": {"uv": [0, 0, 3, 1], "rotation": 180, "texture": "#0"},
				"east": {"uv": [3, 1, 0, 0], "rotation": 270, "texture": "#0"},
				"south": {"uv": [0, 0, 3, 1], "texture": "#0"},
				"west": {"uv": [3, 1, 0, 0], "rotation": 90, "texture": "#0"},
				"up": {"uv": [0, 0, 3, 1], "texture": "#0"},
				"down": {"uv": [0, 0, 3, 1], "rotation": 180, "texture": "#0"}
			}
		},
		{
			"from": [6.62778, 4.47854, 5.43291],
			"to": [9.42778, 8.37854, 7.88291],
			"rotation": {"angle": 0, "axis": "x", "origin": [8.02778, 6.07854, 6.65791]},
			"faces": {
				"north": {"uv": [0, 0, 3, 1], "rotation": 180, "texture": "#0"},
				"east": {"uv": [3, 1, 0, 0], "rotation": 270, "texture": "#0"},
				"south": {"uv": [0, 0, 3, 1], "texture": "#0"},
				"west": {"uv": [3, 1, 0, 0], "rotation": 90, "texture": "#0"},
				"up": {"uv": [0, 0, 3, 1], "texture": "#0"},
				"down": {"uv": [0, 0, 3, 1], "rotation": 180, "texture": "#0"}
			}
		},
		{
			"from": [6.82778, 0.86083, 6.46374],
			"to": [9.22778, 4.76083, 8.91374],
			"rotation": {"angle": 22.5, "axis": "x", "origin": [8.02778, 7.21083, 7.68874]},
			"faces": {
				"north": {"uv": [0, 0, 3, 1], "rotation": 180, "texture": "#0"},
				"east": {"uv": [3, 1, 0, 0], "rotation": 270, "texture": "#0"},
				"south": {"uv": [0, 0, 3, 1], "texture": "#0"},
				"west": {"uv": [3, 1, 0, 0], "rotation": 90, "texture": "#0"},
				"up": {"uv": [0, 0, 3, 1], "texture": "#0"},
				"down": {"uv": [0, 0, 3, 1], "rotation": 180, "texture": "#0"}
			}
		},
		{
			"from": [6.62778, -4.48689, 9.92074],
			"to": [9.42778, -0.58689, 12.37074],
			"rotation": {"angle": 45, "axis": "x", "origin": [8.02778, 7.36311, 11.14574]},
			"faces": {
				"north": {"uv": [0, 0, 3, 1], "rotation": 180, "texture": "#0"},
				"east": {"uv": [3, 1, 0, 0], "rotation": 270, "texture": "#0"},
				"south": {"uv": [0, 0, 3, 1], "texture": "#0"},
				"west": {"uv": [3, 1, 0, 0], "rotation": 90, "texture": "#0"},
				"up": {"uv": [0, 0, 3, 1], "texture": "#0"},
				"down": {"uv": [0, 0, 3, 1], "rotation": 180, "texture": "#0"}
			}
		},
		{
			"from": [6.72778, -1.41777, 0.46722],
			"to": [7.12778, 0.43223, 1.76722],
			"rotation": {"angle": -22.5, "axis": "x", "origin": [7.95278, -1.55527, 1.46722]},
			"faces": {
				"north": {"uv": [14, 1, 15, 2], "texture": "#0"},
				"east": {"uv": [15, 2, 14, 1], "rotation": 270, "texture": "#0"},
				"south": {"uv": [14, 1, 15, 2], "rotation": 180, "texture": "#0"},
				"west": {"uv": [15, 2, 14, 1], "rotation": 90, "texture": "#0"},
				"up": {"uv": [14, 1, 15, 2], "texture": "#0"},
				"down": {"uv": [14, 1, 15, 2], "rotation": 180, "texture": "#0"}
			}
		},
		{
			"from": [6.42778, -2.61777, 0.56722],
			"to": [9.62778, 0.33223, 3.26722],
			"rotation": {"angle": -22.5, "axis": "x", "origin": [7.95278, -1.55527, 1.46722]},
			"faces": {
				"north": {"uv": [13, 4, 12, 5], "texture": "#3"},
				"east": {"uv": [0, 0, 3, 1], "texture": "#0"},
				"south": {"uv": [0, 0, 3, 1], "texture": "#0"},
				"west": {"uv": [0, 0, 3, 1], "texture": "#0"},
				"up": {"uv": [0, 0, 3, 1], "texture": "#0"},
				"down": {"uv": [0, 0, 3, 1], "texture": "#0"}
			}
		},
		{
			"from": [7.72778, -1.41777, 0.46722],
			"to": [8.12778, 0.43223, 1.76722],
			"rotation": {"angle": -22.5, "axis": "x", "origin": [7.95278, -1.55527, 1.46722]},
			"faces": {
				"north": {"uv": [14, 1, 15, 2], "texture": "#0"},
				"east": {"uv": [15, 2, 14, 1], "rotation": 270, "texture": "#0"},
				"south": {"uv": [14, 1, 15, 2], "rotation": 180, "texture": "#0"},
				"west": {"uv": [15, 2, 14, 1], "rotation": 90, "texture": "#0"},
				"up": {"uv": [14, 1, 15, 2], "texture": "#0"},
				"down": {"uv": [14, 1, 15, 2], "rotation": 180, "texture": "#0"}
			}
		},
		{
			"from": [8.72778, -1.41777, 0.46722],
			"to": [9.12778, 0.43223, 1.76722],
			"rotation": {"angle": -22.5, "axis": "x", "origin": [7.95278, -1.55527, 1.46722]},
			"faces": {
				"north": {"uv": [14, 1, 15, 2], "texture": "#0"},
				"east": {"uv": [15, 2, 14, 1], "rotation": 270, "texture": "#0"},
				"south": {"uv": [14, 1, 15, 2], "rotation": 180, "texture": "#0"},
				"west": {"uv": [15, 2, 14, 1], "rotation": 90, "texture": "#0"},
				"up": {"uv": [14, 1, 15, 2], "texture": "#0"},
				"down": {"uv": [14, 1, 15, 2], "rotation": 180, "texture": "#0"}
			}
		}
	],
	"display": {
		"head": {
			"translation": [0, -1.25, -10.5],
			"scale": [1.84, 1.84, 1.84]
		}
	}
}