{
	"credit": "Made with Blockbench",
	"textures": {
		"0": "block/beacon",
		"1": "block/centre3",
		"particle": "block/beacon"
	},
	"elements": [
		{
			"from": [7.3857, 5.42334, -1.09303],
			"to": [8.6457, 6.12334, 0.30697],
			"rotation": {"angle": 0, "axis": "y", "origin": [-3.20971, -3.67666, -1.09303]},
			"faces": {
				"north": {"uv": [8.2471, 5.86873, 8.5251, 6.08494], "texture": "#1"},
				"east": {"uv": [8.2471, 5.86873, 8.5251, 6.08494], "texture": "#1"},
				"south": {"uv": [8.2471, 5.86873, 8.5251, 6.08494], "texture": "#1"},
				"west": {"uv": [8.2471, 5.86873, 8.5251, 6.08494], "texture": "#1"},
				"up": {"uv": [8.2471, 5.86873, 8.5251, 6.08494], "texture": "#1"},
				"down": {"uv": [8.2471, 5.86873, 8.5251, 6.08494], "texture": "#1"}
			}
		},
		{
			"from": [7.4557, 6.12334, -0.95303],
			"to": [8.5757, 7.52334, 0.44697],
			"rotation": {"angle": 0, "axis": "y", "origin": [-3.20971, -3.67666, -1.09303]},
			"faces": {
				"north": {"uv": [8.2471, 5.86873, 8.5251, 6.08494], "texture": "#1"},
				"east": {"uv": [8.2471, 5.86873, 8.5251, 6.08494], "texture": "#1"},
				"south": {"uv": [8.2471, 5.86873, 8.5251, 6.08494], "texture": "#1"},
				"west": {"uv": [8.2471, 5.86873, 8.5251, 6.08494], "texture": "#1"},
				"up": {"uv": [8.2471, 5.86873, 8.5251, 6.08494], "texture": "#1"},
				"down": {"uv": [8.2471, 5.86873, 8.5251, 6.08494], "texture": "#1"}
			}
		},
		{
			"from": [6.9657, 7.52334, -0.81303],
			"to": [9.0657, 8.92334, 0.58697],
			"rotation": {"angle": 0, "axis": "y", "origin": [-3.20971, -3.67666, -1.09303]},
			"faces": {
				"north": {"uv": [8.2471, 5.86873, 8.5251, 6.08494], "texture": "#1"},
				"east": {"uv": [8.2471, 5.86873, 8.5251, 6.08494], "texture": "#1"},
				"south": {"uv": [8.2471, 5.86873, 8.5251, 6.08494], "texture": "#1"},
				"west": {"uv": [8.2471, 5.86873, 8.5251, 6.08494], "texture": "#1"},
				"up": {"uv": [8.2471, 5.86873, 8.5251, 6.08494], "texture": "#1"},
				"down": {"uv": [8.2471, 5.86873, 8.5251, 6.08494], "texture": "#1"}
			}
		},
		{
			"from": [5.0057, 7.52334, 0.44697],
			"to": [7.1057, 8.92334, 1.98697],
			"rotation": {"angle": 0, "axis": "y", "origin": [-3.20971, -3.67666, -1.09303]},
			"faces": {
				"north": {"uv": [9.72973, 6.64093, 10.00772, 6.85714], "texture": "#0"},
				"east": {"uv": [9.72973, 6.64093, 10.00772, 6.85714], "texture": "#0"},
				"south": {"uv": [9.72973, 6.64093, 10.00772, 6.85714], "texture": "#0"},
				"west": {"uv": [9.72973, 6.64093, 10.00772, 6.85714], "texture": "#0"},
				"up": {"uv": [9.72973, 6.64093, 10.00772, 6.85714], "texture": "#0"},
				"down": {"uv": [9.72973, 6.64093, 10.00772, 6.85714], "texture": "#0"}
			}
		},
		{
			"from": [7.7357, 5.07334, -0.95303],
			"to": [8.2957, 5.77334, 0.30697],
			"rotation": {"angle": 0, "axis": "y", "origin": [-3.20971, -3.67666, -1.09303]},
			"faces": {
				"north": {"uv": [8.2471, 5.86873, 8.5251, 6.08494], "texture": "#1"},
				"east": {"uv": [8.2471, 5.86873, 8.5251, 6.08494], "texture": "#1"},
				"south": {"uv": [8.2471, 5.86873, 8.5251, 6.08494], "texture": "#1"},
				"west": {"uv": [8.2471, 5.86873, 8.5251, 6.08494], "texture": "#1"},
				"up": {"uv": [8.2471, 5.86873, 8.5251, 6.08494], "texture": "#1"},
				"down": {"uv": [8.2471, 5.86873, 8.5251, 6.08494], "texture": "#1"}
			}
		},
		{
			"from": [10.4657, 8.78334, 0.58697],
			"to": [11.5157, 10.18334, 1.98697],
			"rotation": {"angle": 0, "axis": "y", "origin": [-3.20971, -3.67666, -1.09303]},
			"faces": {
				"north": {"uv": [8.2471, 5.86873, 8.5251, 6.08494], "texture": "#1"},
				"east": {"uv": [8.2471, 5.86873, 8.5251, 6.08494], "texture": "#1"},
				"south": {"uv": [8.2471, 5.86873, 8.5251, 6.08494], "texture": "#1"},
				"west": {"uv": [8.2471, 5.86873, 8.5251, 6.08494], "texture": "#1"},
				"up": {"uv": [8.2471, 5.86873, 8.5251, 6.08494], "texture": "#1"},
				"down": {"uv": [8.2471, 5.86873, 8.5251, 6.08494], "texture": "#1"}
			}
		},
		{
			"from": [4.70571, 8.78334, 0.58697],
			"to": [5.75571, 10.18334, 1.98697],
			"rotation": {"angle": 0, "axis": "y", "origin": [-3.20971, -3.67666, -1.09303]},
			"faces": {
				"north": {"uv": [8.2471, 5.86873, 8.5251, 6.08494], "texture": "#1"},
				"east": {"uv": [8.2471, 5.86873, 8.5251, 6.08494], "texture": "#1"},
				"south": {"uv": [8.2471, 5.86873, 8.5251, 6.08494], "texture": "#1"},
				"west": {"uv": [8.2471, 5.86873, 8.5251, 6.08494], "texture": "#1"},
				"up": {"uv": [8.2471, 5.86873, 8.5251, 6.08494], "texture": "#1"},
				"down": {"uv": [8.2471, 5.86873, 8.5251, 6.08494], "texture": "#1"}
			}
		},
		{
			"from": [11.1657, 9.13334, 1.28697],
			"to": [12.2157, 10.53334, 2.68697],
			"rotation": {"angle": 0, "axis": "y", "origin": [-3.20971, -3.67666, -1.09303]},
			"faces": {
				"north": {"uv": [9.72973, 6.64093, 10.00772, 6.85714], "texture": "#1"},
				"east": {"uv": [9.72973, 6.64093, 10.00772, 6.85714], "texture": "#1"},
				"south": {"uv": [9.72973, 6.64093, 10.00772, 6.85714], "texture": "#1"},
				"west": {"uv": [9.72973, 6.64093, 10.00772, 6.85714], "texture": "#1"},
				"up": {"uv": [9.72973, 6.64093, 10.00772, 6.85714], "texture": "#1"},
				"down": {"uv": [9.72973, 6.64093, 10.00772, 6.85714], "texture": "#1"}
			}
		},
		{
			"from": [4.00571, 9.13334, 1.28697],
			"to": [5.05571, 10.53334, 2.68697],
			"rotation": {"angle": 0, "axis": "y", "origin": [-3.20971, -3.67666, -1.09303]},
			"faces": {
				"north": {"uv": [9.72973, 6.64093, 10.00772, 6.85714], "texture": "#1"},
				"east": {"uv": [9.72973, 6.64093, 10.00772, 6.85714], "texture": "#1"},
				"south": {"uv": [9.72973, 6.64093, 10.00772, 6.85714], "texture": "#1"},
				"west": {"uv": [9.72973, 6.64093, 10.00772, 6.85714], "texture": "#1"},
				"up": {"uv": [9.72973, 6.64093, 10.00772, 6.85714], "texture": "#1"},
				"down": {"uv": [9.72973, 6.64093, 10.00772, 6.85714], "texture": "#1"}
			}
		},
		{
			"from": [11.5157, 7.03334, 0.58697],
			"to": [12.5657, 8.43334, 1.98697],
			"rotation": {"angle": 0, "axis": "y", "origin": [-3.20971, -3.67666, -1.09303]},
			"faces": {
				"north": {"uv": [9.72973, 6.64093, 10.00772, 6.85714], "texture": "#1"},
				"east": {"uv": [9.72973, 6.64093, 10.00772, 6.85714], "texture": "#1"},
				"south": {"uv": [9.72973, 6.64093, 10.00772, 6.85714], "texture": "#1"},
				"west": {"uv": [9.72973, 6.64093, 10.00772, 6.85714], "texture": "#1"},
				"up": {"uv": [9.72973, 6.64093, 10.00772, 6.85714], "texture": "#1"},
				"down": {"uv": [9.72973, 6.64093, 10.00772, 6.85714], "texture": "#1"}
			}
		},
		{
			"from": [3.65571, 7.03334, 0.58697],
			"to": [4.70571, 8.43334, 1.98697],
			"rotation": {"angle": 0, "axis": "y", "origin": [-3.20971, -3.67666, -1.09303]},
			"faces": {
				"north": {"uv": [9.72973, 6.64093, 10.00772, 6.85714], "texture": "#1"},
				"east": {"uv": [9.72973, 6.64093, 10.00772, 6.85714], "texture": "#1"},
				"south": {"uv": [9.72973, 6.64093, 10.00772, 6.85714], "texture": "#1"},
				"west": {"uv": [9.72973, 6.64093, 10.00772, 6.85714], "texture": "#1"},
				"up": {"uv": [9.72973, 6.64093, 10.00772, 6.85714], "texture": "#1"},
				"down": {"uv": [9.72973, 6.64093, 10.00772, 6.85714], "texture": "#1"}
			}
		},
		{
			"from": [11.1657, 7.52334, -0.11303],
			"to": [12.2157, 8.92334, 1.28697],
			"rotation": {"angle": 0, "axis": "y", "origin": [-3.20971, -3.67666, -1.09303]},
			"faces": {
				"north": {"uv": [8.2471, 5.86873, 8.5251, 6.08494], "texture": "#1"},
				"east": {"uv": [8.2471, 5.86873, 8.5251, 6.08494], "texture": "#1"},
				"south": {"uv": [8.2471, 5.86873, 8.5251, 6.08494], "texture": "#1"},
				"west": {"uv": [8.2471, 5.86873, 8.5251, 6.08494], "texture": "#1"},
				"up": {"uv": [8.2471, 5.86873, 8.5251, 6.08494], "texture": "#1"},
				"down": {"uv": [8.2471, 5.86873, 8.5251, 6.08494], "texture": "#1"}
			}
		},
		{
			"from": [4.00571, 7.52334, -0.11303],
			"to": [5.05571, 8.92334, 1.28697],
			"rotation": {"angle": 0, "axis": "y", "origin": [-3.20971, -3.67666, -1.09303]},
			"faces": {
				"north": {"uv": [8.2471, 5.86873, 8.5251, 6.08494], "texture": "#1"},
				"east": {"uv": [8.2471, 5.86873, 8.5251, 6.08494], "texture": "#1"},
				"south": {"uv": [8.2471, 5.86873, 8.5251, 6.08494], "texture": "#1"},
				"west": {"uv": [8.2471, 5.86873, 8.5251, 6.08494], "texture": "#1"},
				"up": {"uv": [8.2471, 5.86873, 8.5251, 6.08494], "texture": "#1"},
				"down": {"uv": [8.2471, 5.86873, 8.5251, 6.08494], "texture": "#1"}
			}
		},
		{
			"from": [11.5157, 8.22334, 0.93697],
			"to": [12.5657, 9.62334, 2.33697],
			"rotation": {"angle": 0, "axis": "y", "origin": [-3.20971, -3.67666, -1.09303]},
			"faces": {
				"north": {"uv": [9.72973, 6.64093, 10.00772, 6.85714], "texture": "#1"},
				"east": {"uv": [9.72973, 6.64093, 10.00772, 6.85714], "texture": "#1"},
				"south": {"uv": [9.72973, 6.64093, 10.00772, 6.85714], "texture": "#1"},
				"west": {"uv": [9.72973, 6.64093, 10.00772, 6.85714], "texture": "#1"},
				"up": {"uv": [9.72973, 6.64093, 10.00772, 6.85714], "texture": "#1"},
				"down": {"uv": [9.72973, 6.64093, 10.00772, 6.85714], "texture": "#1"}
			}
		},
		{
			"from": [3.65571, 8.22334, 0.93697],
			"to": [4.70571, 9.62334, 2.33697],
			"rotation": {"angle": 0, "axis": "y", "origin": [-3.20971, -3.67666, -1.09303]},
			"faces": {
				"north": {"uv": [9.72973, 6.64093, 10.00772, 6.85714], "texture": "#1"},
				"east": {"uv": [9.72973, 6.64093, 10.00772, 6.85714], "texture": "#1"},
				"south": {"uv": [9.72973, 6.64093, 10.00772, 6.85714], "texture": "#1"},
				"west": {"uv": [9.72973, 6.64093, 10.00772, 6.85714], "texture": "#1"},
				"up": {"uv": [9.72973, 6.64093, 10.00772, 6.85714], "texture": "#1"},
				"down": {"uv": [9.72973, 6.64093, 10.00772, 6.85714], "texture": "#1"}
			}
		},
		{
			"from": [9.0657, 6.47334, -0.18303],
			"to": [11.5157, 7.87334, 1.63697],
			"rotation": {"angle": 0, "axis": "y", "origin": [-3.20971, -3.67666, -1.09303]},
			"faces": {
				"north": {"uv": [8.2471, 5.86873, 8.5251, 6.08494], "texture": "#1"},
				"east": {"uv": [8.2471, 5.86873, 8.5251, 6.08494], "texture": "#1"},
				"south": {"uv": [8.2471, 5.86873, 8.5251, 6.08494], "texture": "#1"},
				"west": {"uv": [8.2471, 5.86873, 8.5251, 6.08494], "texture": "#1"},
				"up": {"uv": [8.2471, 5.86873, 8.5251, 6.08494], "texture": "#1"},
				"down": {"uv": [8.2471, 5.86873, 8.5251, 6.08494], "texture": "#1"}
			}
		},
		{
			"from": [4.4457, 5.07334, 0.93697],
			"to": [11.6557, 6.47334, 2.75697],
			"rotation": {"angle": 0, "axis": "y", "origin": [-3.20971, -3.67666, -1.09303]},
			"faces": {
				"north": {"uv": [8.2471, 5.86873, 8.5251, 6.08494], "texture": "#1"},
				"east": {"uv": [8.2471, 5.86873, 8.5251, 6.08494], "texture": "#1"},
				"south": {"uv": [8.2471, 5.86873, 8.5251, 6.08494], "texture": "#1"},
				"west": {"uv": [8.2471, 5.86873, 8.5251, 6.08494], "texture": "#1"},
				"up": {"uv": [8.2471, 5.86873, 8.5251, 6.08494], "texture": "#1"},
				"down": {"uv": [8.2471, 5.86873, 8.5251, 6.08494], "texture": "#1"}
			}
		},
		{
			"from": [3.8857, 5.63334, 1.35697],
			"to": [12.3557, 7.03334, 3.17697],
			"rotation": {"angle": 0, "axis": "y", "origin": [-3.20971, -3.67666, -1.09303]},
			"faces": {
				"north": {"uv": [9.72973, 6.64093, 10.00772, 6.85714], "texture": "#1"},
				"east": {"uv": [9.72973, 6.64093, 10.00772, 6.85714], "texture": "#1"},
				"south": {"uv": [9.72973, 6.64093, 10.00772, 6.85714], "texture": "#1"},
				"west": {"uv": [9.72973, 6.64093, 10.00772, 6.85714], "texture": "#1"},
				"up": {"uv": [9.72973, 6.64093, 10.00772, 6.85714], "texture": "#1"},
				"down": {"uv": [9.72973, 6.64093, 10.00772, 6.85714], "texture": "#1"}
			}
		},
		{
			"from": [4.0957, 4.37334, 1.28697],
			"to": [12.0057, 5.77334, 3.10697],
			"rotation": {"angle": 0, "axis": "y", "origin": [-3.20971, -3.67666, -1.09303]},
			"faces": {
				"north": {"uv": [8.2471, 5.86873, 8.5251, 6.08494], "texture": "#1"},
				"east": {"uv": [8.2471, 5.86873, 8.5251, 6.08494], "texture": "#1"},
				"south": {"uv": [8.2471, 5.86873, 8.5251, 6.08494], "texture": "#1"},
				"west": {"uv": [8.2471, 5.86873, 8.5251, 6.08494], "texture": "#1"},
				"up": {"uv": [8.2471, 5.86873, 8.5251, 6.08494], "texture": "#1"},
				"down": {"uv": [8.2471, 5.86873, 8.5251, 6.08494], "texture": "#1"}
			}
		},
		{
			"from": [6.9657, 4.37334, -0.18303],
			"to": [9.0657, 7.87334, 1.63697],
			"rotation": {"angle": 0, "axis": "y", "origin": [-3.20971, -3.67666, -1.09303]},
			"faces": {
				"north": {"uv": [8.2471, 5.86873, 8.5251, 6.08494], "texture": "#1"},
				"east": {"uv": [8.2471, 5.86873, 8.5251, 6.08494], "texture": "#1"},
				"south": {"uv": [8.2471, 5.86873, 8.5251, 6.08494], "texture": "#1"},
				"west": {"uv": [8.2471, 5.86873, 8.5251, 6.08494], "texture": "#1"},
				"up": {"uv": [8.2471, 5.86873, 8.5251, 6.08494], "texture": "#1"},
				"down": {"uv": [8.2471, 5.86873, 8.5251, 6.08494], "texture": "#1"}
			}
		},
		{
			"from": [5.5657, 3.67334, 0.51697],
			"to": [10.4657, 7.87334, 1.63697],
			"rotation": {"angle": 0, "axis": "y", "origin": [-3.20971, -3.67666, -1.09303]},
			"faces": {
				"north": {"uv": [8.2471, 5.86873, 8.5251, 6.08494], "texture": "#1"},
				"east": {"uv": [8.2471, 5.86873, 8.5251, 6.08494], "texture": "#1"},
				"south": {"uv": [8.2471, 5.86873, 8.5251, 6.08494], "texture": "#1"},
				"west": {"uv": [8.2471, 5.86873, 8.5251, 6.08494], "texture": "#1"},
				"up": {"uv": [8.2471, 5.86873, 8.5251, 6.08494], "texture": "#1"},
				"down": {"uv": [8.2471, 5.86873, 8.5251, 6.08494], "texture": "#1"}
			}
		},
		{
			"from": [5.5657, 3.32334, 1.21697],
			"to": [10.4657, 7.52334, 2.33697],
			"rotation": {"angle": 0, "axis": "y", "origin": [-3.20971, -3.67666, -1.09303]},
			"faces": {
				"north": {"uv": [9.72973, 6.64093, 10.00772, 6.85714], "texture": "#1"},
				"east": {"uv": [9.72973, 6.64093, 10.00772, 6.85714], "texture": "#1"},
				"south": {"uv": [9.72973, 6.64093, 10.00772, 6.85714], "texture": "#1"},
				"west": {"uv": [9.72973, 6.64093, 10.00772, 6.85714], "texture": "#1"},
				"up": {"uv": [9.72973, 6.64093, 10.00772, 6.85714], "texture": "#1"},
				"down": {"uv": [9.72973, 6.64093, 10.00772, 6.85714], "texture": "#1"}
			}
		},
		{
			"from": [7.22029, 2.97334, 1.35697],
			"to": [8.76029, 7.17334, 2.47697],
			"rotation": {"angle": 0, "axis": "y", "origin": [-3.20971, -3.67666, -1.09303]},
			"faces": {
				"north": {"uv": [9.72973, 6.64093, 10.00772, 6.85714], "texture": "#1"},
				"east": {"uv": [9.72973, 6.64093, 10.00772, 6.85714], "texture": "#1"},
				"south": {"uv": [9.72973, 6.64093, 10.00772, 6.85714], "texture": "#1"},
				"west": {"uv": [9.72973, 6.64093, 10.00772, 6.85714], "texture": "#1"},
				"up": {"uv": [9.72973, 6.64093, 10.00772, 6.85714], "texture": "#1"},
				"down": {"uv": [9.72973, 6.64093, 10.00772, 6.85714], "texture": "#1"}
			}
		},
		{
			"from": [6.17029, 4.86334, 0.23697],
			"to": [9.81029, 6.33334, 1.63697],
			"rotation": {"angle": 0, "axis": "y", "origin": [-3.20971, -3.67666, -1.09303]},
			"faces": {
				"north": {"uv": [8.2471, 5.86873, 8.5251, 6.08494], "texture": "#1"},
				"east": {"uv": [8.2471, 5.86873, 8.5251, 6.08494], "texture": "#1"},
				"south": {"uv": [8.2471, 5.86873, 8.5251, 6.08494], "texture": "#1"},
				"west": {"uv": [8.2471, 5.86873, 8.5251, 6.08494], "texture": "#1"},
				"up": {"uv": [8.2471, 5.86873, 8.5251, 6.08494], "texture": "#1"},
				"down": {"uv": [8.2471, 5.86873, 8.5251, 6.08494], "texture": "#1"}
			}
		},
		{
			"from": [6.59029, 4.02334, 0.16697],
			"to": [9.39029, 4.37334, 1.28697],
			"rotation": {"angle": 0, "axis": "y", "origin": [-3.20971, -3.67666, -1.09303]},
			"faces": {
				"north": {"uv": [8.2471, 5.86873, 8.5251, 6.08494], "texture": "#1"},
				"east": {"uv": [8.2471, 5.86873, 8.5251, 6.08494], "texture": "#1"},
				"south": {"uv": [8.2471, 5.86873, 8.5251, 6.08494], "texture": "#1"},
				"west": {"uv": [8.2471, 5.86873, 8.5251, 6.08494], "texture": "#1"},
				"up": {"uv": [8.2471, 5.86873, 8.5251, 6.08494], "texture": "#1"},
				"down": {"uv": [8.2471, 5.86873, 8.5251, 6.08494], "texture": "#1"}
			}
		},
		{
			"from": [9.25029, 3.60334, 0.16697],
			"to": [9.39029, 4.09334, 1.28697],
			"rotation": {"angle": 0, "axis": "y", "origin": [-3.20971, -3.67666, -1.09303]},
			"faces": {
				"north": {"uv": [8.2471, 5.86873, 8.5251, 6.08494], "texture": "#1"},
				"east": {"uv": [8.2471, 5.86873, 8.5251, 6.08494], "texture": "#1"},
				"south": {"uv": [8.2471, 5.86873, 8.5251, 6.08494], "texture": "#1"},
				"west": {"uv": [8.2471, 5.86873, 8.5251, 6.08494], "texture": "#1"},
				"up": {"uv": [8.2471, 5.86873, 8.5251, 6.08494], "texture": "#1"},
				"down": {"uv": [8.2471, 5.86873, 8.5251, 6.08494], "texture": "#1"}
			}
		},
		{
			"from": [9.39029, 3.74334, 0.30697],
			"to": [9.53029, 4.23334, 1.28697],
			"rotation": {"angle": 0, "axis": "y", "origin": [-3.20971, -3.67666, -1.09303]},
			"faces": {
				"north": {"uv": [8.2471, 5.86873, 8.5251, 6.08494], "texture": "#1"},
				"east": {"uv": [8.2471, 5.86873, 8.5251, 6.08494], "texture": "#1"},
				"south": {"uv": [8.2471, 5.86873, 8.5251, 6.08494], "texture": "#1"},
				"west": {"uv": [8.2471, 5.86873, 8.5251, 6.08494], "texture": "#1"},
				"up": {"uv": [8.2471, 5.86873, 8.5251, 6.08494], "texture": "#1"},
				"down": {"uv": [8.2471, 5.86873, 8.5251, 6.08494], "texture": "#1"}
			}
		},
		{
			"from": [6.45029, 3.74334, 0.30697],
			"to": [6.59029, 4.23334, 1.28697],
			"rotation": {"angle": 0, "axis": "y", "origin": [-3.20971, -3.67666, -1.09303]},
			"faces": {
				"north": {"uv": [8.2471, 5.86873, 8.5251, 6.08494], "texture": "#1"},
				"east": {"uv": [8.2471, 5.86873, 8.5251, 6.08494], "texture": "#1"},
				"south": {"uv": [8.2471, 5.86873, 8.5251, 6.08494], "texture": "#1"},
				"west": {"uv": [8.2471, 5.86873, 8.5251, 6.08494], "texture": "#1"},
				"up": {"uv": [8.2471, 5.86873, 8.5251, 6.08494], "texture": "#1"},
				"down": {"uv": [8.2471, 5.86873, 8.5251, 6.08494], "texture": "#1"}
			}
		},
		{
			"from": [6.59029, 3.60334, 0.16697],
			"to": [6.73029, 4.09334, 1.28697],
			"rotation": {"angle": 0, "axis": "y", "origin": [-3.20971, -3.67666, -1.09303]},
			"faces": {
				"north": {"uv": [8.2471, 5.86873, 8.5251, 6.08494], "texture": "#1"},
				"east": {"uv": [8.2471, 5.86873, 8.5251, 6.08494], "texture": "#1"},
				"south": {"uv": [8.2471, 5.86873, 8.5251, 6.08494], "texture": "#1"},
				"west": {"uv": [8.2471, 5.86873, 8.5251, 6.08494], "texture": "#1"},
				"up": {"uv": [8.2471, 5.86873, 8.5251, 6.08494], "texture": "#1"},
				"down": {"uv": [8.2471, 5.86873, 8.5251, 6.08494], "texture": "#1"}
			}
		},
		{
			"from": [4.5857, 6.47334, -0.18303],
			"to": [7.0357, 7.87334, 1.63697],
			"rotation": {"angle": 0, "axis": "y", "origin": [-3.20971, -3.67666, -1.09303]},
			"faces": {
				"north": {"uv": [8.2471, 5.86873, 8.5251, 6.08494], "texture": "#1"},
				"east": {"uv": [8.2471, 5.86873, 8.5251, 6.08494], "texture": "#1"},
				"south": {"uv": [8.2471, 5.86873, 8.5251, 6.08494], "texture": "#1"},
				"west": {"uv": [8.2471, 5.86873, 8.5251, 6.08494], "texture": "#1"},
				"up": {"uv": [8.2471, 5.86873, 8.5251, 6.08494], "texture": "#1"},
				"down": {"uv": [8.2471, 5.86873, 8.5251, 6.08494], "texture": "#1"}
			}
		},
		{
			"from": [9.0657, 8.92334, -0.81303],
			"to": [11.1657, 10.32334, 0.58697],
			"rotation": {"angle": 0, "axis": "y", "origin": [-3.20971, -3.67666, -1.09303]},
			"faces": {
				"north": {"uv": [8.2471, 5.86873, 8.5251, 6.08494], "texture": "#1"},
				"east": {"uv": [8.2471, 5.86873, 8.5251, 6.08494], "texture": "#1"},
				"south": {"uv": [8.2471, 5.86873, 8.5251, 6.08494], "texture": "#1"},
				"west": {"uv": [8.2471, 5.86873, 8.5251, 6.08494], "texture": "#1"},
				"up": {"uv": [8.2471, 5.86873, 8.5251, 6.08494], "texture": "#1"},
				"down": {"uv": [8.2471, 5.86873, 8.5251, 6.08494], "texture": "#1"}
			}
		},
		{
			"from": [5.05571, 8.92334, -0.81303],
			"to": [7.15571, 10.32334, 0.58697],
			"rotation": {"angle": 0, "axis": "y", "origin": [-3.20971, -3.67666, -1.09303]},
			"faces": {
				"north": {"uv": [8.2471, 5.86873, 8.5251, 6.08494], "texture": "#1"},
				"east": {"uv": [8.2471, 5.86873, 8.5251, 6.08494], "texture": "#1"},
				"south": {"uv": [8.2471, 5.86873, 8.5251, 6.08494], "texture": "#1"},
				"west": {"uv": [8.2471, 5.86873, 8.5251, 6.08494], "texture": "#1"},
				"up": {"uv": [8.2471, 5.86873, 8.5251, 6.08494], "texture": "#1"},
				"down": {"uv": [8.2471, 5.86873, 8.5251, 6.08494], "texture": "#1"}
			}
		},
		{
			"from": [6.80029, 8.92334, -1.09303],
			"to": [9.18029, 10.32334, 0.30697],
			"rotation": {"angle": 0, "axis": "y", "origin": [-3.20971, -3.67666, -1.09303]},
			"faces": {
				"north": {"uv": [8.2471, 5.86873, 8.5251, 6.08494], "texture": "#1"},
				"east": {"uv": [8.2471, 5.86873, 8.5251, 6.08494], "texture": "#1"},
				"south": {"uv": [8.2471, 5.86873, 8.5251, 6.08494], "texture": "#1"},
				"west": {"uv": [8.2471, 5.86873, 8.5251, 6.08494], "texture": "#1"},
				"up": {"uv": [8.2471, 5.86873, 8.5251, 6.08494], "texture": "#1"},
				"down": {"uv": [8.2471, 5.86873, 8.5251, 6.08494], "texture": "#1"}
			}
		},
		{
			"from": [6.80029, 10.32334, -0.67303],
			"to": [9.18029, 11.72334, 0.72697],
			"rotation": {"angle": 0, "axis": "y", "origin": [-3.20971, -3.67666, -1.09303]},
			"faces": {
				"north": {"uv": [8.2471, 5.86873, 8.5251, 6.08494], "texture": "#1"},
				"east": {"uv": [8.2471, 5.86873, 8.5251, 6.08494], "texture": "#1"},
				"south": {"uv": [8.2471, 5.86873, 8.5251, 6.08494], "texture": "#1"},
				"west": {"uv": [8.2471, 5.86873, 8.5251, 6.08494], "texture": "#1"},
				"up": {"uv": [8.2471, 5.86873, 8.5251, 6.08494], "texture": "#1"},
				"down": {"uv": [8.2471, 5.86873, 8.5251, 6.08494], "texture": "#1"}
			}
		},
		{
			"from": [6.45029, 10.32334, 0.02697],
			"to": [9.53029, 12.14334, 1.42697],
			"rotation": {"angle": 0, "axis": "y", "origin": [-3.20971, -3.67666, -1.09303]},
			"faces": {
				"north": {"uv": [8.2471, 5.86873, 8.5251, 6.08494], "texture": "#1"},
				"east": {"uv": [8.2471, 5.86873, 8.5251, 6.08494], "texture": "#1"},
				"south": {"uv": [8.2471, 5.86873, 8.5251, 6.08494], "texture": "#1"},
				"west": {"uv": [8.2471, 5.86873, 8.5251, 6.08494], "texture": "#1"},
				"up": {"uv": [8.2471, 5.86873, 8.5251, 6.08494], "texture": "#1"},
				"down": {"uv": [8.2471, 5.86873, 8.5251, 6.08494], "texture": "#1"}
			}
		},
		{
			"from": [5.05029, 10.74334, 1.28697],
			"to": [10.93029, 12.56334, 2.68697],
			"rotation": {"angle": 0, "axis": "y", "origin": [-3.20971, -3.67666, -1.09303]},
			"faces": {
				"north": {"uv": [9.72973, 6.64093, 10.00772, 6.85714], "texture": "#1"},
				"east": {"uv": [9.72973, 6.64093, 10.00772, 6.85714], "texture": "#1"},
				"south": {"uv": [9.72973, 6.64093, 10.00772, 6.85714], "texture": "#1"},
				"west": {"uv": [9.72973, 6.64093, 10.00772, 6.85714], "texture": "#1"},
				"up": {"uv": [9.72973, 6.64093, 10.00772, 6.85714], "texture": "#1"},
				"down": {"uv": [9.72973, 6.64093, 10.00772, 6.85714], "texture": "#1"}
			}
		},
		{
			"from": [8.90029, 12.49334, 1.28697],
			"to": [10.93029, 14.31334, 2.68697],
			"rotation": {"angle": 0, "axis": "y", "origin": [-3.20971, -3.67666, -1.09303]},
			"faces": {
				"north": {"uv": [9.72973, 6.64093, 10.00772, 6.85714], "texture": "#1"},
				"east": {"uv": [9.72973, 6.64093, 10.00772, 6.85714], "texture": "#1"},
				"south": {"uv": [9.72973, 6.64093, 10.00772, 6.85714], "texture": "#1"},
				"west": {"uv": [9.72973, 6.64093, 10.00772, 6.85714], "texture": "#1"},
				"up": {"uv": [9.72973, 6.64093, 10.00772, 6.85714], "texture": "#1"},
				"down": {"uv": [9.72973, 6.64093, 10.00772, 6.85714], "texture": "#1"}
			}
		},
		{
			"from": [9.04596, 17.02094, 3.41777],
			"to": [11.64436, 19.35054, 5.20977],
			"rotation": {"angle": 0, "axis": "y", "origin": [-3.20971, -3.67666, -1.09303]},
			"faces": {
				"north": {"uv": [9.72973, 6.64093, 10.00772, 6.85714], "texture": "#1"},
				"east": {"uv": [9.72973, 6.64093, 10.00772, 6.85714], "texture": "#1"},
				"south": {"uv": [9.72973, 6.64093, 10.00772, 6.85714], "texture": "#1"},
				"west": {"uv": [9.72973, 6.64093, 10.00772, 6.85714], "texture": "#1"},
				"up": {"uv": [9.72973, 6.64093, 10.00772, 6.85714], "texture": "#1"},
				"down": {"uv": [9.72973, 6.64093, 10.00772, 6.85714], "texture": "#1"}
			}
		},
		{
			"from": [8.90029, 1.71334, 1.28697],
			"to": [10.93029, 3.53334, 2.68697],
			"rotation": {"angle": 0, "axis": "y", "origin": [-3.20971, -3.67666, -1.09303]},
			"faces": {
				"north": {"uv": [9.72973, 6.64093, 10.00772, 6.85714], "texture": "#1"},
				"east": {"uv": [9.72973, 6.64093, 10.00772, 6.85714], "texture": "#1"},
				"south": {"uv": [9.72973, 6.64093, 10.00772, 6.85714], "texture": "#1"},
				"west": {"uv": [9.72973, 6.64093, 10.00772, 6.85714], "texture": "#1"},
				"up": {"uv": [9.72973, 6.64093, 10.00772, 6.85714], "texture": "#1"},
				"down": {"uv": [9.72973, 6.64093, 10.00772, 6.85714], "texture": "#1"}
			}
		},
		{
			"from": [9.04596, 3.22254, 3.41777],
			"to": [11.64436, 5.55214, 5.20977],
			"rotation": {"angle": 0, "axis": "y", "origin": [-3.20971, -3.67666, -1.09303]},
			"faces": {
				"north": {"uv": [9.72973, 6.64093, 10.00772, 6.85714], "texture": "#1"},
				"east": {"uv": [9.72973, 6.64093, 10.00772, 6.85714], "texture": "#1"},
				"south": {"uv": [9.72973, 6.64093, 10.00772, 6.85714], "texture": "#1"},
				"west": {"uv": [9.72973, 6.64093, 10.00772, 6.85714], "texture": "#1"},
				"up": {"uv": [9.72973, 6.64093, 10.00772, 6.85714], "texture": "#1"},
				"down": {"uv": [9.72973, 6.64093, 10.00772, 6.85714], "texture": "#1"}
			}
		},
		{
			"from": [8.48029, 11.93334, 2.40697],
			"to": [11.35029, 14.59334, 3.80697],
			"rotation": {"angle": 0, "axis": "y", "origin": [-3.20971, -3.67666, -1.09303]},
			"faces": {
				"north": {"uv": [9.72973, 6.64093, 10.00772, 6.85714], "texture": "#1"},
				"east": {"uv": [9.72973, 6.64093, 10.00772, 6.85714], "texture": "#1"},
				"south": {"uv": [9.72973, 6.64093, 10.00772, 6.85714], "texture": "#1"},
				"west": {"uv": [9.72973, 6.64093, 10.00772, 6.85714], "texture": "#1"},
				"up": {"uv": [9.72973, 6.64093, 10.00772, 6.85714], "texture": "#1"},
				"down": {"uv": [9.72973, 6.64093, 10.00772, 6.85714], "texture": "#1"}
			}
		},
		{
			"from": [8.50836, 16.30414, 4.85137],
			"to": [12.18196, 19.70894, 6.64337],
			"rotation": {"angle": 0, "axis": "y", "origin": [-3.20971, -3.67666, -1.09303]},
			"faces": {
				"north": {"uv": [9.72973, 6.64093, 10.00772, 6.85714], "texture": "#1"},
				"east": {"uv": [9.72973, 6.64093, 10.00772, 6.85714], "texture": "#1"},
				"south": {"uv": [9.72973, 6.64093, 10.00772, 6.85714], "texture": "#1"},
				"west": {"uv": [9.72973, 6.64093, 10.00772, 6.85714], "texture": "#1"},
				"up": {"uv": [9.72973, 6.64093, 10.00772, 6.85714], "texture": "#1"},
				"down": {"uv": [9.72973, 6.64093, 10.00772, 6.85714], "texture": "#1"}
			}
		},
		{
			"from": [8.48029, 1.43334, 2.40697],
			"to": [11.35029, 4.09334, 3.80697],
			"rotation": {"angle": 0, "axis": "y", "origin": [-3.20971, -3.67666, -1.09303]},
			"faces": {
				"north": {"uv": [9.72973, 6.64093, 10.00772, 6.85714], "texture": "#1"},
				"east": {"uv": [9.72973, 6.64093, 10.00772, 6.85714], "texture": "#1"},
				"south": {"uv": [9.72973, 6.64093, 10.00772, 6.85714], "texture": "#1"},
				"west": {"uv": [9.72973, 6.64093, 10.00772, 6.85714], "texture": "#1"},
				"up": {"uv": [9.72973, 6.64093, 10.00772, 6.85714], "texture": "#1"},
				"down": {"uv": [9.72973, 6.64093, 10.00772, 6.85714], "texture": "#1"}
			}
		},
		{
			"from": [8.50836, 2.86414, 4.85137],
			"to": [12.18196, 6.26894, 6.64337],
			"rotation": {"angle": 0, "axis": "y", "origin": [-3.20971, -3.67666, -1.09303]},
			"faces": {
				"north": {"uv": [9.72973, 6.64093, 10.00772, 6.85714], "texture": "#1"},
				"east": {"uv": [9.72973, 6.64093, 10.00772, 6.85714], "texture": "#1"},
				"south": {"uv": [9.72973, 6.64093, 10.00772, 6.85714], "texture": "#1"},
				"west": {"uv": [9.72973, 6.64093, 10.00772, 6.85714], "texture": "#1"},
				"up": {"uv": [9.72973, 6.64093, 10.00772, 6.85714], "texture": "#1"},
				"down": {"uv": [9.72973, 6.64093, 10.00772, 6.85714], "texture": "#1"}
			}
		},
		{
			"from": [5.05029, 12.49334, 1.28697],
			"to": [7.08029, 14.31334, 2.68697],
			"rotation": {"angle": 0, "axis": "y", "origin": [-3.20971, -3.67666, -1.09303]},
			"faces": {
				"north": {"uv": [9.72973, 6.64093, 10.00772, 6.85714], "texture": "#1"},
				"east": {"uv": [9.72973, 6.64093, 10.00772, 6.85714], "texture": "#1"},
				"south": {"uv": [9.72973, 6.64093, 10.00772, 6.85714], "texture": "#1"},
				"west": {"uv": [9.72973, 6.64093, 10.00772, 6.85714], "texture": "#1"},
				"up": {"uv": [9.72973, 6.64093, 10.00772, 6.85714], "texture": "#1"},
				"down": {"uv": [9.72973, 6.64093, 10.00772, 6.85714], "texture": "#1"}
			}
		},
		{
			"from": [4.11796, 17.02094, 3.41777],
			"to": [6.71636, 19.35054, 5.20977],
			"rotation": {"angle": 0, "axis": "y", "origin": [-3.20971, -3.67666, -1.09303]},
			"faces": {
				"north": {"uv": [9.72973, 6.64093, 10.00772, 6.85714], "texture": "#1"},
				"east": {"uv": [9.72973, 6.64093, 10.00772, 6.85714], "texture": "#1"},
				"south": {"uv": [9.72973, 6.64093, 10.00772, 6.85714], "texture": "#1"},
				"west": {"uv": [9.72973, 6.64093, 10.00772, 6.85714], "texture": "#1"},
				"up": {"uv": [9.72973, 6.64093, 10.00772, 6.85714], "texture": "#1"},
				"down": {"uv": [9.72973, 6.64093, 10.00772, 6.85714], "texture": "#1"}
			}
		},
		{
			"from": [5.05029, 1.71334, 1.28697],
			"to": [7.08029, 3.53334, 2.68697],
			"rotation": {"angle": 0, "axis": "y", "origin": [-3.20971, -3.67666, -1.09303]},
			"faces": {
				"north": {"uv": [9.72973, 6.64093, 10.00772, 6.85714], "texture": "#1"},
				"east": {"uv": [9.72973, 6.64093, 10.00772, 6.85714], "texture": "#1"},
				"south": {"uv": [9.72973, 6.64093, 10.00772, 6.85714], "texture": "#1"},
				"west": {"uv": [9.72973, 6.64093, 10.00772, 6.85714], "texture": "#1"},
				"up": {"uv": [9.72973, 6.64093, 10.00772, 6.85714], "texture": "#1"},
				"down": {"uv": [9.72973, 6.64093, 10.00772, 6.85714], "texture": "#1"}
			}
		},
		{
			"from": [4.11796, 3.22254, 3.41777],
			"to": [6.71636, 5.55214, 5.20977],
			"rotation": {"angle": 0, "axis": "y", "origin": [-3.20971, -3.67666, -1.09303]},
			"faces": {
				"north": {"uv": [9.72973, 6.64093, 10.00772, 6.85714], "texture": "#1"},
				"east": {"uv": [9.72973, 6.64093, 10.00772, 6.85714], "texture": "#1"},
				"south": {"uv": [9.72973, 6.64093, 10.00772, 6.85714], "texture": "#1"},
				"west": {"uv": [9.72973, 6.64093, 10.00772, 6.85714], "texture": "#1"},
				"up": {"uv": [9.72973, 6.64093, 10.00772, 6.85714], "texture": "#1"},
				"down": {"uv": [9.72973, 6.64093, 10.00772, 6.85714], "texture": "#1"}
			}
		},
		{
			"from": [4.63029, 11.93334, 2.40697],
			"to": [7.50029, 14.59334, 3.80697],
			"rotation": {"angle": 0, "axis": "y", "origin": [-3.20971, -3.67666, -1.09303]},
			"faces": {
				"north": {"uv": [9.72973, 6.64093, 10.00772, 6.85714], "texture": "#1"},
				"east": {"uv": [9.72973, 6.64093, 10.00772, 6.85714], "texture": "#1"},
				"south": {"uv": [9.72973, 6.64093, 10.00772, 6.85714], "texture": "#1"},
				"west": {"uv": [9.72973, 6.64093, 10.00772, 6.85714], "texture": "#1"},
				"up": {"uv": [9.72973, 6.64093, 10.00772, 6.85714], "texture": "#1"},
				"down": {"uv": [9.72973, 6.64093, 10.00772, 6.85714], "texture": "#1"}
			}
		},
		{
			"from": [3.58036, 16.30414, 4.85137],
			"to": [7.25396, 19.70894, 6.64337],
			"rotation": {"angle": 0, "axis": "y", "origin": [-3.20971, -3.67666, -1.09303]},
			"faces": {
				"north": {"uv": [9.72973, 6.64093, 10.00772, 6.85714], "texture": "#1"},
				"east": {"uv": [9.72973, 6.64093, 10.00772, 6.85714], "texture": "#1"},
				"south": {"uv": [9.72973, 6.64093, 10.00772, 6.85714], "texture": "#1"},
				"west": {"uv": [9.72973, 6.64093, 10.00772, 6.85714], "texture": "#1"},
				"up": {"uv": [9.72973, 6.64093, 10.00772, 6.85714], "texture": "#1"},
				"down": {"uv": [9.72973, 6.64093, 10.00772, 6.85714], "texture": "#1"}
			}
		},
		{
			"from": [4.63029, 1.43334, 2.40697],
			"to": [7.50029, 4.09334, 3.80697],
			"rotation": {"angle": 0, "axis": "y", "origin": [-3.20971, -3.67666, -1.09303]},
			"faces": {
				"north": {"uv": [9.72973, 6.64093, 10.00772, 6.85714], "texture": "#1"},
				"east": {"uv": [9.72973, 6.64093, 10.00772, 6.85714], "texture": "#1"},
				"south": {"uv": [9.72973, 6.64093, 10.00772, 6.85714], "texture": "#1"},
				"west": {"uv": [9.72973, 6.64093, 10.00772, 6.85714], "texture": "#1"},
				"up": {"uv": [9.72973, 6.64093, 10.00772, 6.85714], "texture": "#1"},
				"down": {"uv": [9.72973, 6.64093, 10.00772, 6.85714], "texture": "#1"}
			}
		},
		{
			"from": [3.58036, 2.86414, 4.85137],
			"to": [7.25396, 6.26894, 6.64337],
			"rotation": {"angle": 0, "axis": "y", "origin": [-3.20971, -3.67666, -1.09303]},
			"faces": {
				"north": {"uv": [9.72973, 6.64093, 10.00772, 6.85714], "texture": "#1"},
				"east": {"uv": [9.72973, 6.64093, 10.00772, 6.85714], "texture": "#1"},
				"south": {"uv": [9.72973, 6.64093, 10.00772, 6.85714], "texture": "#1"},
				"west": {"uv": [9.72973, 6.64093, 10.00772, 6.85714], "texture": "#1"},
				"up": {"uv": [9.72973, 6.64093, 10.00772, 6.85714], "texture": "#1"},
				"down": {"uv": [9.72973, 6.64093, 10.00772, 6.85714], "texture": "#1"}
			}
		},
		{
			"from": [12.05029, 10.74334, 1.28697],
			"to": [14.08029, 12.56334, 2.68697],
			"rotation": {"angle": 0, "axis": "y", "origin": [-3.20971, -3.67666, -1.09303]},
			"faces": {
				"north": {"uv": [9.72973, 6.64093, 10.00772, 6.85714], "texture": "#1"},
				"east": {"uv": [9.72973, 6.64093, 10.00772, 6.85714], "texture": "#1"},
				"south": {"uv": [9.72973, 6.64093, 10.00772, 6.85714], "texture": "#1"},
				"west": {"uv": [9.72973, 6.64093, 10.00772, 6.85714], "texture": "#1"},
				"up": {"uv": [9.72973, 6.64093, 10.00772, 6.85714], "texture": "#1"},
				"down": {"uv": [9.72973, 6.64093, 10.00772, 6.85714], "texture": "#1"}
			}
		},
		{
			"from": [13.07796, 14.78094, 3.41777],
			"to": [15.67636, 17.11054, 5.20977],
			"rotation": {"angle": 0, "axis": "y", "origin": [-3.20971, -3.67666, -1.09303]},
			"faces": {
				"north": {"uv": [9.72973, 6.64093, 10.00772, 6.85714], "texture": "#1"},
				"east": {"uv": [9.72973, 6.64093, 10.00772, 6.85714], "texture": "#1"},
				"south": {"uv": [9.72973, 6.64093, 10.00772, 6.85714], "texture": "#1"},
				"west": {"uv": [9.72973, 6.64093, 10.00772, 6.85714], "texture": "#1"},
				"up": {"uv": [9.72973, 6.64093, 10.00772, 6.85714], "texture": "#1"},
				"down": {"uv": [9.72973, 6.64093, 10.00772, 6.85714], "texture": "#1"}
			}
		},
		{
			"from": [12.33029, 7.10334, 1.28697],
			"to": [14.36029, 8.92334, 2.68697],
			"rotation": {"angle": 0, "axis": "y", "origin": [-3.20971, -3.67666, -1.09303]},
			"faces": {
				"north": {"uv": [9.72973, 6.64093, 10.00772, 6.85714], "texture": "#1"},
				"east": {"uv": [9.72973, 6.64093, 10.00772, 6.85714], "texture": "#1"},
				"south": {"uv": [9.72973, 6.64093, 10.00772, 6.85714], "texture": "#1"},
				"west": {"uv": [9.72973, 6.64093, 10.00772, 6.85714], "texture": "#1"},
				"up": {"uv": [9.72973, 6.64093, 10.00772, 6.85714], "texture": "#1"},
				"down": {"uv": [9.72973, 6.64093, 10.00772, 6.85714], "texture": "#1"}
			}
		},
		{
			"from": [13.43636, 10.12174, 3.41777],
			"to": [16.03476, 12.45134, 5.20977],
			"rotation": {"angle": 0, "axis": "y", "origin": [-3.20971, -3.67666, -1.09303]},
			"faces": {
				"north": {"uv": [9.72973, 6.64093, 10.00772, 6.85714], "texture": "#1"},
				"east": {"uv": [9.72973, 6.64093, 10.00772, 6.85714], "texture": "#1"},
				"south": {"uv": [9.72973, 6.64093, 10.00772, 6.85714], "texture": "#1"},
				"west": {"uv": [9.72973, 6.64093, 10.00772, 6.85714], "texture": "#1"},
				"up": {"uv": [9.72973, 6.64093, 10.00772, 6.85714], "texture": "#1"},
				"down": {"uv": [9.72973, 6.64093, 10.00772, 6.85714], "texture": "#1"}
			}
		},
		{
			"from": [1.62029, 7.10334, 1.28697],
			"to": [3.65029, 8.92334, 2.68697],
			"rotation": {"angle": 0, "axis": "y", "origin": [-3.20971, -3.67666, -1.09303]},
			"faces": {
				"north": {"uv": [8.2471, 5.86873, 8.5251, 6.08494], "texture": "#1"},
				"east": {"uv": [8.2471, 5.86873, 8.5251, 6.08494], "texture": "#1"},
				"south": {"uv": [8.2471, 5.86873, 8.5251, 6.08494], "texture": "#1"},
				"west": {"uv": [8.2471, 5.86873, 8.5251, 6.08494], "texture": "#1"},
				"up": {"uv": [8.2471, 5.86873, 8.5251, 6.08494], "texture": "#1"},
				"down": {"uv": [8.2471, 5.86873, 8.5251, 6.08494], "texture": "#1"}
			}
		},
		{
			"from": [-0.27244, 10.12174, 3.41777],
			"to": [2.32596, 12.45134, 5.20977],
			"rotation": {"angle": 0, "axis": "y", "origin": [-3.20971, -3.67666, -1.09303]},
			"faces": {
				"north": {"uv": [9.72973, 6.64093, 10.00772, 6.85714], "texture": "#1"},
				"east": {"uv": [9.72973, 6.64093, 10.00772, 6.85714], "texture": "#1"},
				"south": {"uv": [9.72973, 6.64093, 10.00772, 6.85714], "texture": "#1"},
				"west": {"uv": [9.72973, 6.64093, 10.00772, 6.85714], "texture": "#1"},
				"up": {"uv": [9.72973, 6.64093, 10.00772, 6.85714], "texture": "#1"},
				"down": {"uv": [9.72973, 6.64093, 10.00772, 6.85714], "texture": "#1"}
			}
		},
		{
			"from": [14.99029, 7.80334, 1.28697],
			"to": [17.02029, 9.62334, 2.68697],
			"rotation": {"angle": 0, "axis": "y", "origin": [-3.20971, -3.67666, -1.09303]},
			"faces": {
				"north": {"uv": [9.72973, 6.64093, 10.00772, 6.85714], "texture": "#1"},
				"east": {"uv": [9.72973, 6.64093, 10.00772, 6.85714], "texture": "#1"},
				"south": {"uv": [9.72973, 6.64093, 10.00772, 6.85714], "texture": "#1"},
				"west": {"uv": [9.72973, 6.64093, 10.00772, 6.85714], "texture": "#1"},
				"up": {"uv": [9.72973, 6.64093, 10.00772, 6.85714], "texture": "#1"},
				"down": {"uv": [9.72973, 6.64093, 10.00772, 6.85714], "texture": "#1"}
			}
		},
		{
			"from": [16.84116, 11.01774, 3.41777],
			"to": [19.43956, 13.34734, 5.20977],
			"rotation": {"angle": 0, "axis": "y", "origin": [-3.20971, -3.67666, -1.09303]},
			"faces": {
				"north": {"uv": [9.72973, 6.64093, 10.00772, 6.85714], "texture": "#1"},
				"east": {"uv": [9.72973, 6.64093, 10.00772, 6.85714], "texture": "#1"},
				"south": {"uv": [9.72973, 6.64093, 10.00772, 6.85714], "texture": "#1"},
				"west": {"uv": [9.72973, 6.64093, 10.00772, 6.85714], "texture": "#1"},
				"up": {"uv": [9.72973, 6.64093, 10.00772, 6.85714], "texture": "#1"},
				"down": {"uv": [9.72973, 6.64093, 10.00772, 6.85714], "texture": "#1"}
			}
		},
		{
			"from": [-1.03971, 7.80334, 1.28697],
			"to": [0.99029, 9.62334, 2.68697],
			"rotation": {"angle": 0, "axis": "y", "origin": [-3.20971, -3.67666, -1.09303]},
			"faces": {
				"north": {"uv": [9.72973, 6.64093, 10.00772, 6.85714], "texture": "#1"},
				"east": {"uv": [9.72973, 6.64093, 10.00772, 6.85714], "texture": "#1"},
				"south": {"uv": [9.72973, 6.64093, 10.00772, 6.85714], "texture": "#1"},
				"west": {"uv": [9.72973, 6.64093, 10.00772, 6.85714], "texture": "#1"},
				"up": {"uv": [9.72973, 6.64093, 10.00772, 6.85714], "texture": "#1"},
				"down": {"uv": [9.72973, 6.64093, 10.00772, 6.85714], "texture": "#1"}
			}
		},
		{
			"from": [-3.67724, 11.01774, 3.41777],
			"to": [-1.07884, 13.34734, 5.20977],
			"rotation": {"angle": 0, "axis": "y", "origin": [-3.20971, -3.67666, -1.09303]},
			"faces": {
				"north": {"uv": [9.72973, 6.64093, 10.00772, 6.85714], "texture": "#1"},
				"east": {"uv": [9.72973, 6.64093, 10.00772, 6.85714], "texture": "#1"},
				"south": {"uv": [9.72973, 6.64093, 10.00772, 6.85714], "texture": "#1"},
				"west": {"uv": [9.72973, 6.64093, 10.00772, 6.85714], "texture": "#1"},
				"up": {"uv": [9.72973, 6.64093, 10.00772, 6.85714], "texture": "#1"},
				"down": {"uv": [9.72973, 6.64093, 10.00772, 6.85714], "texture": "#1"}
			}
		},
		{
			"from": [12.05029, 3.46334, 1.28697],
			"to": [14.08029, 5.28334, 2.68697],
			"rotation": {"angle": 0, "axis": "y", "origin": [-3.20971, -3.67666, -1.09303]},
			"faces": {
				"north": {"uv": [9.72973, 6.64093, 10.00772, 6.85714], "texture": "#1"},
				"east": {"uv": [9.72973, 6.64093, 10.00772, 6.85714], "texture": "#1"},
				"south": {"uv": [9.72973, 6.64093, 10.00772, 6.85714], "texture": "#1"},
				"west": {"uv": [9.72973, 6.64093, 10.00772, 6.85714], "texture": "#1"},
				"up": {"uv": [9.72973, 6.64093, 10.00772, 6.85714], "texture": "#1"},
				"down": {"uv": [9.72973, 6.64093, 10.00772, 6.85714], "texture": "#1"}
			}
		},
		{
			"from": [13.07796, 5.46254, 3.41777],
			"to": [15.67636, 7.79214, 5.20977],
			"rotation": {"angle": 0, "axis": "y", "origin": [-3.20971, -3.67666, -1.09303]},
			"faces": {
				"north": {"uv": [9.72973, 6.64093, 10.00772, 6.85714], "texture": "#1"},
				"east": {"uv": [9.72973, 6.64093, 10.00772, 6.85714], "texture": "#1"},
				"south": {"uv": [9.72973, 6.64093, 10.00772, 6.85714], "texture": "#1"},
				"west": {"uv": [9.72973, 6.64093, 10.00772, 6.85714], "texture": "#1"},
				"up": {"uv": [9.72973, 6.64093, 10.00772, 6.85714], "texture": "#1"},
				"down": {"uv": [9.72973, 6.64093, 10.00772, 6.85714], "texture": "#1"}
			}
		},
		{
			"from": [11.63029, 10.18334, 2.40697],
			"to": [14.50029, 12.84334, 3.80697],
			"rotation": {"angle": 0, "axis": "y", "origin": [-3.20971, -3.67666, -1.09303]},
			"faces": {
				"north": {"uv": [9.72973, 6.64093, 10.00772, 6.85714], "texture": "#1"},
				"east": {"uv": [9.72973, 6.64093, 10.00772, 6.85714], "texture": "#1"},
				"south": {"uv": [9.72973, 6.64093, 10.00772, 6.85714], "texture": "#1"},
				"west": {"uv": [9.72973, 6.64093, 10.00772, 6.85714], "texture": "#1"},
				"up": {"uv": [9.72973, 6.64093, 10.00772, 6.85714], "texture": "#1"},
				"down": {"uv": [9.72973, 6.64093, 10.00772, 6.85714], "texture": "#1"}
			}
		},
		{
			"from": [12.54036, 14.06414, 4.85137],
			"to": [16.21396, 17.46894, 6.64337],
			"rotation": {"angle": 0, "axis": "y", "origin": [-3.20971, -3.67666, -1.09303]},
			"faces": {
				"north": {"uv": [9.72973, 6.64093, 10.00772, 6.85714], "texture": "#1"},
				"east": {"uv": [9.72973, 6.64093, 10.00772, 6.85714], "texture": "#1"},
				"south": {"uv": [9.72973, 6.64093, 10.00772, 6.85714], "texture": "#1"},
				"west": {"uv": [9.72973, 6.64093, 10.00772, 6.85714], "texture": "#1"},
				"up": {"uv": [9.72973, 6.64093, 10.00772, 6.85714], "texture": "#1"},
				"down": {"uv": [9.72973, 6.64093, 10.00772, 6.85714], "texture": "#1"}
			}
		},
		{
			"from": [11.91029, 6.54334, 2.40697],
			"to": [14.78029, 9.20334, 3.80697],
			"rotation": {"angle": 0, "axis": "y", "origin": [-3.20971, -3.67666, -1.09303]},
			"faces": {
				"north": {"uv": [9.72973, 6.64093, 10.00772, 6.85714], "texture": "#1"},
				"east": {"uv": [9.72973, 6.64093, 10.00772, 6.85714], "texture": "#1"},
				"south": {"uv": [9.72973, 6.64093, 10.00772, 6.85714], "texture": "#1"},
				"west": {"uv": [9.72973, 6.64093, 10.00772, 6.85714], "texture": "#1"},
				"up": {"uv": [9.72973, 6.64093, 10.00772, 6.85714], "texture": "#1"},
				"down": {"uv": [9.72973, 6.64093, 10.00772, 6.85714], "texture": "#1"}
			}
		},
		{
			"from": [12.89876, 9.40494, 4.85137],
			"to": [16.57236, 12.80974, 6.64337],
			"rotation": {"angle": 0, "axis": "y", "origin": [-3.20971, -3.67666, -1.09303]},
			"faces": {
				"north": {"uv": [9.72973, 6.64093, 10.00772, 6.85714], "texture": "#1"},
				"east": {"uv": [9.72973, 6.64093, 10.00772, 6.85714], "texture": "#1"},
				"south": {"uv": [9.72973, 6.64093, 10.00772, 6.85714], "texture": "#1"},
				"west": {"uv": [9.72973, 6.64093, 10.00772, 6.85714], "texture": "#1"},
				"up": {"uv": [9.72973, 6.64093, 10.00772, 6.85714], "texture": "#1"},
				"down": {"uv": [9.72973, 6.64093, 10.00772, 6.85714], "texture": "#1"}
			}
		},
		{
			"from": [1.20029, 6.54334, 2.40697],
			"to": [4.07029, 9.20334, 3.80697],
			"rotation": {"angle": 0, "axis": "y", "origin": [-3.20971, -3.67666, -1.09303]},
			"faces": {
				"north": {"uv": [8.2471, 5.86873, 8.5251, 6.08494], "texture": "#1"},
				"east": {"uv": [8.2471, 5.86873, 8.5251, 6.08494], "texture": "#1"},
				"south": {"uv": [8.2471, 5.86873, 8.5251, 6.08494], "texture": "#1"},
				"west": {"uv": [8.2471, 5.86873, 8.5251, 6.08494], "texture": "#1"},
				"up": {"uv": [8.2471, 5.86873, 8.5251, 6.08494], "texture": "#1"},
				"down": {"uv": [8.2471, 5.86873, 8.5251, 6.08494], "texture": "#1"}
			}
		},
		{
			"from": [-0.81004, 9.40494, 4.85137],
			"to": [2.86356, 12.80974, 6.64337],
			"rotation": {"angle": 0, "axis": "y", "origin": [-3.20971, -3.67666, -1.09303]},
			"faces": {
				"north": {"uv": [9.72973, 6.64093, 10.00772, 6.85714], "texture": "#1"},
				"east": {"uv": [9.72973, 6.64093, 10.00772, 6.85714], "texture": "#1"},
				"south": {"uv": [9.72973, 6.64093, 10.00772, 6.85714], "texture": "#1"},
				"west": {"uv": [9.72973, 6.64093, 10.00772, 6.85714], "texture": "#1"},
				"up": {"uv": [9.72973, 6.64093, 10.00772, 6.85714], "texture": "#1"},
				"down": {"uv": [9.72973, 6.64093, 10.00772, 6.85714], "texture": "#1"}
			}
		},
		{
			"from": [14.57029, 7.24334, 2.40697],
			"to": [17.44029, 9.90334, 3.80697],
			"rotation": {"angle": 0, "axis": "y", "origin": [-3.20971, -3.67666, -1.09303]},
			"faces": {
				"north": {"uv": [9.72973, 6.64093, 10.00772, 6.85714], "texture": "#1"},
				"east": {"uv": [9.72973, 6.64093, 10.00772, 6.85714], "texture": "#1"},
				"south": {"uv": [9.72973, 6.64093, 10.00772, 6.85714], "texture": "#1"},
				"west": {"uv": [9.72973, 6.64093, 10.00772, 6.85714], "texture": "#1"},
				"up": {"uv": [9.72973, 6.64093, 10.00772, 6.85714], "texture": "#1"},
				"down": {"uv": [9.72973, 6.64093, 10.00772, 6.85714], "texture": "#1"}
			}
		},
		{
			"from": [16.30356, 10.30094, 4.85137],
			"to": [19.97716, 13.70574, 6.64337],
			"rotation": {"angle": 0, "axis": "y", "origin": [-3.20971, -3.67666, -1.09303]},
			"faces": {
				"north": {"uv": [9.72973, 6.64093, 10.00772, 6.85714], "texture": "#1"},
				"east": {"uv": [9.72973, 6.64093, 10.00772, 6.85714], "texture": "#1"},
				"south": {"uv": [9.72973, 6.64093, 10.00772, 6.85714], "texture": "#1"},
				"west": {"uv": [9.72973, 6.64093, 10.00772, 6.85714], "texture": "#1"},
				"up": {"uv": [9.72973, 6.64093, 10.00772, 6.85714], "texture": "#1"},
				"down": {"uv": [9.72973, 6.64093, 10.00772, 6.85714], "texture": "#1"}
			}
		},
		{
			"from": [-1.45971, 7.24334, 2.40697],
			"to": [1.41029, 9.90334, 3.80697],
			"rotation": {"angle": 0, "axis": "y", "origin": [-3.20971, -3.67666, -1.09303]},
			"faces": {
				"north": {"uv": [9.72973, 6.64093, 10.00772, 6.85714], "texture": "#1"},
				"east": {"uv": [9.72973, 6.64093, 10.00772, 6.85714], "texture": "#1"},
				"south": {"uv": [9.72973, 6.64093, 10.00772, 6.85714], "texture": "#1"},
				"west": {"uv": [9.72973, 6.64093, 10.00772, 6.85714], "texture": "#1"},
				"up": {"uv": [9.72973, 6.64093, 10.00772, 6.85714], "texture": "#1"},
				"down": {"uv": [9.72973, 6.64093, 10.00772, 6.85714], "texture": "#1"}
			}
		},
		{
			"from": [-4.21484, 10.30094, 4.85137],
			"to": [-0.54124, 13.70574, 6.64337],
			"rotation": {"angle": 0, "axis": "y", "origin": [-3.20971, -3.67666, -1.09303]},
			"faces": {
				"north": {"uv": [9.72973, 6.64093, 10.00772, 6.85714], "texture": "#1"},
				"east": {"uv": [9.72973, 6.64093, 10.00772, 6.85714], "texture": "#1"},
				"south": {"uv": [9.72973, 6.64093, 10.00772, 6.85714], "texture": "#1"},
				"west": {"uv": [9.72973, 6.64093, 10.00772, 6.85714], "texture": "#1"},
				"up": {"uv": [9.72973, 6.64093, 10.00772, 6.85714], "texture": "#1"},
				"down": {"uv": [9.72973, 6.64093, 10.00772, 6.85714], "texture": "#1"}
			}
		},
		{
			"from": [11.63029, 3.18334, 2.40697],
			"to": [14.50029, 5.84334, 3.80697],
			"rotation": {"angle": 0, "axis": "y", "origin": [-3.20971, -3.67666, -1.09303]},
			"faces": {
				"north": {"uv": [9.72973, 6.64093, 10.00772, 6.85714], "texture": "#1"},
				"east": {"uv": [9.72973, 6.64093, 10.00772, 6.85714], "texture": "#1"},
				"south": {"uv": [9.72973, 6.64093, 10.00772, 6.85714], "texture": "#1"},
				"west": {"uv": [9.72973, 6.64093, 10.00772, 6.85714], "texture": "#1"},
				"up": {"uv": [9.72973, 6.64093, 10.00772, 6.85714], "texture": "#1"},
				"down": {"uv": [9.72973, 6.64093, 10.00772, 6.85714], "texture": "#1"}
			}
		},
		{
			"from": [12.54036, 5.10414, 4.85137],
			"to": [16.21396, 8.50894, 6.64337],
			"rotation": {"angle": 0, "axis": "y", "origin": [-3.20971, -3.67666, -1.09303]},
			"faces": {
				"north": {"uv": [9.72973, 6.64093, 10.00772, 6.85714], "texture": "#1"},
				"east": {"uv": [9.72973, 6.64093, 10.00772, 6.85714], "texture": "#1"},
				"south": {"uv": [9.72973, 6.64093, 10.00772, 6.85714], "texture": "#1"},
				"west": {"uv": [9.72973, 6.64093, 10.00772, 6.85714], "texture": "#1"},
				"up": {"uv": [9.72973, 6.64093, 10.00772, 6.85714], "texture": "#1"},
				"down": {"uv": [9.72973, 6.64093, 10.00772, 6.85714], "texture": "#1"}
			}
		},
		{
			"from": [1.90029, 10.74334, 1.28697],
			"to": [3.93029, 12.56334, 2.68697],
			"rotation": {"angle": 0, "axis": "y", "origin": [-3.20971, -3.67666, -1.09303]},
			"faces": {
				"north": {"uv": [9.72973, 6.64093, 10.00772, 6.85714], "texture": "#1"},
				"east": {"uv": [9.72973, 6.64093, 10.00772, 6.85714], "texture": "#1"},
				"south": {"uv": [9.72973, 6.64093, 10.00772, 6.85714], "texture": "#1"},
				"west": {"uv": [9.72973, 6.64093, 10.00772, 6.85714], "texture": "#1"},
				"up": {"uv": [9.72973, 6.64093, 10.00772, 6.85714], "texture": "#1"},
				"down": {"uv": [9.72973, 6.64093, 10.00772, 6.85714], "texture": "#1"}
			}
		},
		{
			"from": [0.08596, 14.78094, 3.41777],
			"to": [2.68436, 17.11054, 5.20977],
			"rotation": {"angle": 0, "axis": "y", "origin": [-3.20971, -3.67666, -1.09303]},
			"faces": {
				"north": {"uv": [9.72973, 6.64093, 10.00772, 6.85714], "texture": "#1"},
				"east": {"uv": [9.72973, 6.64093, 10.00772, 6.85714], "texture": "#1"},
				"south": {"uv": [9.72973, 6.64093, 10.00772, 6.85714], "texture": "#1"},
				"west": {"uv": [9.72973, 6.64093, 10.00772, 6.85714], "texture": "#1"},
				"up": {"uv": [9.72973, 6.64093, 10.00772, 6.85714], "texture": "#1"},
				"down": {"uv": [9.72973, 6.64093, 10.00772, 6.85714], "texture": "#1"}
			}
		},
		{
			"from": [1.90029, 3.46334, 1.28697],
			"to": [3.93029, 5.28334, 2.68697],
			"rotation": {"angle": 0, "axis": "y", "origin": [-3.20971, -3.67666, -1.09303]},
			"faces": {
				"north": {"uv": [9.72973, 6.64093, 10.00772, 6.85714], "texture": "#1"},
				"east": {"uv": [9.72973, 6.64093, 10.00772, 6.85714], "texture": "#1"},
				"south": {"uv": [9.72973, 6.64093, 10.00772, 6.85714], "texture": "#1"},
				"west": {"uv": [9.72973, 6.64093, 10.00772, 6.85714], "texture": "#1"},
				"up": {"uv": [9.72973, 6.64093, 10.00772, 6.85714], "texture": "#1"},
				"down": {"uv": [9.72973, 6.64093, 10.00772, 6.85714], "texture": "#1"}
			}
		},
		{
			"from": [0.08596, 5.46254, 3.41777],
			"to": [2.68436, 7.79214, 5.20977],
			"rotation": {"angle": 0, "axis": "y", "origin": [-3.20971, -3.67666, -1.09303]},
			"faces": {
				"north": {"uv": [9.72973, 6.64093, 10.00772, 6.85714], "texture": "#1"},
				"east": {"uv": [9.72973, 6.64093, 10.00772, 6.85714], "texture": "#1"},
				"south": {"uv": [9.72973, 6.64093, 10.00772, 6.85714], "texture": "#1"},
				"west": {"uv": [9.72973, 6.64093, 10.00772, 6.85714], "texture": "#1"},
				"up": {"uv": [9.72973, 6.64093, 10.00772, 6.85714], "texture": "#1"},
				"down": {"uv": [9.72973, 6.64093, 10.00772, 6.85714], "texture": "#1"}
			}
		},
		{
			"from": [1.48029, 10.18334, 2.40697],
			"to": [4.35029, 12.84334, 3.80697],
			"rotation": {"angle": 0, "axis": "y", "origin": [-3.20971, -3.67666, -1.09303]},
			"faces": {
				"north": {"uv": [9.72973, 6.64093, 10.00772, 6.85714], "texture": "#1"},
				"east": {"uv": [9.72973, 6.64093, 10.00772, 6.85714], "texture": "#1"},
				"south": {"uv": [9.72973, 6.64093, 10.00772, 6.85714], "texture": "#1"},
				"west": {"uv": [9.72973, 6.64093, 10.00772, 6.85714], "texture": "#1"},
				"up": {"uv": [9.72973, 6.64093, 10.00772, 6.85714], "texture": "#1"},
				"down": {"uv": [9.72973, 6.64093, 10.00772, 6.85714], "texture": "#1"}
			}
		},
		{
			"from": [-0.45164, 14.06414, 4.85137],
			"to": [3.22196, 17.46894, 6.64337],
			"rotation": {"angle": 0, "axis": "y", "origin": [-3.20971, -3.67666, -1.09303]},
			"faces": {
				"north": {"uv": [9.72973, 6.64093, 10.00772, 6.85714], "texture": "#1"},
				"east": {"uv": [9.72973, 6.64093, 10.00772, 6.85714], "texture": "#1"},
				"south": {"uv": [9.72973, 6.64093, 10.00772, 6.85714], "texture": "#1"},
				"west": {"uv": [9.72973, 6.64093, 10.00772, 6.85714], "texture": "#1"},
				"up": {"uv": [9.72973, 6.64093, 10.00772, 6.85714], "texture": "#1"},
				"down": {"uv": [9.72973, 6.64093, 10.00772, 6.85714], "texture": "#1"}
			}
		},
		{
			"from": [1.48029, 3.18334, 2.40697],
			"to": [4.35029, 5.84334, 3.80697],
			"rotation": {"angle": 0, "axis": "y", "origin": [-3.20971, -3.67666, -1.09303]},
			"faces": {
				"north": {"uv": [9.72973, 6.64093, 10.00772, 6.85714], "texture": "#1"},
				"east": {"uv": [9.72973, 6.64093, 10.00772, 6.85714], "texture": "#1"},
				"south": {"uv": [9.72973, 6.64093, 10.00772, 6.85714], "texture": "#1"},
				"west": {"uv": [9.72973, 6.64093, 10.00772, 6.85714], "texture": "#1"},
				"up": {"uv": [9.72973, 6.64093, 10.00772, 6.85714], "texture": "#1"},
				"down": {"uv": [9.72973, 6.64093, 10.00772, 6.85714], "texture": "#1"}
			}
		},
		{
			"from": [-0.45164, 5.10414, 4.85137],
			"to": [3.22196, 8.50894, 6.64337],
			"rotation": {"angle": 0, "axis": "y", "origin": [-3.20971, -3.67666, -1.09303]},
			"faces": {
				"north": {"uv": [9.72973, 6.64093, 10.00772, 6.85714], "texture": "#1"},
				"east": {"uv": [9.72973, 6.64093, 10.00772, 6.85714], "texture": "#1"},
				"south": {"uv": [9.72973, 6.64093, 10.00772, 6.85714], "texture": "#1"},
				"west": {"uv": [9.72973, 6.64093, 10.00772, 6.85714], "texture": "#1"},
				"up": {"uv": [9.72973, 6.64093, 10.00772, 6.85714], "texture": "#1"},
				"down": {"uv": [9.72973, 6.64093, 10.00772, 6.85714], "texture": "#1"}
			}
		},
		{
			"from": [10.30029, 14.24334, 1.28697],
			"to": [12.33029, 16.06334, 2.68697],
			"rotation": {"angle": 0, "axis": "y", "origin": [-3.20971, -3.67666, -1.09303]},
			"faces": {
				"north": {"uv": [9.72973, 6.64093, 10.00772, 6.85714], "texture": "#1"},
				"east": {"uv": [9.72973, 6.64093, 10.00772, 6.85714], "texture": "#1"},
				"south": {"uv": [9.72973, 6.64093, 10.00772, 6.85714], "texture": "#1"},
				"west": {"uv": [9.72973, 6.64093, 10.00772, 6.85714], "texture": "#1"},
				"up": {"uv": [9.72973, 6.64093, 10.00772, 6.85714], "texture": "#1"},
				"down": {"uv": [9.72973, 6.64093, 10.00772, 6.85714], "texture": "#1"}
			}
		},
		{
			"from": [10.83796, 19.26094, 3.41777],
			"to": [13.43636, 21.59054, 5.20977],
			"rotation": {"angle": 0, "axis": "y", "origin": [-3.20971, -3.67666, -1.09303]},
			"faces": {
				"north": {"uv": [9.72973, 6.64093, 10.00772, 6.85714], "texture": "#1"},
				"east": {"uv": [9.72973, 6.64093, 10.00772, 6.85714], "texture": "#1"},
				"south": {"uv": [9.72973, 6.64093, 10.00772, 6.85714], "texture": "#1"},
				"west": {"uv": [9.72973, 6.64093, 10.00772, 6.85714], "texture": "#1"},
				"up": {"uv": [9.72973, 6.64093, 10.00772, 6.85714], "texture": "#1"},
				"down": {"uv": [9.72973, 6.64093, 10.00772, 6.85714], "texture": "#1"}
			}
		},
		{
			"from": [10.30029, -0.03666, 1.28697],
			"to": [12.33029, 1.78334, 2.68697],
			"rotation": {"angle": 0, "axis": "y", "origin": [-3.20971, -3.67666, -1.09303]},
			"faces": {
				"north": {"uv": [9.72973, 6.64093, 10.00772, 6.85714], "texture": "#1"},
				"east": {"uv": [9.72973, 6.64093, 10.00772, 6.85714], "texture": "#1"},
				"south": {"uv": [9.72973, 6.64093, 10.00772, 6.85714], "texture": "#1"},
				"west": {"uv": [9.72973, 6.64093, 10.00772, 6.85714], "texture": "#1"},
				"up": {"uv": [9.72973, 6.64093, 10.00772, 6.85714], "texture": "#1"},
				"down": {"uv": [9.72973, 6.64093, 10.00772, 6.85714], "texture": "#1"}
			}
		},
		{
			"from": [10.83796, 0.98254, 3.41777],
			"to": [13.43636, 3.31214, 5.20977],
			"rotation": {"angle": 0, "axis": "y", "origin": [-3.20971, -3.67666, -1.09303]},
			"faces": {
				"north": {"uv": [9.72973, 6.64093, 10.00772, 6.85714], "texture": "#1"},
				"east": {"uv": [9.72973, 6.64093, 10.00772, 6.85714], "texture": "#1"},
				"south": {"uv": [9.72973, 6.64093, 10.00772, 6.85714], "texture": "#1"},
				"west": {"uv": [9.72973, 6.64093, 10.00772, 6.85714], "texture": "#1"},
				"up": {"uv": [9.72973, 6.64093, 10.00772, 6.85714], "texture": "#1"},
				"down": {"uv": [9.72973, 6.64093, 10.00772, 6.85714], "texture": "#1"}
			}
		},
		{
			"from": [9.88029, 13.68334, 2.40697],
			"to": [12.75029, 16.34334, 3.80697],
			"rotation": {"angle": 0, "axis": "y", "origin": [-3.20971, -3.67666, -1.09303]},
			"faces": {
				"north": {"uv": [9.72973, 6.64093, 10.00772, 6.85714], "texture": "#1"},
				"east": {"uv": [9.72973, 6.64093, 10.00772, 6.85714], "texture": "#1"},
				"south": {"uv": [9.72973, 6.64093, 10.00772, 6.85714], "texture": "#1"},
				"west": {"uv": [9.72973, 6.64093, 10.00772, 6.85714], "texture": "#1"},
				"up": {"uv": [9.72973, 6.64093, 10.00772, 6.85714], "texture": "#1"},
				"down": {"uv": [9.72973, 6.64093, 10.00772, 6.85714], "texture": "#1"}
			}
		},
		{
			"from": [10.30036, 18.54414, 4.85137],
			"to": [13.97396, 21.94894, 6.64337],
			"rotation": {"angle": 0, "axis": "y", "origin": [-3.20971, -3.67666, -1.09303]},
			"faces": {
				"north": {"uv": [9.72973, 6.64093, 10.00772, 6.85714], "texture": "#1"},
				"east": {"uv": [9.72973, 6.64093, 10.00772, 6.85714], "texture": "#1"},
				"south": {"uv": [9.72973, 6.64093, 10.00772, 6.85714], "texture": "#1"},
				"west": {"uv": [9.72973, 6.64093, 10.00772, 6.85714], "texture": "#1"},
				"up": {"uv": [9.72973, 6.64093, 10.00772, 6.85714], "texture": "#1"},
				"down": {"uv": [9.72973, 6.64093, 10.00772, 6.85714], "texture": "#1"}
			}
		},
		{
			"from": [9.88029, -0.31666, 2.40697],
			"to": [12.75029, 2.34334, 3.80697],
			"rotation": {"angle": 0, "axis": "y", "origin": [-3.20971, -3.67666, -1.09303]},
			"faces": {
				"north": {"uv": [9.72973, 6.64093, 10.00772, 6.85714], "texture": "#1"},
				"east": {"uv": [9.72973, 6.64093, 10.00772, 6.85714], "texture": "#1"},
				"south": {"uv": [9.72973, 6.64093, 10.00772, 6.85714], "texture": "#1"},
				"west": {"uv": [9.72973, 6.64093, 10.00772, 6.85714], "texture": "#1"},
				"up": {"uv": [9.72973, 6.64093, 10.00772, 6.85714], "texture": "#1"},
				"down": {"uv": [9.72973, 6.64093, 10.00772, 6.85714], "texture": "#1"}
			}
		},
		{
			"from": [10.30036, 0.62414, 4.85137],
			"to": [13.97396, 4.02894, 6.64337],
			"rotation": {"angle": 0, "axis": "y", "origin": [-3.20971, -3.67666, -1.09303]},
			"faces": {
				"north": {"uv": [9.72973, 6.64093, 10.00772, 6.85714], "texture": "#1"},
				"east": {"uv": [9.72973, 6.64093, 10.00772, 6.85714], "texture": "#1"},
				"south": {"uv": [9.72973, 6.64093, 10.00772, 6.85714], "texture": "#1"},
				"west": {"uv": [9.72973, 6.64093, 10.00772, 6.85714], "texture": "#1"},
				"up": {"uv": [9.72973, 6.64093, 10.00772, 6.85714], "texture": "#1"},
				"down": {"uv": [9.72973, 6.64093, 10.00772, 6.85714], "texture": "#1"}
			}
		},
		{
			"from": [3.65029, 14.24334, 1.28697],
			"to": [5.68029, 16.06334, 2.68697],
			"rotation": {"angle": 0, "axis": "y", "origin": [-3.20971, -3.67666, -1.09303]},
			"faces": {
				"north": {"uv": [9.72973, 6.64093, 10.00772, 6.85714], "texture": "#1"},
				"east": {"uv": [9.72973, 6.64093, 10.00772, 6.85714], "texture": "#1"},
				"south": {"uv": [9.72973, 6.64093, 10.00772, 6.85714], "texture": "#1"},
				"west": {"uv": [9.72973, 6.64093, 10.00772, 6.85714], "texture": "#1"},
				"up": {"uv": [9.72973, 6.64093, 10.00772, 6.85714], "texture": "#1"},
				"down": {"uv": [9.72973, 6.64093, 10.00772, 6.85714], "texture": "#1"}
			}
		},
		{
			"from": [2.32596, 19.26094, 3.41777],
			"to": [4.92436, 21.59054, 5.20977],
			"rotation": {"angle": 0, "axis": "y", "origin": [-3.20971, -3.67666, -1.09303]},
			"faces": {
				"north": {"uv": [9.72973, 6.64093, 10.00772, 6.85714], "texture": "#1"},
				"east": {"uv": [9.72973, 6.64093, 10.00772, 6.85714], "texture": "#1"},
				"south": {"uv": [9.72973, 6.64093, 10.00772, 6.85714], "texture": "#1"},
				"west": {"uv": [9.72973, 6.64093, 10.00772, 6.85714], "texture": "#1"},
				"up": {"uv": [9.72973, 6.64093, 10.00772, 6.85714], "texture": "#1"},
				"down": {"uv": [9.72973, 6.64093, 10.00772, 6.85714], "texture": "#1"}
			}
		},
		{
			"from": [3.65029, -0.03666, 1.28697],
			"to": [5.68029, 1.78334, 2.68697],
			"rotation": {"angle": 0, "axis": "y", "origin": [-3.20971, -3.67666, -1.09303]},
			"faces": {
				"north": {"uv": [9.72973, 6.64093, 10.00772, 6.85714], "texture": "#1"},
				"east": {"uv": [9.72973, 6.64093, 10.00772, 6.85714], "texture": "#1"},
				"south": {"uv": [9.72973, 6.64093, 10.00772, 6.85714], "texture": "#1"},
				"west": {"uv": [9.72973, 6.64093, 10.00772, 6.85714], "texture": "#1"},
				"up": {"uv": [9.72973, 6.64093, 10.00772, 6.85714], "texture": "#1"},
				"down": {"uv": [9.72973, 6.64093, 10.00772, 6.85714], "texture": "#1"}
			}
		},
		{
			"from": [2.32596, 0.98254, 3.41777],
			"to": [4.92436, 3.31214, 5.20977],
			"rotation": {"angle": 0, "axis": "y", "origin": [-3.20971, -3.67666, -1.09303]},
			"faces": {
				"north": {"uv": [9.72973, 6.64093, 10.00772, 6.85714], "texture": "#1"},
				"east": {"uv": [9.72973, 6.64093, 10.00772, 6.85714], "texture": "#1"},
				"south": {"uv": [9.72973, 6.64093, 10.00772, 6.85714], "texture": "#1"},
				"west": {"uv": [9.72973, 6.64093, 10.00772, 6.85714], "texture": "#1"},
				"up": {"uv": [9.72973, 6.64093, 10.00772, 6.85714], "texture": "#1"},
				"down": {"uv": [9.72973, 6.64093, 10.00772, 6.85714], "texture": "#1"}
			}
		},
		{
			"from": [3.23029, 13.68334, 2.40697],
			"to": [6.10029, 16.34334, 3.80697],
			"rotation": {"angle": 0, "axis": "y", "origin": [-3.20971, -3.67666, -1.09303]},
			"faces": {
				"north": {"uv": [9.72973, 6.64093, 10.00772, 6.85714], "texture": "#1"},
				"east": {"uv": [9.72973, 6.64093, 10.00772, 6.85714], "texture": "#1"},
				"south": {"uv": [9.72973, 6.64093, 10.00772, 6.85714], "texture": "#1"},
				"west": {"uv": [9.72973, 6.64093, 10.00772, 6.85714], "texture": "#1"},
				"up": {"uv": [9.72973, 6.64093, 10.00772, 6.85714], "texture": "#1"},
				"down": {"uv": [9.72973, 6.64093, 10.00772, 6.85714], "texture": "#1"}
			}
		},
		{
			"from": [1.78836, 18.54414, 4.85137],
			"to": [5.46196, 21.94894, 6.64337],
			"rotation": {"angle": 0, "axis": "y", "origin": [-3.20971, -3.67666, -1.09303]},
			"faces": {
				"north": {"uv": [9.72973, 6.64093, 10.00772, 6.85714], "texture": "#1"},
				"east": {"uv": [9.72973, 6.64093, 10.00772, 6.85714], "texture": "#1"},
				"south": {"uv": [9.72973, 6.64093, 10.00772, 6.85714], "texture": "#1"},
				"west": {"uv": [9.72973, 6.64093, 10.00772, 6.85714], "texture": "#1"},
				"up": {"uv": [9.72973, 6.64093, 10.00772, 6.85714], "texture": "#1"},
				"down": {"uv": [9.72973, 6.64093, 10.00772, 6.85714], "texture": "#1"}
			}
		},
		{
			"from": [13.10029, 12.49334, 1.28697],
			"to": [15.13029, 14.31334, 2.68697],
			"rotation": {"angle": 0, "axis": "y", "origin": [-3.20971, -3.67666, -1.09303]},
			"faces": {
				"north": {"uv": [9.72973, 6.64093, 10.00772, 6.85714], "texture": "#1"},
				"east": {"uv": [9.72973, 6.64093, 10.00772, 6.85714], "texture": "#1"},
				"south": {"uv": [9.72973, 6.64093, 10.00772, 6.85714], "texture": "#1"},
				"west": {"uv": [9.72973, 6.64093, 10.00772, 6.85714], "texture": "#1"},
				"up": {"uv": [9.72973, 6.64093, 10.00772, 6.85714], "texture": "#1"},
				"down": {"uv": [9.72973, 6.64093, 10.00772, 6.85714], "texture": "#1"}
			}
		},
		{
			"from": [14.42196, 17.02094, 3.41777],
			"to": [17.02036, 19.35054, 5.20977],
			"rotation": {"angle": 0, "axis": "y", "origin": [-3.20971, -3.67666, -1.09303]},
			"faces": {
				"north": {"uv": [9.72973, 6.64093, 10.00772, 6.85714], "texture": "#1"},
				"east": {"uv": [9.72973, 6.64093, 10.00772, 6.85714], "texture": "#1"},
				"south": {"uv": [9.72973, 6.64093, 10.00772, 6.85714], "texture": "#1"},
				"west": {"uv": [9.72973, 6.64093, 10.00772, 6.85714], "texture": "#1"},
				"up": {"uv": [9.72973, 6.64093, 10.00772, 6.85714], "texture": "#1"},
				"down": {"uv": [9.72973, 6.64093, 10.00772, 6.85714], "texture": "#1"}
			}
		},
		{
			"from": [13.10029, 1.71334, 1.28697],
			"to": [15.13029, 3.53334, 2.68697],
			"rotation": {"angle": 0, "axis": "y", "origin": [-3.20971, -3.67666, -1.09303]},
			"faces": {
				"north": {"uv": [9.72973, 6.64093, 10.00772, 6.85714], "texture": "#1"},
				"east": {"uv": [9.72973, 6.64093, 10.00772, 6.85714], "texture": "#1"},
				"south": {"uv": [9.72973, 6.64093, 10.00772, 6.85714], "texture": "#1"},
				"west": {"uv": [9.72973, 6.64093, 10.00772, 6.85714], "texture": "#1"},
				"up": {"uv": [9.72973, 6.64093, 10.00772, 6.85714], "texture": "#1"},
				"down": {"uv": [9.72973, 6.64093, 10.00772, 6.85714], "texture": "#1"}
			}
		},
		{
			"from": [14.42196, 3.22254, 3.41777],
			"to": [17.02036, 5.55214, 5.20977],
			"rotation": {"angle": 0, "axis": "y", "origin": [-3.20971, -3.67666, -1.09303]},
			"faces": {
				"north": {"uv": [9.72973, 6.64093, 10.00772, 6.85714], "texture": "#1"},
				"east": {"uv": [9.72973, 6.64093, 10.00772, 6.85714], "texture": "#1"},
				"south": {"uv": [9.72973, 6.64093, 10.00772, 6.85714], "texture": "#1"},
				"west": {"uv": [9.72973, 6.64093, 10.00772, 6.85714], "texture": "#1"},
				"up": {"uv": [9.72973, 6.64093, 10.00772, 6.85714], "texture": "#1"},
				"down": {"uv": [9.72973, 6.64093, 10.00772, 6.85714], "texture": "#1"}
			}
		},
		{
			"from": [12.68029, 11.93334, 2.40697],
			"to": [15.55029, 14.59334, 3.80697],
			"rotation": {"angle": 0, "axis": "y", "origin": [-3.20971, -3.67666, -1.09303]},
			"faces": {
				"north": {"uv": [9.72973, 6.64093, 10.00772, 6.85714], "texture": "#1"},
				"east": {"uv": [9.72973, 6.64093, 10.00772, 6.85714], "texture": "#1"},
				"south": {"uv": [9.72973, 6.64093, 10.00772, 6.85714], "texture": "#1"},
				"west": {"uv": [9.72973, 6.64093, 10.00772, 6.85714], "texture": "#1"},
				"up": {"uv": [9.72973, 6.64093, 10.00772, 6.85714], "texture": "#1"},
				"down": {"uv": [9.72973, 6.64093, 10.00772, 6.85714], "texture": "#1"}
			}
		},
		{
			"from": [13.88436, 16.30414, 4.85137],
			"to": [17.55796, 19.70894, 6.64337],
			"rotation": {"angle": 0, "axis": "y", "origin": [-3.20971, -3.67666, -1.09303]},
			"faces": {
				"north": {"uv": [9.72973, 6.64093, 10.00772, 6.85714], "texture": "#1"},
				"east": {"uv": [9.72973, 6.64093, 10.00772, 6.85714], "texture": "#1"},
				"south": {"uv": [9.72973, 6.64093, 10.00772, 6.85714], "texture": "#1"},
				"west": {"uv": [9.72973, 6.64093, 10.00772, 6.85714], "texture": "#1"},
				"up": {"uv": [9.72973, 6.64093, 10.00772, 6.85714], "texture": "#1"},
				"down": {"uv": [9.72973, 6.64093, 10.00772, 6.85714], "texture": "#1"}
			}
		},
		{
			"from": [12.68029, 1.43334, 2.40697],
			"to": [15.55029, 4.09334, 3.80697],
			"rotation": {"angle": 0, "axis": "y", "origin": [-3.20971, -3.67666, -1.09303]},
			"faces": {
				"north": {"uv": [9.72973, 6.64093, 10.00772, 6.85714], "texture": "#1"},
				"east": {"uv": [9.72973, 6.64093, 10.00772, 6.85714], "texture": "#1"},
				"south": {"uv": [9.72973, 6.64093, 10.00772, 6.85714], "texture": "#1"},
				"west": {"uv": [9.72973, 6.64093, 10.00772, 6.85714], "texture": "#1"},
				"up": {"uv": [9.72973, 6.64093, 10.00772, 6.85714], "texture": "#1"},
				"down": {"uv": [9.72973, 6.64093, 10.00772, 6.85714], "texture": "#1"}
			}
		},
		{
			"from": [13.88436, 2.86414, 4.85137],
			"to": [17.55796, 6.26894, 6.64337],
			"rotation": {"angle": 0, "axis": "y", "origin": [-3.20971, -3.67666, -1.09303]},
			"faces": {
				"north": {"uv": [9.72973, 6.64093, 10.00772, 6.85714], "texture": "#1"},
				"east": {"uv": [9.72973, 6.64093, 10.00772, 6.85714], "texture": "#1"},
				"south": {"uv": [9.72973, 6.64093, 10.00772, 6.85714], "texture": "#1"},
				"west": {"uv": [9.72973, 6.64093, 10.00772, 6.85714], "texture": "#1"},
				"up": {"uv": [9.72973, 6.64093, 10.00772, 6.85714], "texture": "#1"},
				"down": {"uv": [9.72973, 6.64093, 10.00772, 6.85714], "texture": "#1"}
			}
		},
		{
			"from": [0.85029, 12.49334, 1.28697],
			"to": [2.88029, 14.31334, 2.68697],
			"rotation": {"angle": 0, "axis": "y", "origin": [-3.20971, -3.67666, -1.09303]},
			"faces": {
				"north": {"uv": [9.72973, 6.64093, 10.00772, 6.85714], "texture": "#1"},
				"east": {"uv": [9.72973, 6.64093, 10.00772, 6.85714], "texture": "#1"},
				"south": {"uv": [9.72973, 6.64093, 10.00772, 6.85714], "texture": "#1"},
				"west": {"uv": [9.72973, 6.64093, 10.00772, 6.85714], "texture": "#1"},
				"up": {"uv": [9.72973, 6.64093, 10.00772, 6.85714], "texture": "#1"},
				"down": {"uv": [9.72973, 6.64093, 10.00772, 6.85714], "texture": "#1"}
			}
		},
		{
			"from": [-1.25804, 17.02094, 3.41777],
			"to": [1.34036, 19.35054, 5.20977],
			"rotation": {"angle": 0, "axis": "y", "origin": [-3.20971, -3.67666, -1.09303]},
			"faces": {
				"north": {"uv": [9.72973, 6.64093, 10.00772, 6.85714], "texture": "#1"},
				"east": {"uv": [9.72973, 6.64093, 10.00772, 6.85714], "texture": "#1"},
				"south": {"uv": [9.72973, 6.64093, 10.00772, 6.85714], "texture": "#1"},
				"west": {"uv": [9.72973, 6.64093, 10.00772, 6.85714], "texture": "#1"},
				"up": {"uv": [9.72973, 6.64093, 10.00772, 6.85714], "texture": "#1"},
				"down": {"uv": [9.72973, 6.64093, 10.00772, 6.85714], "texture": "#1"}
			}
		},
		{
			"from": [0.85029, 1.71334, 1.28697],
			"to": [2.88029, 3.53334, 2.68697],
			"rotation": {"angle": 0, "axis": "y", "origin": [-3.20971, -3.67666, -1.09303]},
			"faces": {
				"north": {"uv": [9.72973, 6.64093, 10.00772, 6.85714], "texture": "#1"},
				"east": {"uv": [9.72973, 6.64093, 10.00772, 6.85714], "texture": "#1"},
				"south": {"uv": [9.72973, 6.64093, 10.00772, 6.85714], "texture": "#1"},
				"west": {"uv": [9.72973, 6.64093, 10.00772, 6.85714], "texture": "#1"},
				"up": {"uv": [9.72973, 6.64093, 10.00772, 6.85714], "texture": "#1"},
				"down": {"uv": [9.72973, 6.64093, 10.00772, 6.85714], "texture": "#1"}
			}
		},
		{
			"from": [-1.25804, 3.22254, 3.41777],
			"to": [1.34036, 5.55214, 5.20977],
			"rotation": {"angle": 0, "axis": "y", "origin": [-3.20971, -3.67666, -1.09303]},
			"faces": {
				"north": {"uv": [8.2471, 5.86873, 8.5251, 6.08494], "texture": "#1"},
				"east": {"uv": [8.2471, 5.86873, 8.5251, 6.08494], "texture": "#1"},
				"south": {"uv": [8.2471, 5.86873, 8.5251, 6.08494], "texture": "#1"},
				"west": {"uv": [8.2471, 5.86873, 8.5251, 6.08494], "texture": "#1"},
				"up": {"uv": [8.2471, 5.86873, 8.5251, 6.08494], "texture": "#1"},
				"down": {"uv": [8.2471, 5.86873, 8.5251, 6.08494], "texture": "#1"}
			}
		},
		{
			"from": [0.43029, 11.93334, 2.40697],
			"to": [3.30029, 14.59334, 3.80697],
			"rotation": {"angle": 0, "axis": "y", "origin": [-3.20971, -3.67666, -1.09303]},
			"faces": {
				"north": {"uv": [9.72973, 6.64093, 10.00772, 6.85714], "texture": "#1"},
				"east": {"uv": [9.72973, 6.64093, 10.00772, 6.85714], "texture": "#1"},
				"south": {"uv": [9.72973, 6.64093, 10.00772, 6.85714], "texture": "#1"},
				"west": {"uv": [9.72973, 6.64093, 10.00772, 6.85714], "texture": "#1"},
				"up": {"uv": [9.72973, 6.64093, 10.00772, 6.85714], "texture": "#1"},
				"down": {"uv": [9.72973, 6.64093, 10.00772, 6.85714], "texture": "#1"}
			}
		},
		{
			"from": [-1.79564, 16.30414, 4.85137],
			"to": [1.87796, 19.70894, 6.64337],
			"rotation": {"angle": 0, "axis": "y", "origin": [-3.20971, -3.67666, -1.09303]},
			"faces": {
				"north": {"uv": [9.72973, 6.64093, 10.00772, 6.85714], "texture": "#1"},
				"east": {"uv": [9.72973, 6.64093, 10.00772, 6.85714], "texture": "#1"},
				"south": {"uv": [9.72973, 6.64093, 10.00772, 6.85714], "texture": "#1"},
				"west": {"uv": [9.72973, 6.64093, 10.00772, 6.85714], "texture": "#1"},
				"up": {"uv": [9.72973, 6.64093, 10.00772, 6.85714], "texture": "#1"},
				"down": {"uv": [9.72973, 6.64093, 10.00772, 6.85714], "texture": "#1"}
			}
		},
		{
			"from": [0.43029, 1.43334, 2.40697],
			"to": [3.30029, 4.09334, 3.80697],
			"rotation": {"angle": 0, "axis": "y", "origin": [-3.20971, -3.67666, -1.09303]},
			"faces": {
				"north": {"uv": [9.72973, 6.64093, 10.00772, 6.85714], "texture": "#1"},
				"east": {"uv": [9.72973, 6.64093, 10.00772, 6.85714], "texture": "#1"},
				"south": {"uv": [9.72973, 6.64093, 10.00772, 6.85714], "texture": "#1"},
				"west": {"uv": [9.72973, 6.64093, 10.00772, 6.85714], "texture": "#1"},
				"up": {"uv": [9.72973, 6.64093, 10.00772, 6.85714], "texture": "#1"},
				"down": {"uv": [9.72973, 6.64093, 10.00772, 6.85714], "texture": "#1"}
			}
		},
		{
			"from": [-1.79564, 2.86414, 4.85137],
			"to": [1.87796, 6.26894, 6.64337],
			"rotation": {"angle": 0, "axis": "y", "origin": [-3.20971, -3.67666, -1.09303]},
			"faces": {
				"north": {"uv": [9.72973, 6.64093, 10.00772, 6.85714], "texture": "#1"},
				"east": {"uv": [9.72973, 6.64093, 10.00772, 6.85714], "texture": "#1"},
				"south": {"uv": [9.72973, 6.64093, 10.00772, 6.85714], "texture": "#1"},
				"west": {"uv": [9.72973, 6.64093, 10.00772, 6.85714], "texture": "#1"},
				"up": {"uv": [9.72973, 6.64093, 10.00772, 6.85714], "texture": "#1"},
				"down": {"uv": [9.72973, 6.64093, 10.00772, 6.85714], "texture": "#1"}
			}
		},
		{
			"from": [8.48029, 9.90334, -1.09303],
			"to": [10.58029, 11.30334, 0.30697],
			"rotation": {"angle": 0, "axis": "y", "origin": [-3.20971, -3.67666, -1.09303]},
			"faces": {
				"north": {"uv": [8.2471, 5.86873, 8.5251, 6.08494], "texture": "#1"},
				"east": {"uv": [8.2471, 5.86873, 8.5251, 6.08494], "texture": "#1"},
				"south": {"uv": [8.2471, 5.86873, 8.5251, 6.08494], "texture": "#1"},
				"west": {"uv": [8.2471, 5.86873, 8.5251, 6.08494], "texture": "#1"},
				"up": {"uv": [8.2471, 5.86873, 8.5251, 6.08494], "texture": "#1"},
				"down": {"uv": [8.2471, 5.86873, 8.5251, 6.08494], "texture": "#1"}
			}
		},
		{
			"from": [9.53571, 10.18334, -0.11303],
			"to": [11.21571, 11.58334, 1.28697],
			"rotation": {"angle": 0, "axis": "y", "origin": [-3.20971, -3.67666, -1.09303]},
			"faces": {
				"north": {"uv": [8.2471, 5.86873, 8.5251, 6.08494], "texture": "#1"},
				"east": {"uv": [8.2471, 5.86873, 8.5251, 6.08494], "texture": "#1"},
				"south": {"uv": [8.2471, 5.86873, 8.5251, 6.08494], "texture": "#1"},
				"west": {"uv": [8.2471, 5.86873, 8.5251, 6.08494], "texture": "#1"},
				"up": {"uv": [8.2471, 5.86873, 8.5251, 6.08494], "texture": "#1"},
				"down": {"uv": [8.2471, 5.86873, 8.5251, 6.08494], "texture": "#1"}
			}
		},
		{
			"from": [10.58571, 10.18334, 1.14697],
			"to": [12.40571, 11.58334, 2.68697],
			"rotation": {"angle": 0, "axis": "y", "origin": [-3.20971, -3.67666, -1.09303]},
			"faces": {
				"north": {"uv": [9.72973, 6.64093, 10.00772, 6.85714], "texture": "#1"},
				"east": {"uv": [9.72973, 6.64093, 10.00772, 6.85714], "texture": "#1"},
				"south": {"uv": [9.72973, 6.64093, 10.00772, 6.85714], "texture": "#1"},
				"west": {"uv": [9.72973, 6.64093, 10.00772, 6.85714], "texture": "#1"},
				"up": {"uv": [9.72973, 6.64093, 10.00772, 6.85714], "texture": "#1"},
				"down": {"uv": [9.72973, 6.64093, 10.00772, 6.85714], "texture": "#1"}
			}
		},
		{
			"from": [3.86571, 10.18334, 1.14697],
			"to": [5.68571, 11.58334, 2.68697],
			"rotation": {"angle": 0, "axis": "y", "origin": [-3.20971, -3.67666, -1.09303]},
			"faces": {
				"north": {"uv": [9.72973, 6.64093, 10.00772, 6.85714], "texture": "#1"},
				"east": {"uv": [9.72973, 6.64093, 10.00772, 6.85714], "texture": "#1"},
				"south": {"uv": [9.72973, 6.64093, 10.00772, 6.85714], "texture": "#1"},
				"west": {"uv": [9.72973, 6.64093, 10.00772, 6.85714], "texture": "#1"},
				"up": {"uv": [9.72973, 6.64093, 10.00772, 6.85714], "texture": "#1"},
				"down": {"uv": [9.72973, 6.64093, 10.00772, 6.85714], "texture": "#1"}
			}
		},
		{
			"from": [5.04487, 10.18334, -0.11303],
			"to": [6.72487, 11.58334, 1.28697],
			"rotation": {"angle": 0, "axis": "y", "origin": [-3.20971, -3.67666, -1.09303]},
			"faces": {
				"north": {"uv": [8.2471, 5.86873, 8.5251, 6.08494], "texture": "#1"},
				"east": {"uv": [8.2471, 5.86873, 8.5251, 6.08494], "texture": "#1"},
				"south": {"uv": [8.2471, 5.86873, 8.5251, 6.08494], "texture": "#1"},
				"west": {"uv": [8.2471, 5.86873, 8.5251, 6.08494], "texture": "#1"},
				"up": {"uv": [8.2471, 5.86873, 8.5251, 6.08494], "texture": "#1"},
				"down": {"uv": [8.2471, 5.86873, 8.5251, 6.08494], "texture": "#1"}
			}
		},
		{
			"from": [5.40029, 9.90334, -1.09303],
			"to": [7.50029, 11.30334, 0.30697],
			"rotation": {"angle": 0, "axis": "y", "origin": [-3.20971, -3.67666, -1.09303]},
			"faces": {
				"north": {"uv": [8.2471, 5.86873, 8.5251, 6.08494], "texture": "#1"},
				"east": {"uv": [8.2471, 5.86873, 8.5251, 6.08494], "texture": "#1"},
				"south": {"uv": [8.2471, 5.86873, 8.5251, 6.08494], "texture": "#1"},
				"west": {"uv": [8.2471, 5.86873, 8.5251, 6.08494], "texture": "#1"},
				"up": {"uv": [8.2471, 5.86873, 8.5251, 6.08494], "texture": "#1"},
				"down": {"uv": [8.2471, 5.86873, 8.5251, 6.08494], "texture": "#1"}
			}
		},
		{
			"from": [9.0657, 7.52334, 0.44697],
			"to": [11.1657, 8.92334, 1.98697],
			"rotation": {"angle": 0, "axis": "y", "origin": [-3.20971, -3.67666, -1.09303]},
			"faces": {
				"north": {"uv": [9.72973, 6.64093, 10.00772, 6.85714], "texture": "#0"},
				"east": {"uv": [9.72973, 6.64093, 10.00772, 6.85714], "texture": "#0"},
				"south": {"uv": [9.72973, 6.64093, 10.00772, 6.85714], "texture": "#0"},
				"west": {"uv": [9.72973, 6.64093, 10.00772, 6.85714], "texture": "#0"},
				"up": {"uv": [9.72973, 6.64093, 10.00772, 6.85714], "texture": "#0"},
				"down": {"uv": [9.72973, 6.64093, 10.00772, 6.85714], "texture": "#0"}
			}
		}
	],
	"display": {
		"gui": {
			"rotation": [9, 163, 0],
			"translation": [0, -0.75, 0]
		},
		"head": {
			"translation": [0, -10, 18.25],
			"scale": [4, 4, 4]
		},
		"fixed": {
			"translation": [0, -2.5, 13],
			"scale": [4, 4, 4]
		}
	},
	"groups": [0, 1, 2, 3, 4,
		{
			"name": "group",
			"origin": [8, 8, 8],
			"children": [5, 6, 7, 8, 9, 10, 11, 12, 13, 14, 15, 16, 17, 18, 19, 20, 21, 22, 23, 24, 25, 26, 27, 28, 29, 30, 31, 32, 33, 34, 35, 36, 37, 38, 39, 40, 41, 42, 43, 44, 45, 46, 47, 48, 49, 50, 51, 52, 53, 54, 55, 56, 57, 58, 59, 60, 61, 62, 63, 64, 65, 66, 67, 68, 69, 70, 71, 72, 73, 74, 75, 76, 77, 78, 79, 80, 81, 82, 83, 84, 85, 86, 87, 88, 89, 90, 91, 92, 93, 94, 95, 96, 97, 98, 99, 100, 101, 102, 103, 104, 105, 106, 107, 108, 109, 110, 111, 112, 113, 114, 115, 116, 117, 118, 119, 120]
		}
	]
}