{
	"credit": "Made with Blockbench",
	"textures": {
		"0": "block/dark_oak_planks",
		"particle": "block/dark_oak_planks"
	},
	"elements": [
		{
			"from": [7.53744, 7.77546, 7.04704],
			"to": [8.51229, 8.7503, 16.21061],
			"rotation": {"angle": 0, "axis": "y", "origin": [15.33623, 15.57424, 16.21061]},
			"faces": {
				"north": {"uv": [0, 0, 1, 1], "texture": "#0"},
				"east": {"uv": [0, 0, 1, 1], "texture": "#0"},
				"south": {"uv": [0, 0, 1, 1], "texture": "#0"},
				"west": {"uv": [0, 0, 1, 1], "texture": "#0"},
				"up": {"uv": [0, 0, 1, 1], "texture": "#0"},
				"down": {"uv": [0, 0, 1, 1], "texture": "#0"}
			}
		},
		{
			"from": [-15.37148, 7.77546, 7.43698],
			"to": [31.42122, 8.7503, 8.41182],
			"rotation": {"angle": 0, "axis": "y", "origin": [17.28592, 15.57424, 16.21061]},
			"faces": {
				"north": {"uv": [7, 5, 8, 6], "texture": "#0"},
				"east": {"uv": [7, 5, 8, 6], "texture": "#0"},
				"south": {"uv": [7, 5, 8, 6], "texture": "#0"},
				"west": {"uv": [7, 5, 8, 6], "texture": "#0"},
				"up": {"uv": [7, 5, 8, 6], "texture": "#0"},
				"down": {"uv": [7, 5, 8, 6], "texture": "#0"}
			}
		},
		{
			"from": [7.43996, -15.13347, 7.43698],
			"to": [8.41481, 31.65923, 8.41182],
			"rotation": {"angle": 0, "axis": "y", "origin": [0.61602, 17.52394, 16.21061]},
			"faces": {
				"north": {"uv": [7, 5, 8, 6], "rotation": 90, "texture": "#0"},
				"east": {"uv": [7, 5, 8, 6], "rotation": 270, "texture": "#0"},
				"south": {"uv": [7, 5, 8, 6], "rotation": 270, "texture": "#0"},
				"west": {"uv": [7, 5, 8, 6], "rotation": 270, "texture": "#0"},
				"up": {"uv": [7, 5, 8, 6], "rotation": 270, "texture": "#0"},
				"down": {"uv": [7, 5, 8, 6], "rotation": 270, "texture": "#0"}
			}
		},
		{
			"from": [11.92426, 10.89497, 7.63195],
			"to": [29.47152, 11.38239, 8.21685],
			"rotation": {"angle": 0, "axis": "y", "origin": [17.28592, 18.49878, 16.21061]},
			"faces": {
				"north": {"uv": [0, 0, 1, 1], "texture": "#0"},
				"east": {"uv": [0, 0, 1, 1], "texture": "#0"},
				"south": {"uv": [0, 0, 1, 1], "texture": "#0"},
				"west": {"uv": [0, 0, 1, 1], "texture": "#0"},
				"up": {"uv": [0, 0, 1, 1], "texture": "#0"},
				"down": {"uv": [0, 0, 1, 1], "texture": "#0"}
			}
		},
		{
			"from": [4.80787, 11.9673, 7.63195],
			"to": [5.29529, 29.70954, 8.21685],
			"rotation": {"angle": 0, "axis": "y", "origin": [-2.30852, 17.52394, 16.21061]},
			"faces": {
				"north": {"uv": [0, 0, 1, 1], "rotation": 90, "texture": "#0"},
				"east": {"uv": [0, 0, 1, 1], "rotation": 270, "texture": "#0"},
				"south": {"uv": [0, 0, 1, 1], "rotation": 270, "texture": "#0"},
				"west": {"uv": [0, 0, 1, 1], "rotation": 270, "texture": "#0"},
				"up": {"uv": [0, 0, 1, 1], "rotation": 270, "texture": "#0"},
				"down": {"uv": [0, 0, 1, 1], "rotation": 270, "texture": "#0"}
			}
		},
		{
			"from": [-13.42179, 10.89497, 7.63195],
			"to": [4.22296, 11.38239, 8.21685],
			"rotation": {"angle": 0, "axis": "y", "origin": [-1.23619, 18.49878, 16.21061]},
			"faces": {
				"north": {"uv": [1, 0, 0, 1], "texture": "#0"},
				"east": {"uv": [1, 0, 0, 1], "texture": "#0"},
				"south": {"uv": [1, 0, 0, 1], "texture": "#0"},
				"west": {"uv": [1, 0, 0, 1], "texture": "#0"},
				"up": {"uv": [1, 0, 0, 1], "texture": "#0"},
				"down": {"uv": [1, 0, 0, 1], "texture": "#0"}
			}
		},
		{
			"from": [4.80787, -13.18378, 7.63195],
			"to": [5.29529, 4.46097, 8.21685],
			"rotation": {"angle": 0, "axis": "y", "origin": [-2.30852, -0.99818, 16.21061]},
			"faces": {
				"north": {"uv": [1, 0, 0, 1], "rotation": 90, "texture": "#0"},
				"east": {"uv": [1, 0, 0, 1], "rotation": 270, "texture": "#0"},
				"south": {"uv": [1, 0, 0, 1], "rotation": 270, "texture": "#0"},
				"west": {"uv": [1, 0, 0, 1], "rotation": 270, "texture": "#0"},
				"up": {"uv": [1, 0, 0, 1], "rotation": 270, "texture": "#0"},
				"down": {"uv": [1, 0, 0, 1], "rotation": 270, "texture": "#0"}
			}
		},
		{
			"from": [28.00925, 5.43582, 7.63195],
			"to": [28.49668, 10.99245, 8.21685],
			"rotation": {"angle": 0, "axis": "y", "origin": [17.28592, 18.10884, 16.21061]},
			"faces": {
				"north": {"uv": [9, 0, 10, 1], "texture": "#0"},
				"east": {"uv": [9, 0, 10, 1], "texture": "#0"},
				"south": {"uv": [9, 0, 10, 1], "texture": "#0"},
				"west": {"uv": [9, 0, 10, 1], "texture": "#0"},
				"up": {"uv": [9, 0, 10, 1], "texture": "#0"},
				"down": {"uv": [9, 0, 10, 1], "texture": "#0"}
			}
		},
		{
			"from": [5.19781, 28.24726, 7.63195],
			"to": [10.75444, 28.73469, 8.21685],
			"rotation": {"angle": 0, "axis": "y", "origin": [-1.91858, 17.52394, 16.21061]},
			"faces": {
				"north": {"uv": [9, 0, 10, 1], "rotation": 90, "texture": "#0"},
				"east": {"uv": [9, 0, 10, 1], "rotation": 270, "texture": "#0"},
				"south": {"uv": [9, 0, 10, 1], "rotation": 270, "texture": "#0"},
				"west": {"uv": [9, 0, 10, 1], "rotation": 270, "texture": "#0"},
				"up": {"uv": [9, 0, 10, 1], "rotation": 270, "texture": "#0"},
				"down": {"uv": [9, 0, 10, 1], "rotation": 270, "texture": "#0"}
			}
		},
		{
			"from": [-12.44694, 5.43582, 7.63195],
			"to": [-11.95952, 10.99245, 8.21685],
			"rotation": {"angle": 0, "axis": "y", "origin": [-1.23619, 18.10884, 16.21061]},
			"faces": {
				"north": {"uv": [10, 0, 9, 1], "texture": "#0"},
				"east": {"uv": [10, 0, 9, 1], "texture": "#0"},
				"south": {"uv": [10, 0, 9, 1], "texture": "#0"},
				"west": {"uv": [10, 0, 9, 1], "texture": "#0"},
				"up": {"uv": [10, 0, 9, 1], "texture": "#0"},
				"down": {"uv": [10, 0, 9, 1], "texture": "#0"}
			}
		},
		{
			"from": [5.19781, -12.20893, 7.63195],
			"to": [10.75444, -11.7215, 8.21685],
			"rotation": {"angle": 0, "axis": "y", "origin": [-1.91858, -0.99818, 16.21061]},
			"faces": {
				"north": {"uv": [10, 0, 9, 1], "rotation": 90, "texture": "#0"},
				"east": {"uv": [10, 0, 9, 1], "rotation": 270, "texture": "#0"},
				"south": {"uv": [10, 0, 9, 1], "rotation": 270, "texture": "#0"},
				"west": {"uv": [10, 0, 9, 1], "rotation": 270, "texture": "#0"},
				"up": {"uv": [10, 0, 9, 1], "rotation": 270, "texture": "#0"},
				"down": {"uv": [10, 0, 9, 1], "rotation": 270, "texture": "#0"}
			}
		},
		{
			"from": [20.21047, 5.43582, 7.63195],
			"to": [20.69789, 10.99245, 8.21685],
			"rotation": {"angle": 0, "axis": "y", "origin": [9.48714, 18.10884, 16.21061]},
			"faces": {
				"north": {"uv": [9, 0, 10, 1], "texture": "#0"},
				"east": {"uv": [9, 0, 10, 1], "texture": "#0"},
				"south": {"uv": [9, 0, 10, 1], "texture": "#0"},
				"west": {"uv": [9, 0, 10, 1], "texture": "#0"},
				"up": {"uv": [9, 0, 10, 1], "texture": "#0"},
				"down": {"uv": [9, 0, 10, 1], "texture": "#0"}
			}
		},
		{
			"from": [5.19781, 20.44848, 7.63195],
			"to": [10.75444, 20.9359, 8.21685],
			"rotation": {"angle": 0, "axis": "y", "origin": [-1.91858, 9.72515, 16.21061]},
			"faces": {
				"north": {"uv": [9, 0, 10, 1], "rotation": 90, "texture": "#0"},
				"east": {"uv": [9, 0, 10, 1], "rotation": 270, "texture": "#0"},
				"south": {"uv": [9, 0, 10, 1], "rotation": 270, "texture": "#0"},
				"west": {"uv": [9, 0, 10, 1], "rotation": 270, "texture": "#0"},
				"up": {"uv": [9, 0, 10, 1], "rotation": 270, "texture": "#0"},
				"down": {"uv": [9, 0, 10, 1], "rotation": 270, "texture": "#0"}
			}
		},
		{
			"from": [-4.64816, 5.43582, 7.63195],
			"to": [-4.16073, 10.99245, 8.21685],
			"rotation": {"angle": 0, "axis": "y", "origin": [6.5626, 18.10884, 16.21061]},
			"faces": {
				"north": {"uv": [10, 0, 9, 1], "texture": "#0"},
				"east": {"uv": [10, 0, 9, 1], "texture": "#0"},
				"south": {"uv": [10, 0, 9, 1], "texture": "#0"},
				"west": {"uv": [10, 0, 9, 1], "texture": "#0"},
				"up": {"uv": [10, 0, 9, 1], "texture": "#0"},
				"down": {"uv": [10, 0, 9, 1], "texture": "#0"}
			}
		},
		{
			"from": [5.19781, -4.41014, 7.63195],
			"to": [10.75444, -3.92272, 8.21685],
			"rotation": {"angle": 0, "axis": "y", "origin": [-1.91858, 6.80061, 16.21061]},
			"faces": {
				"north": {"uv": [10, 0, 9, 1], "rotation": 90, "texture": "#0"},
				"east": {"uv": [10, 0, 9, 1], "rotation": 270, "texture": "#0"},
				"south": {"uv": [10, 0, 9, 1], "rotation": 270, "texture": "#0"},
				"west": {"uv": [10, 0, 9, 1], "rotation": 270, "texture": "#0"},
				"up": {"uv": [10, 0, 9, 1], "rotation": 270, "texture": "#0"},
				"down": {"uv": [10, 0, 9, 1], "rotation": 270, "texture": "#0"}
			}
		},
		{
			"from": [24.10986, 5.43582, 7.63195],
			"to": [24.59728, 10.99245, 8.21685],
			"rotation": {"angle": 0, "axis": "y", "origin": [13.38653, 18.10884, 16.21061]},
			"faces": {
				"north": {"uv": [9, 0, 10, 1], "texture": "#0"},
				"east": {"uv": [9, 0, 10, 1], "texture": "#0"},
				"south": {"uv": [9, 0, 10, 1], "texture": "#0"},
				"west": {"uv": [9, 0, 10, 1], "texture": "#0"},
				"up": {"uv": [9, 0, 10, 1], "texture": "#0"},
				"down": {"uv": [9, 0, 10, 1], "texture": "#0"}
			}
		},
		{
			"from": [5.19781, 24.34787, 7.63195],
			"to": [10.75444, 24.8353, 8.21685],
			"rotation": {"angle": 0, "axis": "y", "origin": [-1.91858, 13.62454, 16.21061]},
			"faces": {
				"north": {"uv": [9, 0, 10, 1], "rotation": 90, "texture": "#0"},
				"east": {"uv": [9, 0, 10, 1], "rotation": 270, "texture": "#0"},
				"south": {"uv": [9, 0, 10, 1], "rotation": 270, "texture": "#0"},
				"west": {"uv": [9, 0, 10, 1], "rotation": 270, "texture": "#0"},
				"up": {"uv": [9, 0, 10, 1], "rotation": 270, "texture": "#0"},
				"down": {"uv": [9, 0, 10, 1], "rotation": 270, "texture": "#0"}
			}
		},
		{
			"from": [-8.54755, 5.43582, 7.63195],
			"to": [-8.06012, 10.99245, 8.21685],
			"rotation": {"angle": 0, "axis": "y", "origin": [2.6632, 18.10884, 16.21061]},
			"faces": {
				"north": {"uv": [10, 0, 9, 1], "texture": "#0"},
				"east": {"uv": [10, 0, 9, 1], "texture": "#0"},
				"south": {"uv": [10, 0, 9, 1], "texture": "#0"},
				"west": {"uv": [10, 0, 9, 1], "texture": "#0"},
				"up": {"uv": [10, 0, 9, 1], "texture": "#0"},
				"down": {"uv": [10, 0, 9, 1], "texture": "#0"}
			}
		},
		{
			"from": [5.19781, -8.30954, 7.63195],
			"to": [10.75444, -7.82211, 8.21685],
			"rotation": {"angle": 0, "axis": "y", "origin": [-1.91858, 2.90122, 16.21061]},
			"faces": {
				"north": {"uv": [10, 0, 9, 1], "rotation": 90, "texture": "#0"},
				"east": {"uv": [10, 0, 9, 1], "rotation": 270, "texture": "#0"},
				"south": {"uv": [10, 0, 9, 1], "rotation": 270, "texture": "#0"},
				"west": {"uv": [10, 0, 9, 1], "rotation": 270, "texture": "#0"},
				"up": {"uv": [10, 0, 9, 1], "rotation": 270, "texture": "#0"},
				"down": {"uv": [10, 0, 9, 1], "rotation": 270, "texture": "#0"}
			}
		},
		{
			"from": [16.31108, 5.43582, 7.63195],
			"to": [16.7985, 10.99245, 8.21685],
			"rotation": {"angle": 0, "axis": "y", "origin": [5.58775, 18.10884, 16.21061]},
			"faces": {
				"north": {"uv": [9, 0, 10, 1], "texture": "#0"},
				"east": {"uv": [9, 0, 10, 1], "texture": "#0"},
				"south": {"uv": [9, 0, 10, 1], "texture": "#0"},
				"west": {"uv": [9, 0, 10, 1], "texture": "#0"},
				"up": {"uv": [9, 0, 10, 1], "texture": "#0"},
				"down": {"uv": [9, 0, 10, 1], "texture": "#0"}
			}
		},
		{
			"from": [5.19781, 16.54909, 7.63195],
			"to": [10.75444, 17.03651, 8.21685],
			"rotation": {"angle": 0, "axis": "y", "origin": [-1.91858, 5.82576, 16.21061]},
			"faces": {
				"north": {"uv": [9, 0, 10, 1], "rotation": 90, "texture": "#0"},
				"east": {"uv": [9, 0, 10, 1], "rotation": 270, "texture": "#0"},
				"south": {"uv": [9, 0, 10, 1], "rotation": 270, "texture": "#0"},
				"west": {"uv": [9, 0, 10, 1], "rotation": 270, "texture": "#0"},
				"up": {"uv": [9, 0, 10, 1], "rotation": 270, "texture": "#0"},
				"down": {"uv": [9, 0, 10, 1], "rotation": 270, "texture": "#0"}
			}
		},
		{
			"from": [-0.74876, 5.43582, 7.63195],
			"to": [-0.26134, 10.99245, 8.21685],
			"rotation": {"angle": 0, "axis": "y", "origin": [10.46199, 18.10884, 16.21061]},
			"faces": {
				"north": {"uv": [10, 0, 9, 1], "texture": "#0"},
				"east": {"uv": [10, 0, 9, 1], "texture": "#0"},
				"south": {"uv": [10, 0, 9, 1], "texture": "#0"},
				"west": {"uv": [10, 0, 9, 1], "texture": "#0"},
				"up": {"uv": [10, 0, 9, 1], "texture": "#0"},
				"down": {"uv": [10, 0, 9, 1], "texture": "#0"}
			}
		},
		{
			"from": [5.19781, -0.51075, 7.63195],
			"to": [10.75444, -0.02333, 8.21685],
			"rotation": {"angle": 0, "axis": "y", "origin": [-1.91858, 10.7, 16.21061]},
			"faces": {
				"north": {"uv": [10, 0, 9, 1], "rotation": 90, "texture": "#0"},
				"east": {"uv": [10, 0, 9, 1], "rotation": 270, "texture": "#0"},
				"south": {"uv": [10, 0, 9, 1], "rotation": 270, "texture": "#0"},
				"west": {"uv": [10, 0, 9, 1], "rotation": 270, "texture": "#0"},
				"up": {"uv": [10, 0, 9, 1], "rotation": 270, "texture": "#0"},
				"down": {"uv": [10, 0, 9, 1], "rotation": 270, "texture": "#0"}
			}
		},
		{
			"from": [26.05956, 5.43582, 7.63195],
			"to": [26.54698, 10.99245, 8.21685],
			"rotation": {"angle": 0, "axis": "y", "origin": [15.33623, 18.10884, 16.21061]},
			"faces": {
				"north": {"uv": [9, 0, 10, 1], "texture": "#0"},
				"east": {"uv": [9, 0, 10, 1], "texture": "#0"},
				"south": {"uv": [9, 0, 10, 1], "texture": "#0"},
				"west": {"uv": [9, 0, 10, 1], "texture": "#0"},
				"up": {"uv": [9, 0, 10, 1], "texture": "#0"},
				"down": {"uv": [9, 0, 10, 1], "texture": "#0"}
			}
		},
		{
			"from": [5.19781, 26.29757, 7.63195],
			"to": [10.75444, 26.78499, 8.21685],
			"rotation": {"angle": 0, "axis": "y", "origin": [-1.91858, 15.57424, 16.21061]},
			"faces": {
				"north": {"uv": [9, 0, 10, 1], "rotation": 90, "texture": "#0"},
				"east": {"uv": [9, 0, 10, 1], "rotation": 270, "texture": "#0"},
				"south": {"uv": [9, 0, 10, 1], "rotation": 270, "texture": "#0"},
				"west": {"uv": [9, 0, 10, 1], "rotation": 270, "texture": "#0"},
				"up": {"uv": [9, 0, 10, 1], "rotation": 270, "texture": "#0"},
				"down": {"uv": [9, 0, 10, 1], "rotation": 270, "texture": "#0"}
			}
		},
		{
			"from": [-10.49724, 5.43582, 7.63195],
			"to": [-10.00982, 10.99245, 8.21685],
			"rotation": {"angle": 0, "axis": "y", "origin": [0.71351, 18.10884, 16.21061]},
			"faces": {
				"north": {"uv": [10, 0, 9, 1], "texture": "#0"},
				"east": {"uv": [10, 0, 9, 1], "texture": "#0"},
				"south": {"uv": [10, 0, 9, 1], "texture": "#0"},
				"west": {"uv": [10, 0, 9, 1], "texture": "#0"},
				"up": {"uv": [10, 0, 9, 1], "texture": "#0"},
				"down": {"uv": [10, 0, 9, 1], "texture": "#0"}
			}
		},
		{
			"from": [5.19781, -10.25923, 7.63195],
			"to": [10.75444, -9.77181, 8.21685],
			"rotation": {"angle": 0, "axis": "y", "origin": [-1.91858, 0.95152, 16.21061]},
			"faces": {
				"north": {"uv": [10, 0, 9, 1], "rotation": 90, "texture": "#0"},
				"east": {"uv": [10, 0, 9, 1], "rotation": 270, "texture": "#0"},
				"south": {"uv": [10, 0, 9, 1], "rotation": 270, "texture": "#0"},
				"west": {"uv": [10, 0, 9, 1], "rotation": 270, "texture": "#0"},
				"up": {"uv": [10, 0, 9, 1], "rotation": 270, "texture": "#0"},
				"down": {"uv": [10, 0, 9, 1], "rotation": 270, "texture": "#0"}
			}
		},
		{
			"from": [18.26077, 5.43582, 7.63195],
			"to": [18.7482, 10.99245, 8.21685],
			"rotation": {"angle": 0, "axis": "y", "origin": [7.53744, 18.10884, 16.21061]},
			"faces": {
				"north": {"uv": [9, 0, 10, 1], "texture": "#0"},
				"east": {"uv": [9, 0, 10, 1], "texture": "#0"},
				"south": {"uv": [9, 0, 10, 1], "texture": "#0"},
				"west": {"uv": [9, 0, 10, 1], "texture": "#0"},
				"up": {"uv": [9, 0, 10, 1], "texture": "#0"},
				"down": {"uv": [9, 0, 10, 1], "texture": "#0"}
			}
		},
		{
			"from": [5.19781, 18.49878, 7.63195],
			"to": [10.75444, 18.98621, 8.21685],
			"rotation": {"angle": 0, "axis": "y", "origin": [-1.91858, 7.77546, 16.21061]},
			"faces": {
				"north": {"uv": [9, 0, 10, 1], "rotation": 90, "texture": "#0"},
				"east": {"uv": [9, 0, 10, 1], "rotation": 270, "texture": "#0"},
				"south": {"uv": [9, 0, 10, 1], "rotation": 270, "texture": "#0"},
				"west": {"uv": [9, 0, 10, 1], "rotation": 270, "texture": "#0"},
				"up": {"uv": [9, 0, 10, 1], "rotation": 270, "texture": "#0"},
				"down": {"uv": [9, 0, 10, 1], "rotation": 270, "texture": "#0"}
			}
		},
		{
			"from": [-2.69846, 5.43582, 7.63195],
			"to": [-2.21104, 10.99245, 8.21685],
			"rotation": {"angle": 0, "axis": "y", "origin": [8.51229, 18.10884, 16.21061]},
			"faces": {
				"north": {"uv": [10, 0, 9, 1], "texture": "#0"},
				"east": {"uv": [10, 0, 9, 1], "texture": "#0"},
				"south": {"uv": [10, 0, 9, 1], "texture": "#0"},
				"west": {"uv": [10, 0, 9, 1], "texture": "#0"},
				"up": {"uv": [10, 0, 9, 1], "texture": "#0"},
				"down": {"uv": [10, 0, 9, 1], "texture": "#0"}
			}
		},
		{
			"from": [5.19781, -2.46045, 7.63195],
			"to": [10.75444, -1.97302, 8.21685],
			"rotation": {"angle": 0, "axis": "y", "origin": [-1.91858, 8.7503, 16.21061]},
			"faces": {
				"north": {"uv": [10, 0, 9, 1], "rotation": 90, "texture": "#0"},
				"east": {"uv": [10, 0, 9, 1], "rotation": 270, "texture": "#0"},
				"south": {"uv": [10, 0, 9, 1], "rotation": 270, "texture": "#0"},
				"west": {"uv": [10, 0, 9, 1], "rotation": 270, "texture": "#0"},
				"up": {"uv": [10, 0, 9, 1], "rotation": 270, "texture": "#0"},
				"down": {"uv": [10, 0, 9, 1], "rotation": 270, "texture": "#0"}
			}
		},
		{
			"from": [22.16016, 5.43582, 7.63195],
			"to": [22.64759, 10.99245, 8.21685],
			"rotation": {"angle": 0, "axis": "y", "origin": [11.43684, 18.10884, 16.21061]},
			"faces": {
				"north": {"uv": [9, 0, 10, 1], "texture": "#0"},
				"east": {"uv": [9, 0, 10, 1], "texture": "#0"},
				"south": {"uv": [9, 0, 10, 1], "texture": "#0"},
				"west": {"uv": [9, 0, 10, 1], "texture": "#0"},
				"up": {"uv": [9, 0, 10, 1], "texture": "#0"},
				"down": {"uv": [9, 0, 10, 1], "texture": "#0"}
			}
		},
		{
			"from": [5.19781, 22.39818, 7.63195],
			"to": [10.75444, 22.8856, 8.21685],
			"rotation": {"angle": 0, "axis": "y", "origin": [-1.91858, 11.67485, 16.21061]},
			"faces": {
				"north": {"uv": [9, 0, 10, 1], "rotation": 90, "texture": "#0"},
				"east": {"uv": [9, 0, 10, 1], "rotation": 270, "texture": "#0"},
				"south": {"uv": [9, 0, 10, 1], "rotation": 270, "texture": "#0"},
				"west": {"uv": [9, 0, 10, 1], "rotation": 270, "texture": "#0"},
				"up": {"uv": [9, 0, 10, 1], "rotation": 270, "texture": "#0"},
				"down": {"uv": [9, 0, 10, 1], "rotation": 270, "texture": "#0"}
			}
		},
		{
			"from": [-6.59785, 5.43582, 7.63195],
			"to": [-6.11043, 10.99245, 8.21685],
			"rotation": {"angle": 0, "axis": "y", "origin": [4.6129, 18.10884, 16.21061]},
			"faces": {
				"north": {"uv": [10, 0, 9, 1], "texture": "#0"},
				"east": {"uv": [10, 0, 9, 1], "texture": "#0"},
				"south": {"uv": [10, 0, 9, 1], "texture": "#0"},
				"west": {"uv": [10, 0, 9, 1], "texture": "#0"},
				"up": {"uv": [10, 0, 9, 1], "texture": "#0"},
				"down": {"uv": [10, 0, 9, 1], "texture": "#0"}
			}
		},
		{
			"from": [5.19781, -6.35984, 7.63195],
			"to": [10.75444, -5.87242, 8.21685],
			"rotation": {"angle": 0, "axis": "y", "origin": [-1.91858, 4.85091, 16.21061]},
			"faces": {
				"north": {"uv": [10, 0, 9, 1], "rotation": 90, "texture": "#0"},
				"east": {"uv": [10, 0, 9, 1], "rotation": 270, "texture": "#0"},
				"south": {"uv": [10, 0, 9, 1], "rotation": 270, "texture": "#0"},
				"west": {"uv": [10, 0, 9, 1], "rotation": 270, "texture": "#0"},
				"up": {"uv": [10, 0, 9, 1], "rotation": 270, "texture": "#0"},
				"down": {"uv": [10, 0, 9, 1], "rotation": 270, "texture": "#0"}
			}
		},
		{
			"from": [14.36138, 5.43582, 7.63195],
			"to": [14.8488, 10.99245, 8.21685],
			"rotation": {"angle": 0, "axis": "y", "origin": [3.63805, 18.10884, 16.21061]},
			"faces": {
				"north": {"uv": [9, 0, 10, 1], "texture": "#0"},
				"east": {"uv": [9, 0, 10, 1], "texture": "#0"},
				"south": {"uv": [9, 0, 10, 1], "texture": "#0"},
				"west": {"uv": [9, 0, 10, 1], "texture": "#0"},
				"up": {"uv": [9, 0, 10, 1], "texture": "#0"},
				"down": {"uv": [9, 0, 10, 1], "texture": "#0"}
			}
		},
		{
			"from": [5.19781, 14.59939, 7.63195],
			"to": [10.75444, 15.08682, 8.21685],
			"rotation": {"angle": 0, "axis": "y", "origin": [-1.91858, 3.87606, 16.21061]},
			"faces": {
				"north": {"uv": [9, 0, 10, 1], "rotation": 90, "texture": "#0"},
				"east": {"uv": [9, 0, 10, 1], "rotation": 270, "texture": "#0"},
				"south": {"uv": [9, 0, 10, 1], "rotation": 270, "texture": "#0"},
				"west": {"uv": [9, 0, 10, 1], "rotation": 270, "texture": "#0"},
				"up": {"uv": [9, 0, 10, 1], "rotation": 270, "texture": "#0"},
				"down": {"uv": [9, 0, 10, 1], "rotation": 270, "texture": "#0"}
			}
		},
		{
			"from": [1.20093, 5.43582, 7.63195],
			"to": [1.68836, 10.99245, 8.21685],
			"rotation": {"angle": 0, "axis": "y", "origin": [12.41168, 18.10884, 16.21061]},
			"faces": {
				"north": {"uv": [10, 0, 9, 1], "texture": "#0"},
				"east": {"uv": [10, 0, 9, 1], "texture": "#0"},
				"south": {"uv": [10, 0, 9, 1], "texture": "#0"},
				"west": {"uv": [10, 0, 9, 1], "texture": "#0"},
				"up": {"uv": [10, 0, 9, 1], "texture": "#0"},
				"down": {"uv": [10, 0, 9, 1], "texture": "#0"}
			}
		},
		{
			"from": [5.19781, 1.43894, 7.63195],
			"to": [10.75444, 1.92637, 8.21685],
			"rotation": {"angle": 0, "axis": "y", "origin": [-1.91858, 12.6497, 16.21061]},
			"faces": {
				"north": {"uv": [10, 0, 9, 1], "rotation": 90, "texture": "#0"},
				"east": {"uv": [10, 0, 9, 1], "rotation": 270, "texture": "#0"},
				"south": {"uv": [10, 0, 9, 1], "rotation": 270, "texture": "#0"},
				"west": {"uv": [10, 0, 9, 1], "rotation": 270, "texture": "#0"},
				"up": {"uv": [10, 0, 9, 1], "rotation": 270, "texture": "#0"},
				"down": {"uv": [10, 0, 9, 1], "rotation": 270, "texture": "#0"}
			}
		},
		{
			"from": [12.41168, 5.43582, 7.63195],
			"to": [12.89911, 10.99245, 8.21685],
			"rotation": {"angle": 0, "axis": "y", "origin": [1.68836, 18.10884, 16.21061]},
			"faces": {
				"north": {"uv": [9, 0, 10, 1], "texture": "#0"},
				"east": {"uv": [9, 0, 10, 1], "texture": "#0"},
				"south": {"uv": [9, 0, 10, 1], "texture": "#0"},
				"west": {"uv": [9, 0, 10, 1], "texture": "#0"},
				"up": {"uv": [9, 0, 10, 1], "texture": "#0"},
				"down": {"uv": [9, 0, 10, 1], "texture": "#0"}
			}
		},
		{
			"from": [5.19781, 12.6497, 7.63195],
			"to": [10.75444, 13.13712, 8.21685],
			"rotation": {"angle": 0, "axis": "y", "origin": [-1.91858, 1.92637, 16.21061]},
			"faces": {
				"north": {"uv": [9, 0, 10, 1], "rotation": 90, "texture": "#0"},
				"east": {"uv": [9, 0, 10, 1], "rotation": 270, "texture": "#0"},
				"south": {"uv": [9, 0, 10, 1], "rotation": 270, "texture": "#0"},
				"west": {"uv": [9, 0, 10, 1], "rotation": 270, "texture": "#0"},
				"up": {"uv": [9, 0, 10, 1], "rotation": 270, "texture": "#0"},
				"down": {"uv": [9, 0, 10, 1], "rotation": 270, "texture": "#0"}
			}
		},
		{
			"from": [3.15063, 5.43582, 7.63195],
			"to": [3.63805, 10.99245, 8.21685],
			"rotation": {"angle": 0, "axis": "y", "origin": [14.36138, 18.10884, 16.21061]},
			"faces": {
				"north": {"uv": [10, 0, 9, 1], "texture": "#0"},
				"east": {"uv": [10, 0, 9, 1], "texture": "#0"},
				"south": {"uv": [10, 0, 9, 1], "texture": "#0"},
				"west": {"uv": [10, 0, 9, 1], "texture": "#0"},
				"up": {"uv": [10, 0, 9, 1], "texture": "#0"},
				"down": {"uv": [10, 0, 9, 1], "texture": "#0"}
			}
		},
		{
			"from": [5.19781, 3.38864, 7.63195],
			"to": [10.75444, 3.87606, 8.21685],
			"rotation": {"angle": 0, "axis": "y", "origin": [-1.91858, 14.59939, 16.21061]},
			"faces": {
				"north": {"uv": [10, 0, 9, 1], "rotation": 90, "texture": "#0"},
				"east": {"uv": [10, 0, 9, 1], "rotation": 270, "texture": "#0"},
				"south": {"uv": [10, 0, 9, 1], "rotation": 270, "texture": "#0"},
				"west": {"uv": [10, 0, 9, 1], "rotation": 270, "texture": "#0"},
				"up": {"uv": [10, 0, 9, 1], "rotation": 270, "texture": "#0"},
				"down": {"uv": [10, 0, 9, 1], "rotation": 270, "texture": "#0"}
			}
		},
		{
			"from": [11.92426, 5.04588, 7.63195],
			"to": [29.47152, 5.5333, 8.21685],
			"rotation": {"angle": 0, "axis": "y", "origin": [17.28592, 12.6497, 16.21061]},
			"faces": {
				"north": {"uv": [0, 0, 1, 1], "texture": "#0"},
				"east": {"uv": [0, 0, 1, 1], "texture": "#0"},
				"south": {"uv": [0, 0, 1, 1], "texture": "#0"},
				"west": {"uv": [0, 0, 1, 1], "texture": "#0"},
				"up": {"uv": [0, 0, 1, 1], "texture": "#0"},
				"down": {"uv": [0, 0, 1, 1], "texture": "#0"}
			}
		},
		{
			"from": [10.65696, 11.9673, 7.63195],
			"to": [11.14438, 29.70954, 8.21685],
			"rotation": {"angle": 0, "axis": "y", "origin": [3.54057, 17.52394, 16.21061]},
			"faces": {
				"north": {"uv": [0, 0, 1, 1], "rotation": 90, "texture": "#0"},
				"east": {"uv": [0, 0, 1, 1], "rotation": 270, "texture": "#0"},
				"south": {"uv": [0, 0, 1, 1], "rotation": 270, "texture": "#0"},
				"west": {"uv": [0, 0, 1, 1], "rotation": 270, "texture": "#0"},
				"up": {"uv": [0, 0, 1, 1], "rotation": 270, "texture": "#0"},
				"down": {"uv": [0, 0, 1, 1], "rotation": 270, "texture": "#0"}
			}
		},
		{
			"from": [-13.42179, 5.04588, 7.63195],
			"to": [4.22296, 5.5333, 8.21685],
			"rotation": {"angle": 0, "axis": "y", "origin": [-1.23619, 12.6497, 16.21061]},
			"faces": {
				"north": {"uv": [1, 0, 0, 1], "texture": "#0"},
				"east": {"uv": [1, 0, 0, 1], "texture": "#0"},
				"south": {"uv": [1, 0, 0, 1], "texture": "#0"},
				"west": {"uv": [1, 0, 0, 1], "texture": "#0"},
				"up": {"uv": [1, 0, 0, 1], "texture": "#0"},
				"down": {"uv": [1, 0, 0, 1], "texture": "#0"}
			}
		},
		{
			"from": [10.65696, -13.18378, 7.63195],
			"to": [11.14438, 4.46097, 8.21685],
			"rotation": {"angle": 0, "axis": "y", "origin": [3.54057, -0.99818, 16.21061]},
			"faces": {
				"north": {"uv": [1, 0, 0, 1], "rotation": 90, "texture": "#0"},
				"east": {"uv": [1, 0, 0, 1], "rotation": 270, "texture": "#0"},
				"south": {"uv": [1, 0, 0, 1], "rotation": 270, "texture": "#0"},
				"west": {"uv": [1, 0, 0, 1], "rotation": 270, "texture": "#0"},
				"up": {"uv": [1, 0, 0, 1], "rotation": 270, "texture": "#0"},
				"down": {"uv": [1, 0, 0, 1], "rotation": 270, "texture": "#0"}
			}
		},
		{
			"from": [5.10032, 7.67797, 7.24201],
			"to": [10.94941, 8.94527, 8.60679],
			"rotation": {"angle": 0, "axis": "y", "origin": [15.33623, 15.57424, 16.21061]},
			"faces": {
				"north": {"uv": [7, 3, 8, 4], "texture": "#0"},
				"east": {"uv": [7, 3, 8, 4], "texture": "#0"},
				"south": {"uv": [7, 3, 8, 4], "texture": "#0"},
				"west": {"uv": [7, 3, 8, 4], "texture": "#0"},
				"up": {"uv": [7, 3, 8, 4], "texture": "#0"},
				"down": {"uv": [7, 3, 8, 4], "texture": "#0"}
			}
		},
		{
			"from": [7.24499, 5.33834, 7.24201],
			"to": [8.51229, 11.18742, 8.60679],
			"rotation": {"angle": 0, "axis": "y", "origin": [0.61602, 15.57424, 16.21061]},
			"faces": {
				"north": {"uv": [7, 3, 8, 4], "rotation": 90, "texture": "#0"},
				"east": {"uv": [7, 3, 8, 4], "rotation": 270, "texture": "#0"},
				"south": {"uv": [7, 3, 8, 4], "rotation": 270, "texture": "#0"},
				"west": {"uv": [7, 3, 8, 4], "rotation": 270, "texture": "#0"},
				"up": {"uv": [7, 3, 8, 4], "rotation": 270, "texture": "#0"},
				"down": {"uv": [7, 3, 8, 4], "rotation": 270, "texture": "#0"}
			}
		}
	],
	"display": {
		"ground": {
			"translation": [0, 3, 0],
			"scale": [0.51, 0.51, 0.51]
		},
		"gui": {
			"translation": [0, 2.25, 0],
			"scale": [0.31, 0.31, 0.31]
		},
		"head": {
			"scale": [3.89, 3.89, 3.89]
		},
		"fixed": {
			"translation": [0, 8.5, 0]
		}
	}
}