{
	"credit": "Made with Blockbench",
	"textures": {
		"0": "block/mur3",
		"particle": "block/mur3"
	},
	"elements": [
		{
			"from": [-15, 0, 0],
			"to": [31, 23, 0.3],
			"rotation": {"angle": 0, "axis": "y", "origin": [-1, 0, 0]},
			"faces": {
				"north": {"uv": [0, 4.12903, 16, 13.83871], "texture": "#0"},
				"east": {"uv": [16, 4.12903, 0, 13.83871], "texture": "#0"},
				"south": {"uv": [0, 4.12903, 16, 13.83871], "texture": "#0"},
				"west": {"uv": [16, 4.12903, 0, 13.83871], "texture": "#0"},
				"up": {"uv": [16, 4.12903, 0, 13.83871], "texture": "#0"},
				"down": {"uv": [16, 4.12903, 0, 13.83871], "texture": "#0"}
			}
		}
	],
	"display": {
		"thirdperson_righthand": {
			"translation": [0, 6.5, 24.75],
			"scale": [4, 3.45, 2.02]
		}
	}
}