{
	"credit": "Made with Blockbench",
	"textures": {
		"0": "block/quartz_pillar",
		"2": "block/bone_block_top",
		"particle": "block/quartz_pillar"
	},
	"elements": [
		{
			"from": [1.8, -16, 2],
			"to": [14.2, 30, 14],
			"faces": {
				"north": {"uv": [0, 0, 16, 16], "texture": "#0"},
				"east": {"uv": [0, 0, 16, 16], "texture": "#0"},
				"south": {"uv": [0, 0, 16, 16], "texture": "#0"},
				"west": {"uv": [0, 0, 16, 16], "texture": "#0"},
				"up": {"uv": [0, 0, 16, 16], "texture": "#0"},
				"down": {"uv": [0, 0, 16, 16], "texture": "#0"}
			}
		},
		{
			"from": [12, -16, 1.45],
			"to": [13, 30, 14.55],
			"rotation": {"angle": 0, "axis": "y", "origin": [0, 0, -0.05]},
			"faces": {
				"north": {"uv": [10, 9, 11, 10], "texture": "#2"},
				"east": {"uv": [10, 9, 11, 10], "texture": "#2"},
				"south": {"uv": [10, 9, 11, 10], "texture": "#2"},
				"west": {"uv": [10, 9, 11, 10], "texture": "#2"},
				"up": {"uv": [10, 9, 11, 10], "texture": "#2"},
				"down": {"uv": [10, 9, 11, 10], "texture": "#2"}
			}
		},
		{
			"from": [1.45, -16, 12.5],
			"to": [14.55, 30, 13.5],
			"rotation": {"angle": 0, "axis": "y", "origin": [8, 12.5, 8]},
			"faces": {
				"north": {"uv": [10, 9, 11, 10], "texture": "#2"},
				"east": {"uv": [10, 9, 11, 10], "texture": "#2"},
				"south": {"uv": [10, 9, 11, 10], "texture": "#2"},
				"west": {"uv": [10, 9, 11, 10], "texture": "#2"},
				"up": {"uv": [10, 9, 11, 10], "texture": "#2"},
				"down": {"uv": [10, 9, 11, 10], "texture": "#2"}
			}
		},
		{
			"from": [8, -16, 1.45],
			"to": [9, 30, 14.55],
			"rotation": {"angle": 0, "axis": "y", "origin": [0, 0, -0.05]},
			"faces": {
				"north": {"uv": [10, 9, 11, 10], "texture": "#2"},
				"east": {"uv": [10, 9, 11, 10], "texture": "#2"},
				"south": {"uv": [10, 9, 11, 10], "texture": "#2"},
				"west": {"uv": [10, 9, 11, 10], "texture": "#2"},
				"up": {"uv": [10, 9, 11, 10], "texture": "#2"},
				"down": {"uv": [10, 9, 11, 10], "texture": "#2"}
			}
		},
		{
			"from": [1.45, -16, 8.5],
			"to": [14.55, 30, 9.5],
			"rotation": {"angle": 0, "axis": "y", "origin": [8, 12.5, 8]},
			"faces": {
				"north": {"uv": [10, 9, 11, 10], "texture": "#2"},
				"east": {"uv": [10, 9, 11, 10], "texture": "#2"},
				"south": {"uv": [10, 9, 11, 10], "texture": "#2"},
				"west": {"uv": [10, 9, 11, 10], "texture": "#2"},
				"up": {"uv": [10, 9, 11, 10], "texture": "#2"},
				"down": {"uv": [10, 9, 11, 10], "texture": "#2"}
			}
		},
		{
			"from": [4, -16, 1.45],
			"to": [5, 30, 14.55],
			"rotation": {"angle": 0, "axis": "y", "origin": [0, 0, -0.05]},
			"faces": {
				"north": {"uv": [10, 9, 11, 10], "texture": "#2"},
				"east": {"uv": [10, 9, 11, 10], "texture": "#2"},
				"south": {"uv": [10, 9, 11, 10], "texture": "#2"},
				"west": {"uv": [10, 9, 11, 10], "texture": "#2"},
				"up": {"uv": [10, 9, 11, 10], "texture": "#2"},
				"down": {"uv": [10, 9, 11, 10], "texture": "#2"}
			}
		},
		{
			"from": [1.45, -16, 4.5],
			"to": [14.55, 30, 5.5],
			"rotation": {"angle": 0, "axis": "y", "origin": [8, 12.5, 8]},
			"faces": {
				"north": {"uv": [10, 9, 11, 10], "texture": "#2"},
				"east": {"uv": [10, 9, 11, 10], "texture": "#2"},
				"south": {"uv": [10, 9, 11, 10], "texture": "#2"},
				"west": {"uv": [10, 9, 11, 10], "texture": "#2"},
				"up": {"uv": [10, 9, 11, 10], "texture": "#2"},
				"down": {"uv": [10, 9, 11, 10], "texture": "#2"}
			}
		},
		{
			"from": [10, -16, 1.45],
			"to": [11, 30, 14.55],
			"rotation": {"angle": 0, "axis": "y", "origin": [0, 0, -0.05]},
			"faces": {
				"north": {"uv": [10, 9, 11, 10], "texture": "#2"},
				"east": {"uv": [10, 9, 11, 10], "texture": "#2"},
				"south": {"uv": [10, 9, 11, 10], "texture": "#2"},
				"west": {"uv": [10, 9, 11, 10], "texture": "#2"},
				"up": {"uv": [10, 9, 11, 10], "texture": "#2"},
				"down": {"uv": [10, 9, 11, 10], "texture": "#2"}
			}
		},
		{
			"from": [1.45, -16, 10.5],
			"to": [14.55, 30, 11.5],
			"rotation": {"angle": 0, "axis": "y", "origin": [8, 12.5, 8]},
			"faces": {
				"north": {"uv": [10, 9, 11, 10], "texture": "#2"},
				"east": {"uv": [10, 9, 11, 10], "texture": "#2"},
				"south": {"uv": [10, 9, 11, 10], "texture": "#2"},
				"west": {"uv": [10, 9, 11, 10], "texture": "#2"},
				"up": {"uv": [10, 9, 11, 10], "texture": "#2"},
				"down": {"uv": [10, 9, 11, 10], "texture": "#2"}
			}
		},
		{
			"from": [6, -16, 1.45],
			"to": [7, 30, 14.55],
			"rotation": {"angle": 0, "axis": "y", "origin": [0, 0, -0.05]},
			"faces": {
				"north": {"uv": [10, 9, 11, 10], "texture": "#2"},
				"east": {"uv": [10, 9, 11, 10], "texture": "#2"},
				"south": {"uv": [10, 9, 11, 10], "texture": "#2"},
				"west": {"uv": [10, 9, 11, 10], "texture": "#2"},
				"up": {"uv": [10, 9, 11, 10], "texture": "#2"},
				"down": {"uv": [10, 9, 11, 10], "texture": "#2"}
			}
		},
		{
			"from": [1.45, -16, 6.5],
			"to": [14.55, 30, 7.5],
			"rotation": {"angle": 0, "axis": "y", "origin": [8, 12.5, 8]},
			"faces": {
				"north": {"uv": [10, 9, 11, 10], "texture": "#2"},
				"east": {"uv": [10, 9, 11, 10], "texture": "#2"},
				"south": {"uv": [10, 9, 11, 10], "texture": "#2"},
				"west": {"uv": [10, 9, 11, 10], "texture": "#2"},
				"up": {"uv": [10, 9, 11, 10], "texture": "#2"},
				"down": {"uv": [10, 9, 11, 10], "texture": "#2"}
			}
		},
		{
			"from": [2, -16, 1.45],
			"to": [3, 30, 14.55],
			"rotation": {"angle": 0, "axis": "y", "origin": [0, 0, -0.05]},
			"faces": {
				"north": {"uv": [10, 9, 11, 10], "texture": "#2"},
				"east": {"uv": [10, 9, 11, 10], "texture": "#2"},
				"south": {"uv": [10, 9, 11, 10], "texture": "#2"},
				"west": {"uv": [10, 9, 11, 10], "texture": "#2"},
				"up": {"uv": [10, 9, 11, 10], "texture": "#2"},
				"down": {"uv": [10, 9, 11, 10], "texture": "#2"}
			}
		},
		{
			"from": [1.45, -16, 2.5],
			"to": [14.55, 30, 3.5],
			"rotation": {"angle": 0, "axis": "y", "origin": [8, 12.5, 8]},
			"faces": {
				"north": {"uv": [10, 9, 11, 10], "texture": "#2"},
				"east": {"uv": [10, 9, 11, 10], "texture": "#2"},
				"south": {"uv": [10, 9, 11, 10], "texture": "#2"},
				"west": {"uv": [10, 9, 11, 10], "texture": "#2"},
				"up": {"uv": [10, 9, 11, 10], "texture": "#2"},
				"down": {"uv": [10, 9, 11, 10], "texture": "#2"}
			}
		},
		{
			"from": [1, -16, 1],
			"to": [15, -12.8, 15],
			"faces": {
				"north": {"uv": [0, 0, 16, 16], "texture": "#0"},
				"east": {"uv": [0, 0, 16, 16], "texture": "#0"},
				"south": {"uv": [0, 0, 16, 16], "texture": "#0"},
				"west": {"uv": [0, 0, 16, 16], "texture": "#0"},
				"up": {"uv": [0, 0, 16, 16], "texture": "#0"},
				"down": {"uv": [0, 0, 16, 16], "texture": "#0"}
			}
		},
		{
			"from": [1, 28.8, 1],
			"to": [15, 31, 15],
			"rotation": {"angle": 0, "axis": "y", "origin": [0, 16, 0]},
			"faces": {
				"north": {"uv": [0, 16, 16, 0], "texture": "#0"},
				"east": {"uv": [0, 16, 16, 0], "texture": "#0"},
				"south": {"uv": [0, 16, 16, 0], "texture": "#0"},
				"west": {"uv": [0, 16, 16, 0], "texture": "#0"},
				"up": {"uv": [0, 16, 16, 0], "texture": "#0"},
				"down": {"uv": [0, 16, 16, 0], "texture": "#0"}
			}
		},
		{
			"from": [0, -16, 0],
			"to": [16, -14.2, 16],
			"faces": {
				"north": {"uv": [0, 0, 16, 16], "texture": "#0"},
				"east": {"uv": [0, 0, 16, 16], "texture": "#0"},
				"south": {"uv": [0, 0, 16, 16], "texture": "#0"},
				"west": {"uv": [0, 0, 16, 16], "texture": "#0"},
				"up": {"uv": [0, 0, 16, 16], "texture": "#0"},
				"down": {"uv": [0, 0, 16, 16], "texture": "#0"}
			}
		},
		{
			"from": [0, 30.2, 0],
			"to": [16, 32, 16],
			"rotation": {"angle": 0, "axis": "y", "origin": [0, 16, 0]},
			"faces": {
				"north": {"uv": [0, 16, 16, 0], "texture": "#0"},
				"east": {"uv": [0, 16, 16, 0], "texture": "#0"},
				"south": {"uv": [0, 16, 16, 0], "texture": "#0"},
				"west": {"uv": [0, 16, 16, 0], "texture": "#0"},
				"up": {"uv": [0, 16, 16, 0], "texture": "#0"},
				"down": {"uv": [0, 16, 16, 0], "texture": "#0"}
			}
		},
		{
			"from": [0, 26.2, 1.6],
			"to": [16, 30, 6.6],
			"rotation": {"angle": 0, "axis": "y", "origin": [0, 16, 0]},
			"faces": {
				"north": {"uv": [0, 16, 16, 0], "texture": "#0"},
				"east": {"uv": [0, 16, 16, 0], "texture": "#0"},
				"south": {"uv": [0, 16, 16, 0], "texture": "#0"},
				"west": {"uv": [0, 16, 16, 0], "texture": "#0"},
				"up": {"uv": [0, 16, 16, 0], "texture": "#0"},
				"down": {"uv": [0, 16, 16, 0], "texture": "#0"}
			}
		},
		{
			"from": [-1, 24.4, 3.4],
			"to": [17, 28.2, 8.4],
			"rotation": {"angle": 0, "axis": "y", "origin": [0, 16, 0]},
			"faces": {
				"north": {"uv": [0, 16, 16, 0], "texture": "#0"},
				"east": {"uv": [0, 16, 16, 0], "texture": "#0"},
				"south": {"uv": [0, 16, 16, 0], "texture": "#0"},
				"west": {"uv": [0, 16, 16, 0], "texture": "#0"},
				"up": {"uv": [0, 16, 16, 0], "texture": "#0"},
				"down": {"uv": [0, 16, 16, 0], "texture": "#0"}
			}
		},
		{
			"from": [-1.25, 22.5, 2.7],
			"to": [17.25, 24.5, 4.8],
			"rotation": {"angle": 0, "axis": "y", "origin": [-0.05, 16, 0]},
			"faces": {
				"north": {"uv": [0, 16, 16, 0], "texture": "#0"},
				"east": {"uv": [0, 16, 16, 0], "texture": "#0"},
				"south": {"uv": [0, 16, 16, 0], "texture": "#0"},
				"west": {"uv": [0, 16, 16, 0], "texture": "#0"},
				"up": {"uv": [0, 16, 16, 0], "texture": "#0"},
				"down": {"uv": [0, 16, 16, 0], "texture": "#0"}
			}
		},
		{
			"from": [1.05, 27.3, 6.5],
			"to": [14.95, 31.1, 11.5],
			"rotation": {"angle": 0, "axis": "y", "origin": [-0.05, 16, 0]},
			"faces": {
				"north": {"uv": [0, 16, 16, 0], "texture": "#0"},
				"east": {"uv": [0, 16, 16, 0], "texture": "#0"},
				"south": {"uv": [0, 16, 16, 0], "texture": "#0"},
				"west": {"uv": [0, 16, 16, 0], "texture": "#0"},
				"up": {"uv": [0, 16, 16, 0], "texture": "#0"},
				"down": {"uv": [0, 16, 16, 0], "texture": "#0"}
			}
		}
	],
	"display": {
		"head": {
			"translation": [0, -4.75, -1],
			"scale": [1.56, 1.69, 1.56]
		}
	}
}