{
	"credit": "Made with Blockbench",
	"textures": {
		"0": "block/quartz_block_bottom",
		"1": "block/anvil",
		"2": "block/red_concrete",
		"3": "block/logo",
		"particle": "block/quartz_block_bottom"
	},
	"elements": [
		{
			"from": [13.02333, 0, 5.44667],
			"to": [13.62333, 19.1, 12.44667],
			"rotation": {"angle": 0, "axis": "y", "origin": [13.62333, 0, 5.44667]},
			"faces": {
				"north": {"uv": [1, 0, 0, 16], "texture": "#0"},
				"east": {"uv": [1, 0, 0, 16], "texture": "#0"},
				"south": {"uv": [1, 0, 0, 16], "texture": "#0"},
				"west": {"uv": [1, 0, 0, 16], "texture": "#0"},
				"up": {"uv": [1, 0, 0, 16], "texture": "#0"},
				"down": {"uv": [1, 0, 0, 16], "texture": "#0"}
			}
		},
		{
			"from": [4.62333, 0, 5.44667],
			"to": [5.22333, 19.1, 12.44667],
			"rotation": {"angle": 0, "axis": "y", "origin": [-2.37667, 0, 5.44667]},
			"faces": {
				"north": {"uv": [0, 0, 1, 16], "texture": "#0"},
				"east": {"uv": [0, 0, 1, 16], "texture": "#0"},
				"south": {"uv": [0, 0, 1, 16], "texture": "#0"},
				"west": {"uv": [0, 0, 1, 16], "texture": "#0"},
				"up": {"uv": [0, 0, 1, 16], "texture": "#0"},
				"down": {"uv": [0, 0, 1, 16], "texture": "#0"}
			}
		},
		{
			"from": [4.72333, 12.4, 5.34667],
			"to": [5.12333, 12.9, 12.54667],
			"rotation": {"angle": 0, "axis": "y", "origin": [-2.37667, 0, 5.44667]},
			"faces": {
				"north": {"uv": [0, 0, 1, 16], "texture": "#2"},
				"east": {"uv": [0, 0, 1, 16], "texture": "#2"},
				"south": {"uv": [0, 0, 1, 16], "texture": "#2"},
				"west": {"uv": [0, 0, 1, 16], "texture": "#2"},
				"up": {"uv": [0, 0, 1, 16], "texture": "#2"},
				"down": {"uv": [0, 0, 1, 16], "texture": "#2"}
			}
		},
		{
			"from": [4.72333, 10.4, 5.34667],
			"to": [5.12333, 10.9, 12.54667],
			"rotation": {"angle": 0, "axis": "y", "origin": [-2.37667, 0, 5.44667]},
			"faces": {
				"north": {"uv": [0, 0, 1, 16], "texture": "#2"},
				"east": {"uv": [0, 0, 1, 16], "texture": "#2"},
				"south": {"uv": [0, 0, 1, 16], "texture": "#2"},
				"west": {"uv": [0, 0, 1, 16], "texture": "#2"},
				"up": {"uv": [0, 0, 1, 16], "texture": "#2"},
				"down": {"uv": [0, 0, 1, 16], "texture": "#2"}
			}
		},
		{
			"from": [4.72333, 11.4, 5.34667],
			"to": [5.12333, 11.9, 12.54667],
			"rotation": {"angle": 0, "axis": "y", "origin": [-2.37667, 0, 5.44667]},
			"faces": {
				"north": {"uv": [0, 0, 1, 16], "texture": "#2"},
				"east": {"uv": [0, 0, 1, 16], "texture": "#2"},
				"south": {"uv": [0, 0, 1, 16], "texture": "#2"},
				"west": {"uv": [0, 0, 1, 16], "texture": "#2"},
				"up": {"uv": [0, 0, 1, 16], "texture": "#2"},
				"down": {"uv": [0, 0, 1, 16], "texture": "#2"}
			}
		},
		{
			"from": [4.72333, 9.4, 5.34667],
			"to": [5.12333, 9.9, 12.54667],
			"rotation": {"angle": 0, "axis": "y", "origin": [-2.37667, 0, 5.44667]},
			"faces": {
				"north": {"uv": [0, 0, 1, 16], "texture": "#2"},
				"east": {"uv": [0, 0, 1, 16], "texture": "#2"},
				"south": {"uv": [0, 0, 1, 16], "texture": "#2"},
				"west": {"uv": [0, 0, 1, 16], "texture": "#2"},
				"up": {"uv": [0, 0, 1, 16], "texture": "#2"},
				"down": {"uv": [0, 0, 1, 16], "texture": "#2"}
			}
		},
		{
			"from": [12.92333, 7.9, 10.44667],
			"to": [13.02333, 9, 11.44667],
			"rotation": {"angle": 0, "axis": "y", "origin": [13.62333, 0, 5.44667]},
			"faces": {
				"north": {"uv": [1, 0, 0, 16], "texture": "#0"},
				"east": {"uv": [1, 0, 0, 16], "texture": "#0"},
				"south": {"uv": [1, 0, 0, 16], "texture": "#0"},
				"west": {"uv": [1, 0, 0, 16], "texture": "#0"},
				"up": {"uv": [1, 0, 0, 16], "texture": "#0"},
				"down": {"uv": [1, 0, 0, 16], "texture": "#0"}
			}
		},
		{
			"from": [5.22333, 7.9, 10.44667],
			"to": [5.32333, 9, 11.44667],
			"rotation": {"angle": 0, "axis": "y", "origin": [-2.37667, 0, 5.44667]},
			"faces": {
				"north": {"uv": [0, 0, 1, 16], "texture": "#0"},
				"east": {"uv": [0, 0, 1, 16], "texture": "#0"},
				"south": {"uv": [0, 0, 1, 16], "texture": "#0"},
				"west": {"uv": [0, 0, 1, 16], "texture": "#0"},
				"up": {"uv": [0, 0, 1, 16], "texture": "#0"},
				"down": {"uv": [0, 0, 1, 16], "texture": "#0"}
			}
		},
		{
			"from": [12.92333, 7.9, 6.44667],
			"to": [13.02333, 9, 7.44667],
			"rotation": {"angle": 0, "axis": "y", "origin": [13.62333, 0, 5.44667]},
			"faces": {
				"north": {"uv": [1, 0, 0, 16], "texture": "#0"},
				"east": {"uv": [1, 0, 0, 16], "texture": "#0"},
				"south": {"uv": [1, 0, 0, 16], "texture": "#0"},
				"west": {"uv": [1, 0, 0, 16], "texture": "#0"},
				"up": {"uv": [1, 0, 0, 16], "texture": "#0"},
				"down": {"uv": [1, 0, 0, 16], "texture": "#0"}
			}
		},
		{
			"from": [5.22333, 7.9, 6.44667],
			"to": [5.32333, 9, 7.44667],
			"rotation": {"angle": 0, "axis": "y", "origin": [-2.37667, 0, 5.44667]},
			"faces": {
				"north": {"uv": [0, 0, 1, 16], "texture": "#0"},
				"east": {"uv": [0, 0, 1, 16], "texture": "#0"},
				"south": {"uv": [0, 0, 1, 16], "texture": "#0"},
				"west": {"uv": [0, 0, 1, 16], "texture": "#0"},
				"up": {"uv": [0, 0, 1, 16], "texture": "#0"},
				"down": {"uv": [0, 0, 1, 16], "texture": "#0"}
			}
		},
		{
			"from": [12.92333, 19.1, 5.44667],
			"to": [13.72333, 20, 12.44667],
			"rotation": {"angle": 0, "axis": "y", "origin": [13.62333, 0, 5.44667]},
			"faces": {
				"north": {"uv": [1, 0, 0, 16], "texture": "#0"},
				"east": {"uv": [1, 0, 0, 16], "texture": "#0"},
				"south": {"uv": [1, 0, 0, 16], "texture": "#0"},
				"west": {"uv": [1, 0, 0, 16], "texture": "#0"},
				"up": {"uv": [1, 0, 0, 16], "texture": "#0"},
				"down": {"uv": [1, 0, 0, 16], "texture": "#0"}
			}
		},
		{
			"from": [4.52333, 19.1, 5.44667],
			"to": [5.32333, 20, 12.44667],
			"rotation": {"angle": 0, "axis": "y", "origin": [-2.37667, 0, 5.44667]},
			"faces": {
				"north": {"uv": [0, 0, 1, 16], "texture": "#0"},
				"east": {"uv": [0, 0, 1, 16], "texture": "#0"},
				"south": {"uv": [0, 0, 1, 16], "texture": "#0"},
				"west": {"uv": [0, 0, 1, 16], "texture": "#0"},
				"up": {"uv": [0, 0, 1, 16], "texture": "#0"},
				"down": {"uv": [0, 0, 1, 16], "texture": "#0"}
			}
		},
		{
			"from": [5.12333, 17.9, 5.64667],
			"to": [13.02333, 19.8, 12.24667],
			"rotation": {"angle": 0, "axis": "y", "origin": [-2.37667, 0, 5.44667]},
			"faces": {
				"north": {"uv": [0, 0, 1, 16], "texture": "#0"},
				"east": {"uv": [0, 0, 1, 16], "texture": "#0"},
				"south": {"uv": [0, 0, 1, 16], "texture": "#0"},
				"west": {"uv": [0, 0, 1, 16], "texture": "#0"},
				"up": {"uv": [0, 0, 1, 16], "texture": "#0"},
				"down": {"uv": [0, 0, 1, 16], "texture": "#0"}
			}
		},
		{
			"from": [11.36733, 19.824, 6.89267],
			"to": [11.57533, 19.876, 8.63467],
			"rotation": {"angle": 0, "axis": "y", "origin": [4.08733, 9.528, 6.65867]},
			"faces": {
				"north": {"uv": [9, 0, 10, 1], "texture": "#1"},
				"east": {"uv": [9, 0, 10, 1], "texture": "#1"},
				"south": {"uv": [9, 0, 10, 1], "texture": "#1"},
				"west": {"uv": [9, 0, 10, 1], "texture": "#1"},
				"up": {"uv": [9, 0, 10, 1], "texture": "#1"},
				"down": {"uv": [9, 0, 10, 1], "texture": "#1"}
			}
		},
		{
			"from": [11.00333, 19.824, 7.72467],
			"to": [11.36733, 19.876, 7.95867],
			"rotation": {"angle": 0, "axis": "y", "origin": [4.08733, 9.528, 6.65867]},
			"faces": {
				"north": {"uv": [9, 0, 10, 1], "texture": "#1"},
				"east": {"uv": [9, 0, 10, 1], "texture": "#1"},
				"south": {"uv": [9, 0, 10, 1], "texture": "#1"},
				"west": {"uv": [9, 0, 10, 1], "texture": "#1"},
				"up": {"uv": [9, 0, 10, 1], "texture": "#1"},
				"down": {"uv": [9, 0, 10, 1], "texture": "#1"}
			}
		},
		{
			"from": [10.79533, 19.824, 6.99667],
			"to": [11.00333, 19.876, 7.75067],
			"rotation": {"angle": 0, "axis": "y", "origin": [4.08733, 9.528, 6.65867]},
			"faces": {
				"north": {"uv": [9, 0, 10, 1], "texture": "#1"},
				"east": {"uv": [9, 0, 10, 1], "texture": "#1"},
				"south": {"uv": [9, 0, 10, 1], "texture": "#1"},
				"west": {"uv": [9, 0, 10, 1], "texture": "#1"},
				"up": {"uv": [9, 0, 10, 1], "texture": "#1"},
				"down": {"uv": [9, 0, 10, 1], "texture": "#1"}
			}
		},
		{
			"from": [10.84733, 19.824, 8.45267],
			"to": [11.36733, 19.876, 8.63467],
			"rotation": {"angle": 0, "axis": "y", "origin": [4.08733, 9.528, 6.65867]},
			"faces": {
				"north": {"uv": [9, 0, 10, 1], "texture": "#1"},
				"east": {"uv": [9, 0, 10, 1], "texture": "#1"},
				"south": {"uv": [9, 0, 10, 1], "texture": "#1"},
				"west": {"uv": [9, 0, 10, 1], "texture": "#1"},
				"up": {"uv": [9, 0, 10, 1], "texture": "#1"},
				"down": {"uv": [9, 0, 10, 1], "texture": "#1"}
			}
		},
		{
			"from": [10.69133, 19.824, 8.08867],
			"to": [10.84733, 19.876, 8.47867],
			"rotation": {"angle": 0, "axis": "y", "origin": [4.08733, 9.528, 6.65867]},
			"faces": {
				"north": {"uv": [9, 0, 10, 1], "texture": "#1"},
				"east": {"uv": [9, 0, 10, 1], "texture": "#1"},
				"south": {"uv": [9, 0, 10, 1], "texture": "#1"},
				"west": {"uv": [9, 0, 10, 1], "texture": "#1"},
				"up": {"uv": [9, 0, 10, 1], "texture": "#1"},
				"down": {"uv": [9, 0, 10, 1], "texture": "#1"}
			}
		},
		{
			"from": [10.84733, 19.824, 7.93267],
			"to": [11.36733, 19.876, 8.11467],
			"rotation": {"angle": 0, "axis": "y", "origin": [4.08733, 9.528, 6.65867]},
			"faces": {
				"north": {"uv": [9, 0, 10, 1], "texture": "#1"},
				"east": {"uv": [9, 0, 10, 1], "texture": "#1"},
				"south": {"uv": [9, 0, 10, 1], "texture": "#1"},
				"west": {"uv": [9, 0, 10, 1], "texture": "#1"},
				"up": {"uv": [9, 0, 10, 1], "texture": "#1"},
				"down": {"uv": [9, 0, 10, 1], "texture": "#1"}
			}
		},
		{
			"from": [5.12333, 18.2, 5.54667],
			"to": [13.02333, 19.6, 12.34667],
			"rotation": {"angle": 0, "axis": "y", "origin": [-2.37667, 0, 5.44667]},
			"faces": {
				"north": {"uv": [6, 0, 9, 1], "texture": "#1"},
				"east": {"uv": [6, 0, 9, 1], "texture": "#1"},
				"south": {"uv": [6, 0, 9, 1], "texture": "#1"},
				"west": {"uv": [6, 0, 9, 1], "texture": "#1"},
				"up": {"uv": [6, 0, 9, 1], "texture": "#1"},
				"down": {"uv": [6, 0, 9, 1], "texture": "#1"}
			}
		},
		{
			"from": [12.12333, 18.95, 5.44667],
			"to": [12.77333, 19.6, 12.44667],
			"rotation": {"angle": 0, "axis": "y", "origin": [-2.37667, 0, 5.44667]},
			"faces": {
				"north": {"uv": [0, 0, 16, 15.97633], "texture": "#3"},
				"east": {"uv": [0, 0, 16, 15.97633], "texture": "#3"},
				"south": {"uv": [0, 0, 16, 15.97633], "texture": "#3"},
				"west": {"uv": [0, 0, 16, 15.97633], "texture": "#3"},
				"up": {"uv": [0, 0, 16, 15.97633], "texture": "#3"},
				"down": {"uv": [0, 0, 16, 15.97633], "texture": "#3"}
			}
		},
		{
			"from": [12.92333, 0, 5.34667],
			"to": [13.72333, 1.1, 12.54667],
			"rotation": {"angle": 0, "axis": "y", "origin": [13.62333, 0, 5.44667]},
			"faces": {
				"north": {"uv": [1, 0, 0, 16], "texture": "#1"},
				"east": {"uv": [1, 0, 0, 16], "texture": "#1"},
				"south": {"uv": [1, 0, 0, 16], "texture": "#1"},
				"west": {"uv": [1, 0, 0, 16], "texture": "#1"},
				"up": {"uv": [1, 0, 0, 16], "texture": "#1"},
				"down": {"uv": [1, 0, 0, 16], "texture": "#1"}
			}
		},
		{
			"from": [4.52333, 0, 5.34667],
			"to": [5.32333, 1.1, 12.54667],
			"rotation": {"angle": 0, "axis": "y", "origin": [-2.37667, 0, 5.44667]},
			"faces": {
				"north": {"uv": [0, 0, 1, 16], "texture": "#1"},
				"east": {"uv": [0, 0, 1, 16], "texture": "#1"},
				"south": {"uv": [0, 0, 1, 16], "texture": "#1"},
				"west": {"uv": [0, 0, 1, 16], "texture": "#1"},
				"up": {"uv": [0, 0, 1, 16], "texture": "#1"},
				"down": {"uv": [0, 0, 1, 16], "texture": "#1"}
			}
		}
	],
	"display": {
		"head": {
			"translation": [-3.5, -12.75, 0],
			"scale": [4, 4, 2.55]
		}
	}
}