{
	"credit": "Made with Blockbench",
	"textures": {
		"0": "block/roueoz",
		"particle": "block/roueoz"
	},
	"elements": [
		{
			"from": [5.5, 5.5, 7.44],
			"to": [10.5, 10.5, 8.04],
			"faces": {
				"north": {"uv": [2.72, 2.72, 13.28, 13.28], "texture": "#0"},
				"south": {"uv": [2.72, 2.72, 13.28, 13.28], "texture": "#0"}
			}
		},
		{
			"name": "hexadecagon",
			"from": [5.5, 7.50272, 7.5],
			"to": [10.5, 8.49728, 8],
			"rotation": {"angle": -45, "axis": "z", "origin": [8, 8, 8]},
			"faces": {
				"north": {"uv": [5.12, 3.68, 6.12, 4.68], "texture": "#0"},
				"east": {"uv": [5.12, 3.68, 6.12, 4.68], "texture": "#0"},
				"south": {"uv": [5.12, 3.68, 6.12, 4.68], "texture": "#0"},
				"west": {"uv": [5.12, 3.68, 6.12, 4.68], "texture": "#0"},
				"up": {"uv": [5.12, 3.68, 6.12, 4.68], "texture": "#0"},
				"down": {"uv": [5.12, 3.68, 6.12, 4.68], "texture": "#0"}
			}
		},
		{
			"name": "hexadecagon",
			"from": [5.5, 7.50272, 7.5],
			"to": [10.5, 8.49728, 8],
			"rotation": {"angle": -22.5, "axis": "z", "origin": [8, 8, 8]},
			"faces": {
				"north": {"uv": [5.44, 3.68, 6.44, 4.68], "texture": "#0"},
				"east": {"uv": [5.44, 3.68, 6.44, 4.68], "texture": "#0"},
				"south": {"uv": [5.44, 3.68, 6.44, 4.68], "texture": "#0"},
				"west": {"uv": [5.44, 3.68, 6.44, 4.68], "texture": "#0"},
				"up": {"uv": [5.44, 3.68, 6.44, 4.68], "texture": "#0"},
				"down": {"uv": [5.44, 3.68, 6.44, 4.68], "texture": "#0"}
			}
		},
		{
			"name": "hexadecagon",
			"from": [5.5, 7.50272, 7.5],
			"to": [10.5, 8.49728, 8],
			"rotation": {"angle": 0, "axis": "x", "origin": [8, 8, 8]},
			"faces": {
				"north": {"uv": [5.44, 3.68, 6.44, 4.68], "texture": "#0"},
				"east": {"uv": [5.44, 3.68, 6.44, 4.68], "texture": "#0"},
				"south": {"uv": [5.44, 3.68, 6.44, 4.68], "texture": "#0"},
				"west": {"uv": [5.44, 3.68, 6.44, 4.68], "texture": "#0"},
				"up": {"uv": [5.44, 3.68, 6.44, 4.68], "texture": "#0"},
				"down": {"uv": [5.44, 3.68, 6.44, 4.68], "texture": "#0"}
			}
		},
		{
			"name": "hexadecagon",
			"from": [5.5, 7.50272, 7.5],
			"to": [10.5, 8.49728, 8],
			"rotation": {"angle": 22.5, "axis": "z", "origin": [8, 8, 8]},
			"faces": {
				"north": {"uv": [5.28, 3.68, 6.28, 4.68], "texture": "#0"},
				"east": {"uv": [5.28, 3.68, 6.28, 4.68], "texture": "#0"},
				"south": {"uv": [5.28, 3.68, 6.28, 4.68], "texture": "#0"},
				"west": {"uv": [5.28, 3.68, 6.28, 4.68], "texture": "#0"},
				"up": {"uv": [5.28, 3.68, 6.28, 4.68], "texture": "#0"},
				"down": {"uv": [5.28, 3.68, 6.28, 4.68], "texture": "#0"}
			}
		},
		{
			"name": "hexadecagon",
			"from": [5.5, 7.50272, 7.5],
			"to": [10.5, 8.49728, 8],
			"rotation": {"angle": 45, "axis": "z", "origin": [8, 8, 8]},
			"faces": {
				"north": {"uv": [5.44, 4, 6.44, 5], "texture": "#0"},
				"east": {"uv": [5.44, 4, 6.44, 5], "texture": "#0"},
				"south": {"uv": [5.44, 4, 6.44, 5], "texture": "#0"},
				"west": {"uv": [5.44, 4, 6.44, 5], "texture": "#0"},
				"up": {"uv": [5.44, 4, 6.44, 5], "texture": "#0"},
				"down": {"uv": [5.44, 4, 6.44, 5], "texture": "#0"}
			}
		},
		{
			"name": "hexadecagon",
			"from": [7.50272, 5.5, 7.5],
			"to": [8.49728, 10.5, 8],
			"rotation": {"angle": -22.5, "axis": "z", "origin": [8, 8, 8]},
			"faces": {
				"north": {"uv": [5.28, 3.52, 6.28, 4.52], "rotation": 90, "texture": "#0"},
				"east": {"uv": [5.28, 3.52, 6.28, 4.52], "rotation": 90, "texture": "#0"},
				"south": {"uv": [5.28, 3.52, 6.28, 4.52], "rotation": 90, "texture": "#0"},
				"west": {"uv": [5.28, 3.52, 6.28, 4.52], "rotation": 90, "texture": "#0"},
				"up": {"uv": [5.28, 3.52, 6.28, 4.52], "rotation": 90, "texture": "#0"},
				"down": {"uv": [5.28, 3.52, 6.28, 4.52], "rotation": 90, "texture": "#0"}
			}
		},
		{
			"name": "hexadecagon",
			"from": [7.50272, 5.5, 7.5],
			"to": [8.49728, 10.5, 8],
			"rotation": {"angle": 0, "axis": "x", "origin": [8, 8, 8]},
			"faces": {
				"north": {"uv": [5.12, 3.84, 6.12, 4.84], "rotation": 270, "texture": "#0"},
				"east": {"uv": [5.12, 3.84, 6.12, 4.84], "rotation": 270, "texture": "#0"},
				"south": {"uv": [5.12, 3.84, 6.12, 4.84], "rotation": 270, "texture": "#0"},
				"west": {"uv": [5.12, 3.84, 6.12, 4.84], "rotation": 270, "texture": "#0"},
				"up": {"uv": [5.12, 3.84, 6.12, 4.84], "rotation": 270, "texture": "#0"},
				"down": {"uv": [5.12, 3.84, 6.12, 4.84], "rotation": 270, "texture": "#0"}
			}
		},
		{
			"name": "hexadecagon",
			"from": [7.50272, 5.5, 7.5],
			"to": [8.49728, 10.5, 8],
			"rotation": {"angle": 22.5, "axis": "z", "origin": [8, 8, 8]},
			"faces": {
				"north": {"uv": [5.44, 3.84, 6.44, 4.84], "rotation": 270, "texture": "#0"},
				"east": {"uv": [5.44, 3.84, 6.44, 4.84], "rotation": 270, "texture": "#0"},
				"south": {"uv": [5.44, 3.84, 6.44, 4.84], "rotation": 270, "texture": "#0"},
				"west": {"uv": [5.44, 3.84, 6.44, 4.84], "rotation": 270, "texture": "#0"},
				"up": {"uv": [5.44, 3.84, 6.44, 4.84], "rotation": 270, "texture": "#0"},
				"down": {"uv": [5.44, 3.84, 6.44, 4.84], "rotation": 270, "texture": "#0"}
			}
		}
	],
	"display": {
		"head": {
			"rotation": [90, 0, 0],
			"translation": [0, 4.75, 0],
			"scale": [2.03, 2.03, 2.03]
		}
	},
	"groups": [
		0,
		{
			"name": "hexadecagon",
			"origin": [8, 8, 8],
			"color": 0,
			"nbt": "{}",
			"children": [1, 2, 3, 4, 5, 6, 7, 8]
		}
	]
}