{
	"credit": "Made with Blockbench",
	"textures": {
		"0": "block/tgare",
		"particle": "block/tgare"
	},
	"elements": [
		{
			"name": "octagon",
			"from": [5.92893, 10, 3],
			"to": [10.07107, 14, 13],
			"rotation": {"angle": 45, "axis": "y", "origin": [8, 10, 8]},
			"faces": {
				"north": {"uv": [9.44, 0, 12.37333, 4.69333], "texture": "#0"},
				"east": {"uv": [0, 0, 1, 1], "texture": "#missing"},
				"south": {"uv": [0, 0, 1, 1], "texture": "#0"},
				"west": {"uv": [0, 0, 1, 1], "texture": "#missing"},
				"up": {"uv": [0, 0, 1, 1], "texture": "#0"},
				"down": {"uv": [0, 0, 1, 1], "texture": "#0"}
			}
		},
		{
			"name": "octagon",
			"from": [5.92893, 10, 3],
			"to": [10.07107, 14, 13],
			"rotation": {"angle": 0, "axis": "y", "origin": [8, 10, 8]},
			"faces": {
				"north": {"uv": [9.44, 0, 6.29333, 4.69333], "texture": "#0"},
				"east": {"uv": [0, 0, 1, 1], "texture": "#missing"},
				"south": {"uv": [0, 0, 1, 1], "texture": "#0"},
				"west": {"uv": [0, 0, 1, 1], "texture": "#missing"},
				"up": {"uv": [0, 0, 1, 1], "texture": "#0"},
				"down": {"uv": [0, 0, 1, 1], "texture": "#0"}
			}
		},
		{
			"name": "octagon",
			"from": [3, 10, 5.92893],
			"to": [13, 14, 10.07107],
			"rotation": {"angle": 45, "axis": "y", "origin": [8, 10, 8]},
			"faces": {
				"north": {"uv": [0, 0, 1, 1], "texture": "#missing"},
				"east": {"uv": [3.09333, 0, 6.24, 4.69333], "texture": "#0"},
				"south": {"uv": [0, 0, 1, 1], "texture": "#missing"},
				"west": {"uv": [0, 0, 1, 1], "texture": "#0"},
				"up": {"uv": [0, 0, 1, 1], "texture": "#0"},
				"down": {"uv": [0, 0, 1, 1], "texture": "#0"}
			}
		},
		{
			"name": "octagon",
			"from": [3, 10, 5.92893],
			"to": [13, 14, 10.07107],
			"rotation": {"angle": 0, "axis": "y", "origin": [8, 10, 8]},
			"faces": {
				"north": {"uv": [0, 0, 1, 1], "texture": "#missing"},
				"east": {"uv": [0, 0, 3.62667, 4.53333], "texture": "#0"},
				"south": {"uv": [0, 0, 1, 1], "texture": "#missing"},
				"west": {"uv": [3.62667, 0, 0, 4.53333], "texture": "#0"},
				"up": {"uv": [0, 0, 1, 1], "texture": "#0"},
				"down": {"uv": [0, 0, 1, 1], "texture": "#0"}
			}
		},
		{
			"name": "octagon",
			"from": [2.3, 2.81, 5.63898],
			"to": [13.7, 10.09, 10.36102],
			"rotation": {"angle": 0, "axis": "y", "origin": [8, 11.93, 8]},
			"faces": {
				"north": {"uv": [0, 0, 1, 1], "texture": "#missing"},
				"east": {"uv": [0, 6.18667, 3.62667, 16], "texture": "#0"},
				"south": {"uv": [0, 0, 1, 1], "texture": "#missing"},
				"west": {"uv": [3.62667, 6.18667, 0, 16], "texture": "#0"},
				"up": {"uv": [0, 0, 1, 1], "texture": "#0"},
				"down": {"uv": [0, 0, 1, 1], "texture": "#0"}
			}
		},
		{
			"name": "octagon",
			"from": [5.63898, 2.81, 2.3],
			"to": [10.36102, 10.09, 13.7],
			"rotation": {"angle": 0, "axis": "y", "origin": [8, 11.93, 8]},
			"faces": {
				"north": {"uv": [10.24, 4.69333, 5.49333, 11.94667], "texture": "#0"},
				"east": {"uv": [0, 0, 1, 1], "texture": "#missing"},
				"south": {"uv": [0, 0, 1, 1], "texture": "#0"},
				"west": {"uv": [0, 0, 1, 1], "texture": "#missing"},
				"up": {"uv": [10.66667, 4.90667, 5.49333, 4.48], "texture": "#0"},
				"down": {"uv": [0, 0, 1, 1], "texture": "#0"}
			}
		},
		{
			"name": "octagon",
			"from": [7.63898, 5.56, 2.1],
			"to": [8.86102, 6.34, 2.3],
			"rotation": {"angle": 0, "axis": "y", "origin": [8, 11.93, 8]},
			"faces": {
				"north": {"uv": [2.18667, 14.02667, 0, 16], "texture": "#0"},
				"east": {"uv": [2.18667, 14.02667, 0, 16], "texture": "#0"},
				"south": {"uv": [2.18667, 14.02667, 0, 16], "texture": "#0"},
				"west": {"uv": [2.18667, 14.02667, 0, 16], "texture": "#0"},
				"up": {"uv": [2.18667, 14.02667, 0, 16], "texture": "#0"},
				"down": {"uv": [2.18667, 14.02667, 0, 16], "texture": "#0"}
			}
		},
		{
			"name": "octagon",
			"from": [2.3, 2.81, 5.63898],
			"to": [13.7, 10.09, 10.36102],
			"rotation": {"angle": 45, "axis": "y", "origin": [8, 11.93, 8]},
			"faces": {
				"north": {"uv": [0, 0, 1, 1], "texture": "#missing"},
				"east": {"uv": [1.81333, 4.69333, 5.70667, 11.94667], "texture": "#0"},
				"south": {"uv": [0, 0, 1, 1], "texture": "#missing"},
				"west": {"uv": [0, 0, 1, 1], "texture": "#0"},
				"up": {"uv": [1.81333, 8.8, 5.49333, 11.94667], "texture": "#0"},
				"down": {"uv": [0, 0, 1, 1], "texture": "#0"}
			}
		},
		{
			"name": "octagon",
			"from": [2.3, 2.81, 5.63898],
			"to": [13.7, 10.09, 10.36102],
			"rotation": {"angle": -45, "axis": "y", "origin": [8, 11.93, 8]},
			"faces": {
				"north": {"uv": [1, 0, 0, 1], "texture": "#missing"},
				"east": {"uv": [1, 0, 0, 1], "texture": "#0"},
				"south": {"uv": [1, 0, 0, 1], "texture": "#missing"},
				"west": {"uv": [5.49333, 4.69333, 1.81333, 11.94667], "texture": "#0"},
				"up": {"uv": [5.49333, 8.8, 1.81333, 11.94667], "texture": "#0"},
				"down": {"uv": [1, 0, 0, 1], "texture": "#0"}
			}
		},
		{
			"name": "octagon",
			"from": [1.73, 1.366, 5.40288],
			"to": [14.27, 5.334, 10.59712],
			"rotation": {"angle": 0, "axis": "y", "origin": [8, 11.398, 8]},
			"faces": {
				"north": {"uv": [0, 0, 1, 1], "texture": "#missing"},
				"east": {"uv": [2.24, 10.34667, 0, 16], "texture": "#0"},
				"south": {"uv": [0, 0, 1, 1], "texture": "#missing"},
				"west": {"uv": [2.24, 10.34667, 0, 16], "texture": "#0"},
				"up": {"uv": [0, 0, 1, 1], "texture": "#0"},
				"down": {"uv": [0, 0, 1, 1], "texture": "#0"}
			}
		},
		{
			"name": "octagon",
			"from": [5.40288, -2.034, 1.73],
			"to": [10.59712, 5.334, 14.27],
			"rotation": {"angle": 0, "axis": "y", "origin": [8, 11.398, 8]},
			"faces": {
				"north": {"uv": [10.29333, 9.06667, 5.54667, 15.57333], "texture": "#0"},
				"east": {"uv": [0, 0, 1, 1], "texture": "#0"},
				"south": {"uv": [0, 0, 1, 1], "texture": "#0"},
				"west": {"uv": [0, 11.89333, 2.24, 16], "texture": "#0"},
				"up": {"uv": [0, 11.89333, 2.24, 16], "texture": "#0"},
				"down": {"uv": [0, 0, 1, 1], "texture": "#0"}
			}
		},
		{
			"name": "octagon",
			"from": [5.40288, 1.366, 1.73],
			"to": [10.59712, 5.334, 14.27],
			"rotation": {"angle": 45, "axis": "y", "origin": [8, 11.398, 8]},
			"faces": {
				"north": {"uv": [1.81333, 11.94667, 5.49333, 16], "texture": "#0"},
				"east": {"uv": [0, 0, 1, 1], "texture": "#missing"},
				"south": {"uv": [0, 0, 1, 1], "texture": "#0"},
				"west": {"uv": [0, 0, 1, 1], "texture": "#missing"},
				"up": {"uv": [5.49333, 11.94667, 1.81333, 16], "texture": "#0"},
				"down": {"uv": [0, 0, 1, 1], "texture": "#0"}
			}
		},
		{
			"name": "octagon",
			"from": [5.40288, 1.366, 1.73],
			"to": [10.59712, 5.334, 14.27],
			"rotation": {"angle": -45, "axis": "y", "origin": [8, 11.398, 8]},
			"faces": {
				"north": {"uv": [5.49333, 11.94667, 1.81333, 16], "texture": "#0"},
				"east": {"uv": [1, 0, 0, 1], "texture": "#missing"},
				"south": {"uv": [1, 0, 0, 1], "texture": "#0"},
				"west": {"uv": [1, 0, 0, 1], "texture": "#missing"},
				"up": {"uv": [1.81333, 11.94667, 5.49333, 16], "texture": "#0"},
				"down": {"uv": [1, 0, 0, 1], "texture": "#0"}
			}
		},
		{
			"name": "octagon",
			"from": [5.65288, 3.366, 1.53],
			"to": [7.59712, 5.584, 12.87],
			"rotation": {"angle": -45, "axis": "y", "origin": [8, 11.398, 8]},
			"faces": {
				"north": {"uv": [2.45333, 7.14667, 5.28, 10.18667], "texture": "#0"},
				"east": {"uv": [2.45333, 7.14667, 5.28, 10.18667], "texture": "#0"},
				"south": {"uv": [2.45333, 7.14667, 5.28, 10.18667], "texture": "#0"},
				"west": {"uv": [2.45333, 7.14667, 5.28, 10.18667], "texture": "#0"},
				"up": {"uv": [2.45333, 7.14667, 5.28, 10.18667], "texture": "#0"},
				"down": {"uv": [2.45333, 7.14667, 5.28, 10.18667], "texture": "#0"}
			}
		},
		{
			"name": "octagon",
			"from": [7.65288, 2.366, 1.53],
			"to": [9.59712, 4.584, 12.87],
			"rotation": {"angle": -45, "axis": "y", "origin": [8, 11.398, 8]},
			"faces": {
				"north": {"uv": [2.45333, 7.14667, 5.28, 10.18667], "texture": "#0"},
				"east": {"uv": [2.45333, 7.14667, 5.28, 10.18667], "texture": "#0"},
				"south": {"uv": [2.45333, 7.14667, 5.28, 10.18667], "texture": "#0"},
				"west": {"uv": [2.45333, 7.14667, 5.28, 10.18667], "texture": "#0"},
				"up": {"uv": [2.45333, 7.14667, 5.28, 10.18667], "texture": "#0"},
				"down": {"uv": [2.45333, 7.14667, 5.28, 10.18667], "texture": "#0"}
			}
		},
		{
			"name": "octagon",
			"from": [6.40288, 2.366, 1.53],
			"to": [8.34712, 4.584, 13.17],
			"rotation": {"angle": 45, "axis": "y", "origin": [8, 11.398, 8]},
			"faces": {
				"north": {"uv": [5.28, 7.14667, 2.45333, 10.18667], "texture": "#0"},
				"east": {"uv": [5.28, 7.14667, 2.45333, 10.18667], "texture": "#0"},
				"south": {"uv": [5.28, 7.14667, 2.45333, 10.18667], "texture": "#0"},
				"west": {"uv": [5.28, 7.14667, 2.45333, 10.18667], "texture": "#0"},
				"up": {"uv": [5.28, 7.14667, 2.45333, 10.18667], "texture": "#0"},
				"down": {"uv": [5.28, 7.14667, 2.45333, 10.18667], "texture": "#0"}
			}
		},
		{
			"name": "octagon",
			"from": [8.40288, 3.366, 1.53],
			"to": [10.34712, 5.584, 12.77],
			"rotation": {"angle": 45, "axis": "y", "origin": [8, 11.398, 8]},
			"faces": {
				"north": {"uv": [5.28, 7.14667, 2.45333, 10.18667], "texture": "#0"},
				"east": {"uv": [5.28, 7.14667, 2.45333, 10.18667], "texture": "#0"},
				"south": {"uv": [5.28, 7.14667, 2.45333, 10.18667], "texture": "#0"},
				"west": {"uv": [5.28, 7.14667, 2.45333, 10.18667], "texture": "#0"},
				"up": {"uv": [5.28, 7.14667, 2.45333, 10.18667], "texture": "#0"},
				"down": {"uv": [5.28, 7.14667, 2.45333, 10.18667], "texture": "#0"}
			}
		},
		{
			"name": "octagon",
			"from": [8.60288, 1.166, 1.33],
			"to": [10.54712, 3.384, 12.77],
			"rotation": {"angle": 45, "axis": "y", "origin": [8, 11.398, 8]},
			"faces": {
				"north": {"uv": [5.28, 7.14667, 2.45333, 10.18667], "texture": "#0"},
				"east": {"uv": [5.28, 7.14667, 2.45333, 10.18667], "texture": "#0"},
				"south": {"uv": [5.28, 7.14667, 2.45333, 10.18667], "texture": "#0"},
				"west": {"uv": [5.28, 7.14667, 2.45333, 10.18667], "texture": "#0"},
				"up": {"uv": [5.28, 7.14667, 2.45333, 10.18667], "texture": "#0"},
				"down": {"uv": [5.28, 7.14667, 2.45333, 10.18667], "texture": "#0"}
			}
		},
		{
			"name": "octagon",
			"from": [5.45288, 1.166, 1.33],
			"to": [7.39712, 3.384, 13.97],
			"rotation": {"angle": -45, "axis": "y", "origin": [8, 11.398, 8]},
			"faces": {
				"north": {"uv": [2.45333, 7.14667, 5.28, 10.18667], "texture": "#0"},
				"east": {"uv": [2.45333, 7.14667, 5.28, 10.18667], "texture": "#0"},
				"south": {"uv": [2.45333, 7.14667, 5.28, 10.18667], "texture": "#0"},
				"west": {"uv": [2.45333, 7.14667, 5.28, 10.18667], "texture": "#0"},
				"up": {"uv": [2.45333, 7.14667, 5.28, 10.18667], "texture": "#0"},
				"down": {"uv": [2.45333, 7.14667, 5.28, 10.18667], "texture": "#0"}
			}
		},
		{
			"name": "octagon",
			"from": [8.95561, 1.766, 1.37489],
			"to": [10.89985, 3.984, 6.41489],
			"rotation": {"angle": 0, "axis": "y", "origin": [7.02773, 2.275, 6.74489]},
			"faces": {
				"north": {"uv": [2.45333, 7.14667, 5.28, 10.18667], "texture": "#0"},
				"east": {"uv": [2.45333, 7.14667, 5.28, 10.18667], "texture": "#0"},
				"south": {"uv": [2.45333, 7.14667, 5.28, 10.18667], "texture": "#0"},
				"west": {"uv": [2.45333, 7.14667, 5.28, 10.18667], "texture": "#0"},
				"up": {"uv": [2.45333, 7.14667, 5.28, 10.18667], "texture": "#0"},
				"down": {"uv": [2.45333, 7.14667, 5.28, 10.18667], "texture": "#0"}
			}
		},
		{
			"name": "octagon",
			"from": [9.25561, -0.434, 1.67489],
			"to": [11.19985, 1.784, 6.71489],
			"rotation": {"angle": -22.5, "axis": "y", "origin": [10.62773, 0.675, 3.89489]},
			"faces": {
				"north": {"uv": [2.45333, 7.14667, 5.28, 10.18667], "texture": "#0"},
				"east": {"uv": [2.45333, 7.14667, 5.28, 10.18667], "texture": "#0"},
				"south": {"uv": [2.45333, 7.14667, 5.28, 10.18667], "texture": "#0"},
				"west": {"uv": [2.45333, 7.14667, 5.28, 10.18667], "texture": "#0"},
				"up": {"uv": [2.45333, 7.14667, 5.28, 10.18667], "texture": "#0"},
				"down": {"uv": [2.45333, 7.14667, 5.28, 10.18667], "texture": "#0"}
			}
		},
		{
			"name": "octagon",
			"from": [4.80015, -0.434, 1.67489],
			"to": [6.74439, 1.784, 6.71489],
			"rotation": {"angle": 22.5, "axis": "y", "origin": [5.37227, 0.675, 3.89489]},
			"faces": {
				"north": {"uv": [5.28, 7.14667, 2.45333, 10.18667], "texture": "#0"},
				"east": {"uv": [5.28, 7.14667, 2.45333, 10.18667], "texture": "#0"},
				"south": {"uv": [5.28, 7.14667, 2.45333, 10.18667], "texture": "#0"},
				"west": {"uv": [5.28, 7.14667, 2.45333, 10.18667], "texture": "#0"},
				"up": {"uv": [5.28, 7.14667, 2.45333, 10.18667], "texture": "#0"},
				"down": {"uv": [5.28, 7.14667, 2.45333, 10.18667], "texture": "#0"}
			}
		},
		{
			"name": "octagon",
			"from": [5.10015, 1.766, 1.37489],
			"to": [7.04439, 3.984, 6.41489],
			"rotation": {"angle": 0, "axis": "y", "origin": [8.97227, 2.275, 6.74489]},
			"faces": {
				"north": {"uv": [5.28, 7.14667, 2.45333, 10.18667], "texture": "#0"},
				"east": {"uv": [5.28, 7.14667, 2.45333, 10.18667], "texture": "#0"},
				"south": {"uv": [5.28, 7.14667, 2.45333, 10.18667], "texture": "#0"},
				"west": {"uv": [5.28, 7.14667, 2.45333, 10.18667], "texture": "#0"},
				"up": {"uv": [5.28, 7.14667, 2.45333, 10.18667], "texture": "#0"},
				"down": {"uv": [5.28, 7.14667, 2.45333, 10.18667], "texture": "#0"}
			}
		},
		{
			"name": "octagon",
			"from": [8.70015, 12.366, 2.77489],
			"to": [9.94439, 13.384, 3.31489],
			"rotation": {"angle": 0, "axis": "y", "origin": [8.97227, 2.275, 6.74489]},
			"faces": {
				"north": {"uv": [5.28, 7.14667, 2.45333, 10.18667], "texture": "#0"},
				"east": {"uv": [5.28, 7.14667, 2.45333, 10.18667], "texture": "#0"},
				"south": {"uv": [5.28, 7.14667, 2.45333, 10.18667], "texture": "#0"},
				"west": {"uv": [5.28, 7.14667, 2.45333, 10.18667], "texture": "#0"},
				"up": {"uv": [5.28, 7.14667, 2.45333, 10.18667], "texture": "#0"},
				"down": {"uv": [5.28, 7.14667, 2.45333, 10.18667], "texture": "#0"}
			}
		},
		{
			"name": "octagon",
			"from": [6.15561, 12.366, 2.77489],
			"to": [7.39985, 13.384, 3.31489],
			"rotation": {"angle": 0, "axis": "y", "origin": [7.02773, 2.275, 6.74489]},
			"faces": {
				"north": {"uv": [2.45333, 7.14667, 5.28, 10.18667], "texture": "#0"},
				"east": {"uv": [2.45333, 7.14667, 5.28, 10.18667], "texture": "#0"},
				"south": {"uv": [2.45333, 7.14667, 5.28, 10.18667], "texture": "#0"},
				"west": {"uv": [2.45333, 7.14667, 5.28, 10.18667], "texture": "#0"},
				"up": {"uv": [2.45333, 7.14667, 5.28, 10.18667], "texture": "#0"},
				"down": {"uv": [2.45333, 7.14667, 5.28, 10.18667], "texture": "#0"}
			}
		},
		{
			"name": "octagon",
			"from": [12.85, 8.7, 6.92893],
			"to": [15.35, 11.9, 9.17107],
			"rotation": {"angle": 0, "axis": "y", "origin": [8.05, 10, 8]},
			"faces": {
				"north": {"uv": [0.42667, 2.29333, 2.72, 6.98667], "texture": "#0"},
				"east": {"uv": [2.4, 3.2, 1.33333, 6.13333], "texture": "#0"},
				"south": {"uv": [2.72, 2.29333, 0.42667, 6.98667], "texture": "#0"},
				"west": {"uv": [2.4, 3.2, 1.33333, 6.13333], "texture": "#0"},
				"up": {"uv": [2.4, 3.2, 1.33333, 6.13333], "texture": "#0"},
				"down": {"uv": [2.4, 3.2, 1.33333, 6.13333], "texture": "#0"}
			}
		},
		{
			"name": "octagon",
			"from": [0.65, 8.7, 6.92893],
			"to": [3.15, 11.9, 9.17107],
			"rotation": {"angle": 0, "axis": "y", "origin": [7.95, 10, 8]},
			"faces": {
				"north": {"uv": [2.72, 2.29333, 0.42667, 6.98667], "texture": "#0"},
				"east": {"uv": [1.33333, 3.2, 2.4, 6.13333], "texture": "#0"},
				"south": {"uv": [0.42667, 2.29333, 2.72, 6.98667], "texture": "#0"},
				"west": {"uv": [1.33333, 3.2, 2.4, 6.13333], "texture": "#0"},
				"up": {"uv": [1.33333, 3.2, 2.4, 6.13333], "texture": "#0"},
				"down": {"uv": [1.33333, 3.2, 2.4, 6.13333], "texture": "#0"}
			}
		},
		{
			"from": [7, 7.3, 2.8],
			"to": [9, 7.7, 4.3],
			"rotation": {"angle": 0, "axis": "y", "origin": [0.2, 0, 0]},
			"faces": {
				"north": {"uv": [7.73333, 8.58667, 8.29333, 9.09333], "texture": "#0"},
				"east": {"uv": [7.73333, 8.58667, 8.29333, 9.09333], "texture": "#0"},
				"south": {"uv": [7.73333, 8.58667, 8.29333, 9.09333], "texture": "#0"},
				"west": {"uv": [7.73333, 8.58667, 8.29333, 9.09333], "texture": "#0"},
				"up": {"uv": [7.73333, 8.58667, 8.29333, 9.09333], "texture": "#0"},
				"down": {"uv": [7.73333, 8.58667, 8.29333, 9.09333], "texture": "#0"}
			}
		},
		{
			"from": [7.5, 6.9, 2.9],
			"to": [8.5, 7.3, 4.3],
			"rotation": {"angle": 0, "axis": "y", "origin": [0.9, 0, 0]},
			"faces": {
				"north": {"uv": [7.73333, 8.58667, 8.29333, 9.09333], "texture": "#0"},
				"east": {"uv": [7.73333, 8.58667, 8.29333, 9.09333], "texture": "#0"},
				"south": {"uv": [7.73333, 8.58667, 8.29333, 9.09333], "texture": "#0"},
				"west": {"uv": [7.73333, 8.58667, 8.29333, 9.09333], "texture": "#0"},
				"up": {"uv": [7.73333, 8.58667, 8.29333, 9.09333], "texture": "#0"},
				"down": {"uv": [7.73333, 8.58667, 8.29333, 9.09333], "texture": "#0"}
			}
		}
	],
	"display": {
		"head": {
			"scale": [4, 4, 4]
		}
	},
	"groups": [
		{
			"name": "octagon",
			"origin": [8, 8, 8],
			"color": 0,
			"nbt": "{}",
			"children": [0, 1, 2, 3, 4, 5, 6, 7, 8, 9, 10, 11, 12, 13, 14, 15, 16, 17, 18, 19, 20, 21, 22, 23, 24, 25, 26]
		},
		27,
		28
	]
}