{
    "blend": {
        "func": "add",
        "srcrgb": "one",
        "dstrgb": "zero"
    },
    "vertex": "light_apply",
    "fragment": "light_apply",
    "attributes": [ "Position" ],
    "samplers": [
        { "name": "DiffuseSampler" },
        { "name": "LightMapSampler" },
        { "name": "BlurSampler" }
    ],
    "uniforms": [
        { "name": "ProjMat",    "type": "matrix4x4", "count": 16, "values": [ 1.0, 0.0, 0.0, 0.0, 0.0, 1.0, 0.0, 0.0, 0.0, 0.0, 1.0, 0.0, 0.0, 0.0, 0.0, 1.0 ] },
        { "name": "Intensity",    "type": "float", "count": 1, "values": [ 1.0 ] }
    ]
}
