{
	"credit": "Made with Blockbench",
	"textures": {
		"0": "block/anvil",
		"1": "block/nb",
		"2": "block/light_gray_concrete",
		"3": "block/keys",
		"4": "block/black_terracotta",
		"particle": "block/anvil"
	},
	"elements": [
		{
			"from": [7, -0.5, 6.5],
			"to": [9, 0.5, 9.5],
			"rotation": {"angle": 0, "axis": "y", "origin": [7.5, 7.5, 7.5]},
			"faces": {
				"north": {"uv": [0, 0, 3, 3], "texture": "#0"},
				"east": {"uv": [0, 0, 3, 3], "texture": "#0"},
				"south": {"uv": [0, 0, 3, 3], "texture": "#0"},
				"west": {"uv": [0, 0, 3, 3], "texture": "#0"},
				"up": {"uv": [0, 0, 3, 3], "texture": "#0"},
				"down": {"uv": [0, 0, 3, 3], "texture": "#0"}
			}
		},
		{
			"from": [7, 0.5, 6.85],
			"to": [9, 0.51, 7.25],
			"rotation": {"angle": 0, "axis": "y", "origin": [7.5, 7.5, 7.5]},
			"faces": {
				"up": {"uv": [3.896, 13.08, 0, 11.776], "texture": "#1"}
			}
		},
		{
			"from": [7.1, 0.5, 6.5],
			"to": [8.9, 0.51, 6.85],
			"rotation": {"angle": 0, "axis": "y", "origin": [7.5, 7.5, 7.5]},
			"faces": {
				"up": {"uv": [7.8, 12.952, 5.12, 11.648], "texture": "#1"}
			}
		},
		{
			"from": [7, 0.5, 9],
			"to": [7.75, 0.51, 9.5],
			"rotation": {"angle": 0, "axis": "y", "origin": [7.5, 7.5, 7.5]},
			"faces": {
				"north": {"uv": [8.248, 14.08, 5.248, 13], "texture": "#1"},
				"east": {"uv": [8.248, 14.08, 5.248, 13], "texture": "#1"},
				"south": {"uv": [8.248, 14.08, 5.248, 13], "texture": "#1"},
				"west": {"uv": [8.248, 14.08, 5.248, 13], "texture": "#1"},
				"up": {"uv": [2.816, 11.784, 1.208, 10.688], "texture": "#1"},
				"down": {"uv": [8.248, 14.08, 5.248, 13], "texture": "#1"}
			}
		},
		{
			"from": [8.25, 0.5, 9],
			"to": [9, 0.51, 9.5],
			"rotation": {"angle": 0, "axis": "y", "origin": [7.5, 7.5, 7.5]},
			"faces": {
				"north": {"uv": [7.352, 15.176, 5.248, 14.08], "texture": "#1"},
				"east": {"uv": [7.352, 15.176, 5.248, 14.08], "texture": "#1"},
				"south": {"uv": [7.352, 15.176, 5.248, 14.08], "texture": "#1"},
				"west": {"uv": [7.352, 15.176, 5.248, 14.08], "texture": "#1"},
				"up": {"uv": [1.496, 11.784, 0, 10.688], "texture": "#1"},
				"down": {"uv": [7.352, 15.176, 5.248, 14.08], "texture": "#1"}
			}
		},
		{
			"name": "hexadecagon",
			"from": [7.84957, 0.41469, 7.24376],
			"to": [8.15043, 0.88531, 8.75624],
			"rotation": {"angle": -45, "axis": "y", "origin": [8, 1.1425, 8]},
			"faces": {
				"north": {"uv": [0, 0, 16, 16], "texture": "#2"},
				"east": {"uv": [0, 0, 16, 16], "texture": "#0"},
				"south": {"uv": [0, 0, 16, 16], "texture": "#2"},
				"west": {"uv": [0, 0, 16, 16], "texture": "#0"},
				"up": {"uv": [0, 0, 16, 16], "texture": "#0"},
				"down": {"uv": [0, 0, 16, 16], "texture": "#0"}
			}
		},
		{
			"name": "hexadecagon",
			"from": [7.84957, 0.41469, 7.24376],
			"to": [8.15043, 0.83531, 8.75624],
			"rotation": {"angle": -22.5, "axis": "y", "origin": [8, 1.1425, 8]},
			"faces": {
				"north": {"uv": [0, 0, 16, 16], "texture": "#2"},
				"east": {"uv": [0, 0, 16, 16], "texture": "#2"},
				"south": {"uv": [0, 0, 16, 16], "texture": "#2"},
				"west": {"uv": [0, 0, 16, 16], "texture": "#2"},
				"up": {"uv": [0, 0, 16, 16], "texture": "#2"},
				"down": {"uv": [0, 0, 16, 16], "texture": "#2"}
			}
		},
		{
			"name": "hexadecagon",
			"from": [7.84957, 0.41469, 7.24376],
			"to": [8.15043, 0.83531, 8.75624],
			"rotation": {"angle": 0, "axis": "y", "origin": [8, 1.1425, 8]},
			"faces": {
				"north": {"uv": [0, 0, 16, 16], "texture": "#2"},
				"east": {"uv": [0, 0, 16, 16], "texture": "#2"},
				"south": {"uv": [0, 0, 16, 16], "texture": "#2"},
				"west": {"uv": [0, 0, 16, 16], "texture": "#2"},
				"up": {"uv": [0, 0, 16, 16], "texture": "#2"},
				"down": {"uv": [0, 0, 16, 16], "texture": "#2"}
			}
		},
		{
			"name": "hexadecagon",
			"from": [8, 0.33531, 7.24376],
			"to": [8, 1.83531, 8.75624],
			"rotation": {"angle": -45, "axis": "y", "origin": [8, 1.08531, 8]},
			"faces": {
				"north": {"uv": [0, 0, 16, 16], "texture": "#3"},
				"east": {"uv": [0, 0, 16, 16], "texture": "#3"},
				"south": {"uv": [0, 0, 16, 16], "texture": "#3"},
				"west": {"uv": [0, 0, 16, 16], "texture": "#3"},
				"up": {"uv": [0, 0, 16, 16], "texture": "#3"},
				"down": {"uv": [0, 0, 16, 16], "texture": "#3"}
			}
		},
		{
			"name": "hexadecagon",
			"from": [7.84957, 0.41469, 7.24376],
			"to": [8.15043, 0.83531, 8.75624],
			"rotation": {"angle": 22.5, "axis": "y", "origin": [8, 1.1425, 8]},
			"faces": {
				"north": {"uv": [0, 0, 16, 16], "texture": "#2"},
				"east": {"uv": [0, 0, 16, 16], "texture": "#2"},
				"south": {"uv": [0, 0, 16, 16], "texture": "#2"},
				"west": {"uv": [0, 0, 16, 16], "texture": "#2"},
				"up": {"uv": [0, 0, 16, 16], "texture": "#2"},
				"down": {"uv": [0, 0, 16, 16], "texture": "#2"}
			}
		},
		{
			"name": "hexadecagon",
			"from": [7.84957, 0.41469, 7.24376],
			"to": [8.15043, 0.83531, 8.75624],
			"rotation": {"angle": 45, "axis": "y", "origin": [8, 1.1425, 8]},
			"faces": {
				"north": {"uv": [0, 0, 16, 16], "texture": "#2"},
				"east": {"uv": [0, 0, 16, 16], "texture": "#2"},
				"south": {"uv": [0, 0, 16, 16], "texture": "#2"},
				"west": {"uv": [0, 0, 16, 16], "texture": "#2"},
				"up": {"uv": [0, 0, 16, 16], "texture": "#2"},
				"down": {"uv": [0, 0, 16, 16], "texture": "#2"}
			}
		},
		{
			"name": "hexadecagon",
			"from": [7.24376, 0.41469, 7.84957],
			"to": [8.75624, 0.83531, 8.15043],
			"rotation": {"angle": -22.5, "axis": "y", "origin": [8, 1.1425, 8]},
			"faces": {
				"north": {"uv": [0, 0, 16, 16], "texture": "#2"},
				"east": {"uv": [0, 0, 16, 16], "texture": "#2"},
				"south": {"uv": [0, 0, 16, 16], "texture": "#2"},
				"west": {"uv": [0, 0, 16, 16], "texture": "#2"},
				"up": {"uv": [0, 0, 16, 16], "texture": "#2"},
				"down": {"uv": [0, 0, 16, 16], "texture": "#2"}
			}
		},
		{
			"name": "hexadecagon",
			"from": [7.24376, 0.41469, 7.84957],
			"to": [8.75624, 0.83531, 8.15043],
			"rotation": {"angle": 0, "axis": "y", "origin": [8, 1.1425, 8]},
			"faces": {
				"north": {"uv": [0, 0, 16, 16], "texture": "#2"},
				"east": {"uv": [0, 0, 16, 16], "texture": "#2"},
				"south": {"uv": [0, 0, 16, 16], "texture": "#2"},
				"west": {"uv": [0, 0, 16, 16], "texture": "#2"},
				"up": {"uv": [0, 0, 16, 16], "texture": "#2"},
				"down": {"uv": [0, 0, 16, 16], "texture": "#2"}
			}
		},
		{
			"name": "hexadecagon",
			"from": [7.24376, 0.41469, 7.84957],
			"to": [8.75624, 0.83531, 8.15043],
			"rotation": {"angle": 22.5, "axis": "y", "origin": [8, 1.1425, 8]},
			"faces": {
				"north": {"uv": [0, 0, 16, 16], "texture": "#2"},
				"east": {"uv": [0, 0, 16, 16], "texture": "#2"},
				"south": {"uv": [0, 0, 16, 16], "texture": "#2"},
				"west": {"uv": [0, 0, 16, 16], "texture": "#2"},
				"up": {"uv": [0, 0, 16, 16], "texture": "#2"},
				"down": {"uv": [0, 0, 16, 16], "texture": "#2"}
			}
		},
		{
			"name": "hexadecagon",
			"from": [7.83501, 0.85853, 7.17056],
			"to": [8.16499, 0.94147, 7.2535],
			"rotation": {"angle": -45, "axis": "y", "origin": [8, 0.9, 8]},
			"faces": {
				"north": {"uv": [0, 0, 1, 1], "texture": "#4"},
				"east": {"uv": [0, 0, 1, 1], "texture": "#4"},
				"south": {"uv": [0, 0, 1, 1], "texture": "#4"},
				"west": {"uv": [0, 0, 1, 1], "texture": "#4"},
				"up": {"uv": [0, 0, 1, 1], "texture": "#4"},
				"down": {"uv": [0, 0, 1, 1], "texture": "#4"}
			}
		},
		{
			"name": "hexadecagon",
			"from": [7.83501, 0.85853, 7.17056],
			"to": [8.16499, 0.94147, 7.2535],
			"rotation": {"angle": -22.5, "axis": "y", "origin": [8, 0.9, 8]},
			"faces": {
				"north": {"uv": [0, 0, 1, 1], "texture": "#4"},
				"east": {"uv": [0, 0, 1, 1], "texture": "#4"},
				"south": {"uv": [0, 0, 1, 1], "texture": "#4"},
				"west": {"uv": [0, 0, 1, 1], "texture": "#4"},
				"up": {"uv": [0, 0, 1, 1], "texture": "#4"},
				"down": {"uv": [0, 0, 1, 1], "texture": "#4"}
			}
		},
		{
			"name": "hexadecagon",
			"from": [7.83501, 0.45853, 7.17056],
			"to": [8.16499, 0.94147, 7.2535],
			"rotation": {"angle": 0, "axis": "y", "origin": [8, 0.9, 8]},
			"faces": {
				"north": {"uv": [0, 0, 1, 1], "texture": "#4"},
				"east": {"uv": [0, 0, 1, 1], "texture": "#4"},
				"south": {"uv": [0, 0, 1, 1], "texture": "#4"},
				"west": {"uv": [0, 0, 1, 1], "texture": "#4"},
				"up": {"uv": [0, 0, 1, 1], "texture": "#4"},
				"down": {"uv": [0, 0, 1, 1], "texture": "#4"}
			}
		},
		{
			"name": "hexadecagon",
			"from": [7.83501, 0.85853, 7.17056],
			"to": [8.16499, 0.94147, 7.2535],
			"rotation": {"angle": 22.5, "axis": "y", "origin": [8, 0.9, 8]},
			"faces": {
				"north": {"uv": [0, 0, 1, 1], "texture": "#4"},
				"east": {"uv": [0, 0, 1, 1], "texture": "#4"},
				"south": {"uv": [0, 0, 1, 1], "texture": "#4"},
				"west": {"uv": [0, 0, 1, 1], "texture": "#4"},
				"up": {"uv": [0, 0, 1, 1], "texture": "#4"},
				"down": {"uv": [0, 0, 1, 1], "texture": "#4"}
			}
		},
		{
			"name": "hexadecagon",
			"from": [7.83501, 0.85853, 7.17056],
			"to": [8.16499, 0.94147, 7.2535],
			"rotation": {"angle": 45, "axis": "y", "origin": [8, 0.9, 8]},
			"faces": {
				"north": {"uv": [0, 0, 1, 1], "texture": "#4"},
				"east": {"uv": [0, 0, 1, 1], "texture": "#4"},
				"south": {"uv": [0, 0, 1, 1], "texture": "#4"},
				"west": {"uv": [0, 0, 1, 1], "texture": "#4"},
				"up": {"uv": [0, 0, 1, 1], "texture": "#4"},
				"down": {"uv": [0, 0, 1, 1], "texture": "#4"}
			}
		},
		{
			"name": "hexadecagon",
			"from": [7.83501, 0.85853, 8.7465],
			"to": [8.16499, 0.94147, 8.82944],
			"rotation": {"angle": -45, "axis": "y", "origin": [8, 0.9, 8]},
			"faces": {
				"north": {"uv": [0, 0, 1, 1], "texture": "#4"},
				"east": {"uv": [0, 0, 1, 1], "texture": "#4"},
				"south": {"uv": [0, 0, 1, 1], "texture": "#4"},
				"west": {"uv": [0, 0, 1, 1], "texture": "#4"},
				"up": {"uv": [0, 0, 1, 1], "texture": "#4"},
				"down": {"uv": [0, 0, 1, 1], "texture": "#4"}
			}
		},
		{
			"name": "hexadecagon",
			"from": [7.83501, 0.85853, 8.7465],
			"to": [8.16499, 0.94147, 8.82944],
			"rotation": {"angle": -22.5, "axis": "y", "origin": [8, 0.9, 8]},
			"faces": {
				"north": {"uv": [0, 0, 1, 1], "texture": "#4"},
				"east": {"uv": [0, 0, 1, 1], "texture": "#4"},
				"south": {"uv": [0, 0, 1, 1], "texture": "#4"},
				"west": {"uv": [0, 0, 1, 1], "texture": "#4"},
				"up": {"uv": [0, 0, 1, 1], "texture": "#4"},
				"down": {"uv": [0, 0, 1, 1], "texture": "#4"}
			}
		},
		{
			"name": "hexadecagon",
			"from": [7.83501, 0.45853, 8.7465],
			"to": [8.16499, 0.94147, 8.82944],
			"rotation": {"angle": 0, "axis": "y", "origin": [8, 0.9, 8]},
			"faces": {
				"north": {"uv": [0, 0, 1, 1], "texture": "#4"},
				"east": {"uv": [0, 0, 1, 1], "texture": "#4"},
				"south": {"uv": [0, 0, 1, 1], "texture": "#4"},
				"west": {"uv": [0, 0, 1, 1], "texture": "#4"},
				"up": {"uv": [0, 0, 1, 1], "texture": "#4"},
				"down": {"uv": [0, 0, 1, 1], "texture": "#4"}
			}
		},
		{
			"name": "hexadecagon",
			"from": [7.83501, 0.85853, 8.7465],
			"to": [8.16499, 0.94147, 8.82944],
			"rotation": {"angle": 22.5, "axis": "y", "origin": [8, 0.9, 8]},
			"faces": {
				"north": {"uv": [0, 0, 1, 1], "texture": "#4"},
				"east": {"uv": [0, 0, 1, 1], "texture": "#4"},
				"south": {"uv": [0, 0, 1, 1], "texture": "#4"},
				"west": {"uv": [0, 0, 1, 1], "texture": "#4"},
				"up": {"uv": [0, 0, 1, 1], "texture": "#4"},
				"down": {"uv": [0, 0, 1, 1], "texture": "#4"}
			}
		},
		{
			"name": "hexadecagon",
			"from": [7.83501, 0.85853, 8.7465],
			"to": [8.16499, 0.94147, 8.82944],
			"rotation": {"angle": 45, "axis": "y", "origin": [8, 0.9, 8]},
			"faces": {
				"north": {"uv": [0, 0, 1, 1], "texture": "#4"},
				"east": {"uv": [0, 0, 1, 1], "texture": "#4"},
				"south": {"uv": [0, 0, 1, 1], "texture": "#4"},
				"west": {"uv": [0, 0, 1, 1], "texture": "#4"},
				"up": {"uv": [0, 0, 1, 1], "texture": "#4"},
				"down": {"uv": [0, 0, 1, 1], "texture": "#4"}
			}
		},
		{
			"name": "hexadecagon",
			"from": [7.17056, 0.85853, 7.83501],
			"to": [7.2535, 0.94147, 8.16499],
			"rotation": {"angle": -22.5, "axis": "y", "origin": [8, 0.9, 8]},
			"faces": {
				"north": {"uv": [0, 0, 1, 1], "texture": "#4"},
				"east": {"uv": [0, 0, 1, 1], "texture": "#4"},
				"south": {"uv": [0, 0, 1, 1], "texture": "#4"},
				"west": {"uv": [0, 0, 1, 1], "texture": "#4"},
				"up": {"uv": [0, 0, 1, 1], "texture": "#4"},
				"down": {"uv": [0, 0, 1, 1], "texture": "#4"}
			}
		},
		{
			"name": "hexadecagon",
			"from": [7.17056, 0.45853, 7.83501],
			"to": [7.2535, 0.94147, 8.16499],
			"rotation": {"angle": 0, "axis": "y", "origin": [8, 0.9, 8]},
			"faces": {
				"north": {"uv": [0, 0, 1, 1], "texture": "#4"},
				"east": {"uv": [0, 0, 1, 1], "texture": "#4"},
				"south": {"uv": [0, 0, 1, 1], "texture": "#4"},
				"west": {"uv": [0, 0, 1, 1], "texture": "#4"},
				"up": {"uv": [0, 0, 1, 1], "texture": "#4"},
				"down": {"uv": [0, 0, 1, 1], "texture": "#4"}
			}
		},
		{
			"name": "hexadecagon",
			"from": [7.17056, 0.85853, 7.83501],
			"to": [7.2535, 0.94147, 8.16499],
			"rotation": {"angle": 22.5, "axis": "y", "origin": [8, 0.9, 8]},
			"faces": {
				"north": {"uv": [0, 0, 1, 1], "texture": "#4"},
				"east": {"uv": [0, 0, 1, 1], "texture": "#4"},
				"south": {"uv": [0, 0, 1, 1], "texture": "#4"},
				"west": {"uv": [0, 0, 1, 1], "texture": "#4"},
				"up": {"uv": [0, 0, 1, 1], "texture": "#4"},
				"down": {"uv": [0, 0, 1, 1], "texture": "#4"}
			}
		},
		{
			"name": "hexadecagon",
			"from": [8.7465, 0.85853, 7.83501],
			"to": [8.82944, 0.94147, 8.16499],
			"rotation": {"angle": -22.5, "axis": "y", "origin": [8, 0.9, 8]},
			"faces": {
				"north": {"uv": [0, 0, 1, 1], "texture": "#4"},
				"east": {"uv": [0, 0, 1, 1], "texture": "#4"},
				"south": {"uv": [0, 0, 1, 1], "texture": "#4"},
				"west": {"uv": [0, 0, 1, 1], "texture": "#4"},
				"up": {"uv": [0, 0, 1, 1], "texture": "#4"},
				"down": {"uv": [0, 0, 1, 1], "texture": "#4"}
			}
		},
		{
			"name": "hexadecagon",
			"from": [8.7465, 0.45853, 7.83501],
			"to": [8.82944, 0.94147, 8.16499],
			"rotation": {"angle": 0, "axis": "y", "origin": [8, 0.9, 8]},
			"faces": {
				"north": {"uv": [0, 0, 1, 1], "texture": "#4"},
				"east": {"uv": [0, 0, 1, 1], "texture": "#4"},
				"south": {"uv": [0, 0, 1, 1], "texture": "#4"},
				"west": {"uv": [0, 0, 1, 1], "texture": "#4"},
				"up": {"uv": [0, 0, 1, 1], "texture": "#4"},
				"down": {"uv": [0, 0, 1, 1], "texture": "#4"}
			}
		},
		{
			"name": "hexadecagon",
			"from": [8.7465, 0.85853, 7.83501],
			"to": [8.82944, 0.94147, 8.16499],
			"rotation": {"angle": 22.5, "axis": "y", "origin": [8, 0.9, 8]},
			"faces": {
				"north": {"uv": [0, 0, 1, 1], "texture": "#4"},
				"east": {"uv": [0, 0, 1, 1], "texture": "#4"},
				"south": {"uv": [0, 0, 1, 1], "texture": "#4"},
				"west": {"uv": [0, 0, 1, 1], "texture": "#4"},
				"up": {"uv": [0, 0, 1, 1], "texture": "#4"},
				"down": {"uv": [0, 0, 1, 1], "texture": "#4"}
			}
		}
	],
	"display": {
		"head": {
			"translation": [0, 21, 0],
			"scale": [2.3, 2.3, 2.3]
		}
	},
	"groups": [
		0,
		1,
		2,
		3,
		4,
		{
			"name": "hexadecagon",
			"origin": [16, 16, 15],
			"color": 0,
			"children": [5, 6, 7, 8, 9, 10, 11, 12, 13]
		},
		{
			"name": "hexadecagon",
			"origin": [16, 16, 16],
			"color": 0,
			"children": [14, 15, 16, 17, 18, 19, 20, 21, 22, 23, 24, 25, 26, 27, 28, 29]
		}
	]
}