{
	"credit": "Made with Blockbench",
	"textures": {
		"0": "block/birch_planks",
		"1": "block/stripped_birch_log",
		"2": "block/beehive_side",
		"particle": "block/birch_planks"
	},
	"elements": [
		{
			"name": "hexadecagon",
			"from": [3.83665, -8.8176, -12.93056],
			"to": [12.16335, 25.3456, 28.93056],
			"rotation": {"angle": -45, "axis": "y", "origin": [8, 0.49056, 8]},
			"faces": {
				"north": {"uv": [0, 0, 16, 6], "texture": "#0"},
				"east": {"uv": [0, 0, 16, 6], "texture": "#0"},
				"south": {"uv": [0, 0, 16, 6], "texture": "#0"},
				"west": {"uv": [0, 0, 16, 6], "texture": "#0"},
				"up": {"uv": [0, 0, 16, 6], "texture": "#0"},
				"down": {"uv": [0, 0, 16, 6], "texture": "#0"}
			}
		},
		{
			"name": "hexadecagon",
			"from": [3.83665, -8.8176, -12.93056],
			"to": [12.16335, 25.3456, 28.93056],
			"rotation": {"angle": -22.5, "axis": "y", "origin": [8, 0.49056, 8]},
			"faces": {
				"north": {"uv": [0, 0, 16, 6], "texture": "#2"},
				"east": {"uv": [0, 0, 16, 6], "texture": "#0"},
				"south": {"uv": [0, 0, 16, 6], "texture": "#2"},
				"west": {"uv": [0, 0, 16, 6], "texture": "#0"},
				"up": {"uv": [0, 0, 16, 6], "texture": "#0"},
				"down": {"uv": [0, 0, 16, 6], "texture": "#0"}
			}
		},
		{
			"name": "hexadecagon",
			"from": [3.83665, -8.8176, -12.93056],
			"to": [12.16335, 25.3456, 28.93056],
			"faces": {
				"north": {"uv": [0, 0, 16, 6], "texture": "#0"},
				"east": {"uv": [0, 0, 16, 6], "texture": "#0"},
				"south": {"uv": [0, 0, 16, 6], "texture": "#0"},
				"west": {"uv": [0, 0, 16, 6], "texture": "#0"},
				"up": {"uv": [0, 0, 16, 6], "texture": "#0"},
				"down": {"uv": [0, 0, 16, 6], "texture": "#0"}
			}
		},
		{
			"name": "hexadecagon",
			"from": [3.83665, -8.8176, -12.93056],
			"to": [12.16335, 25.3456, 28.93056],
			"rotation": {"angle": 22.5, "axis": "y", "origin": [8, 0.49056, 8]},
			"faces": {
				"north": {"uv": [0, 0, 16, 6], "texture": "#2"},
				"east": {"uv": [0, 0, 16, 6], "texture": "#0"},
				"south": {"uv": [0, 0, 16, 6], "texture": "#2"},
				"west": {"uv": [0, 0, 16, 6], "texture": "#0"},
				"up": {"uv": [0, 0, 16, 6], "texture": "#0"},
				"down": {"uv": [0, 0, 16, 6], "texture": "#0"}
			}
		},
		{
			"name": "hexadecagon",
			"from": [3.83665, -8.8176, -12.93056],
			"to": [12.16335, 25.3456, 28.93056],
			"rotation": {"angle": 45, "axis": "y", "origin": [8, 0.49056, 8]},
			"faces": {
				"north": {"uv": [0, 0, 16, 6], "texture": "#0"},
				"east": {"uv": [0, 0, 16, 6], "texture": "#0"},
				"south": {"uv": [0, 0, 16, 6], "texture": "#0"},
				"west": {"uv": [0, 0, 16, 6], "texture": "#0"},
				"up": {"uv": [0, 0, 16, 6], "texture": "#0"},
				"down": {"uv": [0, 0, 16, 6], "texture": "#0"}
			}
		},
		{
			"name": "hexadecagon",
			"from": [-12.93056, -8.8176, 3.83665],
			"to": [28.93056, 25.3456, 12.16335],
			"rotation": {"angle": -22.5, "axis": "y", "origin": [8, 0.49056, 8]},
			"faces": {
				"north": {"uv": [0, 0, 16, 6], "texture": "#0"},
				"east": {"uv": [0, 0, 16, 6], "texture": "#2"},
				"south": {"uv": [0, 0, 16, 6], "texture": "#0"},
				"west": {"uv": [0, 0, 16, 6], "texture": "#2"},
				"up": {"uv": [0, 0, 16, 6], "texture": "#0"},
				"down": {"uv": [0, 0, 16, 6], "texture": "#0"}
			}
		},
		{
			"name": "hexadecagon",
			"from": [-12.93056, -8.8176, 3.83665],
			"to": [28.93056, 25.3456, 12.16335],
			"faces": {
				"north": {"uv": [0, 0, 16, 6], "texture": "#0"},
				"east": {"uv": [0, 0, 16, 6], "texture": "#0"},
				"south": {"uv": [0, 0, 16, 6], "texture": "#0"},
				"west": {"uv": [0, 0, 16, 6], "texture": "#0"},
				"up": {"uv": [0, 0, 16, 6], "texture": "#0"},
				"down": {"uv": [0, 0, 16, 6], "texture": "#0"}
			}
		},
		{
			"name": "hexadecagon",
			"from": [-14.23872, -8.8176, 6.45297],
			"to": [30.23872, 25.3456, 9.54703],
			"faces": {
				"north": {"uv": [0, 0, 16, 6], "texture": "#1"},
				"east": {"uv": [0, 0, 16, 6], "texture": "#1"},
				"south": {"uv": [0, 0, 16, 6], "texture": "#1"},
				"west": {"uv": [0, 0, 16, 6], "texture": "#1"},
				"up": {"uv": [0, 0, 16, 6], "texture": "#1"},
				"down": {"uv": [0, 0, 16, 6], "texture": "#1"}
			}
		},
		{
			"name": "hexadecagon",
			"from": [6.45297, -8.8176, -14.23872],
			"to": [9.54703, 25.3456, 30.23872],
			"faces": {
				"north": {"uv": [0, 0, 16, 6], "texture": "#1"},
				"east": {"uv": [0, 0, 16, 6], "texture": "#1"},
				"south": {"uv": [0, 0, 16, 6], "texture": "#1"},
				"west": {"uv": [0, 0, 16, 6], "texture": "#1"},
				"up": {"uv": [0, 0, 16, 6], "rotation": 270, "texture": "#1"},
				"down": {"uv": [0, 0, 16, 6], "rotation": 90, "texture": "#1"}
			}
		},
		{
			"name": "hexadecagon",
			"from": [-14.23872, -8.8176, 6.45297],
			"to": [30.23872, 25.3456, 9.54703],
			"rotation": {"angle": 45, "axis": "y", "origin": [8, 0.49056, 8]},
			"faces": {
				"north": {"uv": [0, 0, 16, 6], "texture": "#1"},
				"east": {"uv": [0, 0, 16, 6], "texture": "#1"},
				"south": {"uv": [0, 0, 16, 6], "texture": "#1"},
				"west": {"uv": [0, 0, 16, 6], "texture": "#1"},
				"up": {"uv": [0, 0, 16, 6], "texture": "#1"},
				"down": {"uv": [0, 0, 16, 6], "texture": "#1"}
			}
		},
		{
			"name": "hexadecagon",
			"from": [6.45297, -8.8176, -14.23872],
			"to": [9.54703, 25.3456, 30.23872],
			"rotation": {"angle": 45, "axis": "y", "origin": [8, 0.49056, 8]},
			"faces": {
				"north": {"uv": [0, 0, 1, 6], "texture": "#1"},
				"east": {"uv": [0, 0, 16, 6], "texture": "#1"},
				"south": {"uv": [0, 0, 16, 6], "texture": "#1"},
				"west": {"uv": [0, 0, 16, 6], "texture": "#1"},
				"up": {"uv": [0, 0, 16, 6], "rotation": 270, "texture": "#1"},
				"down": {"uv": [0, 0, 16, 6], "rotation": 90, "texture": "#1"}
			}
		},
		{
			"name": "hexadecagon",
			"from": [-12.93056, -8.8176, 3.83665],
			"to": [28.93056, 25.3456, 12.16335],
			"rotation": {"angle": 22.5, "axis": "y", "origin": [8, 0.49056, 8]},
			"faces": {
				"north": {"uv": [0, 0, 16, 6], "texture": "#0"},
				"east": {"uv": [0, 0, 16, 6], "texture": "#2"},
				"south": {"uv": [0, 0, 16, 6], "texture": "#0"},
				"west": {"uv": [0, 0, 16, 6], "texture": "#2"},
				"up": {"uv": [0, 0, 16, 6], "texture": "#0"},
				"down": {"uv": [0, 0, 16, 6], "texture": "#0"}
			}
		}
	],
	"display": {
		"head": {
			"translation": [0, -5.25, 0],
			"scale": [2.9, 2.9, 2.9]
		}
	},
	"groups": [
		{
			"name": "hexadecagon",
			"origin": [8, 8, 8],
			"children": [0, 1, 2, 3, 4, 5, 6, 7, 8, 9, 10, 11]
		}
	]
}