{
	"credit": "Texture Par Rémi P. , Reproduction/Vole/Reprise Interdite ! AstérixCraft est sous copyright",
	"textures": {
		"0": "block/dark_oak_planks",
		"1": "block/hopper_outside",
		"2": "block/stripped_jungle_log",
		"3": "block/stone_slab_top",
		"4": "block/red_terracotta",
		"particle": "block/dark_oak_planks"
	},
	"elements": [
		{
			"from": [-12, -5, 15],
			"to": [24.25, 13, 16],
			"faces": {
				"north": {"uv": [0, 0, 16, 10], "texture": "#2"},
				"east": {"uv": [0, 0, 16, 10], "texture": "#2"},
				"south": {"uv": [0, 0, 16, 10], "texture": "#2"},
				"west": {"uv": [0, 0, 16, 10], "texture": "#2"},
				"up": {"uv": [0, 0, 16, 10], "texture": "#2"},
				"down": {"uv": [0, 0, 16, 10], "texture": "#2"}
			}
		},
		{
			"from": [-12, -5.05025, 11.71447],
			"to": [24.25, -4.05025, 14.96447],
			"faces": {
				"north": {"uv": [0, 0, 16, 10], "texture": "#2"},
				"east": {"uv": [0, 0, 16, 10], "texture": "#2"},
				"south": {"uv": [0, 0, 16, 10], "texture": "#2"},
				"west": {"uv": [0, 0, 16, 10], "texture": "#2"},
				"up": {"uv": [0, 0, 16, 10], "texture": "#2"},
				"down": {"uv": [0, 0, 16, 10], "texture": "#2"}
			}
		},
		{
			"from": [-12, -1.26044, 10.91178],
			"to": [24.25, -0.26044, 13.66178],
			"rotation": {"angle": 22.5, "axis": "x", "origin": [2, 1.73956, 3.16178]},
			"faces": {
				"north": {"uv": [0, 0, 16, 10], "texture": "#2"},
				"east": {"uv": [0, 0, 16, 10], "texture": "#2"},
				"south": {"uv": [0, 0, 16, 10], "texture": "#2"},
				"west": {"uv": [0, 0, 16, 10], "texture": "#2"},
				"up": {"uv": [0, 0, 16, 10], "texture": "#2"},
				"down": {"uv": [0, 0, 16, 10], "texture": "#2"}
			}
		},
		{
			"from": [-12, 2.54807, 11.6205],
			"to": [24.25, 3.54807, 14.3705],
			"rotation": {"angle": 45, "axis": "x", "origin": [2, 5.54807, 3.8705]},
			"faces": {
				"north": {"uv": [0, 0, 16, 10], "texture": "#2"},
				"east": {"uv": [0, 0, 16, 10], "texture": "#2"},
				"south": {"uv": [0, 0, 16, 10], "texture": "#2"},
				"west": {"uv": [0, 0, 16, 10], "texture": "#2"},
				"up": {"uv": [0, 0, 16, 10], "texture": "#2"},
				"down": {"uv": [0, 0, 16, 10], "texture": "#2"}
			}
		},
		{
			"from": [-12, -2.05333, 7.22925],
			"to": [24.25, -0.55333, 14.97925],
			"faces": {
				"north": {"uv": [0, 0, 16, 10], "rotation": 180, "texture": "#2"},
				"east": {"uv": [0, 0, 16, 10], "rotation": 270, "texture": "#2"},
				"south": {"uv": [0, 0, 16, 10], "texture": "#2"},
				"west": {"uv": [0, 0, 16, 10], "rotation": 90, "texture": "#2"},
				"up": {"uv": [0, 0, 16, 10], "rotation": 180, "texture": "#4"},
				"down": {"uv": [0, 0, 16, 10], "texture": "#2"}
			}
		},
		{
			"from": [-12, -0.55333, 7.22925],
			"to": [-11, -0.05333, 14.97925],
			"faces": {
				"north": {"uv": [0, 0, 16, 10], "rotation": 180, "texture": "#2"},
				"east": {"uv": [0, 0, 16, 10], "rotation": 270, "texture": "#2"},
				"south": {"uv": [0, 0, 16, 10], "texture": "#2"},
				"west": {"uv": [0, 0, 16, 10], "rotation": 90, "texture": "#2"},
				"up": {"uv": [0, 0, 16, 10], "rotation": 180, "texture": "#2"},
				"down": {"uv": [0, 0, 16, 10], "texture": "#2"}
			}
		},
		{
			"from": [6, -0.55333, 7.22925],
			"to": [7, -0.05333, 14.97925],
			"faces": {
				"north": {"uv": [0, 0, 16, 10], "rotation": 180, "texture": "#2"},
				"east": {"uv": [0, 0, 16, 10], "rotation": 270, "texture": "#2"},
				"south": {"uv": [0, 0, 16, 10], "texture": "#2"},
				"west": {"uv": [0, 0, 16, 10], "rotation": 90, "texture": "#2"},
				"up": {"uv": [0, 0, 16, 10], "rotation": 180, "texture": "#2"},
				"down": {"uv": [0, 0, 16, 10], "texture": "#2"}
			}
		},
		{
			"from": [-3, -0.55333, 7.22925],
			"to": [-2, -0.05333, 14.97925],
			"faces": {
				"north": {"uv": [0, 0, 16, 10], "rotation": 180, "texture": "#2"},
				"east": {"uv": [0, 0, 16, 10], "rotation": 270, "texture": "#2"},
				"south": {"uv": [0, 0, 16, 10], "texture": "#2"},
				"west": {"uv": [0, 0, 16, 10], "rotation": 90, "texture": "#2"},
				"up": {"uv": [0, 0, 16, 10], "rotation": 180, "texture": "#2"},
				"down": {"uv": [0, 0, 16, 10], "texture": "#2"}
			}
		},
		{
			"from": [15, -0.55333, 7.22925],
			"to": [16, -0.05333, 14.97925],
			"faces": {
				"north": {"uv": [0, 0, 16, 10], "rotation": 180, "texture": "#2"},
				"east": {"uv": [0, 0, 16, 10], "rotation": 270, "texture": "#2"},
				"south": {"uv": [0, 0, 16, 10], "texture": "#2"},
				"west": {"uv": [0, 0, 16, 10], "rotation": 90, "texture": "#2"},
				"up": {"uv": [0, 0, 16, 10], "rotation": 180, "texture": "#2"},
				"down": {"uv": [0, 0, 16, 10], "texture": "#2"}
			}
		},
		{
			"from": [-8, -0.55333, 7.22925],
			"to": [-7, -0.05333, 14.97925],
			"faces": {
				"north": {"uv": [0, 0, 16, 10], "rotation": 180, "texture": "#2"},
				"east": {"uv": [0, 0, 16, 10], "rotation": 270, "texture": "#2"},
				"south": {"uv": [0, 0, 16, 10], "texture": "#2"},
				"west": {"uv": [0, 0, 16, 10], "rotation": 90, "texture": "#2"},
				"up": {"uv": [0, 0, 16, 10], "rotation": 180, "texture": "#2"},
				"down": {"uv": [0, 0, 16, 10], "texture": "#2"}
			}
		},
		{
			"from": [10, -0.55333, 7.22925],
			"to": [11, -0.05333, 14.97925],
			"faces": {
				"north": {"uv": [0, 0, 16, 10], "rotation": 180, "texture": "#2"},
				"east": {"uv": [0, 0, 16, 10], "rotation": 270, "texture": "#2"},
				"south": {"uv": [0, 0, 16, 10], "texture": "#2"},
				"west": {"uv": [0, 0, 16, 10], "rotation": 90, "texture": "#2"},
				"up": {"uv": [0, 0, 16, 10], "rotation": 180, "texture": "#2"},
				"down": {"uv": [0, 0, 16, 10], "texture": "#2"}
			}
		},
		{
			"from": [1, -0.55333, 7.22925],
			"to": [2, -0.05333, 14.97925],
			"faces": {
				"north": {"uv": [0, 0, 16, 10], "rotation": 180, "texture": "#2"},
				"east": {"uv": [0, 0, 16, 10], "rotation": 270, "texture": "#2"},
				"south": {"uv": [0, 0, 16, 10], "texture": "#2"},
				"west": {"uv": [0, 0, 16, 10], "rotation": 90, "texture": "#2"},
				"up": {"uv": [0, 0, 16, 10], "rotation": 180, "texture": "#2"},
				"down": {"uv": [0, 0, 16, 10], "texture": "#2"}
			}
		},
		{
			"from": [19, -0.55333, 7.22925],
			"to": [20, -0.05333, 14.97925],
			"faces": {
				"north": {"uv": [0, 0, 16, 10], "rotation": 180, "texture": "#2"},
				"east": {"uv": [0, 0, 16, 10], "rotation": 270, "texture": "#2"},
				"south": {"uv": [0, 0, 16, 10], "texture": "#2"},
				"west": {"uv": [0, 0, 16, 10], "rotation": 90, "texture": "#2"},
				"up": {"uv": [0, 0, 16, 10], "rotation": 180, "texture": "#2"},
				"down": {"uv": [0, 0, 16, 10], "texture": "#2"}
			}
		},
		{
			"from": [-6, -0.55333, 7.22925],
			"to": [-5, -0.05333, 7.97925],
			"faces": {
				"north": {"uv": [0, 0, 16, 10], "rotation": 180, "texture": "#2"},
				"east": {"uv": [0, 0, 16, 10], "rotation": 270, "texture": "#2"},
				"south": {"uv": [0, 0, 16, 10], "texture": "#2"},
				"west": {"uv": [0, 0, 16, 10], "rotation": 90, "texture": "#2"},
				"up": {"uv": [0, 0, 16, 10], "rotation": 180, "texture": "#2"},
				"down": {"uv": [0, 0, 16, 10], "texture": "#2"}
			}
		},
		{
			"from": [12, -0.55333, 7.22925],
			"to": [13, -0.05333, 7.97925],
			"faces": {
				"north": {"uv": [0, 0, 16, 10], "rotation": 180, "texture": "#2"},
				"east": {"uv": [0, 0, 16, 10], "rotation": 270, "texture": "#2"},
				"south": {"uv": [0, 0, 16, 10], "texture": "#2"},
				"west": {"uv": [0, 0, 16, 10], "rotation": 90, "texture": "#2"},
				"up": {"uv": [0, 0, 16, 10], "rotation": 180, "texture": "#2"},
				"down": {"uv": [0, 0, 16, 10], "texture": "#2"}
			}
		},
		{
			"from": [11, -0.55333, 14.47925],
			"to": [14, 4.44667, 15.22925],
			"faces": {
				"north": {"uv": [0, 0, 16, 10], "rotation": 180, "texture": "#4"},
				"east": {"uv": [0, 0, 16, 10], "rotation": 180, "texture": "#4"},
				"south": {"uv": [0, 0, 16, 10], "rotation": 180, "texture": "#4"},
				"west": {"uv": [0, 0, 16, 10], "rotation": 180, "texture": "#4"},
				"up": {"uv": [0, 0, 16, 10], "rotation": 180, "texture": "#4"},
				"down": {"uv": [0, 0, 16, 10], "rotation": 180, "texture": "#4"}
			}
		},
		{
			"from": [3, -0.55333, 7.22925],
			"to": [4, -0.05333, 7.97925],
			"faces": {
				"north": {"uv": [0, 0, 16, 10], "rotation": 180, "texture": "#2"},
				"east": {"uv": [0, 0, 16, 10], "rotation": 270, "texture": "#2"},
				"south": {"uv": [0, 0, 16, 10], "texture": "#2"},
				"west": {"uv": [0, 0, 16, 10], "rotation": 90, "texture": "#2"},
				"up": {"uv": [0, 0, 16, 10], "rotation": 180, "texture": "#2"},
				"down": {"uv": [0, 0, 16, 10], "texture": "#2"}
			}
		},
		{
			"from": [2, -0.55333, 14.47925],
			"to": [5, 4.44667, 15.22925],
			"faces": {
				"north": {"uv": [0, 0, 16, 10], "rotation": 180, "texture": "#4"},
				"east": {"uv": [0, 0, 16, 10], "rotation": 180, "texture": "#4"},
				"south": {"uv": [0, 0, 16, 10], "rotation": 180, "texture": "#4"},
				"west": {"uv": [0, 0, 16, 10], "rotation": 180, "texture": "#4"},
				"up": {"uv": [0, 0, 16, 10], "rotation": 180, "texture": "#4"},
				"down": {"uv": [0, 0, 16, 10], "rotation": 180, "texture": "#4"}
			}
		},
		{
			"from": [-7, -0.55333, 14.47925],
			"to": [-4, 4.44667, 15.22925],
			"faces": {
				"north": {"uv": [0, 0, 16, 10], "rotation": 180, "texture": "#4"},
				"east": {"uv": [0, 0, 16, 10], "rotation": 180, "texture": "#4"},
				"south": {"uv": [0, 0, 16, 10], "rotation": 180, "texture": "#4"},
				"west": {"uv": [0, 0, 16, 10], "rotation": 180, "texture": "#4"},
				"up": {"uv": [0, 0, 16, 10], "rotation": 180, "texture": "#4"},
				"down": {"uv": [0, 0, 16, 10], "rotation": 180, "texture": "#4"}
			}
		},
		{
			"from": [21, -0.55333, 7.22925],
			"to": [22, -0.05333, 7.97925],
			"faces": {
				"north": {"uv": [0, 0, 16, 10], "rotation": 180, "texture": "#2"},
				"east": {"uv": [0, 0, 16, 10], "rotation": 270, "texture": "#2"},
				"south": {"uv": [0, 0, 16, 10], "texture": "#2"},
				"west": {"uv": [0, 0, 16, 10], "rotation": 90, "texture": "#2"},
				"up": {"uv": [0, 0, 16, 10], "rotation": 180, "texture": "#2"},
				"down": {"uv": [0, 0, 16, 10], "texture": "#2"}
			}
		},
		{
			"from": [20, -0.55333, 14.47925],
			"to": [23, 4.44667, 15.22925],
			"faces": {
				"north": {"uv": [0, 0, 16, 10], "rotation": 180, "texture": "#4"},
				"east": {"uv": [0, 0, 16, 10], "rotation": 180, "texture": "#4"},
				"south": {"uv": [0, 0, 16, 10], "rotation": 180, "texture": "#4"},
				"west": {"uv": [0, 0, 16, 10], "rotation": 180, "texture": "#4"},
				"up": {"uv": [0, 0, 16, 10], "rotation": 180, "texture": "#4"},
				"down": {"uv": [0, 0, 16, 10], "rotation": 180, "texture": "#4"}
			}
		},
		{
			"from": [-10, -0.55333, 7.22925],
			"to": [-9, -0.05333, 7.97925],
			"faces": {
				"north": {"uv": [0, 0, 16, 10], "rotation": 180, "texture": "#2"},
				"east": {"uv": [0, 0, 16, 10], "rotation": 270, "texture": "#2"},
				"south": {"uv": [0, 0, 16, 10], "texture": "#2"},
				"west": {"uv": [0, 0, 16, 10], "rotation": 90, "texture": "#2"},
				"up": {"uv": [0, 0, 16, 10], "rotation": 180, "texture": "#2"},
				"down": {"uv": [0, 0, 16, 10], "texture": "#2"}
			}
		},
		{
			"from": [8, -0.55333, 7.22925],
			"to": [9, -0.05333, 7.97925],
			"faces": {
				"north": {"uv": [0, 0, 16, 10], "rotation": 180, "texture": "#2"},
				"east": {"uv": [0, 0, 16, 10], "rotation": 270, "texture": "#2"},
				"south": {"uv": [0, 0, 16, 10], "texture": "#2"},
				"west": {"uv": [0, 0, 16, 10], "rotation": 90, "texture": "#2"},
				"up": {"uv": [0, 0, 16, 10], "rotation": 180, "texture": "#2"},
				"down": {"uv": [0, 0, 16, 10], "texture": "#2"}
			}
		},
		{
			"from": [7, -0.55333, 14.47925],
			"to": [10, 4.44667, 15.22925],
			"faces": {
				"north": {"uv": [0, 0, 16, 10], "rotation": 180, "texture": "#4"},
				"east": {"uv": [0, 0, 16, 10], "rotation": 180, "texture": "#4"},
				"south": {"uv": [0, 0, 16, 10], "rotation": 180, "texture": "#4"},
				"west": {"uv": [0, 0, 16, 10], "rotation": 180, "texture": "#4"},
				"up": {"uv": [0, 0, 16, 10], "rotation": 180, "texture": "#4"},
				"down": {"uv": [0, 0, 16, 10], "rotation": 180, "texture": "#4"}
			}
		},
		{
			"from": [-1, -0.55333, 7.22925],
			"to": [0, -0.05333, 7.97925],
			"faces": {
				"north": {"uv": [0, 0, 16, 10], "rotation": 180, "texture": "#2"},
				"east": {"uv": [0, 0, 16, 10], "rotation": 270, "texture": "#2"},
				"south": {"uv": [0, 0, 16, 10], "texture": "#2"},
				"west": {"uv": [0, 0, 16, 10], "rotation": 90, "texture": "#2"},
				"up": {"uv": [0, 0, 16, 10], "rotation": 180, "texture": "#2"},
				"down": {"uv": [0, 0, 16, 10], "texture": "#2"}
			}
		},
		{
			"from": [-2, -0.55333, 14.47925],
			"to": [1, 4.44667, 15.22925],
			"faces": {
				"north": {"uv": [0, 0, 16, 10], "rotation": 180, "texture": "#4"},
				"east": {"uv": [0, 0, 16, 10], "rotation": 180, "texture": "#4"},
				"south": {"uv": [0, 0, 16, 10], "rotation": 180, "texture": "#4"},
				"west": {"uv": [0, 0, 16, 10], "rotation": 180, "texture": "#4"},
				"up": {"uv": [0, 0, 16, 10], "rotation": 180, "texture": "#4"},
				"down": {"uv": [0, 0, 16, 10], "rotation": 180, "texture": "#4"}
			}
		},
		{
			"from": [-11, -0.55333, 14.47925],
			"to": [-8, 4.44667, 15.22925],
			"faces": {
				"north": {"uv": [0, 0, 16, 10], "rotation": 180, "texture": "#4"},
				"east": {"uv": [0, 0, 16, 10], "rotation": 180, "texture": "#4"},
				"south": {"uv": [0, 0, 16, 10], "rotation": 180, "texture": "#4"},
				"west": {"uv": [0, 0, 16, 10], "rotation": 180, "texture": "#4"},
				"up": {"uv": [0, 0, 16, 10], "rotation": 180, "texture": "#4"},
				"down": {"uv": [0, 0, 16, 10], "rotation": 180, "texture": "#4"}
			}
		},
		{
			"from": [17, -0.55333, 7.22925],
			"to": [18, -0.05333, 7.97925],
			"faces": {
				"north": {"uv": [0, 0, 16, 10], "rotation": 180, "texture": "#2"},
				"east": {"uv": [0, 0, 16, 10], "rotation": 270, "texture": "#2"},
				"south": {"uv": [0, 0, 16, 10], "texture": "#2"},
				"west": {"uv": [0, 0, 16, 10], "rotation": 90, "texture": "#2"},
				"up": {"uv": [0, 0, 16, 10], "rotation": 180, "texture": "#2"},
				"down": {"uv": [0, 0, 16, 10], "texture": "#2"}
			}
		},
		{
			"from": [16, -0.55333, 14.47925],
			"to": [19, 4.44667, 15.22925],
			"faces": {
				"north": {"uv": [0, 0, 16, 10], "rotation": 180, "texture": "#4"},
				"east": {"uv": [0, 0, 16, 10], "rotation": 180, "texture": "#4"},
				"south": {"uv": [0, 0, 16, 10], "rotation": 180, "texture": "#4"},
				"west": {"uv": [0, 0, 16, 10], "rotation": 180, "texture": "#4"},
				"up": {"uv": [0, 0, 16, 10], "rotation": 180, "texture": "#4"},
				"down": {"uv": [0, 0, 16, 10], "rotation": 180, "texture": "#4"}
			}
		},
		{
			"from": [-3.75, -0.55333, 7.22925],
			"to": [-2.25, -0.05333, 14.97925],
			"faces": {
				"north": {"uv": [0, 0, 16, 10], "rotation": 180, "texture": "#2"},
				"east": {"uv": [0, 0, 16, 10], "rotation": 270, "texture": "#2"},
				"south": {"uv": [0, 0, 16, 10], "texture": "#2"},
				"west": {"uv": [0, 0, 16, 10], "rotation": 90, "texture": "#2"},
				"up": {"uv": [0, 0, 16, 10], "rotation": 180, "texture": "#2"},
				"down": {"uv": [0, 0, 16, 10], "texture": "#2"}
			}
		},
		{
			"from": [14.25, -0.55333, 7.22925],
			"to": [15.75, -0.05333, 14.97925],
			"faces": {
				"north": {"uv": [0, 0, 16, 10], "rotation": 180, "texture": "#2"},
				"east": {"uv": [0, 0, 16, 10], "rotation": 270, "texture": "#2"},
				"south": {"uv": [0, 0, 16, 10], "texture": "#2"},
				"west": {"uv": [0, 0, 16, 10], "rotation": 90, "texture": "#2"},
				"up": {"uv": [0, 0, 16, 10], "rotation": 180, "texture": "#2"},
				"down": {"uv": [0, 0, 16, 10], "texture": "#2"}
			}
		},
		{
			"from": [5.25, -0.55333, 7.22925],
			"to": [6.75, -0.05333, 14.97925],
			"faces": {
				"north": {"uv": [0, 0, 16, 10], "rotation": 180, "texture": "#2"},
				"east": {"uv": [0, 0, 16, 10], "rotation": 270, "texture": "#2"},
				"south": {"uv": [0, 0, 16, 10], "texture": "#2"},
				"west": {"uv": [0, 0, 16, 10], "rotation": 90, "texture": "#2"},
				"up": {"uv": [0, 0, 16, 10], "rotation": 180, "texture": "#2"},
				"down": {"uv": [0, 0, 16, 10], "texture": "#2"}
			}
		},
		{
			"from": [23.25, -0.55333, 7.22925],
			"to": [24.25, -0.05333, 14.97925],
			"faces": {
				"north": {"uv": [0, 0, 16, 10], "rotation": 180, "texture": "#2"},
				"east": {"uv": [0, 0, 16, 10], "rotation": 270, "texture": "#2"},
				"south": {"uv": [0, 0, 16, 10], "texture": "#2"},
				"west": {"uv": [0, 0, 16, 10], "rotation": 90, "texture": "#2"},
				"up": {"uv": [0, 0, 16, 10], "rotation": 180, "texture": "#2"},
				"down": {"uv": [0, 0, 16, 10], "texture": "#2"}
			}
		},
		{
			"from": [-12, -0.55333, 9.47925],
			"to": [-11.5, 2.94667, 14.97925],
			"faces": {
				"north": {"uv": [0, 0, 16, 10], "rotation": 180, "texture": "#2"},
				"east": {"uv": [0, 0, 16, 10], "rotation": 270, "texture": "#2"},
				"south": {"uv": [0, 0, 16, 10], "texture": "#2"},
				"west": {"uv": [0, 0, 16, 10], "rotation": 90, "texture": "#2"},
				"up": {"uv": [0, 0, 16, 10], "rotation": 180, "texture": "#2"},
				"down": {"uv": [0, 0, 16, 10], "texture": "#2"}
			}
		},
		{
			"from": [5.75, -0.55333, 9.47925],
			"to": [6, 2.94667, 14.97925],
			"faces": {
				"north": {"uv": [0, 0, 16, 10], "rotation": 180, "texture": "#2"},
				"east": {"uv": [0, 0, 16, 10], "rotation": 270, "texture": "#2"},
				"south": {"uv": [0, 0, 16, 10], "texture": "#2"},
				"west": {"uv": [0, 0, 16, 10], "rotation": 90, "texture": "#2"},
				"up": {"uv": [0, 0, 16, 10], "rotation": 180, "texture": "#2"},
				"down": {"uv": [0, 0, 16, 10], "texture": "#2"}
			}
		},
		{
			"from": [-12, 2.94667, 11.47925],
			"to": [-11.5, 3.69667, 14.97925],
			"faces": {
				"north": {"uv": [0, 0, 16, 10], "rotation": 180, "texture": "#2"},
				"east": {"uv": [0, 0, 16, 10], "rotation": 270, "texture": "#2"},
				"south": {"uv": [0, 0, 16, 10], "texture": "#2"},
				"west": {"uv": [0, 0, 16, 10], "rotation": 90, "texture": "#2"},
				"up": {"uv": [0, 0, 16, 10], "rotation": 180, "texture": "#2"},
				"down": {"uv": [0, 0, 16, 10], "texture": "#2"}
			}
		},
		{
			"from": [5.75, 2.94667, 11.47925],
			"to": [6, 3.69667, 14.97925],
			"faces": {
				"north": {"uv": [0, 0, 16, 10], "rotation": 180, "texture": "#2"},
				"east": {"uv": [0, 0, 16, 10], "rotation": 270, "texture": "#2"},
				"south": {"uv": [0, 0, 16, 10], "texture": "#2"},
				"west": {"uv": [0, 0, 16, 10], "rotation": 90, "texture": "#2"},
				"up": {"uv": [0, 0, 16, 10], "rotation": 180, "texture": "#2"},
				"down": {"uv": [0, 0, 16, 10], "texture": "#2"}
			}
		},
		{
			"from": [-3.25, -0.55333, 9.47925],
			"to": [-3, 2.94667, 14.97925],
			"faces": {
				"north": {"uv": [0, 0, 16, 10], "rotation": 180, "texture": "#2"},
				"east": {"uv": [0, 0, 16, 10], "rotation": 270, "texture": "#2"},
				"south": {"uv": [0, 0, 16, 10], "texture": "#2"},
				"west": {"uv": [0, 0, 16, 10], "rotation": 90, "texture": "#2"},
				"up": {"uv": [0, 0, 16, 10], "rotation": 180, "texture": "#2"},
				"down": {"uv": [0, 0, 16, 10], "texture": "#2"}
			}
		},
		{
			"from": [14.75, -0.55333, 9.47925],
			"to": [15.25, 2.94667, 14.97925],
			"faces": {
				"north": {"uv": [0, 0, 16, 10], "rotation": 180, "texture": "#2"},
				"east": {"uv": [0, 0, 16, 10], "rotation": 270, "texture": "#2"},
				"south": {"uv": [0, 0, 16, 10], "texture": "#2"},
				"west": {"uv": [0, 0, 16, 10], "rotation": 90, "texture": "#2"},
				"up": {"uv": [0, 0, 16, 10], "rotation": 180, "texture": "#2"},
				"down": {"uv": [0, 0, 16, 10], "texture": "#2"}
			}
		},
		{
			"from": [-3.25, -0.55333, 9.47925],
			"to": [-2.75, 2.94667, 14.97925],
			"faces": {
				"north": {"uv": [0, 0, 16, 10], "rotation": 180, "texture": "#2"},
				"east": {"uv": [0, 0, 16, 10], "rotation": 270, "texture": "#2"},
				"south": {"uv": [0, 0, 16, 10], "texture": "#2"},
				"west": {"uv": [0, 0, 16, 10], "rotation": 90, "texture": "#2"},
				"up": {"uv": [0, 0, 16, 10], "rotation": 180, "texture": "#2"},
				"down": {"uv": [0, 0, 16, 10], "texture": "#2"}
			}
		},
		{
			"from": [-3.25, 2.94667, 11.47925],
			"to": [-2.75, 3.69667, 14.97925],
			"faces": {
				"north": {"uv": [0, 0, 16, 10], "rotation": 180, "texture": "#2"},
				"east": {"uv": [0, 0, 16, 10], "rotation": 270, "texture": "#2"},
				"south": {"uv": [0, 0, 16, 10], "texture": "#2"},
				"west": {"uv": [0, 0, 16, 10], "rotation": 90, "texture": "#2"},
				"up": {"uv": [0, 0, 16, 10], "rotation": 180, "texture": "#2"},
				"down": {"uv": [0, 0, 16, 10], "texture": "#2"}
			}
		},
		{
			"from": [5.75, -0.55333, 9.47925],
			"to": [6.25, 2.94667, 14.97925],
			"faces": {
				"north": {"uv": [0, 0, 16, 10], "rotation": 180, "texture": "#2"},
				"east": {"uv": [0, 0, 16, 10], "rotation": 270, "texture": "#2"},
				"south": {"uv": [0, 0, 16, 10], "texture": "#2"},
				"west": {"uv": [0, 0, 16, 10], "rotation": 90, "texture": "#2"},
				"up": {"uv": [0, 0, 16, 10], "rotation": 180, "texture": "#2"},
				"down": {"uv": [0, 0, 16, 10], "texture": "#2"}
			}
		},
		{
			"from": [23.75, -0.55333, 9.47925],
			"to": [24.25, 2.94667, 14.97925],
			"faces": {
				"north": {"uv": [0, 0, 16, 10], "rotation": 180, "texture": "#2"},
				"east": {"uv": [0, 0, 16, 10], "rotation": 270, "texture": "#2"},
				"south": {"uv": [0, 0, 16, 10], "texture": "#2"},
				"west": {"uv": [0, 0, 16, 10], "rotation": 90, "texture": "#2"},
				"up": {"uv": [0, 0, 16, 10], "rotation": 180, "texture": "#2"},
				"down": {"uv": [0, 0, 16, 10], "texture": "#2"}
			}
		},
		{
			"from": [5.75, 2.94667, 11.47925],
			"to": [6.25, 3.69667, 14.97925],
			"faces": {
				"north": {"uv": [0, 0, 16, 10], "rotation": 180, "texture": "#2"},
				"east": {"uv": [0, 0, 16, 10], "rotation": 270, "texture": "#2"},
				"south": {"uv": [0, 0, 16, 10], "texture": "#2"},
				"west": {"uv": [0, 0, 16, 10], "rotation": 90, "texture": "#2"},
				"up": {"uv": [0, 0, 16, 10], "rotation": 180, "texture": "#2"},
				"down": {"uv": [0, 0, 16, 10], "texture": "#2"}
			}
		},
		{
			"from": [14.75, 2.94667, 11.47925],
			"to": [15.25, 3.69667, 14.97925],
			"faces": {
				"north": {"uv": [0, 0, 16, 10], "rotation": 180, "texture": "#2"},
				"east": {"uv": [0, 0, 16, 10], "rotation": 270, "texture": "#2"},
				"south": {"uv": [0, 0, 16, 10], "texture": "#2"},
				"west": {"uv": [0, 0, 16, 10], "rotation": 90, "texture": "#2"},
				"up": {"uv": [0, 0, 16, 10], "rotation": 180, "texture": "#2"},
				"down": {"uv": [0, 0, 16, 10], "texture": "#2"}
			}
		},
		{
			"from": [23.75, 2.94667, 11.47925],
			"to": [24.25, 3.69667, 14.97925],
			"faces": {
				"north": {"uv": [0, 0, 16, 10], "rotation": 180, "texture": "#2"},
				"east": {"uv": [0, 0, 16, 10], "rotation": 270, "texture": "#2"},
				"south": {"uv": [0, 0, 16, 10], "texture": "#2"},
				"west": {"uv": [0, 0, 16, 10], "rotation": 90, "texture": "#2"},
				"up": {"uv": [0, 0, 16, 10], "rotation": 180, "texture": "#2"},
				"down": {"uv": [0, 0, 16, 10], "texture": "#2"}
			}
		},
		{
			"from": [-12, -3.35333, 8.62925],
			"to": [24.25, -2.05333, 14.97925],
			"faces": {
				"north": {"uv": [0, 0, 16, 10], "rotation": 180, "texture": "#2"},
				"east": {"uv": [0, 0, 16, 10], "rotation": 270, "texture": "#2"},
				"south": {"uv": [0, 0, 16, 10], "texture": "#2"},
				"west": {"uv": [0, 0, 16, 10], "rotation": 90, "texture": "#2"},
				"up": {"uv": [0, 0, 16, 10], "rotation": 180, "texture": "#2"},
				"down": {"uv": [0, 0, 16, 10], "texture": "#2"}
			}
		},
		{
			"from": [-12, -4.35333, 10.12925],
			"to": [24.25, -2.05333, 14.97925],
			"faces": {
				"north": {"uv": [0, 0, 16, 10], "rotation": 180, "texture": "#2"},
				"east": {"uv": [0, 0, 16, 10], "rotation": 270, "texture": "#2"},
				"south": {"uv": [0, 0, 16, 10], "texture": "#2"},
				"west": {"uv": [0, 0, 16, 10], "rotation": 90, "texture": "#2"},
				"up": {"uv": [0, 0, 16, 10], "rotation": 180, "texture": "#2"},
				"down": {"uv": [0, 0, 16, 10], "texture": "#2"}
			}
		},
		{
			"from": [-14, 13, 15],
			"to": [26, 14, 16],
			"faces": {
				"north": {"uv": [0, 0, 16, 10], "texture": "#0"},
				"east": {"uv": [0, 0, 16, 10], "texture": "#0"},
				"south": {"uv": [0, 0, 16, 10], "texture": "#0"},
				"west": {"uv": [0, 0, 16, 10], "texture": "#0"},
				"up": {"uv": [0, 0, 16, 10], "texture": "#0"},
				"down": {"uv": [0, 0, 16, 10], "texture": "#0"}
			}
		},
		{
			"from": [-12.5, 12.75, 14.75],
			"to": [-11.75, 14.25, 16.25],
			"faces": {
				"north": {"uv": [0, 0, 16, 10], "texture": "#1"},
				"east": {"uv": [0, 0, 16, 10], "texture": "#1"},
				"south": {"uv": [0, 0, 16, 10], "texture": "#1"},
				"west": {"uv": [0, 0, 16, 10], "texture": "#1"},
				"up": {"uv": [0, 0, 16, 10], "texture": "#1"},
				"down": {"uv": [0, 0, 16, 10], "texture": "#1"}
			}
		},
		{
			"from": [24, 12.75, 14.75],
			"to": [24.75, 14.25, 16.25],
			"faces": {
				"north": {"uv": [0, 0, 16, 10], "texture": "#1"},
				"east": {"uv": [0, 0, 16, 10], "texture": "#1"},
				"south": {"uv": [0, 0, 16, 10], "texture": "#1"},
				"west": {"uv": [0, 0, 16, 10], "texture": "#1"},
				"up": {"uv": [0, 0, 16, 10], "texture": "#1"},
				"down": {"uv": [0, 0, 16, 10], "texture": "#1"}
			}
		},
		{
			"from": [-12, 6.50271, 9.05485],
			"to": [-11.5, 7.25271, 9.55485],
			"rotation": {"angle": 22.5, "axis": "x", "origin": [-1.5, 7.00271, 7.55485]},
			"faces": {
				"north": {"uv": [1.5, 1.5, 13, 10.5], "texture": "#3"},
				"east": {"uv": [1.5, 1.5, 13, 10.5], "rotation": 270, "texture": "#3"},
				"south": {"uv": [1.5, 1.5, 13, 10.5], "rotation": 180, "texture": "#3"},
				"west": {"uv": [1.5, 1.5, 13, 10.5], "rotation": 90, "texture": "#3"},
				"up": {"uv": [1.5, 1.5, 13, 10.5], "rotation": 180, "texture": "#3"},
				"down": {"uv": [1.5, 1.5, 13, 10.5], "texture": "#3"}
			}
		},
		{
			"from": [6, 6.50271, 9.05485],
			"to": [6.5, 7.25271, 9.55485],
			"rotation": {"angle": 22.5, "axis": "x", "origin": [16.5, 7.00271, 7.55485]},
			"faces": {
				"north": {"uv": [1.5, 1.5, 13, 10.5], "texture": "#3"},
				"east": {"uv": [1.5, 1.5, 13, 10.5], "rotation": 270, "texture": "#3"},
				"south": {"uv": [1.5, 1.5, 13, 10.5], "rotation": 180, "texture": "#3"},
				"west": {"uv": [1.5, 1.5, 13, 10.5], "rotation": 90, "texture": "#3"},
				"up": {"uv": [1.5, 1.5, 13, 10.5], "rotation": 180, "texture": "#3"},
				"down": {"uv": [1.5, 1.5, 13, 10.5], "texture": "#3"}
			}
		},
		{
			"from": [-3, 6.50271, 9.05485],
			"to": [-2.5, 7.25271, 9.55485],
			"rotation": {"angle": 22.5, "axis": "x", "origin": [7.5, 7.00271, 7.55485]},
			"faces": {
				"north": {"uv": [1.5, 1.5, 13, 10.5], "texture": "#3"},
				"east": {"uv": [1.5, 1.5, 13, 10.5], "rotation": 270, "texture": "#3"},
				"south": {"uv": [1.5, 1.5, 13, 10.5], "rotation": 180, "texture": "#3"},
				"west": {"uv": [1.5, 1.5, 13, 10.5], "rotation": 90, "texture": "#3"},
				"up": {"uv": [1.5, 1.5, 13, 10.5], "rotation": 180, "texture": "#3"},
				"down": {"uv": [1.5, 1.5, 13, 10.5], "texture": "#3"}
			}
		},
		{
			"from": [15, 6.50271, 9.05485],
			"to": [15.5, 7.25271, 9.55485],
			"rotation": {"angle": 22.5, "axis": "x", "origin": [25.5, 7.00271, 7.55485]},
			"faces": {
				"north": {"uv": [1.5, 1.5, 13, 10.5], "texture": "#3"},
				"east": {"uv": [1.5, 1.5, 13, 10.5], "rotation": 270, "texture": "#3"},
				"south": {"uv": [1.5, 1.5, 13, 10.5], "rotation": 180, "texture": "#3"},
				"west": {"uv": [1.5, 1.5, 13, 10.5], "rotation": 90, "texture": "#3"},
				"up": {"uv": [1.5, 1.5, 13, 10.5], "rotation": 180, "texture": "#3"},
				"down": {"uv": [1.5, 1.5, 13, 10.5], "texture": "#3"}
			}
		},
		{
			"from": [-12, 1.21675, 8.74933],
			"to": [-11.5, 5.96675, 9.24933],
			"faces": {
				"north": {"uv": [1.5, 1.5, 13, 10.5], "texture": "#3"},
				"east": {"uv": [1.5, 1.5, 13, 10.5], "rotation": 270, "texture": "#3"},
				"south": {"uv": [1.5, 1.5, 13, 10.5], "rotation": 180, "texture": "#3"},
				"west": {"uv": [1.5, 1.5, 13, 10.5], "rotation": 90, "texture": "#3"},
				"up": {"uv": [1.5, 1.5, 13, 10.5], "rotation": 180, "texture": "#3"},
				"down": {"uv": [1.5, 1.5, 13, 10.5], "texture": "#3"}
			}
		},
		{
			"from": [6, 1.21675, 8.74933],
			"to": [6.5, 5.96675, 9.24933],
			"faces": {
				"north": {"uv": [1.5, 1.5, 13, 10.5], "texture": "#3"},
				"east": {"uv": [1.5, 1.5, 13, 10.5], "rotation": 270, "texture": "#3"},
				"south": {"uv": [1.5, 1.5, 13, 10.5], "rotation": 180, "texture": "#3"},
				"west": {"uv": [1.5, 1.5, 13, 10.5], "rotation": 90, "texture": "#3"},
				"up": {"uv": [1.5, 1.5, 13, 10.5], "rotation": 180, "texture": "#3"},
				"down": {"uv": [1.5, 1.5, 13, 10.5], "texture": "#3"}
			}
		},
		{
			"from": [-3, 1.21675, 8.74933],
			"to": [-2.5, 5.96675, 9.24933],
			"faces": {
				"north": {"uv": [1.5, 1.5, 13, 10.5], "texture": "#3"},
				"east": {"uv": [1.5, 1.5, 13, 10.5], "rotation": 270, "texture": "#3"},
				"south": {"uv": [1.5, 1.5, 13, 10.5], "rotation": 180, "texture": "#3"},
				"west": {"uv": [1.5, 1.5, 13, 10.5], "rotation": 90, "texture": "#3"},
				"up": {"uv": [1.5, 1.5, 13, 10.5], "rotation": 180, "texture": "#3"},
				"down": {"uv": [1.5, 1.5, 13, 10.5], "texture": "#3"}
			}
		},
		{
			"from": [15, 1.21675, 8.74933],
			"to": [15.5, 5.96675, 9.24933],
			"faces": {
				"north": {"uv": [1.5, 1.5, 13, 10.5], "texture": "#3"},
				"east": {"uv": [1.5, 1.5, 13, 10.5], "rotation": 270, "texture": "#3"},
				"south": {"uv": [1.5, 1.5, 13, 10.5], "rotation": 180, "texture": "#3"},
				"west": {"uv": [1.5, 1.5, 13, 10.5], "rotation": 90, "texture": "#3"},
				"up": {"uv": [1.5, 1.5, 13, 10.5], "rotation": 180, "texture": "#3"},
				"down": {"uv": [1.5, 1.5, 13, 10.5], "texture": "#3"}
			}
		},
		{
			"from": [-12, 6.23682, 8.42426],
			"to": [-11.5, 6.73682, 9.17426],
			"rotation": {"angle": -22.5, "axis": "x", "origin": [-5.5, 8.23682, 8.92426]},
			"faces": {
				"north": {"uv": [1.5, 1.5, 13, 10.5], "rotation": 180, "texture": "#3"},
				"east": {"uv": [1.5, 1.5, 13, 10.5], "rotation": 180, "texture": "#3"},
				"south": {"uv": [1.5, 1.5, 13, 10.5], "rotation": 180, "texture": "#3"},
				"west": {"uv": [1.5, 1.5, 13, 10.5], "rotation": 180, "texture": "#3"},
				"up": {"uv": [1.5, 1.5, 13, 10.5], "rotation": 180, "texture": "#3"},
				"down": {"uv": [1.5, 1.5, 13, 10.5], "rotation": 180, "texture": "#3"}
			}
		},
		{
			"from": [6, 6.23682, 8.42426],
			"to": [6.5, 6.73682, 9.17426],
			"rotation": {"angle": -22.5, "axis": "x", "origin": [12.5, 8.23682, 8.92426]},
			"faces": {
				"north": {"uv": [1.5, 1.5, 13, 10.5], "rotation": 180, "texture": "#3"},
				"east": {"uv": [1.5, 1.5, 13, 10.5], "rotation": 180, "texture": "#3"},
				"south": {"uv": [1.5, 1.5, 13, 10.5], "rotation": 180, "texture": "#3"},
				"west": {"uv": [1.5, 1.5, 13, 10.5], "rotation": 180, "texture": "#3"},
				"up": {"uv": [1.5, 1.5, 13, 10.5], "rotation": 180, "texture": "#3"},
				"down": {"uv": [1.5, 1.5, 13, 10.5], "rotation": 180, "texture": "#3"}
			}
		},
		{
			"from": [-3, 6.23682, 8.42426],
			"to": [-2.5, 6.73682, 9.17426],
			"rotation": {"angle": -22.5, "axis": "x", "origin": [3.5, 8.23682, 8.92426]},
			"faces": {
				"north": {"uv": [1.5, 1.5, 13, 10.5], "rotation": 180, "texture": "#3"},
				"east": {"uv": [1.5, 1.5, 13, 10.5], "rotation": 180, "texture": "#3"},
				"south": {"uv": [1.5, 1.5, 13, 10.5], "rotation": 180, "texture": "#3"},
				"west": {"uv": [1.5, 1.5, 13, 10.5], "rotation": 180, "texture": "#3"},
				"up": {"uv": [1.5, 1.5, 13, 10.5], "rotation": 180, "texture": "#3"},
				"down": {"uv": [1.5, 1.5, 13, 10.5], "rotation": 180, "texture": "#3"}
			}
		},
		{
			"from": [15, 6.23682, 8.42426],
			"to": [15.5, 6.73682, 9.17426],
			"rotation": {"angle": -22.5, "axis": "x", "origin": [21.5, 8.23682, 8.92426]},
			"faces": {
				"north": {"uv": [1.5, 1.5, 13, 10.5], "rotation": 180, "texture": "#3"},
				"east": {"uv": [1.5, 1.5, 13, 10.5], "rotation": 180, "texture": "#3"},
				"south": {"uv": [1.5, 1.5, 13, 10.5], "rotation": 180, "texture": "#3"},
				"west": {"uv": [1.5, 1.5, 13, 10.5], "rotation": 180, "texture": "#3"},
				"up": {"uv": [1.5, 1.5, 13, 10.5], "rotation": 180, "texture": "#3"},
				"down": {"uv": [1.5, 1.5, 13, 10.5], "rotation": 180, "texture": "#3"}
			}
		},
		{
			"from": [-12, 6.44667, 9.72925],
			"to": [-11.5, 6.94667, 14.97925],
			"faces": {
				"north": {"uv": [1.5, 1.5, 13, 10.5], "rotation": 180, "texture": "#3"},
				"east": {"uv": [1.5, 1.5, 13, 10.5], "rotation": 180, "texture": "#3"},
				"south": {"uv": [1.5, 1.5, 13, 10.5], "rotation": 180, "texture": "#3"},
				"west": {"uv": [1.5, 1.5, 13, 10.5], "rotation": 180, "texture": "#3"},
				"up": {"uv": [1.5, 1.5, 13, 10.5], "rotation": 180, "texture": "#3"},
				"down": {"uv": [1.5, 1.5, 13, 10.5], "rotation": 180, "texture": "#3"}
			}
		},
		{
			"from": [6, 6.44667, 9.72925],
			"to": [6.5, 6.94667, 14.97925],
			"faces": {
				"north": {"uv": [1.5, 1.5, 13, 10.5], "rotation": 180, "texture": "#3"},
				"east": {"uv": [1.5, 1.5, 13, 10.5], "rotation": 180, "texture": "#3"},
				"south": {"uv": [1.5, 1.5, 13, 10.5], "rotation": 180, "texture": "#3"},
				"west": {"uv": [1.5, 1.5, 13, 10.5], "rotation": 180, "texture": "#3"},
				"up": {"uv": [1.5, 1.5, 13, 10.5], "rotation": 180, "texture": "#3"},
				"down": {"uv": [1.5, 1.5, 13, 10.5], "rotation": 180, "texture": "#3"}
			}
		},
		{
			"from": [-3, 6.44667, 9.72925],
			"to": [-2.5, 6.94667, 14.97925],
			"faces": {
				"north": {"uv": [1.5, 1.5, 13, 10.5], "rotation": 180, "texture": "#3"},
				"east": {"uv": [1.5, 1.5, 13, 10.5], "rotation": 180, "texture": "#3"},
				"south": {"uv": [1.5, 1.5, 13, 10.5], "rotation": 180, "texture": "#3"},
				"west": {"uv": [1.5, 1.5, 13, 10.5], "rotation": 180, "texture": "#3"},
				"up": {"uv": [1.5, 1.5, 13, 10.5], "rotation": 180, "texture": "#3"},
				"down": {"uv": [1.5, 1.5, 13, 10.5], "rotation": 180, "texture": "#3"}
			}
		},
		{
			"from": [15, 6.44667, 9.72925],
			"to": [15.5, 6.94667, 14.97925],
			"faces": {
				"north": {"uv": [1.5, 1.5, 13, 10.5], "rotation": 180, "texture": "#3"},
				"east": {"uv": [1.5, 1.5, 13, 10.5], "rotation": 180, "texture": "#3"},
				"south": {"uv": [1.5, 1.5, 13, 10.5], "rotation": 180, "texture": "#3"},
				"west": {"uv": [1.5, 1.5, 13, 10.5], "rotation": 180, "texture": "#3"},
				"up": {"uv": [1.5, 1.5, 13, 10.5], "rotation": 180, "texture": "#3"},
				"down": {"uv": [1.5, 1.5, 13, 10.5], "rotation": 180, "texture": "#3"}
			}
		},
		{
			"from": [-7.5, 6.44667, 9.72925],
			"to": [-7, 6.94667, 14.97925],
			"faces": {
				"north": {"uv": [1.5, 1.5, 13, 10.5], "rotation": 180, "texture": "#3"},
				"east": {"uv": [1.5, 1.5, 13, 10.5], "rotation": 180, "texture": "#3"},
				"south": {"uv": [1.5, 1.5, 13, 10.5], "rotation": 180, "texture": "#3"},
				"west": {"uv": [1.5, 1.5, 13, 10.5], "rotation": 180, "texture": "#3"},
				"up": {"uv": [1.5, 1.5, 13, 10.5], "rotation": 180, "texture": "#3"},
				"down": {"uv": [1.5, 1.5, 13, 10.5], "rotation": 180, "texture": "#3"}
			}
		},
		{
			"from": [10.5, 6.44667, 9.72925],
			"to": [11, 6.94667, 14.97925],
			"faces": {
				"north": {"uv": [1.5, 1.5, 13, 10.5], "rotation": 180, "texture": "#3"},
				"east": {"uv": [1.5, 1.5, 13, 10.5], "rotation": 180, "texture": "#3"},
				"south": {"uv": [1.5, 1.5, 13, 10.5], "rotation": 180, "texture": "#3"},
				"west": {"uv": [1.5, 1.5, 13, 10.5], "rotation": 180, "texture": "#3"},
				"up": {"uv": [1.5, 1.5, 13, 10.5], "rotation": 180, "texture": "#3"},
				"down": {"uv": [1.5, 1.5, 13, 10.5], "rotation": 180, "texture": "#3"}
			}
		},
		{
			"from": [1.5, 6.44667, 9.72925],
			"to": [2, 6.94667, 14.97925],
			"faces": {
				"north": {"uv": [1.5, 1.5, 13, 10.5], "rotation": 180, "texture": "#3"},
				"east": {"uv": [1.5, 1.5, 13, 10.5], "rotation": 180, "texture": "#3"},
				"south": {"uv": [1.5, 1.5, 13, 10.5], "rotation": 180, "texture": "#3"},
				"west": {"uv": [1.5, 1.5, 13, 10.5], "rotation": 180, "texture": "#3"},
				"up": {"uv": [1.5, 1.5, 13, 10.5], "rotation": 180, "texture": "#3"},
				"down": {"uv": [1.5, 1.5, 13, 10.5], "rotation": 180, "texture": "#3"}
			}
		},
		{
			"from": [19.5, 6.44667, 9.72925],
			"to": [20, 6.94667, 14.97925],
			"faces": {
				"north": {"uv": [1.5, 1.5, 13, 10.5], "rotation": 180, "texture": "#3"},
				"east": {"uv": [1.5, 1.5, 13, 10.5], "rotation": 180, "texture": "#3"},
				"south": {"uv": [1.5, 1.5, 13, 10.5], "rotation": 180, "texture": "#3"},
				"west": {"uv": [1.5, 1.5, 13, 10.5], "rotation": 180, "texture": "#3"},
				"up": {"uv": [1.5, 1.5, 13, 10.5], "rotation": 180, "texture": "#3"},
				"down": {"uv": [1.5, 1.5, 13, 10.5], "rotation": 180, "texture": "#3"}
			}
		},
		{
			"from": [-8, 6.44667, 9.72925],
			"to": [-7.5, 6.94667, 14.97925],
			"faces": {
				"north": {"uv": [1.5, 1.5, 13, 10.5], "rotation": 180, "texture": "#3"},
				"east": {"uv": [1.5, 1.5, 13, 10.5], "rotation": 180, "texture": "#3"},
				"south": {"uv": [1.5, 1.5, 13, 10.5], "rotation": 180, "texture": "#3"},
				"west": {"uv": [1.5, 1.5, 13, 10.5], "rotation": 180, "texture": "#3"},
				"up": {"uv": [1.5, 1.5, 13, 10.5], "rotation": 180, "texture": "#3"},
				"down": {"uv": [1.5, 1.5, 13, 10.5], "rotation": 180, "texture": "#3"}
			}
		},
		{
			"from": [10, 6.44667, 9.72925],
			"to": [10.5, 6.94667, 14.97925],
			"faces": {
				"north": {"uv": [1.5, 1.5, 13, 10.5], "rotation": 180, "texture": "#3"},
				"east": {"uv": [1.5, 1.5, 13, 10.5], "rotation": 180, "texture": "#3"},
				"south": {"uv": [1.5, 1.5, 13, 10.5], "rotation": 180, "texture": "#3"},
				"west": {"uv": [1.5, 1.5, 13, 10.5], "rotation": 180, "texture": "#3"},
				"up": {"uv": [1.5, 1.5, 13, 10.5], "rotation": 180, "texture": "#3"},
				"down": {"uv": [1.5, 1.5, 13, 10.5], "rotation": 180, "texture": "#3"}
			}
		},
		{
			"from": [1, 6.44667, 9.72925],
			"to": [1.5, 6.94667, 14.97925],
			"faces": {
				"north": {"uv": [1.5, 1.5, 13, 10.5], "rotation": 180, "texture": "#3"},
				"east": {"uv": [1.5, 1.5, 13, 10.5], "rotation": 180, "texture": "#3"},
				"south": {"uv": [1.5, 1.5, 13, 10.5], "rotation": 180, "texture": "#3"},
				"west": {"uv": [1.5, 1.5, 13, 10.5], "rotation": 180, "texture": "#3"},
				"up": {"uv": [1.5, 1.5, 13, 10.5], "rotation": 180, "texture": "#3"},
				"down": {"uv": [1.5, 1.5, 13, 10.5], "rotation": 180, "texture": "#3"}
			}
		},
		{
			"from": [19, 6.44667, 9.72925],
			"to": [19.5, 6.94667, 14.97925],
			"faces": {
				"north": {"uv": [1.5, 1.5, 13, 10.5], "rotation": 180, "texture": "#3"},
				"east": {"uv": [1.5, 1.5, 13, 10.5], "rotation": 180, "texture": "#3"},
				"south": {"uv": [1.5, 1.5, 13, 10.5], "rotation": 180, "texture": "#3"},
				"west": {"uv": [1.5, 1.5, 13, 10.5], "rotation": 180, "texture": "#3"},
				"up": {"uv": [1.5, 1.5, 13, 10.5], "rotation": 180, "texture": "#3"},
				"down": {"uv": [1.5, 1.5, 13, 10.5], "rotation": 180, "texture": "#3"}
			}
		},
		{
			"from": [-8, 6.23682, 8.42426],
			"to": [-7.5, 6.73682, 9.17426],
			"rotation": {"angle": -22.5, "axis": "x", "origin": [-1.5, 8.23682, 8.92426]},
			"faces": {
				"north": {"uv": [1.5, 1.5, 13, 10.5], "rotation": 180, "texture": "#3"},
				"east": {"uv": [1.5, 1.5, 13, 10.5], "rotation": 180, "texture": "#3"},
				"south": {"uv": [1.5, 1.5, 13, 10.5], "rotation": 180, "texture": "#3"},
				"west": {"uv": [1.5, 1.5, 13, 10.5], "rotation": 180, "texture": "#3"},
				"up": {"uv": [1.5, 1.5, 13, 10.5], "rotation": 180, "texture": "#3"},
				"down": {"uv": [1.5, 1.5, 13, 10.5], "rotation": 180, "texture": "#3"}
			}
		},
		{
			"from": [10, 6.23682, 8.42426],
			"to": [10.5, 6.73682, 9.17426],
			"rotation": {"angle": -22.5, "axis": "x", "origin": [16.5, 8.23682, 8.92426]},
			"faces": {
				"north": {"uv": [1.5, 1.5, 13, 10.5], "rotation": 180, "texture": "#3"},
				"east": {"uv": [1.5, 1.5, 13, 10.5], "rotation": 180, "texture": "#3"},
				"south": {"uv": [1.5, 1.5, 13, 10.5], "rotation": 180, "texture": "#3"},
				"west": {"uv": [1.5, 1.5, 13, 10.5], "rotation": 180, "texture": "#3"},
				"up": {"uv": [1.5, 1.5, 13, 10.5], "rotation": 180, "texture": "#3"},
				"down": {"uv": [1.5, 1.5, 13, 10.5], "rotation": 180, "texture": "#3"}
			}
		},
		{
			"from": [1, 6.23682, 8.42426],
			"to": [1.5, 6.73682, 9.17426],
			"rotation": {"angle": -22.5, "axis": "x", "origin": [7.5, 8.23682, 8.92426]},
			"faces": {
				"north": {"uv": [1.5, 1.5, 13, 10.5], "rotation": 180, "texture": "#3"},
				"east": {"uv": [1.5, 1.5, 13, 10.5], "rotation": 180, "texture": "#3"},
				"south": {"uv": [1.5, 1.5, 13, 10.5], "rotation": 180, "texture": "#3"},
				"west": {"uv": [1.5, 1.5, 13, 10.5], "rotation": 180, "texture": "#3"},
				"up": {"uv": [1.5, 1.5, 13, 10.5], "rotation": 180, "texture": "#3"},
				"down": {"uv": [1.5, 1.5, 13, 10.5], "rotation": 180, "texture": "#3"}
			}
		},
		{
			"from": [19, 6.23682, 8.42426],
			"to": [19.5, 6.73682, 9.17426],
			"rotation": {"angle": -22.5, "axis": "x", "origin": [25.5, 8.23682, 8.92426]},
			"faces": {
				"north": {"uv": [1.5, 1.5, 13, 10.5], "rotation": 180, "texture": "#3"},
				"east": {"uv": [1.5, 1.5, 13, 10.5], "rotation": 180, "texture": "#3"},
				"south": {"uv": [1.5, 1.5, 13, 10.5], "rotation": 180, "texture": "#3"},
				"west": {"uv": [1.5, 1.5, 13, 10.5], "rotation": 180, "texture": "#3"},
				"up": {"uv": [1.5, 1.5, 13, 10.5], "rotation": 180, "texture": "#3"},
				"down": {"uv": [1.5, 1.5, 13, 10.5], "rotation": 180, "texture": "#3"}
			}
		},
		{
			"from": [-7.5, 6.23682, 8.42426],
			"to": [-7, 6.73682, 9.17426],
			"rotation": {"angle": -22.5, "axis": "x", "origin": [-1, 8.23682, 8.92426]},
			"faces": {
				"north": {"uv": [1.5, 1.5, 13, 10.5], "rotation": 180, "texture": "#3"},
				"east": {"uv": [1.5, 1.5, 13, 10.5], "rotation": 180, "texture": "#3"},
				"south": {"uv": [1.5, 1.5, 13, 10.5], "rotation": 180, "texture": "#3"},
				"west": {"uv": [1.5, 1.5, 13, 10.5], "rotation": 180, "texture": "#3"},
				"up": {"uv": [1.5, 1.5, 13, 10.5], "rotation": 180, "texture": "#3"},
				"down": {"uv": [1.5, 1.5, 13, 10.5], "rotation": 180, "texture": "#3"}
			}
		},
		{
			"from": [10.5, 6.23682, 8.42426],
			"to": [11, 6.73682, 9.17426],
			"rotation": {"angle": -22.5, "axis": "x", "origin": [17, 8.23682, 8.92426]},
			"faces": {
				"north": {"uv": [1.5, 1.5, 13, 10.5], "rotation": 180, "texture": "#3"},
				"east": {"uv": [1.5, 1.5, 13, 10.5], "rotation": 180, "texture": "#3"},
				"south": {"uv": [1.5, 1.5, 13, 10.5], "rotation": 180, "texture": "#3"},
				"west": {"uv": [1.5, 1.5, 13, 10.5], "rotation": 180, "texture": "#3"},
				"up": {"uv": [1.5, 1.5, 13, 10.5], "rotation": 180, "texture": "#3"},
				"down": {"uv": [1.5, 1.5, 13, 10.5], "rotation": 180, "texture": "#3"}
			}
		},
		{
			"from": [1.5, 6.23682, 8.42426],
			"to": [2, 6.73682, 9.17426],
			"rotation": {"angle": -22.5, "axis": "x", "origin": [8, 8.23682, 8.92426]},
			"faces": {
				"north": {"uv": [1.5, 1.5, 13, 10.5], "rotation": 180, "texture": "#3"},
				"east": {"uv": [1.5, 1.5, 13, 10.5], "rotation": 180, "texture": "#3"},
				"south": {"uv": [1.5, 1.5, 13, 10.5], "rotation": 180, "texture": "#3"},
				"west": {"uv": [1.5, 1.5, 13, 10.5], "rotation": 180, "texture": "#3"},
				"up": {"uv": [1.5, 1.5, 13, 10.5], "rotation": 180, "texture": "#3"},
				"down": {"uv": [1.5, 1.5, 13, 10.5], "rotation": 180, "texture": "#3"}
			}
		},
		{
			"from": [19.5, 6.23682, 8.42426],
			"to": [20, 6.73682, 9.17426],
			"rotation": {"angle": -22.5, "axis": "x", "origin": [26, 8.23682, 8.92426]},
			"faces": {
				"north": {"uv": [1.5, 1.5, 13, 10.5], "rotation": 180, "texture": "#3"},
				"east": {"uv": [1.5, 1.5, 13, 10.5], "rotation": 180, "texture": "#3"},
				"south": {"uv": [1.5, 1.5, 13, 10.5], "rotation": 180, "texture": "#3"},
				"west": {"uv": [1.5, 1.5, 13, 10.5], "rotation": 180, "texture": "#3"},
				"up": {"uv": [1.5, 1.5, 13, 10.5], "rotation": 180, "texture": "#3"},
				"down": {"uv": [1.5, 1.5, 13, 10.5], "rotation": 180, "texture": "#3"}
			}
		},
		{
			"from": [-7.5, 6.50271, 9.05485],
			"to": [-7, 7.25271, 9.55485],
			"rotation": {"angle": 22.5, "axis": "x", "origin": [-5.5, 7.00271, 7.55485]},
			"faces": {
				"north": {"uv": [1.5, 1.5, 13, 10.5], "texture": "#3"},
				"east": {"uv": [1.5, 1.5, 13, 10.5], "rotation": 270, "texture": "#3"},
				"south": {"uv": [1.5, 1.5, 13, 10.5], "rotation": 180, "texture": "#3"},
				"west": {"uv": [1.5, 1.5, 13, 10.5], "rotation": 90, "texture": "#3"},
				"up": {"uv": [1.5, 1.5, 13, 10.5], "rotation": 180, "texture": "#3"},
				"down": {"uv": [1.5, 1.5, 13, 10.5], "texture": "#3"}
			}
		},
		{
			"from": [10.5, 6.50271, 9.05485],
			"to": [11, 7.25271, 9.55485],
			"rotation": {"angle": 22.5, "axis": "x", "origin": [12.5, 7.00271, 7.55485]},
			"faces": {
				"north": {"uv": [1.5, 1.5, 13, 10.5], "texture": "#3"},
				"east": {"uv": [1.5, 1.5, 13, 10.5], "rotation": 270, "texture": "#3"},
				"south": {"uv": [1.5, 1.5, 13, 10.5], "rotation": 180, "texture": "#3"},
				"west": {"uv": [1.5, 1.5, 13, 10.5], "rotation": 90, "texture": "#3"},
				"up": {"uv": [1.5, 1.5, 13, 10.5], "rotation": 180, "texture": "#3"},
				"down": {"uv": [1.5, 1.5, 13, 10.5], "texture": "#3"}
			}
		},
		{
			"from": [1.5, 6.50271, 9.05485],
			"to": [2, 7.25271, 9.55485],
			"rotation": {"angle": 22.5, "axis": "x", "origin": [3.5, 7.00271, 7.55485]},
			"faces": {
				"north": {"uv": [1.5, 1.5, 13, 10.5], "texture": "#3"},
				"east": {"uv": [1.5, 1.5, 13, 10.5], "rotation": 270, "texture": "#3"},
				"south": {"uv": [1.5, 1.5, 13, 10.5], "rotation": 180, "texture": "#3"},
				"west": {"uv": [1.5, 1.5, 13, 10.5], "rotation": 90, "texture": "#3"},
				"up": {"uv": [1.5, 1.5, 13, 10.5], "rotation": 180, "texture": "#3"},
				"down": {"uv": [1.5, 1.5, 13, 10.5], "texture": "#3"}
			}
		},
		{
			"from": [19.5, 6.50271, 9.05485],
			"to": [20, 7.25271, 9.55485],
			"rotation": {"angle": 22.5, "axis": "x", "origin": [21.5, 7.00271, 7.55485]},
			"faces": {
				"north": {"uv": [1.5, 1.5, 13, 10.5], "texture": "#3"},
				"east": {"uv": [1.5, 1.5, 13, 10.5], "rotation": 270, "texture": "#3"},
				"south": {"uv": [1.5, 1.5, 13, 10.5], "rotation": 180, "texture": "#3"},
				"west": {"uv": [1.5, 1.5, 13, 10.5], "rotation": 90, "texture": "#3"},
				"up": {"uv": [1.5, 1.5, 13, 10.5], "rotation": 180, "texture": "#3"},
				"down": {"uv": [1.5, 1.5, 13, 10.5], "texture": "#3"}
			}
		},
		{
			"from": [-8, 6.50271, 9.05485],
			"to": [-7.5, 7.25271, 9.55485],
			"rotation": {"angle": 22.5, "axis": "x", "origin": [-1.5, 7.00271, 7.55485]},
			"faces": {
				"north": {"uv": [1.5, 1.5, 13, 10.5], "texture": "#3"},
				"east": {"uv": [1.5, 1.5, 13, 10.5], "rotation": 270, "texture": "#3"},
				"south": {"uv": [1.5, 1.5, 13, 10.5], "rotation": 180, "texture": "#3"},
				"west": {"uv": [1.5, 1.5, 13, 10.5], "rotation": 90, "texture": "#3"},
				"up": {"uv": [1.5, 1.5, 13, 10.5], "rotation": 180, "texture": "#3"},
				"down": {"uv": [1.5, 1.5, 13, 10.5], "texture": "#3"}
			}
		},
		{
			"from": [10, 6.50271, 9.05485],
			"to": [10.5, 7.25271, 9.55485],
			"rotation": {"angle": 22.5, "axis": "x", "origin": [16.5, 7.00271, 7.55485]},
			"faces": {
				"north": {"uv": [1.5, 1.5, 13, 10.5], "texture": "#3"},
				"east": {"uv": [1.5, 1.5, 13, 10.5], "rotation": 270, "texture": "#3"},
				"south": {"uv": [1.5, 1.5, 13, 10.5], "rotation": 180, "texture": "#3"},
				"west": {"uv": [1.5, 1.5, 13, 10.5], "rotation": 90, "texture": "#3"},
				"up": {"uv": [1.5, 1.5, 13, 10.5], "rotation": 180, "texture": "#3"},
				"down": {"uv": [1.5, 1.5, 13, 10.5], "texture": "#3"}
			}
		},
		{
			"from": [1, 6.50271, 9.05485],
			"to": [1.5, 7.25271, 9.55485],
			"rotation": {"angle": 22.5, "axis": "x", "origin": [7.5, 7.00271, 7.55485]},
			"faces": {
				"north": {"uv": [1.5, 1.5, 13, 10.5], "texture": "#3"},
				"east": {"uv": [1.5, 1.5, 13, 10.5], "rotation": 270, "texture": "#3"},
				"south": {"uv": [1.5, 1.5, 13, 10.5], "rotation": 180, "texture": "#3"},
				"west": {"uv": [1.5, 1.5, 13, 10.5], "rotation": 90, "texture": "#3"},
				"up": {"uv": [1.5, 1.5, 13, 10.5], "rotation": 180, "texture": "#3"},
				"down": {"uv": [1.5, 1.5, 13, 10.5], "texture": "#3"}
			}
		},
		{
			"from": [19, 6.50271, 9.05485],
			"to": [19.5, 7.25271, 9.55485],
			"rotation": {"angle": 22.5, "axis": "x", "origin": [25.5, 7.00271, 7.55485]},
			"faces": {
				"north": {"uv": [1.5, 1.5, 13, 10.5], "texture": "#3"},
				"east": {"uv": [1.5, 1.5, 13, 10.5], "rotation": 270, "texture": "#3"},
				"south": {"uv": [1.5, 1.5, 13, 10.5], "rotation": 180, "texture": "#3"},
				"west": {"uv": [1.5, 1.5, 13, 10.5], "rotation": 90, "texture": "#3"},
				"up": {"uv": [1.5, 1.5, 13, 10.5], "rotation": 180, "texture": "#3"},
				"down": {"uv": [1.5, 1.5, 13, 10.5], "texture": "#3"}
			}
		},
		{
			"from": [-8, 1.21675, 8.74933],
			"to": [-7.5, 5.96675, 9.24933],
			"faces": {
				"north": {"uv": [1.5, 1.5, 13, 10.5], "texture": "#3"},
				"east": {"uv": [1.5, 1.5, 13, 10.5], "rotation": 270, "texture": "#3"},
				"south": {"uv": [1.5, 1.5, 13, 10.5], "rotation": 180, "texture": "#3"},
				"west": {"uv": [1.5, 1.5, 13, 10.5], "rotation": 90, "texture": "#3"},
				"up": {"uv": [1.5, 1.5, 13, 10.5], "rotation": 180, "texture": "#3"},
				"down": {"uv": [1.5, 1.5, 13, 10.5], "texture": "#3"}
			}
		},
		{
			"from": [10, 1.21675, 8.74933],
			"to": [10.5, 5.96675, 9.24933],
			"faces": {
				"north": {"uv": [1.5, 1.5, 13, 10.5], "texture": "#3"},
				"east": {"uv": [1.5, 1.5, 13, 10.5], "rotation": 270, "texture": "#3"},
				"south": {"uv": [1.5, 1.5, 13, 10.5], "rotation": 180, "texture": "#3"},
				"west": {"uv": [1.5, 1.5, 13, 10.5], "rotation": 90, "texture": "#3"},
				"up": {"uv": [1.5, 1.5, 13, 10.5], "rotation": 180, "texture": "#3"},
				"down": {"uv": [1.5, 1.5, 13, 10.5], "texture": "#3"}
			}
		},
		{
			"from": [1, 1.21675, 8.74933],
			"to": [1.5, 5.96675, 9.24933],
			"faces": {
				"north": {"uv": [1.5, 1.5, 13, 10.5], "texture": "#3"},
				"east": {"uv": [1.5, 1.5, 13, 10.5], "rotation": 270, "texture": "#3"},
				"south": {"uv": [1.5, 1.5, 13, 10.5], "rotation": 180, "texture": "#3"},
				"west": {"uv": [1.5, 1.5, 13, 10.5], "rotation": 90, "texture": "#3"},
				"up": {"uv": [1.5, 1.5, 13, 10.5], "rotation": 180, "texture": "#3"},
				"down": {"uv": [1.5, 1.5, 13, 10.5], "texture": "#3"}
			}
		},
		{
			"from": [19, 1.21675, 8.74933],
			"to": [19.5, 5.96675, 9.24933],
			"faces": {
				"north": {"uv": [1.5, 1.5, 13, 10.5], "texture": "#3"},
				"east": {"uv": [1.5, 1.5, 13, 10.5], "rotation": 270, "texture": "#3"},
				"south": {"uv": [1.5, 1.5, 13, 10.5], "rotation": 180, "texture": "#3"},
				"west": {"uv": [1.5, 1.5, 13, 10.5], "rotation": 90, "texture": "#3"},
				"up": {"uv": [1.5, 1.5, 13, 10.5], "rotation": 180, "texture": "#3"},
				"down": {"uv": [1.5, 1.5, 13, 10.5], "texture": "#3"}
			}
		},
		{
			"from": [-12, 0.96675, 8.49933],
			"to": [-7.5, 1.46675, 9.49933],
			"faces": {
				"north": {"uv": [1.5, 1.5, 13, 10.5], "rotation": 180, "texture": "#1"},
				"east": {"uv": [1.5, 1.5, 13, 10.5], "rotation": 180, "texture": "#1"},
				"south": {"uv": [1.5, 1.5, 13, 10.5], "rotation": 180, "texture": "#1"},
				"west": {"uv": [1.5, 1.5, 13, 10.5], "rotation": 180, "texture": "#1"},
				"up": {"uv": [1.5, 1.5, 13, 10.5], "rotation": 180, "texture": "#1"},
				"down": {"uv": [1.5, 1.5, 13, 10.5], "rotation": 180, "texture": "#1"}
			}
		},
		{
			"from": [6, 0.96675, 8.49933],
			"to": [10.5, 1.46675, 9.49933],
			"faces": {
				"north": {"uv": [1.5, 1.5, 13, 10.5], "rotation": 180, "texture": "#1"},
				"east": {"uv": [1.5, 1.5, 13, 10.5], "rotation": 180, "texture": "#1"},
				"south": {"uv": [1.5, 1.5, 13, 10.5], "rotation": 180, "texture": "#1"},
				"west": {"uv": [1.5, 1.5, 13, 10.5], "rotation": 180, "texture": "#1"},
				"up": {"uv": [1.5, 1.5, 13, 10.5], "rotation": 180, "texture": "#1"},
				"down": {"uv": [1.5, 1.5, 13, 10.5], "rotation": 180, "texture": "#1"}
			}
		},
		{
			"from": [-9, 0.96675, 8.49933],
			"to": [-4.5, 1.46675, 9.49933],
			"faces": {
				"north": {"uv": [1.5, 1.5, 13, 10.5], "rotation": 180, "texture": "#1"},
				"east": {"uv": [1.5, 1.5, 13, 10.5], "rotation": 180, "texture": "#1"},
				"south": {"uv": [1.5, 1.5, 13, 10.5], "rotation": 180, "texture": "#1"},
				"west": {"uv": [1.5, 1.5, 13, 10.5], "rotation": 180, "texture": "#1"},
				"up": {"uv": [1.5, 1.5, 13, 10.5], "rotation": 180, "texture": "#1"},
				"down": {"uv": [1.5, 1.5, 13, 10.5], "rotation": 180, "texture": "#1"}
			}
		},
		{
			"from": [-3, 0.96675, 8.49933],
			"to": [1.5, 1.46675, 9.49933],
			"faces": {
				"north": {"uv": [1.5, 1.5, 13, 10.5], "rotation": 180, "texture": "#1"},
				"east": {"uv": [1.5, 1.5, 13, 10.5], "rotation": 180, "texture": "#1"},
				"south": {"uv": [1.5, 1.5, 13, 10.5], "rotation": 180, "texture": "#1"},
				"west": {"uv": [1.5, 1.5, 13, 10.5], "rotation": 180, "texture": "#1"},
				"up": {"uv": [1.5, 1.5, 13, 10.5], "rotation": 180, "texture": "#1"},
				"down": {"uv": [1.5, 1.5, 13, 10.5], "rotation": 180, "texture": "#1"}
			}
		},
		{
			"from": [15, 0.96675, 8.49933],
			"to": [19.5, 1.46675, 9.49933],
			"faces": {
				"north": {"uv": [1.5, 1.5, 13, 10.5], "rotation": 180, "texture": "#1"},
				"east": {"uv": [1.5, 1.5, 13, 10.5], "rotation": 180, "texture": "#1"},
				"south": {"uv": [1.5, 1.5, 13, 10.5], "rotation": 180, "texture": "#1"},
				"west": {"uv": [1.5, 1.5, 13, 10.5], "rotation": 180, "texture": "#1"},
				"up": {"uv": [1.5, 1.5, 13, 10.5], "rotation": 180, "texture": "#1"},
				"down": {"uv": [1.5, 1.5, 13, 10.5], "rotation": 180, "texture": "#1"}
			}
		},
		{
			"from": [0, 0.96675, 8.49933],
			"to": [4.5, 1.46675, 9.49933],
			"faces": {
				"north": {"uv": [1.5, 1.5, 13, 10.5], "rotation": 180, "texture": "#1"},
				"east": {"uv": [1.5, 1.5, 13, 10.5], "rotation": 180, "texture": "#1"},
				"south": {"uv": [1.5, 1.5, 13, 10.5], "rotation": 180, "texture": "#1"},
				"west": {"uv": [1.5, 1.5, 13, 10.5], "rotation": 180, "texture": "#1"},
				"up": {"uv": [1.5, 1.5, 13, 10.5], "rotation": 180, "texture": "#1"},
				"down": {"uv": [1.5, 1.5, 13, 10.5], "rotation": 180, "texture": "#1"}
			}
		},
		{
			"from": [18, 0.96675, 8.49933],
			"to": [22.5, 1.46675, 9.49933],
			"faces": {
				"north": {"uv": [1.5, 1.5, 13, 10.5], "rotation": 180, "texture": "#1"},
				"east": {"uv": [1.5, 1.5, 13, 10.5], "rotation": 180, "texture": "#1"},
				"south": {"uv": [1.5, 1.5, 13, 10.5], "rotation": 180, "texture": "#1"},
				"west": {"uv": [1.5, 1.5, 13, 10.5], "rotation": 180, "texture": "#1"},
				"up": {"uv": [1.5, 1.5, 13, 10.5], "rotation": 180, "texture": "#1"},
				"down": {"uv": [1.5, 1.5, 13, 10.5], "rotation": 180, "texture": "#1"}
			}
		},
		{
			"from": [-7.5, 0.96675, 8.49933],
			"to": [-3, 1.46675, 9.49933],
			"faces": {
				"north": {"uv": [1.5, 1.5, 13, 10.5], "rotation": 180, "texture": "#1"},
				"east": {"uv": [1.5, 1.5, 13, 10.5], "rotation": 180, "texture": "#1"},
				"south": {"uv": [1.5, 1.5, 13, 10.5], "rotation": 180, "texture": "#1"},
				"west": {"uv": [1.5, 1.5, 13, 10.5], "rotation": 180, "texture": "#1"},
				"up": {"uv": [1.5, 1.5, 13, 10.5], "rotation": 180, "texture": "#1"},
				"down": {"uv": [1.5, 1.5, 13, 10.5], "rotation": 180, "texture": "#1"}
			}
		},
		{
			"from": [10.5, 0.96675, 8.49933],
			"to": [15, 1.46675, 9.49933],
			"faces": {
				"north": {"uv": [1.5, 1.5, 13, 10.5], "rotation": 180, "texture": "#1"},
				"east": {"uv": [1.5, 1.5, 13, 10.5], "rotation": 180, "texture": "#1"},
				"south": {"uv": [1.5, 1.5, 13, 10.5], "rotation": 180, "texture": "#1"},
				"west": {"uv": [1.5, 1.5, 13, 10.5], "rotation": 180, "texture": "#1"},
				"up": {"uv": [1.5, 1.5, 13, 10.5], "rotation": 180, "texture": "#1"},
				"down": {"uv": [1.5, 1.5, 13, 10.5], "rotation": 180, "texture": "#1"}
			}
		},
		{
			"from": [-4.5, 0.96675, 8.49933],
			"to": [0, 1.46675, 9.49933],
			"faces": {
				"north": {"uv": [1.5, 1.5, 13, 10.5], "rotation": 180, "texture": "#1"},
				"east": {"uv": [1.5, 1.5, 13, 10.5], "rotation": 180, "texture": "#1"},
				"south": {"uv": [1.5, 1.5, 13, 10.5], "rotation": 180, "texture": "#1"},
				"west": {"uv": [1.5, 1.5, 13, 10.5], "rotation": 180, "texture": "#1"},
				"up": {"uv": [1.5, 1.5, 13, 10.5], "rotation": 180, "texture": "#1"},
				"down": {"uv": [1.5, 1.5, 13, 10.5], "rotation": 180, "texture": "#1"}
			}
		},
		{
			"from": [1.5, 0.96675, 8.49933],
			"to": [6, 1.46675, 9.49933],
			"faces": {
				"north": {"uv": [1.5, 1.5, 13, 10.5], "rotation": 180, "texture": "#1"},
				"east": {"uv": [1.5, 1.5, 13, 10.5], "rotation": 180, "texture": "#1"},
				"south": {"uv": [1.5, 1.5, 13, 10.5], "rotation": 180, "texture": "#1"},
				"west": {"uv": [1.5, 1.5, 13, 10.5], "rotation": 180, "texture": "#1"},
				"up": {"uv": [1.5, 1.5, 13, 10.5], "rotation": 180, "texture": "#1"},
				"down": {"uv": [1.5, 1.5, 13, 10.5], "rotation": 180, "texture": "#1"}
			}
		},
		{
			"from": [19.5, 0.96675, 8.49933],
			"to": [24, 1.46675, 9.49933],
			"faces": {
				"north": {"uv": [1.5, 1.5, 13, 10.5], "rotation": 180, "texture": "#1"},
				"east": {"uv": [1.5, 1.5, 13, 10.5], "rotation": 180, "texture": "#1"},
				"south": {"uv": [1.5, 1.5, 13, 10.5], "rotation": 180, "texture": "#1"},
				"west": {"uv": [1.5, 1.5, 13, 10.5], "rotation": 180, "texture": "#1"},
				"up": {"uv": [1.5, 1.5, 13, 10.5], "rotation": 180, "texture": "#1"},
				"down": {"uv": [1.5, 1.5, 13, 10.5], "rotation": 180, "texture": "#1"}
			}
		},
		{
			"from": [-7.5, 1.21675, 8.74933],
			"to": [-7, 5.96675, 9.24933],
			"faces": {
				"north": {"uv": [1.5, 1.5, 13, 10.5], "texture": "#3"},
				"east": {"uv": [1.5, 1.5, 13, 10.5], "rotation": 270, "texture": "#3"},
				"south": {"uv": [1.5, 1.5, 13, 10.5], "rotation": 180, "texture": "#3"},
				"west": {"uv": [1.5, 1.5, 13, 10.5], "rotation": 90, "texture": "#3"},
				"up": {"uv": [1.5, 1.5, 13, 10.5], "rotation": 180, "texture": "#3"},
				"down": {"uv": [1.5, 1.5, 13, 10.5], "texture": "#3"}
			}
		},
		{
			"from": [10.5, 1.21675, 8.74933],
			"to": [11, 5.96675, 9.24933],
			"faces": {
				"north": {"uv": [1.5, 1.5, 13, 10.5], "texture": "#3"},
				"east": {"uv": [1.5, 1.5, 13, 10.5], "rotation": 270, "texture": "#3"},
				"south": {"uv": [1.5, 1.5, 13, 10.5], "rotation": 180, "texture": "#3"},
				"west": {"uv": [1.5, 1.5, 13, 10.5], "rotation": 90, "texture": "#3"},
				"up": {"uv": [1.5, 1.5, 13, 10.5], "rotation": 180, "texture": "#3"},
				"down": {"uv": [1.5, 1.5, 13, 10.5], "texture": "#3"}
			}
		},
		{
			"from": [1.5, 1.21675, 8.74933],
			"to": [2, 5.96675, 9.24933],
			"faces": {
				"north": {"uv": [1.5, 1.5, 13, 10.5], "texture": "#3"},
				"east": {"uv": [1.5, 1.5, 13, 10.5], "rotation": 270, "texture": "#3"},
				"south": {"uv": [1.5, 1.5, 13, 10.5], "rotation": 180, "texture": "#3"},
				"west": {"uv": [1.5, 1.5, 13, 10.5], "rotation": 90, "texture": "#3"},
				"up": {"uv": [1.5, 1.5, 13, 10.5], "rotation": 180, "texture": "#3"},
				"down": {"uv": [1.5, 1.5, 13, 10.5], "texture": "#3"}
			}
		},
		{
			"from": [19.5, 1.21675, 8.74933],
			"to": [20, 5.96675, 9.24933],
			"faces": {
				"north": {"uv": [1.5, 1.5, 13, 10.5], "texture": "#3"},
				"east": {"uv": [1.5, 1.5, 13, 10.5], "rotation": 270, "texture": "#3"},
				"south": {"uv": [1.5, 1.5, 13, 10.5], "rotation": 180, "texture": "#3"},
				"west": {"uv": [1.5, 1.5, 13, 10.5], "rotation": 90, "texture": "#3"},
				"up": {"uv": [1.5, 1.5, 13, 10.5], "rotation": 180, "texture": "#3"},
				"down": {"uv": [1.5, 1.5, 13, 10.5], "texture": "#3"}
			}
		},
		{
			"from": [-3.5, 1.21675, 8.74933],
			"to": [-3, 5.96675, 9.24933],
			"faces": {
				"north": {"uv": [1.5, 1.5, 13, 10.5], "texture": "#3"},
				"east": {"uv": [1.5, 1.5, 13, 10.5], "rotation": 270, "texture": "#3"},
				"south": {"uv": [1.5, 1.5, 13, 10.5], "rotation": 180, "texture": "#3"},
				"west": {"uv": [1.5, 1.5, 13, 10.5], "rotation": 90, "texture": "#3"},
				"up": {"uv": [1.5, 1.5, 13, 10.5], "rotation": 180, "texture": "#3"},
				"down": {"uv": [1.5, 1.5, 13, 10.5], "texture": "#3"}
			}
		},
		{
			"from": [14.5, 1.21675, 8.74933],
			"to": [15, 5.96675, 9.24933],
			"faces": {
				"north": {"uv": [1.5, 1.5, 13, 10.5], "texture": "#3"},
				"east": {"uv": [1.5, 1.5, 13, 10.5], "rotation": 270, "texture": "#3"},
				"south": {"uv": [1.5, 1.5, 13, 10.5], "rotation": 180, "texture": "#3"},
				"west": {"uv": [1.5, 1.5, 13, 10.5], "rotation": 90, "texture": "#3"},
				"up": {"uv": [1.5, 1.5, 13, 10.5], "rotation": 180, "texture": "#3"},
				"down": {"uv": [1.5, 1.5, 13, 10.5], "texture": "#3"}
			}
		},
		{
			"from": [5.5, 1.21675, 8.74933],
			"to": [6, 5.96675, 9.24933],
			"faces": {
				"north": {"uv": [1.5, 1.5, 13, 10.5], "texture": "#3"},
				"east": {"uv": [1.5, 1.5, 13, 10.5], "rotation": 270, "texture": "#3"},
				"south": {"uv": [1.5, 1.5, 13, 10.5], "rotation": 180, "texture": "#3"},
				"west": {"uv": [1.5, 1.5, 13, 10.5], "rotation": 90, "texture": "#3"},
				"up": {"uv": [1.5, 1.5, 13, 10.5], "rotation": 180, "texture": "#3"},
				"down": {"uv": [1.5, 1.5, 13, 10.5], "texture": "#3"}
			}
		},
		{
			"from": [23.5, 1.21675, 8.74933],
			"to": [24, 5.96675, 9.24933],
			"faces": {
				"north": {"uv": [1.5, 1.5, 13, 10.5], "texture": "#3"},
				"east": {"uv": [1.5, 1.5, 13, 10.5], "rotation": 270, "texture": "#3"},
				"south": {"uv": [1.5, 1.5, 13, 10.5], "rotation": 180, "texture": "#3"},
				"west": {"uv": [1.5, 1.5, 13, 10.5], "rotation": 90, "texture": "#3"},
				"up": {"uv": [1.5, 1.5, 13, 10.5], "rotation": 180, "texture": "#3"},
				"down": {"uv": [1.5, 1.5, 13, 10.5], "texture": "#3"}
			}
		},
		{
			"from": [-3.5, 6.50271, 9.05485],
			"to": [-3, 7.25271, 9.55485],
			"rotation": {"angle": 22.5, "axis": "x", "origin": [3, 7.00271, 7.55485]},
			"faces": {
				"north": {"uv": [1.5, 1.5, 13, 10.5], "texture": "#3"},
				"east": {"uv": [1.5, 1.5, 13, 10.5], "rotation": 270, "texture": "#3"},
				"south": {"uv": [1.5, 1.5, 13, 10.5], "rotation": 180, "texture": "#3"},
				"west": {"uv": [1.5, 1.5, 13, 10.5], "rotation": 90, "texture": "#3"},
				"up": {"uv": [1.5, 1.5, 13, 10.5], "rotation": 180, "texture": "#3"},
				"down": {"uv": [1.5, 1.5, 13, 10.5], "texture": "#3"}
			}
		},
		{
			"from": [14.5, 6.50271, 9.05485],
			"to": [15, 7.25271, 9.55485],
			"rotation": {"angle": 22.5, "axis": "x", "origin": [21, 7.00271, 7.55485]},
			"faces": {
				"north": {"uv": [1.5, 1.5, 13, 10.5], "texture": "#3"},
				"east": {"uv": [1.5, 1.5, 13, 10.5], "rotation": 270, "texture": "#3"},
				"south": {"uv": [1.5, 1.5, 13, 10.5], "rotation": 180, "texture": "#3"},
				"west": {"uv": [1.5, 1.5, 13, 10.5], "rotation": 90, "texture": "#3"},
				"up": {"uv": [1.5, 1.5, 13, 10.5], "rotation": 180, "texture": "#3"},
				"down": {"uv": [1.5, 1.5, 13, 10.5], "texture": "#3"}
			}
		},
		{
			"from": [5.5, 6.50271, 9.05485],
			"to": [6, 7.25271, 9.55485],
			"rotation": {"angle": 22.5, "axis": "x", "origin": [12, 7.00271, 7.55485]},
			"faces": {
				"north": {"uv": [1.5, 1.5, 13, 10.5], "texture": "#3"},
				"east": {"uv": [1.5, 1.5, 13, 10.5], "rotation": 270, "texture": "#3"},
				"south": {"uv": [1.5, 1.5, 13, 10.5], "rotation": 180, "texture": "#3"},
				"west": {"uv": [1.5, 1.5, 13, 10.5], "rotation": 90, "texture": "#3"},
				"up": {"uv": [1.5, 1.5, 13, 10.5], "rotation": 180, "texture": "#3"},
				"down": {"uv": [1.5, 1.5, 13, 10.5], "texture": "#3"}
			}
		},
		{
			"from": [23.5, 6.50271, 9.05485],
			"to": [24, 7.25271, 9.55485],
			"rotation": {"angle": 22.5, "axis": "x", "origin": [30, 7.00271, 7.55485]},
			"faces": {
				"north": {"uv": [1.5, 1.5, 13, 10.5], "texture": "#3"},
				"east": {"uv": [1.5, 1.5, 13, 10.5], "rotation": 270, "texture": "#3"},
				"south": {"uv": [1.5, 1.5, 13, 10.5], "rotation": 180, "texture": "#3"},
				"west": {"uv": [1.5, 1.5, 13, 10.5], "rotation": 90, "texture": "#3"},
				"up": {"uv": [1.5, 1.5, 13, 10.5], "rotation": 180, "texture": "#3"},
				"down": {"uv": [1.5, 1.5, 13, 10.5], "texture": "#3"}
			}
		},
		{
			"from": [-3.5, 6.23682, 8.42426],
			"to": [-3, 6.73682, 9.17426],
			"rotation": {"angle": -22.5, "axis": "x", "origin": [3, 8.23682, 8.92426]},
			"faces": {
				"north": {"uv": [1.5, 1.5, 13, 10.5], "rotation": 180, "texture": "#3"},
				"east": {"uv": [1.5, 1.5, 13, 10.5], "rotation": 180, "texture": "#3"},
				"south": {"uv": [1.5, 1.5, 13, 10.5], "rotation": 180, "texture": "#3"},
				"west": {"uv": [1.5, 1.5, 13, 10.5], "rotation": 180, "texture": "#3"},
				"up": {"uv": [1.5, 1.5, 13, 10.5], "rotation": 180, "texture": "#3"},
				"down": {"uv": [1.5, 1.5, 13, 10.5], "rotation": 180, "texture": "#3"}
			}
		},
		{
			"from": [14.5, 6.23682, 8.42426],
			"to": [15, 6.73682, 9.17426],
			"rotation": {"angle": -22.5, "axis": "x", "origin": [21, 8.23682, 8.92426]},
			"faces": {
				"north": {"uv": [1.5, 1.5, 13, 10.5], "rotation": 180, "texture": "#3"},
				"east": {"uv": [1.5, 1.5, 13, 10.5], "rotation": 180, "texture": "#3"},
				"south": {"uv": [1.5, 1.5, 13, 10.5], "rotation": 180, "texture": "#3"},
				"west": {"uv": [1.5, 1.5, 13, 10.5], "rotation": 180, "texture": "#3"},
				"up": {"uv": [1.5, 1.5, 13, 10.5], "rotation": 180, "texture": "#3"},
				"down": {"uv": [1.5, 1.5, 13, 10.5], "rotation": 180, "texture": "#3"}
			}
		},
		{
			"from": [5.5, 6.23682, 8.42426],
			"to": [6, 6.73682, 9.17426],
			"rotation": {"angle": -22.5, "axis": "x", "origin": [12, 8.23682, 8.92426]},
			"faces": {
				"north": {"uv": [1.5, 1.5, 13, 10.5], "rotation": 180, "texture": "#3"},
				"east": {"uv": [1.5, 1.5, 13, 10.5], "rotation": 180, "texture": "#3"},
				"south": {"uv": [1.5, 1.5, 13, 10.5], "rotation": 180, "texture": "#3"},
				"west": {"uv": [1.5, 1.5, 13, 10.5], "rotation": 180, "texture": "#3"},
				"up": {"uv": [1.5, 1.5, 13, 10.5], "rotation": 180, "texture": "#3"},
				"down": {"uv": [1.5, 1.5, 13, 10.5], "rotation": 180, "texture": "#3"}
			}
		},
		{
			"from": [23.5, 6.23682, 8.42426],
			"to": [24, 6.73682, 9.17426],
			"rotation": {"angle": -22.5, "axis": "x", "origin": [30, 8.23682, 8.92426]},
			"faces": {
				"north": {"uv": [1.5, 1.5, 13, 10.5], "rotation": 180, "texture": "#3"},
				"east": {"uv": [1.5, 1.5, 13, 10.5], "rotation": 180, "texture": "#3"},
				"south": {"uv": [1.5, 1.5, 13, 10.5], "rotation": 180, "texture": "#3"},
				"west": {"uv": [1.5, 1.5, 13, 10.5], "rotation": 180, "texture": "#3"},
				"up": {"uv": [1.5, 1.5, 13, 10.5], "rotation": 180, "texture": "#3"},
				"down": {"uv": [1.5, 1.5, 13, 10.5], "rotation": 180, "texture": "#3"}
			}
		},
		{
			"from": [-3.5, 6.44667, 9.72925],
			"to": [-3, 6.94667, 14.97925],
			"faces": {
				"north": {"uv": [1.5, 1.5, 13, 10.5], "rotation": 180, "texture": "#3"},
				"east": {"uv": [1.5, 1.5, 13, 10.5], "rotation": 180, "texture": "#3"},
				"south": {"uv": [1.5, 1.5, 13, 10.5], "rotation": 180, "texture": "#3"},
				"west": {"uv": [1.5, 1.5, 13, 10.5], "rotation": 180, "texture": "#3"},
				"up": {"uv": [1.5, 1.5, 13, 10.5], "rotation": 180, "texture": "#3"},
				"down": {"uv": [1.5, 1.5, 13, 10.5], "rotation": 180, "texture": "#3"}
			}
		},
		{
			"from": [14.5, 6.44667, 9.72925],
			"to": [15, 6.94667, 14.97925],
			"faces": {
				"north": {"uv": [1.5, 1.5, 13, 10.5], "rotation": 180, "texture": "#3"},
				"east": {"uv": [1.5, 1.5, 13, 10.5], "rotation": 180, "texture": "#3"},
				"south": {"uv": [1.5, 1.5, 13, 10.5], "rotation": 180, "texture": "#3"},
				"west": {"uv": [1.5, 1.5, 13, 10.5], "rotation": 180, "texture": "#3"},
				"up": {"uv": [1.5, 1.5, 13, 10.5], "rotation": 180, "texture": "#3"},
				"down": {"uv": [1.5, 1.5, 13, 10.5], "rotation": 180, "texture": "#3"}
			}
		},
		{
			"from": [5.5, 6.44667, 9.72925],
			"to": [6, 6.94667, 14.97925],
			"faces": {
				"north": {"uv": [1.5, 1.5, 13, 10.5], "rotation": 180, "texture": "#3"},
				"east": {"uv": [1.5, 1.5, 13, 10.5], "rotation": 180, "texture": "#3"},
				"south": {"uv": [1.5, 1.5, 13, 10.5], "rotation": 180, "texture": "#3"},
				"west": {"uv": [1.5, 1.5, 13, 10.5], "rotation": 180, "texture": "#3"},
				"up": {"uv": [1.5, 1.5, 13, 10.5], "rotation": 180, "texture": "#3"},
				"down": {"uv": [1.5, 1.5, 13, 10.5], "rotation": 180, "texture": "#3"}
			}
		},
		{
			"from": [23.5, 6.44667, 9.72925],
			"to": [24, 6.94667, 14.97925],
			"faces": {
				"north": {"uv": [1.5, 1.5, 13, 10.5], "rotation": 180, "texture": "#3"},
				"east": {"uv": [1.5, 1.5, 13, 10.5], "rotation": 180, "texture": "#3"},
				"south": {"uv": [1.5, 1.5, 13, 10.5], "rotation": 180, "texture": "#3"},
				"west": {"uv": [1.5, 1.5, 13, 10.5], "rotation": 180, "texture": "#3"},
				"up": {"uv": [1.5, 1.5, 13, 10.5], "rotation": 180, "texture": "#3"},
				"down": {"uv": [1.5, 1.5, 13, 10.5], "rotation": 180, "texture": "#3"}
			}
		}
	],
	"display": {
		"gui": {
			"rotation": [19, 138, 0],
			"translation": [-1.75, 1.25, 0],
			"scale": [0.45, 0.45, 0.45]
		},
		"head": {
			"scale": [3.4, 3.11, 1.67]
		}
	},
	"groups": [0, 1, 2, 3, 4, 5, 6, 7, 8, 9, 10, 11, 12, 13, 14, 15, 16, 17, 18, 19, 20, 21, 22, 23, 24, 25, 26, 27, 28, 29, 30, 31, 32, 33, 34, 35, 36, 37, 38, 39, 40, 41, 42, 43, 44, 45, 46, 47, 48, 49, 50,
		{
			"name": "group",
			"origin": [12, 8.44667, 10.22925],
			"children": [51, 52, 53, 54, 55, 56, 57, 58, 59, 60, 61, 62, 63, 64, 65, 66, 67, 68, 69, 70, 71, 72, 73, 74, 75, 76, 77, 78, 79, 80, 81, 82, 83, 84, 85, 86, 87, 88, 89, 90, 91, 92, 93, 94, 95, 96, 97, 98, 99, 100, 101, 102, 103, 104, 105, 106, 107, 108, 109, 110, 111, 112, 113, 114, 115, 116, 117, 118, 119, 120, 121, 122, 123, 124, 125, 126]
		}
	]
}