{
	"credit": "Texture Par Rémi P. , Reproduction/Vole/Reprise Interdite ! AstérixCraft est sous copyright",
	"textures": {
		"0": "block/dark_oak_planks",
		"1": "block/dark_oak_log",
		"3": "block/spruce_planks",
		"4": "block/anvil",
		"5": "block/red_terracotta",
		"6": "block/jungle_trapdoor",
		"particle": "block/dark_oak_planks"
	},
	"elements": [
		{
			"from": [0, 0.75, -2],
			"to": [16, 1, 26],
			"faces": {
				"north": {"uv": [0, 0, 16, 16], "texture": "#3"},
				"east": {"uv": [0, 0, 16, 16], "texture": "#3"},
				"south": {"uv": [0, 0, 16, 16], "texture": "#3"},
				"west": {"uv": [0, 0, 16, 16], "texture": "#3"},
				"up": {"uv": [0, 0, 16, 16], "texture": "#3"},
				"down": {"uv": [0, 0, 16, 16], "texture": "#3"}
			}
		},
		{
			"from": [0, 1, -2],
			"to": [16, 15.75, 1],
			"faces": {
				"north": {"uv": [0, 0, 16, 5], "texture": "#0"},
				"east": {"uv": [0, 0, 16, 5], "texture": "#0"},
				"south": {"uv": [0, 0, 16, 5], "texture": "#0"},
				"west": {"uv": [0, 0, 16, 5], "texture": "#0"},
				"up": {"uv": [0, 0, 16, 5], "texture": "#0"},
				"down": {"uv": [0, 0, 16, 5], "texture": "#0"}
			}
		},
		{
			"from": [1.2, 2.5, -0.5],
			"to": [15.1, 3.6, 4.5],
			"faces": {
				"north": {"uv": [0, 0, 16, 5], "texture": "#4"},
				"east": {"uv": [0, 0, 16, 5], "texture": "#4"},
				"south": {"uv": [0, 0, 16, 5], "texture": "#4"},
				"west": {"uv": [0, 0, 16, 5], "texture": "#4"},
				"up": {"uv": [0, 0, 16, 5], "texture": "#4"},
				"down": {"uv": [0, 0, 16, 5], "texture": "#4"}
			}
		},
		{
			"from": [1.2, 2.5, 9.75],
			"to": [15.1, 3.6, 13.5],
			"faces": {
				"north": {"uv": [0, 0, 16, 5], "texture": "#4"},
				"east": {"uv": [0, 0, 16, 5], "texture": "#4"},
				"south": {"uv": [0, 0, 16, 5], "texture": "#4"},
				"west": {"uv": [0, 0, 16, 5], "texture": "#4"},
				"up": {"uv": [0, 0, 16, 5], "texture": "#4"},
				"down": {"uv": [0, 0, 16, 5], "texture": "#4"}
			}
		},
		{
			"from": [1.2, 2.5, 18],
			"to": [15.1, 3.6, 21.75],
			"faces": {
				"north": {"uv": [0, 0, 16, 5], "texture": "#4"},
				"east": {"uv": [0, 0, 16, 5], "texture": "#4"},
				"south": {"uv": [0, 0, 16, 5], "texture": "#4"},
				"west": {"uv": [0, 0, 16, 5], "texture": "#4"},
				"up": {"uv": [0, 0, 16, 5], "texture": "#4"},
				"down": {"uv": [0, 0, 16, 5], "texture": "#4"}
			}
		},
		{
			"from": [1.2, 2.5, 0.75],
			"to": [15.1, 6.6, 1.5],
			"faces": {
				"north": {"uv": [0, 0, 16, 5], "texture": "#4"},
				"east": {"uv": [0, 0, 16, 5], "texture": "#4"},
				"south": {"uv": [0, 0, 16, 5], "texture": "#4"},
				"west": {"uv": [0, 0, 16, 5], "texture": "#4"},
				"up": {"uv": [0, 0, 16, 5], "texture": "#4"},
				"down": {"uv": [0, 0, 16, 5], "texture": "#4"}
			}
		},
		{
			"from": [1.2, 2.5, 9.75],
			"to": [15.1, 6.6, 10.5],
			"faces": {
				"north": {"uv": [0, 0, 16, 5], "texture": "#4"},
				"east": {"uv": [0, 0, 16, 5], "texture": "#4"},
				"south": {"uv": [0, 0, 16, 5], "texture": "#4"},
				"west": {"uv": [0, 0, 16, 5], "texture": "#4"},
				"up": {"uv": [0, 0, 16, 5], "texture": "#4"},
				"down": {"uv": [0, 0, 16, 5], "texture": "#4"}
			}
		},
		{
			"from": [1.2, 2.5, 18],
			"to": [15.1, 6.6, 18.75],
			"faces": {
				"north": {"uv": [0, 0, 16, 5], "texture": "#4"},
				"east": {"uv": [0, 0, 16, 5], "texture": "#4"},
				"south": {"uv": [0, 0, 16, 5], "texture": "#4"},
				"west": {"uv": [0, 0, 16, 5], "texture": "#4"},
				"up": {"uv": [0, 0, 16, 5], "texture": "#4"},
				"down": {"uv": [0, 0, 16, 5], "texture": "#4"}
			}
		},
		{
			"from": [0, 0.95, 1],
			"to": [1.25, 14.75, 2.25],
			"faces": {
				"north": {"uv": [0, 0, 3.5, 16], "texture": "#1"},
				"east": {"uv": [0, 0, 3.5, 16], "texture": "#1"},
				"south": {"uv": [0, 0, 3.5, 16], "texture": "#1"},
				"west": {"uv": [0, 0, 3.5, 16], "texture": "#1"},
				"up": {"uv": [0, 0, 3.5, 16], "texture": "#1"},
				"down": {"uv": [0, 0, 3.5, 16], "texture": "#1"}
			}
		},
		{
			"from": [0, 0.95, 9.5],
			"to": [1.25, 14.75, 10.75],
			"faces": {
				"north": {"uv": [0, 0, 3.5, 16], "texture": "#1"},
				"east": {"uv": [0, 0, 3.5, 16], "texture": "#1"},
				"south": {"uv": [0, 0, 3.5, 16], "texture": "#1"},
				"west": {"uv": [0, 0, 3.5, 16], "texture": "#1"},
				"up": {"uv": [0, 0, 3.5, 16], "texture": "#1"},
				"down": {"uv": [0, 0, 3.5, 16], "texture": "#1"}
			}
		},
		{
			"from": [0, 0.95, 18],
			"to": [1.25, 14.75, 19.25],
			"faces": {
				"north": {"uv": [0, 0, 3.5, 16], "texture": "#1"},
				"east": {"uv": [0, 0, 3.5, 16], "texture": "#1"},
				"south": {"uv": [0, 0, 3.5, 16], "texture": "#1"},
				"west": {"uv": [0, 0, 3.5, 16], "texture": "#1"},
				"up": {"uv": [0, 0, 3.5, 16], "texture": "#1"},
				"down": {"uv": [0, 0, 3.5, 16], "texture": "#1"}
			}
		},
		{
			"from": [0, 0.95, 25],
			"to": [1.25, 14.75, 26.25],
			"faces": {
				"north": {"uv": [0, 0, 3.5, 16], "texture": "#1"},
				"east": {"uv": [0, 0, 3.5, 16], "texture": "#1"},
				"south": {"uv": [0, 0, 3.5, 16], "texture": "#1"},
				"west": {"uv": [0, 0, 3.5, 16], "texture": "#1"},
				"up": {"uv": [0, 0, 3.5, 16], "texture": "#1"},
				"down": {"uv": [0, 0, 3.5, 16], "texture": "#1"}
			}
		},
		{
			"from": [14.75, 0.95, 1],
			"to": [16, 14.75, 2.25],
			"faces": {
				"north": {"uv": [0, 0, 3.5, 16], "texture": "#1"},
				"east": {"uv": [0, 0, 3.5, 16], "texture": "#1"},
				"south": {"uv": [0, 0, 3.5, 16], "texture": "#1"},
				"west": {"uv": [0, 0, 3.5, 16], "texture": "#1"},
				"up": {"uv": [0, 0, 3.5, 16], "texture": "#1"},
				"down": {"uv": [0, 0, 3.5, 16], "texture": "#1"}
			}
		},
		{
			"from": [14.75, 0.95, 9.5],
			"to": [16, 14.75, 10.75],
			"faces": {
				"north": {"uv": [0, 0, 3.5, 16], "texture": "#1"},
				"east": {"uv": [0, 0, 3.5, 16], "texture": "#1"},
				"south": {"uv": [0, 0, 3.5, 16], "texture": "#1"},
				"west": {"uv": [0, 0, 3.5, 16], "texture": "#1"},
				"up": {"uv": [0, 0, 3.5, 16], "texture": "#1"},
				"down": {"uv": [0, 0, 3.5, 16], "texture": "#1"}
			}
		},
		{
			"from": [14.75, 0.95, 18],
			"to": [16, 14.75, 19.25],
			"faces": {
				"north": {"uv": [0, 0, 3.5, 16], "texture": "#1"},
				"east": {"uv": [0, 0, 3.5, 16], "texture": "#1"},
				"south": {"uv": [0, 0, 3.5, 16], "texture": "#1"},
				"west": {"uv": [0, 0, 3.5, 16], "texture": "#1"},
				"up": {"uv": [0, 0, 3.5, 16], "texture": "#1"},
				"down": {"uv": [0, 0, 3.5, 16], "texture": "#1"}
			}
		},
		{
			"from": [14.75, 0.95, 25],
			"to": [16, 14.75, 26.25],
			"faces": {
				"north": {"uv": [0, 0, 3.5, 16], "texture": "#1"},
				"east": {"uv": [0, 0, 3.5, 16], "texture": "#1"},
				"south": {"uv": [0, 0, 3.5, 16], "texture": "#1"},
				"west": {"uv": [0, 0, 3.5, 16], "texture": "#1"},
				"up": {"uv": [0, 0, 3.5, 16], "texture": "#1"},
				"down": {"uv": [0, 0, 3.5, 16], "texture": "#1"}
			}
		},
		{
			"from": [1.25, 1.2, 26],
			"to": [14.75, 5.25, 26.25],
			"faces": {
				"north": {"uv": [0, 0, 16, 16], "texture": "#3"},
				"east": {"uv": [0, 0, 16, 16], "texture": "#3"},
				"south": {"uv": [0, 0, 16, 16], "texture": "#3"},
				"west": {"uv": [0, 0, 16, 16], "texture": "#3"},
				"up": {"uv": [0, 0, 16, 16], "texture": "#3"},
				"down": {"uv": [0, 0, 16, 16], "texture": "#3"}
			}
		},
		{
			"from": [1.25, 5.2, 26],
			"to": [14.75, 5.5, 26.5],
			"faces": {
				"north": {"uv": [0, 0, 16, 16], "texture": "#0"},
				"east": {"uv": [0, 0, 16, 16], "texture": "#0"},
				"south": {"uv": [0, 0, 16, 16], "texture": "#0"},
				"west": {"uv": [0, 0, 16, 16], "texture": "#0"},
				"up": {"uv": [0, 0, 16, 16], "texture": "#0"},
				"down": {"uv": [0, 0, 16, 16], "texture": "#0"}
			}
		},
		{
			"from": [-0.25, 10.2, 26.25],
			"to": [9.5, 10.75, 26.5],
			"rotation": {"angle": 22.5, "axis": "z", "origin": [22.75, 8, 32]},
			"faces": {
				"north": {"uv": [0, 0, 16, 16], "texture": "#0"},
				"east": {"uv": [0, 0, 16, 16], "texture": "#0"},
				"south": {"uv": [0, 0, 16, 16], "texture": "#0"},
				"west": {"uv": [0, 0, 16, 16], "texture": "#0"},
				"up": {"uv": [0, 0, 16, 16], "texture": "#0"},
				"down": {"uv": [0, 0, 16, 16], "texture": "#0"}
			}
		},
		{
			"from": [8.75, -1.05, 26.25],
			"to": [18.5, -0.5, 26.5],
			"rotation": {"angle": -22.5, "axis": "z", "origin": [22.75, 8, 32]},
			"faces": {
				"north": {"uv": [0, 0, 16, 16], "texture": "#0"},
				"east": {"uv": [0, 0, 16, 16], "texture": "#0"},
				"south": {"uv": [0, 0, 16, 16], "texture": "#0"},
				"west": {"uv": [0, 0, 16, 16], "texture": "#0"},
				"up": {"uv": [0, 0, 16, 16], "texture": "#0"},
				"down": {"uv": [0, 0, 16, 16], "texture": "#0"}
			}
		},
		{
			"from": [1.25, 0.95, 26],
			"to": [14.75, 1.25, 26.5],
			"faces": {
				"north": {"uv": [0, 0, 16, 16], "texture": "#0"},
				"east": {"uv": [0, 0, 16, 16], "texture": "#0"},
				"south": {"uv": [0, 0, 16, 16], "texture": "#0"},
				"west": {"uv": [0, 0, 16, 16], "texture": "#0"},
				"up": {"uv": [0, 0, 16, 16], "texture": "#0"},
				"down": {"uv": [0, 0, 16, 16], "texture": "#0"}
			}
		},
		{
			"from": [0, 1, 2.25],
			"to": [1.25, 6.5, 5.5],
			"faces": {
				"north": {"uv": [0, 0, 3.5, 16], "texture": "#3"},
				"east": {"uv": [0, 0, 3.5, 16], "texture": "#3"},
				"south": {"uv": [0, 0, 3.5, 16], "texture": "#3"},
				"west": {"uv": [0, 0, 3.5, 16], "texture": "#3"},
				"up": {"uv": [0, 0, 3.5, 16], "texture": "#3"},
				"down": {"uv": [0, 0, 3.5, 16], "texture": "#3"}
			}
		},
		{
			"from": [0, 1, 10.75],
			"to": [1.25, 6.5, 14],
			"faces": {
				"north": {"uv": [0, 0, 3.5, 16], "texture": "#3"},
				"east": {"uv": [0, 0, 3.5, 16], "texture": "#3"},
				"south": {"uv": [0, 0, 3.5, 16], "texture": "#3"},
				"west": {"uv": [0, 0, 3.5, 16], "texture": "#3"},
				"up": {"uv": [0, 0, 3.5, 16], "texture": "#3"},
				"down": {"uv": [0, 0, 3.5, 16], "texture": "#3"}
			}
		},
		{
			"from": [0, 1, 19.25],
			"to": [1.25, 6.5, 22.5],
			"faces": {
				"north": {"uv": [0, 0, 3.5, 16], "texture": "#3"},
				"east": {"uv": [0, 0, 3.5, 16], "texture": "#3"},
				"south": {"uv": [0, 0, 3.5, 16], "texture": "#3"},
				"west": {"uv": [0, 0, 3.5, 16], "texture": "#3"},
				"up": {"uv": [0, 0, 3.5, 16], "texture": "#3"},
				"down": {"uv": [0, 0, 3.5, 16], "texture": "#3"}
			}
		},
		{
			"from": [14.75, 1, 2.25],
			"to": [16, 6.5, 5.5],
			"faces": {
				"north": {"uv": [0, 0, 3.5, 16], "texture": "#3"},
				"east": {"uv": [0, 0, 3.5, 16], "texture": "#3"},
				"south": {"uv": [0, 0, 3.5, 16], "texture": "#3"},
				"west": {"uv": [0, 0, 3.5, 16], "texture": "#3"},
				"up": {"uv": [0, 0, 3.5, 16], "texture": "#3"},
				"down": {"uv": [0, 0, 3.5, 16], "texture": "#3"}
			}
		},
		{
			"from": [14.75, 1, 10.75],
			"to": [16, 6.5, 14],
			"faces": {
				"north": {"uv": [0, 0, 3.5, 16], "texture": "#3"},
				"east": {"uv": [0, 0, 3.5, 16], "texture": "#3"},
				"south": {"uv": [0, 0, 3.5, 16], "texture": "#3"},
				"west": {"uv": [0, 0, 3.5, 16], "texture": "#3"},
				"up": {"uv": [0, 0, 3.5, 16], "texture": "#3"},
				"down": {"uv": [0, 0, 3.5, 16], "texture": "#3"}
			}
		},
		{
			"from": [15.25, 1, 14],
			"to": [15.5, 6.5, 17.25],
			"faces": {
				"north": {"uv": [2, 1.5, 14, 14.5], "texture": "#6"},
				"east": {"uv": [2, 1.5, 14, 14.5], "texture": "#6"},
				"south": {"uv": [2, 1.5, 14, 14.5], "texture": "#6"},
				"west": {"uv": [2, 1.5, 14, 14.5], "texture": "#6"},
				"up": {"uv": [2, 1.5, 14, 14.5], "texture": "#6"},
				"down": {"uv": [2, 1.5, 14, 14.5], "texture": "#6"}
			}
		},
		{
			"from": [0.5, 1, 14],
			"to": [0.75, 6.5, 17.25],
			"faces": {
				"north": {"uv": [2, 1.5, 14, 14.5], "texture": "#6"},
				"east": {"uv": [2, 1.5, 14, 14.5], "texture": "#6"},
				"south": {"uv": [2, 1.5, 14, 14.5], "texture": "#6"},
				"west": {"uv": [2, 1.5, 14, 14.5], "texture": "#6"},
				"up": {"uv": [2, 1.5, 14, 14.5], "texture": "#6"},
				"down": {"uv": [2, 1.5, 14, 14.5], "texture": "#6"}
			}
		},
		{
			"from": [15.25, 1, 21.5],
			"to": [15.5, 6.5, 24.75],
			"faces": {
				"north": {"uv": [2, 1.5, 14, 14.5], "texture": "#6"},
				"east": {"uv": [2, 1.5, 14, 14.5], "texture": "#6"},
				"south": {"uv": [2, 1.5, 14, 14.5], "texture": "#6"},
				"west": {"uv": [2, 1.5, 14, 14.5], "texture": "#6"},
				"up": {"uv": [2, 1.5, 14, 14.5], "texture": "#6"},
				"down": {"uv": [2, 1.5, 14, 14.5], "texture": "#6"}
			}
		},
		{
			"from": [0.5, 1, 21.5],
			"to": [0.75, 6.5, 24.75],
			"faces": {
				"north": {"uv": [2, 1.5, 14, 14.5], "texture": "#6"},
				"east": {"uv": [2, 1.5, 14, 14.5], "texture": "#6"},
				"south": {"uv": [2, 1.5, 14, 14.5], "texture": "#6"},
				"west": {"uv": [2, 1.5, 14, 14.5], "texture": "#6"},
				"up": {"uv": [2, 1.5, 14, 14.5], "texture": "#6"},
				"down": {"uv": [2, 1.5, 14, 14.5], "texture": "#6"}
			}
		},
		{
			"from": [15.25, 1, 5.5],
			"to": [15.5, 6.5, 8.75],
			"faces": {
				"north": {"uv": [2, 1.5, 14, 14.5], "texture": "#6"},
				"east": {"uv": [2, 1.5, 14, 14.5], "texture": "#6"},
				"south": {"uv": [2, 1.5, 14, 14.5], "texture": "#6"},
				"west": {"uv": [2, 1.5, 14, 14.5], "texture": "#6"},
				"up": {"uv": [2, 1.5, 14, 14.5], "texture": "#6"},
				"down": {"uv": [2, 1.5, 14, 14.5], "texture": "#6"}
			}
		},
		{
			"from": [0.5, 1, 5.5],
			"to": [0.75, 6.5, 8.75],
			"faces": {
				"north": {"uv": [2, 1.5, 14, 14.5], "texture": "#6"},
				"east": {"uv": [2, 1.5, 14, 14.5], "texture": "#6"},
				"south": {"uv": [2, 1.5, 14, 14.5], "texture": "#6"},
				"west": {"uv": [2, 1.5, 14, 14.5], "texture": "#6"},
				"up": {"uv": [2, 1.5, 14, 14.5], "texture": "#6"},
				"down": {"uv": [2, 1.5, 14, 14.5], "texture": "#6"}
			}
		},
		{
			"from": [14.75, 1, 19.25],
			"to": [16, 6.5, 22.5],
			"faces": {
				"north": {"uv": [0, 0, 3.5, 16], "texture": "#3"},
				"east": {"uv": [0, 0, 3.5, 16], "texture": "#3"},
				"south": {"uv": [0, 0, 3.5, 16], "texture": "#3"},
				"west": {"uv": [0, 0, 3.5, 16], "texture": "#3"},
				"up": {"uv": [0, 0, 3.5, 16], "texture": "#3"},
				"down": {"uv": [0, 0, 3.5, 16], "texture": "#3"}
			}
		},
		{
			"from": [0, 6.5, 2.25],
			"to": [1.25, 6.75, 5.5],
			"faces": {
				"north": {"uv": [0, 0, 3.5, 16], "texture": "#0"},
				"east": {"uv": [0, 0, 3.5, 16], "texture": "#0"},
				"south": {"uv": [0, 0, 3.5, 16], "texture": "#0"},
				"west": {"uv": [0, 0, 3.5, 16], "texture": "#0"},
				"up": {"uv": [0, 0, 3.5, 16], "texture": "#0"},
				"down": {"uv": [0, 0, 3.5, 16], "texture": "#0"}
			}
		},
		{
			"from": [0, 6.5, 10.75],
			"to": [1.25, 6.75, 14],
			"faces": {
				"north": {"uv": [0, 0, 3.5, 16], "texture": "#0"},
				"east": {"uv": [0, 0, 3.5, 16], "texture": "#0"},
				"south": {"uv": [0, 0, 3.5, 16], "texture": "#0"},
				"west": {"uv": [0, 0, 3.5, 16], "texture": "#0"},
				"up": {"uv": [0, 0, 3.5, 16], "texture": "#0"},
				"down": {"uv": [0, 0, 3.5, 16], "texture": "#0"}
			}
		},
		{
			"from": [0, 6.5, 19.25],
			"to": [1.25, 6.75, 22.5],
			"faces": {
				"north": {"uv": [0, 0, 3.5, 16], "texture": "#0"},
				"east": {"uv": [0, 0, 3.5, 16], "texture": "#0"},
				"south": {"uv": [0, 0, 3.5, 16], "texture": "#0"},
				"west": {"uv": [0, 0, 3.5, 16], "texture": "#0"},
				"up": {"uv": [0, 0, 3.5, 16], "texture": "#0"},
				"down": {"uv": [0, 0, 3.5, 16], "texture": "#0"}
			}
		},
		{
			"from": [14.75, 6.5, 2.25],
			"to": [16, 6.75, 5.5],
			"faces": {
				"north": {"uv": [0, 0, 3.5, 16], "texture": "#0"},
				"east": {"uv": [0, 0, 3.5, 16], "texture": "#0"},
				"south": {"uv": [0, 0, 3.5, 16], "texture": "#0"},
				"west": {"uv": [0, 0, 3.5, 16], "texture": "#0"},
				"up": {"uv": [0, 0, 3.5, 16], "texture": "#0"},
				"down": {"uv": [0, 0, 3.5, 16], "texture": "#0"}
			}
		},
		{
			"from": [14.75, 6.5, 10.75],
			"to": [16, 6.75, 14],
			"faces": {
				"north": {"uv": [0, 0, 3.5, 16], "texture": "#0"},
				"east": {"uv": [0, 0, 3.5, 16], "texture": "#0"},
				"south": {"uv": [0, 0, 3.5, 16], "texture": "#0"},
				"west": {"uv": [0, 0, 3.5, 16], "texture": "#0"},
				"up": {"uv": [0, 0, 3.5, 16], "texture": "#0"},
				"down": {"uv": [0, 0, 3.5, 16], "texture": "#0"}
			}
		},
		{
			"from": [14.75, 6.5, 19.25],
			"to": [16, 6.75, 22.5],
			"faces": {
				"north": {"uv": [0, 0, 3.5, 16], "texture": "#0"},
				"east": {"uv": [0, 0, 3.5, 16], "texture": "#0"},
				"south": {"uv": [0, 0, 3.5, 16], "texture": "#0"},
				"west": {"uv": [0, 0, 3.5, 16], "texture": "#0"},
				"up": {"uv": [0, 0, 3.5, 16], "texture": "#0"},
				"down": {"uv": [0, 0, 3.5, 16], "texture": "#0"}
			}
		},
		{
			"from": [-0.1, 2.85, 2],
			"to": [1.35, 8.8, 2.75],
			"rotation": {"angle": -22.5, "axis": "x", "origin": [8, 8, 8]},
			"faces": {
				"north": {"uv": [0, 0, 3.5, 16], "rotation": 180, "texture": "#0"},
				"east": {"uv": [0, 0, 3.5, 16], "rotation": 270, "texture": "#0"},
				"south": {"uv": [0, 0, 3.5, 16], "texture": "#0"},
				"west": {"uv": [0, 0, 3.5, 16], "rotation": 90, "texture": "#0"},
				"up": {"uv": [0, 0, 3.5, 16], "rotation": 180, "texture": "#0"},
				"down": {"uv": [0, 0, 3.5, 16], "texture": "#0"}
			}
		},
		{
			"from": [-0.1, 2.85, 10.5],
			"to": [1.35, 8.8, 11.25],
			"rotation": {"angle": -22.5, "axis": "x", "origin": [8, 8, 16.5]},
			"faces": {
				"north": {"uv": [0, 0, 3.5, 16], "rotation": 180, "texture": "#0"},
				"east": {"uv": [0, 0, 3.5, 16], "rotation": 270, "texture": "#0"},
				"south": {"uv": [0, 0, 3.5, 16], "texture": "#0"},
				"west": {"uv": [0, 0, 3.5, 16], "rotation": 90, "texture": "#0"},
				"up": {"uv": [0, 0, 3.5, 16], "rotation": 180, "texture": "#0"},
				"down": {"uv": [0, 0, 3.5, 16], "texture": "#0"}
			}
		},
		{
			"from": [-0.1, 2.85, 19],
			"to": [1.35, 8.8, 19.75],
			"rotation": {"angle": -22.5, "axis": "x", "origin": [8, 8, 25]},
			"faces": {
				"north": {"uv": [0, 0, 3.5, 16], "rotation": 180, "texture": "#0"},
				"east": {"uv": [0, 0, 3.5, 16], "rotation": 270, "texture": "#0"},
				"south": {"uv": [0, 0, 3.5, 16], "texture": "#0"},
				"west": {"uv": [0, 0, 3.5, 16], "rotation": 90, "texture": "#0"},
				"up": {"uv": [0, 0, 3.5, 16], "rotation": 180, "texture": "#0"},
				"down": {"uv": [0, 0, 3.5, 16], "texture": "#0"}
			}
		},
		{
			"from": [14.65, 2.85, 2],
			"to": [16.1, 8.8, 2.75],
			"rotation": {"angle": -22.5, "axis": "x", "origin": [22.75, 8, 8]},
			"faces": {
				"north": {"uv": [0, 0, 3.5, 16], "rotation": 180, "texture": "#0"},
				"east": {"uv": [0, 0, 3.5, 16], "rotation": 270, "texture": "#0"},
				"south": {"uv": [0, 0, 3.5, 16], "texture": "#0"},
				"west": {"uv": [0, 0, 3.5, 16], "rotation": 90, "texture": "#0"},
				"up": {"uv": [0, 0, 3.5, 16], "rotation": 180, "texture": "#0"},
				"down": {"uv": [0, 0, 3.5, 16], "texture": "#0"}
			}
		},
		{
			"from": [14.65, 2.85, 10.5],
			"to": [16.1, 8.8, 11.25],
			"rotation": {"angle": -22.5, "axis": "x", "origin": [22.75, 8, 16.5]},
			"faces": {
				"north": {"uv": [0, 0, 3.5, 16], "rotation": 180, "texture": "#0"},
				"east": {"uv": [0, 0, 3.5, 16], "rotation": 270, "texture": "#0"},
				"south": {"uv": [0, 0, 3.5, 16], "texture": "#0"},
				"west": {"uv": [0, 0, 3.5, 16], "rotation": 90, "texture": "#0"},
				"up": {"uv": [0, 0, 3.5, 16], "rotation": 180, "texture": "#0"},
				"down": {"uv": [0, 0, 3.5, 16], "texture": "#0"}
			}
		},
		{
			"from": [14.65, 2.85, 19],
			"to": [16.1, 8.8, 19.75],
			"rotation": {"angle": -22.5, "axis": "x", "origin": [22.75, 8, 25]},
			"faces": {
				"north": {"uv": [0, 0, 3.5, 16], "rotation": 180, "texture": "#0"},
				"east": {"uv": [0, 0, 3.5, 16], "rotation": 270, "texture": "#0"},
				"south": {"uv": [0, 0, 3.5, 16], "texture": "#0"},
				"west": {"uv": [0, 0, 3.5, 16], "rotation": 90, "texture": "#0"},
				"up": {"uv": [0, 0, 3.5, 16], "rotation": 180, "texture": "#0"},
				"down": {"uv": [0, 0, 3.5, 16], "texture": "#0"}
			}
		},
		{
			"from": [0, 14.75, 1],
			"to": [1.25, 15.75, 26.5],
			"faces": {
				"north": {"uv": [0, 0, 3.5, 16], "texture": "#1"},
				"east": {"uv": [0, 0, 3.5, 16], "texture": "#1"},
				"south": {"uv": [0, 0, 3.5, 16], "texture": "#1"},
				"west": {"uv": [0, 0, 3.5, 16], "texture": "#1"},
				"up": {"uv": [0, 0, 3.5, 16], "texture": "#1"},
				"down": {"uv": [0, 0, 3.5, 16], "texture": "#1"}
			}
		},
		{
			"from": [0.25, 15.75, 1],
			"to": [2.25, 16.75, 26.5],
			"faces": {
				"north": {"uv": [0, 0, 3.5, 16], "texture": "#5"},
				"east": {"uv": [0, 0, 3.5, 16], "texture": "#5"},
				"south": {"uv": [0, 0, 3.5, 16], "texture": "#5"},
				"west": {"uv": [0, 0, 3.5, 16], "texture": "#5"},
				"up": {"uv": [0, 0, 3.5, 16], "texture": "#5"},
				"down": {"uv": [0, 0, 3.5, 16], "texture": "#5"}
			}
		},
		{
			"from": [0.25, 15.75, 17],
			"to": [2.25, 17, 26.5],
			"faces": {
				"north": {"uv": [0, 0, 3.5, 16], "texture": "#5"},
				"east": {"uv": [0, 0, 3.5, 16], "texture": "#5"},
				"south": {"uv": [0, 0, 3.5, 16], "texture": "#5"},
				"west": {"uv": [0, 0, 3.5, 16], "texture": "#5"},
				"up": {"uv": [0, 0, 3.5, 16], "texture": "#5"},
				"down": {"uv": [0, 0, 3.5, 16], "texture": "#5"}
			}
		},
		{
			"from": [2.25, 15.75, -2],
			"to": [13, 17.5, 26.5],
			"faces": {
				"north": {"uv": [0, 0, 3.5, 16], "texture": "#5"},
				"east": {"uv": [0, 0, 3.5, 16], "texture": "#5"},
				"south": {"uv": [0, 0, 3.5, 16], "texture": "#5"},
				"west": {"uv": [0, 0, 3.5, 16], "texture": "#5"},
				"up": {"uv": [0, 0, 3.5, 16], "texture": "#5"},
				"down": {"uv": [0, 0, 3.5, 16], "texture": "#5"}
			}
		},
		{
			"from": [13, 15.75, 1],
			"to": [15, 16.75, 26.5],
			"faces": {
				"north": {"uv": [0, 0, 3.5, 16], "texture": "#5"},
				"east": {"uv": [0, 0, 3.5, 16], "texture": "#5"},
				"south": {"uv": [0, 0, 3.5, 16], "texture": "#5"},
				"west": {"uv": [0, 0, 3.5, 16], "texture": "#5"},
				"up": {"uv": [0, 0, 3.5, 16], "texture": "#5"},
				"down": {"uv": [0, 0, 3.5, 16], "texture": "#5"}
			}
		},
		{
			"from": [13, 15.75, 17],
			"to": [15, 17, 26.5],
			"faces": {
				"north": {"uv": [0, 0, 3.5, 16], "texture": "#5"},
				"east": {"uv": [0, 0, 3.5, 16], "texture": "#5"},
				"south": {"uv": [0, 0, 3.5, 16], "texture": "#5"},
				"west": {"uv": [0, 0, 3.5, 16], "texture": "#5"},
				"up": {"uv": [0, 0, 3.5, 16], "texture": "#5"},
				"down": {"uv": [0, 0, 3.5, 16], "texture": "#5"}
			}
		},
		{
			"from": [11, 16.75, 1],
			"to": [13, 17.75, 26.5],
			"faces": {
				"north": {"uv": [0, 0, 3.5, 16], "texture": "#5"},
				"east": {"uv": [0, 0, 3.5, 16], "texture": "#5"},
				"south": {"uv": [0, 0, 3.5, 16], "texture": "#5"},
				"west": {"uv": [0, 0, 3.5, 16], "texture": "#5"},
				"up": {"uv": [0, 0, 3.5, 16], "texture": "#5"},
				"down": {"uv": [0, 0, 3.5, 16], "texture": "#5"}
			}
		},
		{
			"from": [11, 16.75, 17],
			"to": [13, 18, 26.5],
			"faces": {
				"north": {"uv": [0, 0, 3.5, 16], "texture": "#5"},
				"east": {"uv": [0, 0, 3.5, 16], "texture": "#5"},
				"south": {"uv": [0, 0, 3.5, 16], "texture": "#5"},
				"west": {"uv": [0, 0, 3.5, 16], "texture": "#5"},
				"up": {"uv": [0, 0, 3.5, 16], "texture": "#5"},
				"down": {"uv": [0, 0, 3.5, 16], "texture": "#5"}
			}
		},
		{
			"from": [2.25, 16.75, 1],
			"to": [4.25, 17.75, 26.5],
			"faces": {
				"north": {"uv": [0, 0, 3.5, 16], "texture": "#5"},
				"east": {"uv": [0, 0, 3.5, 16], "texture": "#5"},
				"south": {"uv": [0, 0, 3.5, 16], "texture": "#5"},
				"west": {"uv": [0, 0, 3.5, 16], "texture": "#5"},
				"up": {"uv": [0, 0, 3.5, 16], "texture": "#5"},
				"down": {"uv": [0, 0, 3.5, 16], "texture": "#5"}
			}
		},
		{
			"from": [2.25, 16.75, 17],
			"to": [4.25, 18, 26.5],
			"faces": {
				"north": {"uv": [0, 0, 3.5, 16], "texture": "#5"},
				"east": {"uv": [0, 0, 3.5, 16], "texture": "#5"},
				"south": {"uv": [0, 0, 3.5, 16], "texture": "#5"},
				"west": {"uv": [0, 0, 3.5, 16], "texture": "#5"},
				"up": {"uv": [0, 0, 3.5, 16], "texture": "#5"},
				"down": {"uv": [0, 0, 3.5, 16], "texture": "#5"}
			}
		},
		{
			"from": [4.25, 17.5, 1],
			"to": [11, 18.5, 26.5],
			"faces": {
				"north": {"uv": [0, 0, 3.5, 16], "texture": "#5"},
				"east": {"uv": [0, 0, 3.5, 16], "texture": "#5"},
				"south": {"uv": [0, 0, 3.5, 16], "texture": "#5"},
				"west": {"uv": [0, 0, 3.5, 16], "texture": "#5"},
				"up": {"uv": [0, 0, 3.5, 16], "texture": "#5"},
				"down": {"uv": [0, 0, 3.5, 16], "texture": "#5"}
			}
		},
		{
			"from": [4.25, 17.5, 17],
			"to": [11, 18.75, 26.5],
			"faces": {
				"north": {"uv": [0, 0, 3.5, 16], "texture": "#5"},
				"east": {"uv": [0, 0, 3.5, 16], "texture": "#5"},
				"south": {"uv": [0, 0, 3.5, 16], "texture": "#5"},
				"west": {"uv": [0, 0, 3.5, 16], "texture": "#5"},
				"up": {"uv": [0, 0, 3.5, 16], "texture": "#5"},
				"down": {"uv": [0, 0, 3.5, 16], "texture": "#5"}
			}
		},
		{
			"from": [14.75, 14.75, 1],
			"to": [16, 15.75, 26.5],
			"faces": {
				"north": {"uv": [0, 0, 3.5, 16], "texture": "#1"},
				"east": {"uv": [0, 0, 3.5, 16], "texture": "#1"},
				"south": {"uv": [0, 0, 3.5, 16], "texture": "#1"},
				"west": {"uv": [0, 0, 3.5, 16], "texture": "#1"},
				"up": {"uv": [0, 0, 3.5, 16], "texture": "#1"},
				"down": {"uv": [0, 0, 3.5, 16], "texture": "#1"}
			}
		},
		{
			"from": [0.25, 6, 0.5],
			"to": [1, 11.25, 1.75],
			"rotation": {"angle": 45, "axis": "x", "origin": [8, 8, 8]},
			"faces": {
				"north": {"uv": [0, 0, 3.5, 16], "texture": "#1"},
				"east": {"uv": [0, 0, 3.5, 16], "texture": "#1"},
				"south": {"uv": [0, 0, 3.5, 16], "texture": "#1"},
				"west": {"uv": [0, 0, 3.5, 16], "texture": "#1"},
				"up": {"uv": [0, 0, 3.5, 16], "texture": "#1"},
				"down": {"uv": [0, 0, 3.5, 16], "texture": "#1"}
			}
		},
		{
			"from": [0.25, 6, 9],
			"to": [1, 11.25, 10.25],
			"rotation": {"angle": 45, "axis": "x", "origin": [8, 8, 16.5]},
			"faces": {
				"north": {"uv": [0, 0, 3.5, 16], "texture": "#1"},
				"east": {"uv": [0, 0, 3.5, 16], "texture": "#1"},
				"south": {"uv": [0, 0, 3.5, 16], "texture": "#1"},
				"west": {"uv": [0, 0, 3.5, 16], "texture": "#1"},
				"up": {"uv": [0, 0, 3.5, 16], "texture": "#1"},
				"down": {"uv": [0, 0, 3.5, 16], "texture": "#1"}
			}
		},
		{
			"from": [0.25, 6, 17.5],
			"to": [1, 11.25, 18.75],
			"rotation": {"angle": 45, "axis": "x", "origin": [8, 8, 25]},
			"faces": {
				"north": {"uv": [0, 0, 3.5, 16], "texture": "#1"},
				"east": {"uv": [0, 0, 3.5, 16], "texture": "#1"},
				"south": {"uv": [0, 0, 3.5, 16], "texture": "#1"},
				"west": {"uv": [0, 0, 3.5, 16], "texture": "#1"},
				"up": {"uv": [0, 0, 3.5, 16], "texture": "#1"},
				"down": {"uv": [0, 0, 3.5, 16], "texture": "#1"}
			}
		},
		{
			"from": [15, 6, 0.5],
			"to": [15.75, 11.25, 1.75],
			"rotation": {"angle": 45, "axis": "x", "origin": [22.75, 8, 8]},
			"faces": {
				"north": {"uv": [0, 0, 3.5, 16], "texture": "#1"},
				"east": {"uv": [0, 0, 3.5, 16], "texture": "#1"},
				"south": {"uv": [0, 0, 3.5, 16], "texture": "#1"},
				"west": {"uv": [0, 0, 3.5, 16], "texture": "#1"},
				"up": {"uv": [0, 0, 3.5, 16], "texture": "#1"},
				"down": {"uv": [0, 0, 3.5, 16], "texture": "#1"}
			}
		},
		{
			"from": [15, 6, 9],
			"to": [15.75, 11.25, 10.25],
			"rotation": {"angle": 45, "axis": "x", "origin": [22.75, 8, 16.5]},
			"faces": {
				"north": {"uv": [0, 0, 3.5, 16], "texture": "#1"},
				"east": {"uv": [0, 0, 3.5, 16], "texture": "#1"},
				"south": {"uv": [0, 0, 3.5, 16], "texture": "#1"},
				"west": {"uv": [0, 0, 3.5, 16], "texture": "#1"},
				"up": {"uv": [0, 0, 3.5, 16], "texture": "#1"},
				"down": {"uv": [0, 0, 3.5, 16], "texture": "#1"}
			}
		},
		{
			"from": [15, 6, 17.5],
			"to": [15.75, 11.25, 18.75],
			"rotation": {"angle": 45, "axis": "x", "origin": [22.75, 8, 25]},
			"faces": {
				"north": {"uv": [0, 0, 3.5, 16], "texture": "#1"},
				"east": {"uv": [0, 0, 3.5, 16], "texture": "#1"},
				"south": {"uv": [0, 0, 3.5, 16], "texture": "#1"},
				"west": {"uv": [0, 0, 3.5, 16], "texture": "#1"},
				"up": {"uv": [0, 0, 3.5, 16], "texture": "#1"},
				"down": {"uv": [0, 0, 3.5, 16], "texture": "#1"}
			}
		}
	],
	"display": {
		"gui": {
			"rotation": [19, -26, 0],
			"translation": [1, 0, 0],
			"scale": [0.59, 0.59, 0.59]
		},
		"head": {
			"scale": [3.37, 3.37, 2.65]
		}
	}
}