{
	"credit": "Texture Par Rémi P. , Reproduction/Vole/Reprise Interdite ! AstérixCraft est sous copyright",
	"textures": {
		"0": "block/green_concrete_powder",
		"1": "block/yellow_glazed_terracotta",
		"2": "block/red_terracotta",
		"particle": "block/green_concrete_powder"
	},
	"elements": [
		{
			"from": [7, -15.5, 5],
			"to": [13, 32, 11],
			"faces": {
				"north": {"uv": [2, 11.5, 2.5, 12], "texture": "#0"},
				"east": {"uv": [2, 11.5, 2.5, 12], "texture": "#0"},
				"south": {"uv": [2, 11.5, 2.5, 12], "texture": "#0"},
				"west": {"uv": [2, 11.5, 2.5, 12], "texture": "#0"},
				"up": {"uv": [2, 11.5, 2.5, 12], "texture": "#0"},
				"down": {"uv": [2, 11.5, 2.5, 12], "texture": "#0"}
			}
		},
		{
			"from": [6, 5, 4],
			"to": [14, 11, 12],
			"faces": {
				"north": {"uv": [0, 0, 12, 16], "texture": "#1"},
				"east": {"uv": [0, 0, 12, 16], "texture": "#1"},
				"south": {"uv": [0, 0, 12, 16], "texture": "#1"},
				"west": {"uv": [0, 0, 12, 16], "texture": "#1"},
				"up": {"uv": [0, 0, 12, 16], "texture": "#1"},
				"down": {"uv": [0, 0, 12, 16], "texture": "#1"}
			}
		},
		{
			"from": [6.5, -16, 4.5],
			"to": [13.5, 9, 11.5],
			"faces": {
				"north": {"uv": [0, 0, 12, 16], "texture": "#2"},
				"east": {"uv": [0, 0, 12, 16], "texture": "#2"},
				"south": {"uv": [0, 0, 12, 16], "texture": "#2"},
				"west": {"uv": [0, 0, 12, 16], "texture": "#2"},
				"up": {"uv": [0, 0, 12, 16], "texture": "#2"},
				"down": {"uv": [0, 0, 12, 16], "texture": "#2"}
			}
		}
	],
	"display": {
		"head": {
			"translation": [-4.75, 0, 0],
			"scale": [2.83, 4, 2.83]
		}
	}
}