{
	"credit": "Texture Par Rémi P. , Reproduction/Vole/Reprise Interdite ! AstérixCraft est sous copyright",
	"textures": {
		"0": "block/jungle_planks",
		"1": "block/cyan_shulker_box",
		"2": "block/yellow_terracotta",
		"3": "block/stripped_acacia_log",
		"4": "block/spruce_planks",
		"5": "block/furnace_side",
		"6": "block/andesite",
		"7": "block/light_gray_concrete",
		"8": "block/red_terracotta",
		"9": "block/brown_terracotta",
		"particle": "block/jungle_planks"
	},
	"elements": [
		{
			"from": [7.625, 3, -15],
			"to": [8.375, 32, -14.75],
			"faces": {
				"north": {"uv": [0, 0, 16, 6], "texture": "#0"},
				"east": {"uv": [0, 0, 16, 6], "texture": "#0"},
				"south": {"uv": [0, 0, 16, 6], "texture": "#0"},
				"west": {"uv": [0, 0, 16, 6], "texture": "#0"},
				"up": {"uv": [0, 0, 16, 6], "texture": "#0"},
				"down": {"uv": [0, 0, 16, 6], "texture": "#0"}
			}
		},
		{
			"from": [6.625, 25, -15],
			"to": [9.375, 28, -13.75],
			"faces": {
				"north": {"uv": [0, 0, 16, 6], "texture": "#5"},
				"east": {"uv": [0, 0, 16, 6], "texture": "#5"},
				"south": {"uv": [0, 0, 16, 6], "texture": "#5"},
				"west": {"uv": [0, 0, 16, 6], "texture": "#5"},
				"up": {"uv": [0, 0, 16, 6], "texture": "#5"},
				"down": {"uv": [0, 0, 16, 6], "texture": "#5"}
			}
		},
		{
			"from": [7.425, 25, -14.8],
			"to": [8.575, 28.1, -13.55],
			"faces": {
				"north": {"uv": [0, 0, 16, 6], "texture": "#5"},
				"east": {"uv": [0, 0, 16, 6], "texture": "#5"},
				"south": {"uv": [0, 0, 16, 6], "texture": "#5"},
				"west": {"uv": [0, 0, 16, 6], "texture": "#5"},
				"up": {"uv": [0, 0, 16, 6], "texture": "#5"},
				"down": {"uv": [0, 0, 16, 6], "texture": "#5"}
			}
		},
		{
			"from": [-4, -3, -15],
			"to": [20, 3, -12],
			"faces": {
				"north": {"uv": [0, 0, 16, 6], "texture": "#0"},
				"east": {"uv": [0, 0, 16, 6], "texture": "#0"},
				"south": {"uv": [0, 0, 16, 6], "texture": "#0"},
				"west": {"uv": [0, 0, 16, 6], "texture": "#0"},
				"up": {"uv": [0, 0, 16, 6], "texture": "#0"},
				"down": {"uv": [0, 0, 16, 6], "texture": "#0"}
			}
		},
		{
			"from": [-4, -3, -15],
			"to": [20, 3, -12],
			"faces": {
				"north": {"uv": [0, 0, 16, 6], "texture": "#0"},
				"east": {"uv": [0, 0, 16, 6], "texture": "#0"},
				"south": {"uv": [0, 0, 16, 6], "texture": "#0"},
				"west": {"uv": [0, 0, 16, 6], "texture": "#0"},
				"up": {"uv": [0, 0, 16, 6], "texture": "#0"},
				"down": {"uv": [0, 0, 16, 6], "texture": "#0"}
			}
		},
		{
			"from": [-3, -3, -4.25],
			"to": [19, 4.75, -3],
			"faces": {
				"north": {"uv": [0, 0, 16, 16], "texture": "#9"},
				"east": {"uv": [0, 0, 16, 6], "texture": "#4"},
				"south": {"uv": [0, 0, 16, 6], "texture": "#0"},
				"west": {"uv": [0, 0, 16, 6], "texture": "#4"},
				"up": {"uv": [0, 0, 16, 16], "texture": "#9"},
				"down": {"uv": [0, 0, 16, 6], "texture": "#0"}
			}
		},
		{
			"from": [-3, -3, -7.75],
			"to": [19, 0.25, -3.5],
			"faces": {
				"north": {"uv": [0, 0, 16, 16], "texture": "#9"},
				"east": {"uv": [0, 0, 16, 6], "texture": "#4"},
				"south": {"uv": [0, 0, 16, 6], "texture": "#0"},
				"west": {"uv": [0, 0, 16, 6], "texture": "#4"},
				"up": {"uv": [0, 0, 16, 16], "texture": "#9"},
				"down": {"uv": [0, 0, 16, 6], "texture": "#0"}
			}
		},
		{
			"from": [-1, -3, 13.75],
			"to": [17, 4.75, 15],
			"faces": {
				"north": {"uv": [0, 0, 16, 16], "texture": "#9"},
				"east": {"uv": [0, 0, 16, 6], "texture": "#4"},
				"south": {"uv": [0, 0, 16, 6], "texture": "#0"},
				"west": {"uv": [0, 0, 16, 6], "texture": "#4"},
				"up": {"uv": [0, 0, 16, 16], "texture": "#9"},
				"down": {"uv": [0, 0, 16, 6], "texture": "#0"}
			}
		},
		{
			"from": [-0.25, -3, 22.75],
			"to": [16.25, 4.75, 24],
			"faces": {
				"north": {"uv": [0, 0, 16, 16], "texture": "#9"},
				"east": {"uv": [0, 0, 16, 6], "texture": "#4"},
				"south": {"uv": [0, 0, 16, 6], "texture": "#0"},
				"west": {"uv": [0, 0, 16, 6], "texture": "#4"},
				"up": {"uv": [0, 0, 16, 16], "texture": "#9"},
				"down": {"uv": [0, 0, 16, 6], "texture": "#0"}
			}
		},
		{
			"from": [-2, -3, 4.75],
			"to": [18, 4.75, 6],
			"faces": {
				"north": {"uv": [0, 0, 16, 16], "texture": "#9"},
				"east": {"uv": [0, 0, 16, 6], "texture": "#4"},
				"south": {"uv": [0, 0, 16, 6], "texture": "#0"},
				"west": {"uv": [0, 0, 16, 6], "texture": "#4"},
				"up": {"uv": [0, 0, 16, 16], "texture": "#9"},
				"down": {"uv": [0, 0, 16, 6], "texture": "#0"}
			}
		},
		{
			"from": [-1, -3, 10.25],
			"to": [17, 0.25, 14.5],
			"faces": {
				"north": {"uv": [0, 0, 16, 16], "texture": "#9"},
				"east": {"uv": [0, 0, 16, 6], "texture": "#4"},
				"south": {"uv": [0, 0, 16, 6], "texture": "#0"},
				"west": {"uv": [0, 0, 16, 6], "texture": "#4"},
				"up": {"uv": [0, 0, 16, 16], "texture": "#9"},
				"down": {"uv": [0, 0, 16, 6], "texture": "#0"}
			}
		},
		{
			"from": [0, -3, 19.25],
			"to": [16, 0.25, 23.5],
			"faces": {
				"north": {"uv": [0, 0, 16, 16], "texture": "#9"},
				"east": {"uv": [0, 0, 16, 6], "texture": "#4"},
				"south": {"uv": [0, 0, 16, 6], "texture": "#0"},
				"west": {"uv": [0, 0, 16, 6], "texture": "#4"},
				"up": {"uv": [0, 0, 16, 16], "texture": "#9"},
				"down": {"uv": [0, 0, 16, 6], "texture": "#0"}
			}
		},
		{
			"from": [-2, -3, 1.25],
			"to": [18, 0.25, 5.5],
			"faces": {
				"north": {"uv": [0, 0, 16, 16], "texture": "#9"},
				"east": {"uv": [0, 0, 16, 6], "texture": "#4"},
				"south": {"uv": [0, 0, 16, 6], "texture": "#0"},
				"west": {"uv": [0, 0, 16, 6], "texture": "#4"},
				"up": {"uv": [0, 0, 16, 16], "texture": "#9"},
				"down": {"uv": [0, 0, 16, 6], "texture": "#0"}
			}
		},
		{
			"from": [-4, -3, -15],
			"to": [20, -2.75, -1.5],
			"faces": {
				"north": {"uv": [0, 0, 16, 16], "texture": "#6"},
				"east": {"uv": [0, 0, 16, 16], "texture": "#6"},
				"south": {"uv": [0, 0, 16, 16], "texture": "#6"},
				"west": {"uv": [0, 0, 16, 16], "texture": "#6"},
				"up": {"uv": [0, 0, 16, 16], "texture": "#6"},
				"down": {"uv": [0, 0, 16, 16], "texture": "#6"}
			}
		},
		{
			"from": [-2.5, -3, -1.5],
			"to": [18.5, -2.75, 7.5],
			"faces": {
				"north": {"uv": [0, 0, 16, 16], "texture": "#6"},
				"east": {"uv": [0, 0, 16, 16], "texture": "#6"},
				"south": {"uv": [0, 0, 16, 16], "texture": "#6"},
				"west": {"uv": [0, 0, 16, 16], "texture": "#6"},
				"up": {"uv": [0, 0, 16, 16], "texture": "#6"},
				"down": {"uv": [0, 0, 16, 16], "texture": "#6"}
			}
		},
		{
			"from": [-1.8, -3, 7.5],
			"to": [17.8, -2.75, 16.5],
			"faces": {
				"north": {"uv": [0, 0, 16, 16], "texture": "#6"},
				"east": {"uv": [0, 0, 16, 16], "texture": "#6"},
				"south": {"uv": [0, 0, 16, 16], "texture": "#6"},
				"west": {"uv": [0, 0, 16, 16], "texture": "#6"},
				"up": {"uv": [0, 0, 16, 16], "texture": "#6"},
				"down": {"uv": [0, 0, 16, 16], "texture": "#6"}
			}
		},
		{
			"from": [-0.5, -3, 16.5],
			"to": [16.75, -2.75, 24.5],
			"faces": {
				"north": {"uv": [0, 0, 16, 16], "texture": "#6"},
				"east": {"uv": [0, 0, 16, 16], "texture": "#6"},
				"south": {"uv": [0, 0, 16, 16], "texture": "#6"},
				"west": {"uv": [0, 0, 16, 16], "texture": "#6"},
				"up": {"uv": [0, 0, 16, 16], "texture": "#6"},
				"down": {"uv": [0, 0, 16, 16], "texture": "#6"}
			}
		},
		{
			"from": [-4, 2.9, -14.25],
			"to": [20, 3.3, -12.5],
			"faces": {
				"north": {"uv": [0, 0, 16, 6], "texture": "#0"},
				"east": {"uv": [0, 0, 16, 6], "texture": "#0"},
				"south": {"uv": [0, 0, 16, 6], "texture": "#0"},
				"west": {"uv": [0, 0, 16, 6], "texture": "#0"},
				"up": {"uv": [0, 0, 16, 6], "texture": "#0"},
				"down": {"uv": [0, 0, 16, 6], "texture": "#0"}
			}
		},
		{
			"from": [-5, -3, -15],
			"to": [-4, 4, -12],
			"faces": {
				"north": {"uv": [16, 0, 0, 16], "texture": "#1"},
				"east": {"uv": [16, 0, 0, 16], "texture": "#1"},
				"south": {"uv": [16, 0, 0, 16], "texture": "#1"},
				"west": {"uv": [16, 0, 0, 16], "texture": "#1"},
				"up": {"uv": [16, 0, 0, 16], "texture": "#1"},
				"down": {"uv": [16, 0, 0, 16], "texture": "#1"}
			}
		},
		{
			"from": [-4, -3, -7],
			"to": [-3, 4, -4],
			"faces": {
				"north": {"uv": [16, 0, 0, 16], "texture": "#1"},
				"east": {"uv": [16, 0, 0, 16], "texture": "#1"},
				"south": {"uv": [16, 0, 0, 16], "texture": "#1"},
				"west": {"uv": [16, 0, 0, 16], "texture": "#1"},
				"up": {"uv": [16, 0, 0, 16], "texture": "#1"},
				"down": {"uv": [16, 0, 0, 16], "texture": "#1"}
			}
		},
		{
			"from": [19, -3, -7],
			"to": [20, 4, -4],
			"faces": {
				"north": {"uv": [0, 0, 16, 16], "texture": "#1"},
				"east": {"uv": [0, 0, 16, 16], "texture": "#1"},
				"south": {"uv": [0, 0, 16, 16], "texture": "#1"},
				"west": {"uv": [0, 0, 16, 16], "texture": "#1"},
				"up": {"uv": [0, 0, 16, 16], "texture": "#1"},
				"down": {"uv": [0, 0, 16, 16], "texture": "#1"}
			}
		},
		{
			"from": [-3, -3, 2],
			"to": [-2, 4, 5],
			"faces": {
				"north": {"uv": [16, 0, 0, 16], "texture": "#1"},
				"east": {"uv": [16, 0, 0, 16], "texture": "#1"},
				"south": {"uv": [16, 0, 0, 16], "texture": "#1"},
				"west": {"uv": [16, 0, 0, 16], "texture": "#1"},
				"up": {"uv": [16, 0, 0, 16], "texture": "#1"},
				"down": {"uv": [16, 0, 0, 16], "texture": "#1"}
			}
		},
		{
			"from": [18, -3, 2],
			"to": [19, 4, 5],
			"faces": {
				"north": {"uv": [0, 0, 16, 16], "texture": "#1"},
				"east": {"uv": [0, 0, 16, 16], "texture": "#1"},
				"south": {"uv": [0, 0, 16, 16], "texture": "#1"},
				"west": {"uv": [0, 0, 16, 16], "texture": "#1"},
				"up": {"uv": [0, 0, 16, 16], "texture": "#1"},
				"down": {"uv": [0, 0, 16, 16], "texture": "#1"}
			}
		},
		{
			"from": [-2, -3, 10.75],
			"to": [-1, 4, 13.75],
			"faces": {
				"north": {"uv": [16, 0, 0, 16], "texture": "#1"},
				"east": {"uv": [16, 0, 0, 16], "texture": "#1"},
				"south": {"uv": [16, 0, 0, 16], "texture": "#1"},
				"west": {"uv": [16, 0, 0, 16], "texture": "#1"},
				"up": {"uv": [16, 0, 0, 16], "texture": "#1"},
				"down": {"uv": [16, 0, 0, 16], "texture": "#1"}
			}
		},
		{
			"from": [17, -3, 10.75],
			"to": [18, 4, 13.75],
			"faces": {
				"north": {"uv": [0, 0, 16, 16], "texture": "#1"},
				"east": {"uv": [0, 0, 16, 16], "texture": "#1"},
				"south": {"uv": [0, 0, 16, 16], "texture": "#1"},
				"west": {"uv": [0, 0, 16, 16], "texture": "#1"},
				"up": {"uv": [0, 0, 16, 16], "texture": "#1"},
				"down": {"uv": [0, 0, 16, 16], "texture": "#1"}
			}
		},
		{
			"from": [-5, -3, -15],
			"to": [-4, 4, -12],
			"faces": {
				"north": {"uv": [16, 0, 0, 16], "texture": "#1"},
				"east": {"uv": [16, 0, 0, 16], "texture": "#1"},
				"south": {"uv": [16, 0, 0, 16], "texture": "#1"},
				"west": {"uv": [16, 0, 0, 16], "texture": "#1"},
				"up": {"uv": [16, 0, 0, 16], "texture": "#1"},
				"down": {"uv": [16, 0, 0, 16], "texture": "#1"}
			}
		},
		{
			"from": [20, -3, -15],
			"to": [21, 4, -12],
			"faces": {
				"north": {"uv": [0, 0, 16, 16], "texture": "#1"},
				"east": {"uv": [0, 0, 16, 16], "texture": "#1"},
				"south": {"uv": [0, 0, 16, 16], "texture": "#1"},
				"west": {"uv": [0, 0, 16, 16], "texture": "#1"},
				"up": {"uv": [0, 0, 16, 16], "texture": "#1"},
				"down": {"uv": [0, 0, 16, 16], "texture": "#1"}
			}
		},
		{
			"from": [20, -3, -15],
			"to": [21, 4, -12],
			"faces": {
				"north": {"uv": [0, 0, 16, 16], "texture": "#1"},
				"east": {"uv": [0, 0, 16, 16], "texture": "#1"},
				"south": {"uv": [0, 0, 16, 16], "texture": "#1"},
				"west": {"uv": [0, 0, 16, 16], "texture": "#1"},
				"up": {"uv": [0, 0, 16, 16], "texture": "#1"},
				"down": {"uv": [0, 0, 16, 16], "texture": "#1"}
			}
		},
		{
			"from": [-4.2, -3, -15.1],
			"to": [-3.9, 4.1, -11.9],
			"faces": {
				"north": {"uv": [16, 0, 0, 16], "texture": "#4"},
				"east": {"uv": [16, 0, 0, 16], "texture": "#4"},
				"south": {"uv": [16, 0, 0, 16], "texture": "#4"},
				"west": {"uv": [16, 0, 0, 16], "texture": "#4"},
				"up": {"uv": [16, 0, 0, 16], "texture": "#4"},
				"down": {"uv": [16, 0, 0, 16], "texture": "#4"}
			}
		},
		{
			"from": [-3.2, -3, -7.1],
			"to": [-2.9, 4.1, -3.9],
			"faces": {
				"north": {"uv": [16, 0, 0, 16], "texture": "#4"},
				"east": {"uv": [16, 0, 0, 16], "texture": "#4"},
				"south": {"uv": [16, 0, 0, 16], "texture": "#4"},
				"west": {"uv": [16, 0, 0, 16], "texture": "#4"},
				"up": {"uv": [16, 0, 0, 16], "texture": "#4"},
				"down": {"uv": [16, 0, 0, 16], "texture": "#4"}
			}
		},
		{
			"from": [18.9, -3, -7.1],
			"to": [19.2, 4.1, -3.9],
			"faces": {
				"north": {"uv": [0, 0, 16, 16], "texture": "#4"},
				"east": {"uv": [0, 0, 16, 16], "texture": "#4"},
				"south": {"uv": [0, 0, 16, 16], "texture": "#4"},
				"west": {"uv": [0, 0, 16, 16], "texture": "#4"},
				"up": {"uv": [0, 0, 16, 16], "texture": "#4"},
				"down": {"uv": [0, 0, 16, 16], "texture": "#4"}
			}
		},
		{
			"from": [-2.2, -3, 1.9],
			"to": [-1.9, 4.1, 5.1],
			"faces": {
				"north": {"uv": [16, 0, 0, 16], "texture": "#4"},
				"east": {"uv": [16, 0, 0, 16], "texture": "#4"},
				"south": {"uv": [16, 0, 0, 16], "texture": "#4"},
				"west": {"uv": [16, 0, 0, 16], "texture": "#4"},
				"up": {"uv": [16, 0, 0, 16], "texture": "#4"},
				"down": {"uv": [16, 0, 0, 16], "texture": "#4"}
			}
		},
		{
			"from": [17.9, -3, 1.9],
			"to": [18.2, 4.1, 5.1],
			"faces": {
				"north": {"uv": [0, 0, 16, 16], "texture": "#4"},
				"east": {"uv": [0, 0, 16, 16], "texture": "#4"},
				"south": {"uv": [0, 0, 16, 16], "texture": "#4"},
				"west": {"uv": [0, 0, 16, 16], "texture": "#4"},
				"up": {"uv": [0, 0, 16, 16], "texture": "#4"},
				"down": {"uv": [0, 0, 16, 16], "texture": "#4"}
			}
		},
		{
			"from": [-1.2, -3, 10.65],
			"to": [-0.9, 4.1, 13.85],
			"faces": {
				"north": {"uv": [16, 0, 0, 16], "texture": "#4"},
				"east": {"uv": [16, 0, 0, 16], "texture": "#4"},
				"south": {"uv": [16, 0, 0, 16], "texture": "#4"},
				"west": {"uv": [16, 0, 0, 16], "texture": "#4"},
				"up": {"uv": [16, 0, 0, 16], "texture": "#4"},
				"down": {"uv": [16, 0, 0, 16], "texture": "#4"}
			}
		},
		{
			"from": [16.9, -3, 10.65],
			"to": [17.2, 4.1, 13.85],
			"faces": {
				"north": {"uv": [0, 0, 16, 16], "texture": "#4"},
				"east": {"uv": [0, 0, 16, 16], "texture": "#4"},
				"south": {"uv": [0, 0, 16, 16], "texture": "#4"},
				"west": {"uv": [0, 0, 16, 16], "texture": "#4"},
				"up": {"uv": [0, 0, 16, 16], "texture": "#4"},
				"down": {"uv": [0, 0, 16, 16], "texture": "#4"}
			}
		},
		{
			"from": [-4.2, -3, -12.1],
			"to": [-3.4, -1.9, -6.9],
			"faces": {
				"north": {"uv": [16, 0, 0, 16], "texture": "#7"},
				"east": {"uv": [16, 0, 0, 16], "texture": "#7"},
				"south": {"uv": [16, 0, 0, 16], "texture": "#7"},
				"west": {"uv": [16, 0, 0, 16], "texture": "#7"},
				"up": {"uv": [16, 0, 0, 16], "texture": "#7"},
				"down": {"uv": [16, 0, 0, 16], "texture": "#7"}
			}
		},
		{
			"from": [19.4, -3, -12.1],
			"to": [20.2, -1.9, -6.9],
			"faces": {
				"north": {"uv": [0, 0, 16, 16], "texture": "#7"},
				"east": {"uv": [0, 0, 16, 16], "texture": "#7"},
				"south": {"uv": [0, 0, 16, 16], "texture": "#7"},
				"west": {"uv": [0, 0, 16, 16], "texture": "#7"},
				"up": {"uv": [0, 0, 16, 16], "texture": "#7"},
				"down": {"uv": [0, 0, 16, 16], "texture": "#7"}
			}
		},
		{
			"from": [-4.2, -3, -4],
			"to": [-2.9, -1.9, -1.4],
			"faces": {
				"north": {"uv": [16, 0, 0, 16], "texture": "#7"},
				"east": {"uv": [16, 0, 0, 16], "texture": "#7"},
				"south": {"uv": [16, 0, 0, 16], "texture": "#7"},
				"west": {"uv": [16, 0, 0, 16], "texture": "#7"},
				"up": {"uv": [16, 0, 0, 16], "texture": "#7"},
				"down": {"uv": [16, 0, 0, 16], "texture": "#7"}
			}
		},
		{
			"from": [18.9, -3, -4],
			"to": [20.2, -1.9, -1.4],
			"faces": {
				"north": {"uv": [0, 0, 16, 16], "texture": "#7"},
				"east": {"uv": [0, 0, 16, 16], "texture": "#7"},
				"south": {"uv": [0, 0, 16, 16], "texture": "#7"},
				"west": {"uv": [0, 0, 16, 16], "texture": "#7"},
				"up": {"uv": [0, 0, 16, 16], "texture": "#7"},
				"down": {"uv": [0, 0, 16, 16], "texture": "#7"}
			}
		},
		{
			"from": [-2.95, -3, -3.1],
			"to": [-2.15, -1.9, 3.1],
			"faces": {
				"north": {"uv": [16, 0, 0, 16], "texture": "#7"},
				"east": {"uv": [16, 0, 0, 16], "texture": "#7"},
				"south": {"uv": [16, 0, 0, 16], "texture": "#7"},
				"west": {"uv": [16, 0, 0, 16], "texture": "#7"},
				"up": {"uv": [16, 0, 0, 16], "texture": "#7"},
				"down": {"uv": [16, 0, 0, 16], "texture": "#7"}
			}
		},
		{
			"from": [18.15, -3, -3.1],
			"to": [18.95, -1.9, 3.1],
			"faces": {
				"north": {"uv": [0, 0, 16, 16], "texture": "#7"},
				"east": {"uv": [0, 0, 16, 16], "texture": "#7"},
				"south": {"uv": [0, 0, 16, 16], "texture": "#7"},
				"west": {"uv": [0, 0, 16, 16], "texture": "#7"},
				"up": {"uv": [0, 0, 16, 16], "texture": "#7"},
				"down": {"uv": [0, 0, 16, 16], "texture": "#7"}
			}
		},
		{
			"from": [-2.95, -3, 4.9],
			"to": [-2.15, -1.9, 10.1],
			"faces": {
				"north": {"uv": [16, 0, 0, 16], "texture": "#7"},
				"east": {"uv": [16, 0, 0, 16], "texture": "#7"},
				"south": {"uv": [16, 0, 0, 16], "texture": "#7"},
				"west": {"uv": [16, 0, 0, 16], "texture": "#7"},
				"up": {"uv": [16, 0, 0, 16], "texture": "#7"},
				"down": {"uv": [16, 0, 0, 16], "texture": "#7"}
			}
		},
		{
			"from": [18.15, -3, 4.9],
			"to": [18.95, -1.9, 10.1],
			"faces": {
				"north": {"uv": [0, 0, 16, 16], "texture": "#7"},
				"east": {"uv": [0, 0, 16, 16], "texture": "#7"},
				"south": {"uv": [0, 0, 16, 16], "texture": "#7"},
				"west": {"uv": [0, 0, 16, 16], "texture": "#7"},
				"up": {"uv": [0, 0, 16, 16], "texture": "#7"},
				"down": {"uv": [0, 0, 16, 16], "texture": "#7"}
			}
		},
		{
			"from": [-2.2, -3, 8.9],
			"to": [-1.4, -1.9, 10.8],
			"faces": {
				"north": {"uv": [16, 0, 0, 16], "texture": "#7"},
				"east": {"uv": [16, 0, 0, 16], "texture": "#7"},
				"south": {"uv": [16, 0, 0, 16], "texture": "#7"},
				"west": {"uv": [16, 0, 0, 16], "texture": "#7"},
				"up": {"uv": [16, 0, 0, 16], "texture": "#7"},
				"down": {"uv": [16, 0, 0, 16], "texture": "#7"}
			}
		},
		{
			"from": [17.4, -3, 8.9],
			"to": [18.2, -1.9, 10.8],
			"faces": {
				"north": {"uv": [0, 0, 16, 16], "texture": "#7"},
				"east": {"uv": [0, 0, 16, 16], "texture": "#7"},
				"south": {"uv": [0, 0, 16, 16], "texture": "#7"},
				"west": {"uv": [0, 0, 16, 16], "texture": "#7"},
				"up": {"uv": [0, 0, 16, 16], "texture": "#7"},
				"down": {"uv": [0, 0, 16, 16], "texture": "#7"}
			}
		},
		{
			"from": [-2, -3, 13.7],
			"to": [-1.2, -1.9, 16.6],
			"faces": {
				"north": {"uv": [16, 0, 0, 16], "texture": "#7"},
				"east": {"uv": [16, 0, 0, 16], "texture": "#7"},
				"south": {"uv": [16, 0, 0, 16], "texture": "#7"},
				"west": {"uv": [16, 0, 0, 16], "texture": "#7"},
				"up": {"uv": [16, 0, 0, 16], "texture": "#7"},
				"down": {"uv": [16, 0, 0, 16], "texture": "#7"}
			}
		},
		{
			"from": [17.2, -3, 13.7],
			"to": [18, -1.9, 16.6],
			"faces": {
				"north": {"uv": [0, 0, 16, 16], "texture": "#7"},
				"east": {"uv": [0, 0, 16, 16], "texture": "#7"},
				"south": {"uv": [0, 0, 16, 16], "texture": "#7"},
				"west": {"uv": [0, 0, 16, 16], "texture": "#7"},
				"up": {"uv": [0, 0, 16, 16], "texture": "#7"},
				"down": {"uv": [0, 0, 16, 16], "texture": "#7"}
			}
		},
		{
			"from": [-1.25, -3, 15.8],
			"to": [-0.45, -1.9, 20],
			"faces": {
				"north": {"uv": [16, 0, 0, 16], "texture": "#7"},
				"east": {"uv": [16, 0, 0, 16], "texture": "#7"},
				"south": {"uv": [16, 0, 0, 16], "texture": "#7"},
				"west": {"uv": [16, 0, 0, 16], "texture": "#7"},
				"up": {"uv": [16, 0, 0, 16], "texture": "#7"},
				"down": {"uv": [16, 0, 0, 16], "texture": "#7"}
			}
		},
		{
			"from": [16.45, -3, 15.8],
			"to": [17.25, -1.9, 20],
			"faces": {
				"north": {"uv": [0, 0, 16, 16], "texture": "#7"},
				"east": {"uv": [0, 0, 16, 16], "texture": "#7"},
				"south": {"uv": [0, 0, 16, 16], "texture": "#7"},
				"west": {"uv": [0, 0, 16, 16], "texture": "#7"},
				"up": {"uv": [0, 0, 16, 16], "texture": "#7"},
				"down": {"uv": [0, 0, 16, 16], "texture": "#7"}
			}
		},
		{
			"from": [-4.2, -3, -15.1],
			"to": [-3.9, 4.1, -11.9],
			"faces": {
				"north": {"uv": [16, 0, 0, 16], "texture": "#4"},
				"east": {"uv": [16, 0, 0, 16], "texture": "#4"},
				"south": {"uv": [16, 0, 0, 16], "texture": "#4"},
				"west": {"uv": [16, 0, 0, 16], "texture": "#4"},
				"up": {"uv": [16, 0, 0, 16], "texture": "#4"},
				"down": {"uv": [16, 0, 0, 16], "texture": "#4"}
			}
		},
		{
			"from": [19.9, -3, -15.1],
			"to": [20.2, 4.1, -11.9],
			"faces": {
				"north": {"uv": [0, 0, 16, 16], "texture": "#4"},
				"east": {"uv": [0, 0, 16, 16], "texture": "#4"},
				"south": {"uv": [0, 0, 16, 16], "texture": "#4"},
				"west": {"uv": [0, 0, 16, 16], "texture": "#4"},
				"up": {"uv": [0, 0, 16, 16], "texture": "#4"},
				"down": {"uv": [0, 0, 16, 16], "texture": "#4"}
			}
		},
		{
			"from": [19.9, -3, -15.1],
			"to": [20.2, 4.1, -11.9],
			"faces": {
				"north": {"uv": [0, 0, 16, 16], "texture": "#4"},
				"east": {"uv": [0, 0, 16, 16], "texture": "#4"},
				"south": {"uv": [0, 0, 16, 16], "texture": "#4"},
				"west": {"uv": [0, 0, 16, 16], "texture": "#4"},
				"up": {"uv": [0, 0, 16, 16], "texture": "#4"},
				"down": {"uv": [0, 0, 16, 16], "texture": "#4"}
			}
		},
		{
			"from": [-5.3, 0, -14],
			"to": [-4.3, 1, -13],
			"faces": {
				"north": {"uv": [1, 0, 0, 1], "texture": "#2"},
				"east": {"uv": [1, 0, 0, 1], "texture": "#2"},
				"south": {"uv": [1, 0, 0, 1], "texture": "#2"},
				"west": {"uv": [1, 0, 0, 1], "texture": "#2"},
				"up": {"uv": [1, 0, 0, 1], "texture": "#2"},
				"down": {"uv": [1, 0, 0, 1], "texture": "#2"}
			}
		},
		{
			"from": [-4.3, 0, -6],
			"to": [-3.3, 1, -5],
			"faces": {
				"north": {"uv": [1, 0, 0, 1], "texture": "#2"},
				"east": {"uv": [1, 0, 0, 1], "texture": "#2"},
				"south": {"uv": [1, 0, 0, 1], "texture": "#2"},
				"west": {"uv": [1, 0, 0, 1], "texture": "#2"},
				"up": {"uv": [1, 0, 0, 1], "texture": "#2"},
				"down": {"uv": [1, 0, 0, 1], "texture": "#2"}
			}
		},
		{
			"from": [19.3, 0, -6],
			"to": [20.3, 1, -5],
			"faces": {
				"north": {"uv": [0, 0, 1, 1], "texture": "#2"},
				"east": {"uv": [0, 0, 1, 1], "texture": "#2"},
				"south": {"uv": [0, 0, 1, 1], "texture": "#2"},
				"west": {"uv": [0, 0, 1, 1], "texture": "#2"},
				"up": {"uv": [0, 0, 1, 1], "texture": "#2"},
				"down": {"uv": [0, 0, 1, 1], "texture": "#2"}
			}
		},
		{
			"from": [-3.3, 0, 3],
			"to": [-2.3, 1, 4],
			"faces": {
				"north": {"uv": [1, 0, 0, 1], "texture": "#2"},
				"east": {"uv": [1, 0, 0, 1], "texture": "#2"},
				"south": {"uv": [1, 0, 0, 1], "texture": "#2"},
				"west": {"uv": [1, 0, 0, 1], "texture": "#2"},
				"up": {"uv": [1, 0, 0, 1], "texture": "#2"},
				"down": {"uv": [1, 0, 0, 1], "texture": "#2"}
			}
		},
		{
			"from": [18.3, 0, 3],
			"to": [19.3, 1, 4],
			"faces": {
				"north": {"uv": [0, 0, 1, 1], "texture": "#2"},
				"east": {"uv": [0, 0, 1, 1], "texture": "#2"},
				"south": {"uv": [0, 0, 1, 1], "texture": "#2"},
				"west": {"uv": [0, 0, 1, 1], "texture": "#2"},
				"up": {"uv": [0, 0, 1, 1], "texture": "#2"},
				"down": {"uv": [0, 0, 1, 1], "texture": "#2"}
			}
		},
		{
			"from": [-2.3, 0, 11.75],
			"to": [-1.3, 1, 12.75],
			"faces": {
				"north": {"uv": [1, 0, 0, 1], "texture": "#2"},
				"east": {"uv": [1, 0, 0, 1], "texture": "#2"},
				"south": {"uv": [1, 0, 0, 1], "texture": "#2"},
				"west": {"uv": [1, 0, 0, 1], "texture": "#2"},
				"up": {"uv": [1, 0, 0, 1], "texture": "#2"},
				"down": {"uv": [1, 0, 0, 1], "texture": "#2"}
			}
		},
		{
			"from": [17.3, 0, 11.75],
			"to": [18.3, 1, 12.75],
			"faces": {
				"north": {"uv": [0, 0, 1, 1], "texture": "#2"},
				"east": {"uv": [0, 0, 1, 1], "texture": "#2"},
				"south": {"uv": [0, 0, 1, 1], "texture": "#2"},
				"west": {"uv": [0, 0, 1, 1], "texture": "#2"},
				"up": {"uv": [0, 0, 1, 1], "texture": "#2"},
				"down": {"uv": [0, 0, 1, 1], "texture": "#2"}
			}
		},
		{
			"from": [-5.3, 0, -14],
			"to": [-4.3, 1, -13],
			"faces": {
				"north": {"uv": [1, 0, 0, 1], "texture": "#2"},
				"east": {"uv": [1, 0, 0, 1], "texture": "#2"},
				"south": {"uv": [1, 0, 0, 1], "texture": "#2"},
				"west": {"uv": [1, 0, 0, 1], "texture": "#2"},
				"up": {"uv": [1, 0, 0, 1], "texture": "#2"},
				"down": {"uv": [1, 0, 0, 1], "texture": "#2"}
			}
		},
		{
			"from": [20.3, 0, -14],
			"to": [21.3, 1, -13],
			"faces": {
				"north": {"uv": [0, 0, 1, 1], "texture": "#2"},
				"east": {"uv": [0, 0, 1, 1], "texture": "#2"},
				"south": {"uv": [0, 0, 1, 1], "texture": "#2"},
				"west": {"uv": [0, 0, 1, 1], "texture": "#2"},
				"up": {"uv": [0, 0, 1, 1], "texture": "#2"},
				"down": {"uv": [0, 0, 1, 1], "texture": "#2"}
			}
		},
		{
			"from": [20.3, 0, -14],
			"to": [21.3, 1, -13],
			"faces": {
				"north": {"uv": [0, 0, 1, 1], "texture": "#2"},
				"east": {"uv": [0, 0, 1, 1], "texture": "#2"},
				"south": {"uv": [0, 0, 1, 1], "texture": "#2"},
				"west": {"uv": [0, 0, 1, 1], "texture": "#2"},
				"up": {"uv": [0, 0, 1, 1], "texture": "#2"},
				"down": {"uv": [0, 0, 1, 1], "texture": "#2"}
			}
		},
		{
			"from": [-5.1, -5.3, -11.2],
			"to": [-4.3, 0.6, -11],
			"rotation": {"angle": 22.5, "axis": "x", "origin": [4, 5, -5]},
			"faces": {
				"north": {"uv": [1, 0, 0, 1], "texture": "#3"},
				"east": {"uv": [1, 0, 0, 1], "texture": "#3"},
				"south": {"uv": [1, 0, 0, 1], "texture": "#3"},
				"west": {"uv": [1, 0, 0, 1], "texture": "#3"},
				"up": {"uv": [1, 0, 0, 1], "texture": "#3"},
				"down": {"uv": [1, 0, 0, 1], "texture": "#3"}
			}
		},
		{
			"from": [-4.1, -5.3, -3.2],
			"to": [-3.3, 0.6, -3],
			"rotation": {"angle": 22.5, "axis": "x", "origin": [5, 5, 3]},
			"faces": {
				"north": {"uv": [1, 0, 0, 1], "texture": "#3"},
				"east": {"uv": [1, 0, 0, 1], "texture": "#3"},
				"south": {"uv": [1, 0, 0, 1], "texture": "#3"},
				"west": {"uv": [1, 0, 0, 1], "texture": "#3"},
				"up": {"uv": [1, 0, 0, 1], "texture": "#3"},
				"down": {"uv": [1, 0, 0, 1], "texture": "#3"}
			}
		},
		{
			"from": [19.3, -5.3, -3.2],
			"to": [20.1, 0.6, -3],
			"rotation": {"angle": 22.5, "axis": "x", "origin": [11, 5, 3]},
			"faces": {
				"north": {"uv": [0, 0, 1, 1], "texture": "#3"},
				"east": {"uv": [0, 0, 1, 1], "texture": "#3"},
				"south": {"uv": [0, 0, 1, 1], "texture": "#3"},
				"west": {"uv": [0, 0, 1, 1], "texture": "#3"},
				"up": {"uv": [0, 0, 1, 1], "texture": "#3"},
				"down": {"uv": [0, 0, 1, 1], "texture": "#3"}
			}
		},
		{
			"from": [-3.1, -5.3, 5.8],
			"to": [-2.3, 0.6, 6],
			"rotation": {"angle": 22.5, "axis": "x", "origin": [6, 5, 12]},
			"faces": {
				"north": {"uv": [1, 0, 0, 1], "texture": "#3"},
				"east": {"uv": [1, 0, 0, 1], "texture": "#3"},
				"south": {"uv": [1, 0, 0, 1], "texture": "#3"},
				"west": {"uv": [1, 0, 0, 1], "texture": "#3"},
				"up": {"uv": [1, 0, 0, 1], "texture": "#3"},
				"down": {"uv": [1, 0, 0, 1], "texture": "#3"}
			}
		},
		{
			"from": [18.3, -5.3, 5.8],
			"to": [19.1, 0.6, 6],
			"rotation": {"angle": 22.5, "axis": "x", "origin": [10, 5, 12]},
			"faces": {
				"north": {"uv": [0, 0, 1, 1], "texture": "#3"},
				"east": {"uv": [0, 0, 1, 1], "texture": "#3"},
				"south": {"uv": [0, 0, 1, 1], "texture": "#3"},
				"west": {"uv": [0, 0, 1, 1], "texture": "#3"},
				"up": {"uv": [0, 0, 1, 1], "texture": "#3"},
				"down": {"uv": [0, 0, 1, 1], "texture": "#3"}
			}
		},
		{
			"from": [-2.1, -5.3, 14.55],
			"to": [-1.3, 0.6, 14.75],
			"rotation": {"angle": 22.5, "axis": "x", "origin": [7, 5, 20.75]},
			"faces": {
				"north": {"uv": [1, 0, 0, 1], "texture": "#3"},
				"east": {"uv": [1, 0, 0, 1], "texture": "#3"},
				"south": {"uv": [1, 0, 0, 1], "texture": "#3"},
				"west": {"uv": [1, 0, 0, 1], "texture": "#3"},
				"up": {"uv": [1, 0, 0, 1], "texture": "#3"},
				"down": {"uv": [1, 0, 0, 1], "texture": "#3"}
			}
		},
		{
			"from": [17.3, -5.3, 14.55],
			"to": [18.1, 0.6, 14.75],
			"rotation": {"angle": 22.5, "axis": "x", "origin": [9, 5, 20.75]},
			"faces": {
				"north": {"uv": [0, 0, 1, 1], "texture": "#3"},
				"east": {"uv": [0, 0, 1, 1], "texture": "#3"},
				"south": {"uv": [0, 0, 1, 1], "texture": "#3"},
				"west": {"uv": [0, 0, 1, 1], "texture": "#3"},
				"up": {"uv": [0, 0, 1, 1], "texture": "#3"},
				"down": {"uv": [0, 0, 1, 1], "texture": "#3"}
			}
		},
		{
			"from": [-5.1, -5.3, -11.2],
			"to": [-4.3, 0.6, -11],
			"rotation": {"angle": 22.5, "axis": "x", "origin": [4, 5, -5]},
			"faces": {
				"north": {"uv": [1, 0, 0, 1], "texture": "#3"},
				"east": {"uv": [1, 0, 0, 1], "texture": "#3"},
				"south": {"uv": [1, 0, 0, 1], "texture": "#3"},
				"west": {"uv": [1, 0, 0, 1], "texture": "#3"},
				"up": {"uv": [1, 0, 0, 1], "texture": "#3"},
				"down": {"uv": [1, 0, 0, 1], "texture": "#3"}
			}
		},
		{
			"from": [20.3, -5.3, -11.2],
			"to": [21.1, 0.6, -11],
			"rotation": {"angle": 22.5, "axis": "x", "origin": [12, 5, -5]},
			"faces": {
				"north": {"uv": [0, 0, 1, 1], "texture": "#3"},
				"east": {"uv": [0, 0, 1, 1], "texture": "#3"},
				"south": {"uv": [0, 0, 1, 1], "texture": "#3"},
				"west": {"uv": [0, 0, 1, 1], "texture": "#3"},
				"up": {"uv": [0, 0, 1, 1], "texture": "#3"},
				"down": {"uv": [0, 0, 1, 1], "texture": "#3"}
			}
		},
		{
			"from": [20.3, -5.3, -11.2],
			"to": [21.1, 0.6, -11],
			"rotation": {"angle": 22.5, "axis": "x", "origin": [12, 5, -5]},
			"faces": {
				"north": {"uv": [0, 0, 1, 1], "texture": "#3"},
				"east": {"uv": [0, 0, 1, 1], "texture": "#3"},
				"south": {"uv": [0, 0, 1, 1], "texture": "#3"},
				"west": {"uv": [0, 0, 1, 1], "texture": "#3"},
				"up": {"uv": [0, 0, 1, 1], "texture": "#3"},
				"down": {"uv": [0, 0, 1, 1], "texture": "#3"}
			}
		},
		{
			"from": [-5.1, 1.2, -14.7],
			"to": [-4.3, 7.1, -14.5],
			"rotation": {"angle": -22.5, "axis": "x", "origin": [4, 5, -5]},
			"faces": {
				"north": {"uv": [1, 0, 0, 1], "texture": "#3"},
				"east": {"uv": [1, 0, 0, 1], "texture": "#3"},
				"south": {"uv": [1, 0, 0, 1], "texture": "#3"},
				"west": {"uv": [1, 0, 0, 1], "texture": "#3"},
				"up": {"uv": [1, 0, 0, 1], "texture": "#3"},
				"down": {"uv": [1, 0, 0, 1], "texture": "#3"}
			}
		},
		{
			"from": [-4.1, 1.2, -6.7],
			"to": [-3.3, 7.1, -6.5],
			"rotation": {"angle": -22.5, "axis": "x", "origin": [5, 5, 3]},
			"faces": {
				"north": {"uv": [1, 0, 0, 1], "texture": "#3"},
				"east": {"uv": [1, 0, 0, 1], "texture": "#3"},
				"south": {"uv": [1, 0, 0, 1], "texture": "#3"},
				"west": {"uv": [1, 0, 0, 1], "texture": "#3"},
				"up": {"uv": [1, 0, 0, 1], "texture": "#3"},
				"down": {"uv": [1, 0, 0, 1], "texture": "#3"}
			}
		},
		{
			"from": [19.3, 1.2, -6.7],
			"to": [20.1, 7.1, -6.5],
			"rotation": {"angle": -22.5, "axis": "x", "origin": [11, 5, 3]},
			"faces": {
				"north": {"uv": [0, 0, 1, 1], "texture": "#3"},
				"east": {"uv": [0, 0, 1, 1], "texture": "#3"},
				"south": {"uv": [0, 0, 1, 1], "texture": "#3"},
				"west": {"uv": [0, 0, 1, 1], "texture": "#3"},
				"up": {"uv": [0, 0, 1, 1], "texture": "#3"},
				"down": {"uv": [0, 0, 1, 1], "texture": "#3"}
			}
		},
		{
			"from": [-3.1, 1.2, 2.3],
			"to": [-2.3, 7.1, 2.5],
			"rotation": {"angle": -22.5, "axis": "x", "origin": [6, 5, 12]},
			"faces": {
				"north": {"uv": [1, 0, 0, 1], "texture": "#3"},
				"east": {"uv": [1, 0, 0, 1], "texture": "#3"},
				"south": {"uv": [1, 0, 0, 1], "texture": "#3"},
				"west": {"uv": [1, 0, 0, 1], "texture": "#3"},
				"up": {"uv": [1, 0, 0, 1], "texture": "#3"},
				"down": {"uv": [1, 0, 0, 1], "texture": "#3"}
			}
		},
		{
			"from": [18.3, 1.2, 2.3],
			"to": [19.1, 7.1, 2.5],
			"rotation": {"angle": -22.5, "axis": "x", "origin": [10, 5, 12]},
			"faces": {
				"north": {"uv": [0, 0, 1, 1], "texture": "#3"},
				"east": {"uv": [0, 0, 1, 1], "texture": "#3"},
				"south": {"uv": [0, 0, 1, 1], "texture": "#3"},
				"west": {"uv": [0, 0, 1, 1], "texture": "#3"},
				"up": {"uv": [0, 0, 1, 1], "texture": "#3"},
				"down": {"uv": [0, 0, 1, 1], "texture": "#3"}
			}
		},
		{
			"from": [-2.1, 1.2, 11.05],
			"to": [-1.3, 7.1, 11.25],
			"rotation": {"angle": -22.5, "axis": "x", "origin": [7, 5, 20.75]},
			"faces": {
				"north": {"uv": [1, 0, 0, 1], "texture": "#3"},
				"east": {"uv": [1, 0, 0, 1], "texture": "#3"},
				"south": {"uv": [1, 0, 0, 1], "texture": "#3"},
				"west": {"uv": [1, 0, 0, 1], "texture": "#3"},
				"up": {"uv": [1, 0, 0, 1], "texture": "#3"},
				"down": {"uv": [1, 0, 0, 1], "texture": "#3"}
			}
		},
		{
			"from": [17.3, 1.2, 11.05],
			"to": [18.1, 7.1, 11.25],
			"rotation": {"angle": -22.5, "axis": "x", "origin": [9, 5, 20.75]},
			"faces": {
				"north": {"uv": [0, 0, 1, 1], "texture": "#3"},
				"east": {"uv": [0, 0, 1, 1], "texture": "#3"},
				"south": {"uv": [0, 0, 1, 1], "texture": "#3"},
				"west": {"uv": [0, 0, 1, 1], "texture": "#3"},
				"up": {"uv": [0, 0, 1, 1], "texture": "#3"},
				"down": {"uv": [0, 0, 1, 1], "texture": "#3"}
			}
		},
		{
			"from": [-5.1, 1.2, -14.7],
			"to": [-4.3, 7.1, -14.5],
			"rotation": {"angle": -22.5, "axis": "x", "origin": [4, 5, -5]},
			"faces": {
				"north": {"uv": [1, 0, 0, 1], "texture": "#3"},
				"east": {"uv": [1, 0, 0, 1], "texture": "#3"},
				"south": {"uv": [1, 0, 0, 1], "texture": "#3"},
				"west": {"uv": [1, 0, 0, 1], "texture": "#3"},
				"up": {"uv": [1, 0, 0, 1], "texture": "#3"},
				"down": {"uv": [1, 0, 0, 1], "texture": "#3"}
			}
		},
		{
			"from": [20.3, 1.2, -14.7],
			"to": [21.1, 7.1, -14.5],
			"rotation": {"angle": -22.5, "axis": "x", "origin": [12, 5, -5]},
			"faces": {
				"north": {"uv": [0, 0, 1, 1], "texture": "#3"},
				"east": {"uv": [0, 0, 1, 1], "texture": "#3"},
				"south": {"uv": [0, 0, 1, 1], "texture": "#3"},
				"west": {"uv": [0, 0, 1, 1], "texture": "#3"},
				"up": {"uv": [0, 0, 1, 1], "texture": "#3"},
				"down": {"uv": [0, 0, 1, 1], "texture": "#3"}
			}
		},
		{
			"from": [20.3, 1.2, -14.7],
			"to": [21.1, 7.1, -14.5],
			"rotation": {"angle": -22.5, "axis": "x", "origin": [12, 5, -5]},
			"faces": {
				"north": {"uv": [0, 0, 1, 1], "texture": "#3"},
				"east": {"uv": [0, 0, 1, 1], "texture": "#3"},
				"south": {"uv": [0, 0, 1, 1], "texture": "#3"},
				"west": {"uv": [0, 0, 1, 1], "texture": "#3"},
				"up": {"uv": [0, 0, 1, 1], "texture": "#3"},
				"down": {"uv": [0, 0, 1, 1], "texture": "#3"}
			}
		},
		{
			"from": [-4.25, -4, -15],
			"to": [-2.25, -3, -1.5],
			"faces": {
				"north": {"uv": [0, 0, 1, 1], "texture": "#8"},
				"east": {"uv": [0, 0, 1, 1], "texture": "#8"},
				"south": {"uv": [0, 0, 1, 1], "texture": "#8"},
				"west": {"uv": [0, 0, 1, 1], "texture": "#8"},
				"up": {"uv": [0, 0, 1, 1], "texture": "#8"},
				"down": {"uv": [0, 0, 1, 1], "texture": "#8"}
			}
		},
		{
			"from": [-3.0446, -4.1064, -2.0252],
			"to": [-0.143, -2.9548, 10.1464],
			"faces": {
				"north": {"uv": [0, 0, 1, 1], "texture": "#8"},
				"east": {"uv": [0, 0, 1, 1], "texture": "#8"},
				"south": {"uv": [0, 0, 1, 1], "texture": "#8"},
				"west": {"uv": [0, 0, 1, 1], "texture": "#8"},
				"up": {"uv": [0, 0, 1, 1], "texture": "#8"},
				"down": {"uv": [0, 0, 1, 1], "texture": "#8"}
			}
		},
		{
			"from": [-2.16103, -3.77789, 9.81682],
			"to": [-0.33156, -2.94842, 19.01469],
			"faces": {
				"north": {"uv": [0, 0, 1, 1], "texture": "#8"},
				"east": {"uv": [0, 0, 1, 1], "texture": "#8"},
				"south": {"uv": [0, 0, 1, 1], "texture": "#8"},
				"west": {"uv": [0, 0, 1, 1], "texture": "#8"},
				"up": {"uv": [0, 0, 1, 1], "texture": "#8"},
				"down": {"uv": [0, 0, 1, 1], "texture": "#8"}
			}
		},
		{
			"from": [-1.34815, -3.47566, 18.95147],
			"to": [0.41496, 4.28746, 21.41351],
			"faces": {
				"north": {"uv": [0, 0, 1, 1], "texture": "#8"},
				"east": {"uv": [0, 0, 1, 1], "texture": "#8"},
				"south": {"uv": [0, 0, 1, 1], "texture": "#8"},
				"west": {"uv": [0, 0, 1, 1], "texture": "#8"},
				"up": {"uv": [0, 0, 1, 1], "texture": "#8"},
				"down": {"uv": [0, 0, 1, 1], "texture": "#8"}
			}
		},
		{
			"from": [15.58504, -3.47566, 18.95147],
			"to": [17.34815, 4.28746, 21.41351],
			"faces": {
				"north": {"uv": [1, 0, 0, 1], "texture": "#8"},
				"east": {"uv": [1, 0, 0, 1], "texture": "#8"},
				"south": {"uv": [1, 0, 0, 1], "texture": "#8"},
				"west": {"uv": [1, 0, 0, 1], "texture": "#8"},
				"up": {"uv": [1, 0, 0, 1], "texture": "#8"},
				"down": {"uv": [1, 0, 0, 1], "texture": "#8"}
			}
		},
		{
			"from": [-0.97422, -3.12663, 21.18341],
			"to": [0.00837, 4.60596, 24.50697],
			"faces": {
				"north": {"uv": [0, 0, 1, 1], "texture": "#8"},
				"east": {"uv": [0, 0, 1, 1], "texture": "#8"},
				"south": {"uv": [0, 0, 1, 1], "texture": "#8"},
				"west": {"uv": [0, 0, 1, 1], "texture": "#8"},
				"up": {"uv": [0, 0, 1, 1], "texture": "#8"},
				"down": {"uv": [0, 0, 1, 1], "texture": "#8"}
			}
		},
		{
			"from": [-0.97422, 4.62337, 21.18341],
			"to": [0.00837, 4.85596, 24.50697],
			"faces": {
				"north": {"uv": [0, 0, 1, 1], "texture": "#1"},
				"east": {"uv": [0, 0, 1, 1], "texture": "#1"},
				"south": {"uv": [0, 0, 1, 1], "texture": "#1"},
				"west": {"uv": [0, 0, 1, 1], "texture": "#1"},
				"up": {"uv": [0, 0, 1, 1], "texture": "#1"},
				"down": {"uv": [0, 0, 1, 1], "texture": "#1"}
			}
		},
		{
			"from": [-0.22422, -3.12663, 24.18341],
			"to": [0.50837, 4.60596, 25.30697],
			"faces": {
				"north": {"uv": [0, 0, 1, 1], "texture": "#8"},
				"east": {"uv": [0, 0, 1, 1], "texture": "#8"},
				"south": {"uv": [0, 0, 1, 1], "texture": "#8"},
				"west": {"uv": [0, 0, 1, 1], "texture": "#8"},
				"up": {"uv": [0, 0, 1, 1], "texture": "#8"},
				"down": {"uv": [0, 0, 1, 1], "texture": "#8"}
			}
		},
		{
			"from": [-0.3887, 1.31084, 24.50708],
			"to": [0.35854, 4.69808, 25.65311],
			"faces": {
				"north": {"uv": [0, 0, 1, 1], "texture": "#1"},
				"east": {"uv": [0, 0, 1, 1], "texture": "#1"},
				"south": {"uv": [0, 0, 1, 1], "texture": "#1"},
				"west": {"uv": [0, 0, 1, 1], "texture": "#1"},
				"up": {"uv": [0, 0, 1, 1], "texture": "#1"},
				"down": {"uv": [0, 0, 1, 1], "texture": "#1"}
			}
		},
		{
			"from": [-0.22422, 4.62337, 24.18341],
			"to": [0.50837, 4.85596, 25.30697],
			"faces": {
				"north": {"uv": [0, 0, 1, 1], "texture": "#1"},
				"east": {"uv": [0, 0, 1, 1], "texture": "#1"},
				"south": {"uv": [0, 0, 1, 1], "texture": "#1"},
				"west": {"uv": [0, 0, 1, 1], "texture": "#1"},
				"up": {"uv": [0, 0, 1, 1], "texture": "#1"},
				"down": {"uv": [0, 0, 1, 1], "texture": "#1"}
			}
		},
		{
			"from": [15.49163, -3.12663, 24.18341],
			"to": [16.22422, 4.60596, 25.30697],
			"faces": {
				"north": {"uv": [1, 0, 0, 1], "texture": "#8"},
				"east": {"uv": [1, 0, 0, 1], "texture": "#8"},
				"south": {"uv": [1, 0, 0, 1], "texture": "#8"},
				"west": {"uv": [1, 0, 0, 1], "texture": "#8"},
				"up": {"uv": [1, 0, 0, 1], "texture": "#8"},
				"down": {"uv": [1, 0, 0, 1], "texture": "#8"}
			}
		},
		{
			"from": [15.64146, 1.31084, 24.50708],
			"to": [16.3887, 4.69808, 25.65311],
			"faces": {
				"north": {"uv": [1, 0, 0, 1], "texture": "#1"},
				"east": {"uv": [1, 0, 0, 1], "texture": "#1"},
				"south": {"uv": [1, 0, 0, 1], "texture": "#1"},
				"west": {"uv": [1, 0, 0, 1], "texture": "#1"},
				"up": {"uv": [1, 0, 0, 1], "texture": "#1"},
				"down": {"uv": [1, 0, 0, 1], "texture": "#1"}
			}
		},
		{
			"from": [15.49163, 4.62337, 24.18341],
			"to": [16.22422, 4.85596, 25.30697],
			"faces": {
				"north": {"uv": [1, 0, 0, 1], "texture": "#1"},
				"east": {"uv": [1, 0, 0, 1], "texture": "#1"},
				"south": {"uv": [1, 0, 0, 1], "texture": "#1"},
				"west": {"uv": [1, 0, 0, 1], "texture": "#1"},
				"up": {"uv": [1, 0, 0, 1], "texture": "#1"},
				"down": {"uv": [1, 0, 0, 1], "texture": "#1"}
			}
		},
		{
			"from": [0.47578, -3.12663, 25.18341],
			"to": [1.20837, 4.60596, 26.30697],
			"faces": {
				"north": {"uv": [0, 0, 1, 1], "texture": "#8"},
				"east": {"uv": [0, 0, 1, 1], "texture": "#8"},
				"south": {"uv": [0, 0, 1, 1], "texture": "#8"},
				"west": {"uv": [0, 0, 1, 1], "texture": "#8"},
				"up": {"uv": [0, 0, 1, 1], "texture": "#8"},
				"down": {"uv": [0, 0, 1, 1], "texture": "#8"}
			}
		},
		{
			"from": [0.3253, 1.06084, 25.52708],
			"to": [1.07254, 4.69808, 26.67311],
			"faces": {
				"north": {"uv": [0, 0, 1, 1], "texture": "#1"},
				"east": {"uv": [0, 0, 1, 1], "texture": "#1"},
				"south": {"uv": [0, 0, 1, 1], "texture": "#1"},
				"west": {"uv": [0, 0, 1, 1], "texture": "#1"},
				"up": {"uv": [0, 0, 1, 1], "texture": "#1"},
				"down": {"uv": [0, 0, 1, 1], "texture": "#1"}
			}
		},
		{
			"from": [0.47578, 4.62337, 25.18341],
			"to": [1.20837, 4.85596, 26.30697],
			"faces": {
				"north": {"uv": [0, 0, 1, 1], "texture": "#1"},
				"east": {"uv": [0, 0, 1, 1], "texture": "#1"},
				"south": {"uv": [0, 0, 1, 1], "texture": "#1"},
				"west": {"uv": [0, 0, 1, 1], "texture": "#1"},
				"up": {"uv": [0, 0, 1, 1], "texture": "#1"},
				"down": {"uv": [0, 0, 1, 1], "texture": "#1"}
			}
		},
		{
			"from": [14.79163, -3.12663, 25.18341],
			"to": [15.52422, 4.60596, 26.30697],
			"faces": {
				"north": {"uv": [1, 0, 0, 1], "texture": "#8"},
				"east": {"uv": [1, 0, 0, 1], "texture": "#8"},
				"south": {"uv": [1, 0, 0, 1], "texture": "#8"},
				"west": {"uv": [1, 0, 0, 1], "texture": "#8"},
				"up": {"uv": [1, 0, 0, 1], "texture": "#8"},
				"down": {"uv": [1, 0, 0, 1], "texture": "#8"}
			}
		},
		{
			"from": [14.92746, 1.06084, 25.52708],
			"to": [15.6747, 4.69808, 26.67311],
			"faces": {
				"north": {"uv": [1, 0, 0, 1], "texture": "#1"},
				"east": {"uv": [1, 0, 0, 1], "texture": "#1"},
				"south": {"uv": [1, 0, 0, 1], "texture": "#1"},
				"west": {"uv": [1, 0, 0, 1], "texture": "#1"},
				"up": {"uv": [1, 0, 0, 1], "texture": "#1"},
				"down": {"uv": [1, 0, 0, 1], "texture": "#1"}
			}
		},
		{
			"from": [14.79163, 4.62337, 25.18341],
			"to": [15.52422, 4.85596, 26.30697],
			"faces": {
				"north": {"uv": [1, 0, 0, 1], "texture": "#1"},
				"east": {"uv": [1, 0, 0, 1], "texture": "#1"},
				"south": {"uv": [1, 0, 0, 1], "texture": "#1"},
				"west": {"uv": [1, 0, 0, 1], "texture": "#1"},
				"up": {"uv": [1, 0, 0, 1], "texture": "#1"},
				"down": {"uv": [1, 0, 0, 1], "texture": "#1"}
			}
		},
		{
			"from": [1.17578, -3.12663, 26.18341],
			"to": [2.90837, 4.60596, 27.30697],
			"faces": {
				"north": {"uv": [0, 0, 1, 1], "texture": "#8"},
				"east": {"uv": [0, 0, 1, 1], "texture": "#8"},
				"south": {"uv": [0, 0, 1, 1], "texture": "#8"},
				"west": {"uv": [0, 0, 1, 1], "texture": "#8"},
				"up": {"uv": [0, 0, 1, 1], "texture": "#8"},
				"down": {"uv": [0, 0, 1, 1], "texture": "#8"}
			}
		},
		{
			"from": [1.0393, 1.06084, 26.54708],
			"to": [2.80654, 4.69808, 27.69311],
			"faces": {
				"north": {"uv": [0, 0, 1, 1], "texture": "#1"},
				"east": {"uv": [0, 0, 1, 1], "texture": "#1"},
				"south": {"uv": [0, 0, 1, 1], "texture": "#1"},
				"west": {"uv": [0, 0, 1, 1], "texture": "#1"},
				"up": {"uv": [0, 0, 1, 1], "texture": "#1"},
				"down": {"uv": [0, 0, 1, 1], "texture": "#1"}
			}
		},
		{
			"from": [1.17578, 4.62337, 26.18341],
			"to": [2.90837, 4.85596, 27.30697],
			"faces": {
				"north": {"uv": [0, 0, 1, 1], "texture": "#1"},
				"east": {"uv": [0, 0, 1, 1], "texture": "#1"},
				"south": {"uv": [0, 0, 1, 1], "texture": "#1"},
				"west": {"uv": [0, 0, 1, 1], "texture": "#1"},
				"up": {"uv": [0, 0, 1, 1], "texture": "#1"},
				"down": {"uv": [0, 0, 1, 1], "texture": "#1"}
			}
		},
		{
			"from": [-0.07422, -3.12663, 23.93341],
			"to": [15.90837, 4.60596, 25.05697],
			"faces": {
				"north": {"uv": [0, 0, 1, 1], "texture": "#8"},
				"east": {"uv": [0, 0, 1, 1], "texture": "#8"},
				"south": {"uv": [0, 0, 1, 1], "texture": "#8"},
				"west": {"uv": [0, 0, 1, 1], "texture": "#8"},
				"up": {"uv": [0, 0, 1, 1], "texture": "#8"},
				"down": {"uv": [0, 0, 1, 1], "texture": "#8"}
			}
		},
		{
			"from": [0.42578, -3.12663, 24.68341],
			"to": [15.65837, 4.60596, 25.30697],
			"faces": {
				"north": {"uv": [0, 0, 1, 1], "texture": "#8"},
				"east": {"uv": [0, 0, 1, 1], "texture": "#8"},
				"south": {"uv": [0, 0, 1, 1], "texture": "#8"},
				"west": {"uv": [0, 0, 1, 1], "texture": "#8"},
				"up": {"uv": [0, 0, 1, 1], "texture": "#8"},
				"down": {"uv": [0, 0, 1, 1], "texture": "#8"}
			}
		},
		{
			"from": [1.17578, -3.12663, 24.68341],
			"to": [14.90837, 4.60596, 26.30697],
			"faces": {
				"north": {"uv": [0, 0, 1, 1], "texture": "#8"},
				"east": {"uv": [0, 0, 1, 1], "texture": "#8"},
				"south": {"uv": [0, 0, 1, 1], "texture": "#8"},
				"west": {"uv": [0, 0, 1, 1], "texture": "#8"},
				"up": {"uv": [0, 0, 1, 1], "texture": "#8"},
				"down": {"uv": [0, 0, 1, 1], "texture": "#8"}
			}
		},
		{
			"from": [2.92578, -3.12663, 24.68341],
			"to": [13.15837, 4.60596, 28.30697],
			"faces": {
				"north": {"uv": [0, 0, 1, 1], "texture": "#8"},
				"east": {"uv": [0, 0, 1, 1], "texture": "#8"},
				"south": {"uv": [0, 0, 1, 1], "texture": "#8"},
				"west": {"uv": [0, 0, 1, 1], "texture": "#8"},
				"up": {"uv": [0, 0, 1, 1], "texture": "#8"},
				"down": {"uv": [0, 0, 1, 1], "texture": "#8"}
			}
		},
		{
			"from": [2.5743, 1.06084, 25.01708],
			"to": [13.26154, 4.69808, 28.71311],
			"faces": {
				"north": {"uv": [0, 0, 1, 1], "texture": "#1"},
				"east": {"uv": [0, 0, 1, 1], "texture": "#1"},
				"south": {"uv": [0, 0, 1, 1], "texture": "#1"},
				"west": {"uv": [0, 0, 1, 1], "texture": "#1"},
				"up": {"uv": [0, 0, 1, 1], "texture": "#1"},
				"down": {"uv": [0, 0, 1, 1], "texture": "#1"}
			}
		},
		{
			"from": [2.92578, 4.62337, 27.18341],
			"to": [13.15837, 4.85596, 28.30697],
			"faces": {
				"north": {"uv": [0, 0, 1, 1], "texture": "#1"},
				"east": {"uv": [0, 0, 1, 1], "texture": "#1"},
				"south": {"uv": [0, 0, 1, 1], "texture": "#1"},
				"west": {"uv": [0, 0, 1, 1], "texture": "#1"},
				"up": {"uv": [0, 0, 1, 1], "texture": "#1"},
				"down": {"uv": [0, 0, 1, 1], "texture": "#1"}
			}
		},
		{
			"from": [13.09163, -3.12663, 26.18341],
			"to": [14.82422, 4.60596, 27.30697],
			"faces": {
				"north": {"uv": [1, 0, 0, 1], "texture": "#8"},
				"east": {"uv": [1, 0, 0, 1], "texture": "#8"},
				"south": {"uv": [1, 0, 0, 1], "texture": "#8"},
				"west": {"uv": [1, 0, 0, 1], "texture": "#8"},
				"up": {"uv": [1, 0, 0, 1], "texture": "#8"},
				"down": {"uv": [1, 0, 0, 1], "texture": "#8"}
			}
		},
		{
			"from": [13.19346, 1.06084, 26.54708],
			"to": [14.9607, 4.69808, 27.69311],
			"faces": {
				"north": {"uv": [1, 0, 0, 1], "texture": "#1"},
				"east": {"uv": [1, 0, 0, 1], "texture": "#1"},
				"south": {"uv": [1, 0, 0, 1], "texture": "#1"},
				"west": {"uv": [1, 0, 0, 1], "texture": "#1"},
				"up": {"uv": [1, 0, 0, 1], "texture": "#1"},
				"down": {"uv": [1, 0, 0, 1], "texture": "#1"}
			}
		},
		{
			"from": [13.09163, 4.62337, 26.18341],
			"to": [14.82422, 4.85596, 27.30697],
			"faces": {
				"north": {"uv": [1, 0, 0, 1], "texture": "#1"},
				"east": {"uv": [1, 0, 0, 1], "texture": "#1"},
				"south": {"uv": [1, 0, 0, 1], "texture": "#1"},
				"west": {"uv": [1, 0, 0, 1], "texture": "#1"},
				"up": {"uv": [1, 0, 0, 1], "texture": "#1"},
				"down": {"uv": [1, 0, 0, 1], "texture": "#1"}
			}
		},
		{
			"from": [2.77578, -3.12663, 27.18341],
			"to": [4.50837, 4.60596, 28.30697],
			"faces": {
				"north": {"uv": [0, 0, 1, 1], "texture": "#8"},
				"east": {"uv": [0, 0, 1, 1], "texture": "#8"},
				"south": {"uv": [0, 0, 1, 1], "texture": "#8"},
				"west": {"uv": [0, 0, 1, 1], "texture": "#8"},
				"up": {"uv": [0, 0, 1, 1], "texture": "#8"},
				"down": {"uv": [0, 0, 1, 1], "texture": "#8"}
			}
		},
		{
			"from": [2.77578, 4.62337, 27.18341],
			"to": [4.50837, 4.85596, 28.30697],
			"faces": {
				"north": {"uv": [0, 0, 1, 1], "texture": "#1"},
				"east": {"uv": [0, 0, 1, 1], "texture": "#1"},
				"south": {"uv": [0, 0, 1, 1], "texture": "#1"},
				"west": {"uv": [0, 0, 1, 1], "texture": "#1"},
				"up": {"uv": [0, 0, 1, 1], "texture": "#1"},
				"down": {"uv": [0, 0, 1, 1], "texture": "#1"}
			}
		},
		{
			"from": [11.49163, -3.12663, 27.18341],
			"to": [13.22422, 4.60596, 28.30697],
			"faces": {
				"north": {"uv": [1, 0, 0, 1], "texture": "#8"},
				"east": {"uv": [1, 0, 0, 1], "texture": "#8"},
				"south": {"uv": [1, 0, 0, 1], "texture": "#8"},
				"west": {"uv": [1, 0, 0, 1], "texture": "#8"},
				"up": {"uv": [1, 0, 0, 1], "texture": "#8"},
				"down": {"uv": [1, 0, 0, 1], "texture": "#8"}
			}
		},
		{
			"from": [4.49163, -3.12663, 28.18341],
			"to": [11.47422, 4.60596, 28.80697],
			"faces": {
				"north": {"uv": [1, 0, 0, 1], "texture": "#8"},
				"east": {"uv": [1, 0, 0, 1], "texture": "#8"},
				"south": {"uv": [1, 0, 0, 1], "texture": "#8"},
				"west": {"uv": [1, 0, 0, 1], "texture": "#8"},
				"up": {"uv": [1, 0, 0, 1], "texture": "#8"},
				"down": {"uv": [1, 0, 0, 1], "texture": "#8"}
			}
		},
		{
			"from": [4.42146, 1.06084, 28.58708],
			"to": [11.5437, 4.69808, 29.22311],
			"faces": {
				"north": {"uv": [1, 0, 0, 1], "texture": "#1"},
				"east": {"uv": [1, 0, 0, 1], "texture": "#1"},
				"south": {"uv": [1, 0, 0, 1], "texture": "#1"},
				"west": {"uv": [1, 0, 0, 1], "texture": "#1"},
				"up": {"uv": [1, 0, 0, 1], "texture": "#1"},
				"down": {"uv": [1, 0, 0, 1], "texture": "#1"}
			}
		},
		{
			"from": [4.49163, 4.62337, 28.18341],
			"to": [11.47422, 4.85596, 28.80697],
			"faces": {
				"north": {"uv": [1, 0, 0, 1], "texture": "#1"},
				"east": {"uv": [1, 0, 0, 1], "texture": "#1"},
				"south": {"uv": [1, 0, 0, 1], "texture": "#1"},
				"west": {"uv": [1, 0, 0, 1], "texture": "#1"},
				"up": {"uv": [1, 0, 0, 1], "texture": "#1"},
				"down": {"uv": [1, 0, 0, 1], "texture": "#1"}
			}
		},
		{
			"from": [7.00871, 1.60596, 27.18341],
			"to": [8.99129, 6.35596, 29.80697],
			"faces": {
				"north": {"uv": [1, 0, 0, 1], "texture": "#2"},
				"east": {"uv": [1, 0, 0, 1], "texture": "#2"},
				"south": {"uv": [1, 0, 0, 1], "texture": "#2"},
				"west": {"uv": [1, 0, 0, 1], "texture": "#2"},
				"up": {"uv": [1, 0, 0, 1], "texture": "#2"},
				"down": {"uv": [1, 0, 0, 1], "texture": "#2"}
			}
		},
		{
			"from": [7.25871, 2.35596, 27.18341],
			"to": [8.74129, 4.10596, 32],
			"faces": {
				"north": {"uv": [1, 0, 0, 1], "texture": "#2"},
				"east": {"uv": [1, 0, 0, 1], "texture": "#2"},
				"south": {"uv": [1, 0, 0, 1], "texture": "#2"},
				"west": {"uv": [1, 0, 0, 1], "texture": "#2"},
				"up": {"uv": [1, 0, 0, 1], "texture": "#2"},
				"down": {"uv": [1, 0, 0, 1], "texture": "#2"}
			}
		},
		{
			"from": [7.00871, 1.60596, 27.18341],
			"to": [8.99129, 11.35596, 28.80697],
			"faces": {
				"north": {"uv": [1, 0, 0, 1], "texture": "#2"},
				"east": {"uv": [1, 0, 0, 1], "texture": "#2"},
				"south": {"uv": [1, 0, 0, 1], "texture": "#2"},
				"west": {"uv": [1, 0, 0, 1], "texture": "#2"},
				"up": {"uv": [1, 0, 0, 1], "texture": "#2"},
				"down": {"uv": [1, 0, 0, 1], "texture": "#2"}
			}
		},
		{
			"from": [7.25871, 10.60596, 27.18341],
			"to": [8.74129, 11.60596, 29.55697],
			"faces": {
				"north": {"uv": [1, 0, 0, 1], "texture": "#2"},
				"east": {"uv": [1, 0, 0, 1], "texture": "#2"},
				"south": {"uv": [1, 0, 0, 1], "texture": "#2"},
				"west": {"uv": [1, 0, 0, 1], "texture": "#2"},
				"up": {"uv": [1, 0, 0, 1], "texture": "#2"},
				"down": {"uv": [1, 0, 0, 1], "texture": "#2"}
			}
		},
		{
			"from": [7.00871, 11.60596, 27.18341],
			"to": [8.99129, 11.85596, 29.30697],
			"faces": {
				"north": {"uv": [1, 0, 0, 1], "texture": "#2"},
				"east": {"uv": [1, 0, 0, 1], "texture": "#2"},
				"south": {"uv": [1, 0, 0, 1], "texture": "#2"},
				"west": {"uv": [1, 0, 0, 1], "texture": "#2"},
				"up": {"uv": [1, 0, 0, 1], "texture": "#2"},
				"down": {"uv": [1, 0, 0, 1], "texture": "#2"}
			}
		},
		{
			"from": [7.00871, 11.85596, 27.18341],
			"to": [8.99129, 12.10596, 29.05697],
			"faces": {
				"north": {"uv": [1, 0, 0, 1], "texture": "#2"},
				"east": {"uv": [1, 0, 0, 1], "texture": "#2"},
				"south": {"uv": [1, 0, 0, 1], "texture": "#2"},
				"west": {"uv": [1, 0, 0, 1], "texture": "#2"},
				"up": {"uv": [1, 0, 0, 1], "texture": "#2"},
				"down": {"uv": [1, 0, 0, 1], "texture": "#2"}
			}
		},
		{
			"from": [7.00871, 12.10596, 27.18341],
			"to": [8.99129, 12.35596, 28.30697],
			"faces": {
				"north": {"uv": [1, 0, 0, 1], "texture": "#2"},
				"east": {"uv": [1, 0, 0, 1], "texture": "#2"},
				"south": {"uv": [1, 0, 0, 1], "texture": "#2"},
				"west": {"uv": [1, 0, 0, 1], "texture": "#2"},
				"up": {"uv": [1, 0, 0, 1], "texture": "#2"},
				"down": {"uv": [1, 0, 0, 1], "texture": "#2"}
			}
		},
		{
			"from": [15.99163, -3.12663, 21.18341],
			"to": [16.97422, 4.60596, 24.50697],
			"faces": {
				"north": {"uv": [1, 0, 0, 1], "texture": "#8"},
				"east": {"uv": [1, 0, 0, 1], "texture": "#8"},
				"south": {"uv": [1, 0, 0, 1], "texture": "#8"},
				"west": {"uv": [1, 0, 0, 1], "texture": "#8"},
				"up": {"uv": [1, 0, 0, 1], "texture": "#8"},
				"down": {"uv": [1, 0, 0, 1], "texture": "#8"}
			}
		},
		{
			"from": [15.99163, 4.62337, 21.18341],
			"to": [16.97422, 4.85596, 24.50697],
			"faces": {
				"north": {"uv": [1, 0, 0, 1], "texture": "#1"},
				"east": {"uv": [1, 0, 0, 1], "texture": "#1"},
				"south": {"uv": [1, 0, 0, 1], "texture": "#1"},
				"west": {"uv": [1, 0, 0, 1], "texture": "#1"},
				"up": {"uv": [1, 0, 0, 1], "texture": "#1"},
				"down": {"uv": [1, 0, 0, 1], "texture": "#1"}
			}
		},
		{
			"from": [19.25, -4, -15],
			"to": [20.25, -3, -1.5],
			"faces": {
				"north": {"uv": [1, 0, 0, 1], "texture": "#8"},
				"east": {"uv": [1, 0, 0, 1], "texture": "#8"},
				"south": {"uv": [1, 0, 0, 1], "texture": "#8"},
				"west": {"uv": [1, 0, 0, 1], "texture": "#8"},
				"up": {"uv": [1, 0, 0, 1], "texture": "#8"},
				"down": {"uv": [1, 0, 0, 1], "texture": "#8"}
			}
		},
		{
			"from": [-3.25, -5, -15],
			"to": [17.75, -4, -1.5],
			"faces": {
				"north": {"uv": [0, 0, 1, 1], "texture": "#8"},
				"east": {"uv": [0, 0, 1, 1], "texture": "#8"},
				"south": {"uv": [0, 0, 1, 1], "texture": "#8"},
				"west": {"uv": [0, 0, 1, 1], "texture": "#8"},
				"up": {"uv": [0, 0, 1, 1], "texture": "#8"},
				"down": {"uv": [0, 0, 1, 1], "texture": "#8"}
			}
		},
		{
			"from": [-2.143, -5.008, -2.0252],
			"to": [0.7586, -4.1064, 10.1464],
			"faces": {
				"north": {"uv": [0, 0, 1, 1], "texture": "#8"},
				"east": {"uv": [0, 0, 1, 1], "texture": "#8"},
				"south": {"uv": [0, 0, 1, 1], "texture": "#8"},
				"west": {"uv": [0, 0, 1, 1], "texture": "#8"},
				"up": {"uv": [0, 0, 1, 1], "texture": "#8"},
				"down": {"uv": [0, 0, 1, 1], "texture": "#8"}
			}
		},
		{
			"from": [-1.33156, -4.60736, 9.81682],
			"to": [0.49791, -3.77789, 19.01469],
			"faces": {
				"north": {"uv": [0, 0, 1, 1], "texture": "#8"},
				"east": {"uv": [0, 0, 1, 1], "texture": "#8"},
				"south": {"uv": [0, 0, 1, 1], "texture": "#8"},
				"west": {"uv": [0, 0, 1, 1], "texture": "#8"},
				"up": {"uv": [0, 0, 1, 1], "texture": "#8"},
				"down": {"uv": [0, 0, 1, 1], "texture": "#8"}
			}
		},
		{
			"from": [-0.58504, -4.23877, 17.95147],
			"to": [1.17808, -3.47566, 21.41351],
			"faces": {
				"north": {"uv": [0, 0, 1, 1], "texture": "#8"},
				"east": {"uv": [0, 0, 1, 1], "texture": "#8"},
				"south": {"uv": [0, 0, 1, 1], "texture": "#8"},
				"west": {"uv": [0, 0, 1, 1], "texture": "#8"},
				"up": {"uv": [0, 0, 1, 1], "texture": "#8"},
				"down": {"uv": [0, 0, 1, 1], "texture": "#8"}
			}
		},
		{
			"from": [-0.24163, -3.85922, 21.18341],
			"to": [0.49096, -3.12663, 24.50697],
			"faces": {
				"north": {"uv": [0, 0, 1, 1], "texture": "#8"},
				"east": {"uv": [0, 0, 1, 1], "texture": "#8"},
				"south": {"uv": [0, 0, 1, 1], "texture": "#8"},
				"west": {"uv": [0, 0, 1, 1], "texture": "#8"},
				"up": {"uv": [0, 0, 1, 1], "texture": "#8"},
				"down": {"uv": [0, 0, 1, 1], "texture": "#8"}
			}
		},
		{
			"from": [0.50837, -3.85922, 24.43341],
			"to": [1.24096, -3.12663, 25.25697],
			"faces": {
				"north": {"uv": [0, 0, 1, 1], "texture": "#8"},
				"east": {"uv": [0, 0, 1, 1], "texture": "#8"},
				"south": {"uv": [0, 0, 1, 1], "texture": "#8"},
				"west": {"uv": [0, 0, 1, 1], "texture": "#8"},
				"up": {"uv": [0, 0, 1, 1], "texture": "#8"},
				"down": {"uv": [0, 0, 1, 1], "texture": "#8"}
			}
		},
		{
			"from": [14.75904, -3.85922, 24.43341],
			"to": [15.49163, -3.12663, 25.25697],
			"faces": {
				"north": {"uv": [1, 0, 0, 1], "texture": "#8"},
				"east": {"uv": [1, 0, 0, 1], "texture": "#8"},
				"south": {"uv": [1, 0, 0, 1], "texture": "#8"},
				"west": {"uv": [1, 0, 0, 1], "texture": "#8"},
				"up": {"uv": [1, 0, 0, 1], "texture": "#8"},
				"down": {"uv": [1, 0, 0, 1], "texture": "#8"}
			}
		},
		{
			"from": [1.10837, -4.55922, 24.43341],
			"to": [1.84096, -3.82663, 25.25697],
			"faces": {
				"north": {"uv": [0, 0, 1, 1], "texture": "#8"},
				"east": {"uv": [0, 0, 1, 1], "texture": "#8"},
				"south": {"uv": [0, 0, 1, 1], "texture": "#8"},
				"west": {"uv": [0, 0, 1, 1], "texture": "#8"},
				"up": {"uv": [0, 0, 1, 1], "texture": "#8"},
				"down": {"uv": [0, 0, 1, 1], "texture": "#8"}
			}
		},
		{
			"from": [14.15904, -4.55922, 24.43341],
			"to": [14.89163, -3.82663, 25.25697],
			"faces": {
				"north": {"uv": [1, 0, 0, 1], "texture": "#8"},
				"east": {"uv": [1, 0, 0, 1], "texture": "#8"},
				"south": {"uv": [1, 0, 0, 1], "texture": "#8"},
				"west": {"uv": [1, 0, 0, 1], "texture": "#8"},
				"up": {"uv": [1, 0, 0, 1], "texture": "#8"},
				"down": {"uv": [1, 0, 0, 1], "texture": "#8"}
			}
		},
		{
			"from": [1.85837, -4.80922, 24.43341],
			"to": [2.59096, -4.07663, 25.25697],
			"faces": {
				"north": {"uv": [0, 0, 1, 1], "texture": "#8"},
				"east": {"uv": [0, 0, 1, 1], "texture": "#8"},
				"south": {"uv": [0, 0, 1, 1], "texture": "#8"},
				"west": {"uv": [0, 0, 1, 1], "texture": "#8"},
				"up": {"uv": [0, 0, 1, 1], "texture": "#8"},
				"down": {"uv": [0, 0, 1, 1], "texture": "#8"}
			}
		},
		{
			"from": [2.60837, -5.05922, 23.93341],
			"to": [8.34096, -4.32663, 25.25697],
			"faces": {
				"north": {"uv": [0, 0, 1, 1], "texture": "#8"},
				"east": {"uv": [0, 0, 1, 1], "texture": "#8"},
				"south": {"uv": [0, 0, 1, 1], "texture": "#8"},
				"west": {"uv": [0, 0, 1, 1], "texture": "#8"},
				"up": {"uv": [0, 0, 1, 1], "texture": "#8"},
				"down": {"uv": [0, 0, 1, 1], "texture": "#8"}
			}
		},
		{
			"from": [2.60837, -4.55922, 25.18341],
			"to": [8.34096, -3.82663, 26.50697],
			"faces": {
				"north": {"uv": [0, 0, 1, 1], "texture": "#8"},
				"east": {"uv": [0, 0, 1, 1], "texture": "#8"},
				"south": {"uv": [0, 0, 1, 1], "texture": "#8"},
				"west": {"uv": [0, 0, 1, 1], "texture": "#8"},
				"up": {"uv": [0, 0, 1, 1], "texture": "#8"},
				"down": {"uv": [0, 0, 1, 1], "texture": "#8"}
			}
		},
		{
			"from": [2.60837, -3.80922, 25.93341],
			"to": [8.34096, -3.07663, 27.25697],
			"faces": {
				"north": {"uv": [0, 0, 1, 1], "texture": "#8"},
				"east": {"uv": [0, 0, 1, 1], "texture": "#8"},
				"south": {"uv": [0, 0, 1, 1], "texture": "#8"},
				"west": {"uv": [0, 0, 1, 1], "texture": "#8"},
				"up": {"uv": [0, 0, 1, 1], "texture": "#8"},
				"down": {"uv": [0, 0, 1, 1], "texture": "#8"}
			}
		},
		{
			"from": [7.65904, -5.05922, 23.93341],
			"to": [13.39163, -4.32663, 25.25697],
			"faces": {
				"north": {"uv": [1, 0, 0, 1], "texture": "#8"},
				"east": {"uv": [1, 0, 0, 1], "texture": "#8"},
				"south": {"uv": [1, 0, 0, 1], "texture": "#8"},
				"west": {"uv": [1, 0, 0, 1], "texture": "#8"},
				"up": {"uv": [1, 0, 0, 1], "texture": "#8"},
				"down": {"uv": [1, 0, 0, 1], "texture": "#8"}
			}
		},
		{
			"from": [7.65904, -4.55922, 25.18341],
			"to": [13.39163, -3.82663, 26.50697],
			"faces": {
				"north": {"uv": [1, 0, 0, 1], "texture": "#8"},
				"east": {"uv": [1, 0, 0, 1], "texture": "#8"},
				"south": {"uv": [1, 0, 0, 1], "texture": "#8"},
				"west": {"uv": [1, 0, 0, 1], "texture": "#8"},
				"up": {"uv": [1, 0, 0, 1], "texture": "#8"},
				"down": {"uv": [1, 0, 0, 1], "texture": "#8"}
			}
		},
		{
			"from": [7.65904, -3.80922, 25.93341],
			"to": [13.39163, -3.07663, 27.25697],
			"faces": {
				"north": {"uv": [1, 0, 0, 1], "texture": "#8"},
				"east": {"uv": [1, 0, 0, 1], "texture": "#8"},
				"south": {"uv": [1, 0, 0, 1], "texture": "#8"},
				"west": {"uv": [1, 0, 0, 1], "texture": "#8"},
				"up": {"uv": [1, 0, 0, 1], "texture": "#8"},
				"down": {"uv": [1, 0, 0, 1], "texture": "#8"}
			}
		},
		{
			"from": [4.40904, -3.55922, 26.93341],
			"to": [11.64163, -2.82663, 28.25697],
			"faces": {
				"north": {"uv": [1, 0, 0, 1], "texture": "#8"},
				"east": {"uv": [1, 0, 0, 1], "texture": "#8"},
				"south": {"uv": [1, 0, 0, 1], "texture": "#8"},
				"west": {"uv": [1, 0, 0, 1], "texture": "#8"},
				"up": {"uv": [1, 0, 0, 1], "texture": "#8"},
				"down": {"uv": [1, 0, 0, 1], "texture": "#8"}
			}
		},
		{
			"from": [13.40904, -4.80922, 24.43341],
			"to": [14.14163, -4.07663, 25.25697],
			"faces": {
				"north": {"uv": [1, 0, 0, 1], "texture": "#8"},
				"east": {"uv": [1, 0, 0, 1], "texture": "#8"},
				"south": {"uv": [1, 0, 0, 1], "texture": "#8"},
				"west": {"uv": [1, 0, 0, 1], "texture": "#8"},
				"up": {"uv": [1, 0, 0, 1], "texture": "#8"},
				"down": {"uv": [1, 0, 0, 1], "texture": "#8"}
			}
		},
		{
			"from": [1.20837, -3.85922, 25.23341],
			"to": [1.94096, -3.12663, 26.25697],
			"faces": {
				"north": {"uv": [0, 0, 1, 1], "texture": "#8"},
				"east": {"uv": [0, 0, 1, 1], "texture": "#8"},
				"south": {"uv": [0, 0, 1, 1], "texture": "#8"},
				"west": {"uv": [0, 0, 1, 1], "texture": "#8"},
				"up": {"uv": [0, 0, 1, 1], "texture": "#8"},
				"down": {"uv": [0, 0, 1, 1], "texture": "#8"}
			}
		},
		{
			"from": [13.05904, -3.85922, 25.23341],
			"to": [14.79163, -3.12663, 26.25697],
			"faces": {
				"north": {"uv": [1, 0, 0, 1], "texture": "#8"},
				"east": {"uv": [1, 0, 0, 1], "texture": "#8"},
				"south": {"uv": [1, 0, 0, 1], "texture": "#8"},
				"west": {"uv": [1, 0, 0, 1], "texture": "#8"},
				"up": {"uv": [1, 0, 0, 1], "texture": "#8"},
				"down": {"uv": [1, 0, 0, 1], "texture": "#8"}
			}
		},
		{
			"from": [1.20837, -3.85922, 25.23341],
			"to": [2.94096, -3.12663, 26.25697],
			"faces": {
				"north": {"uv": [0, 0, 1, 1], "texture": "#8"},
				"east": {"uv": [0, 0, 1, 1], "texture": "#8"},
				"south": {"uv": [0, 0, 1, 1], "texture": "#8"},
				"west": {"uv": [0, 0, 1, 1], "texture": "#8"},
				"up": {"uv": [0, 0, 1, 1], "texture": "#8"},
				"down": {"uv": [0, 0, 1, 1], "texture": "#8"}
			}
		},
		{
			"from": [1.80837, -4.55922, 25.23341],
			"to": [2.54096, -3.82663, 26.25697],
			"faces": {
				"north": {"uv": [0, 0, 1, 1], "texture": "#8"},
				"east": {"uv": [0, 0, 1, 1], "texture": "#8"},
				"south": {"uv": [0, 0, 1, 1], "texture": "#8"},
				"west": {"uv": [0, 0, 1, 1], "texture": "#8"},
				"up": {"uv": [0, 0, 1, 1], "texture": "#8"},
				"down": {"uv": [0, 0, 1, 1], "texture": "#8"}
			}
		},
		{
			"from": [12.45904, -4.55922, 25.23341],
			"to": [14.19163, -3.82663, 26.25697],
			"faces": {
				"north": {"uv": [1, 0, 0, 1], "texture": "#8"},
				"east": {"uv": [1, 0, 0, 1], "texture": "#8"},
				"south": {"uv": [1, 0, 0, 1], "texture": "#8"},
				"west": {"uv": [1, 0, 0, 1], "texture": "#8"},
				"up": {"uv": [1, 0, 0, 1], "texture": "#8"},
				"down": {"uv": [1, 0, 0, 1], "texture": "#8"}
			}
		},
		{
			"from": [1.80837, -4.55922, 25.23341],
			"to": [3.54096, -3.82663, 26.25697],
			"faces": {
				"north": {"uv": [0, 0, 1, 1], "texture": "#8"},
				"east": {"uv": [0, 0, 1, 1], "texture": "#8"},
				"south": {"uv": [0, 0, 1, 1], "texture": "#8"},
				"west": {"uv": [0, 0, 1, 1], "texture": "#8"},
				"up": {"uv": [0, 0, 1, 1], "texture": "#8"},
				"down": {"uv": [0, 0, 1, 1], "texture": "#8"}
			}
		},
		{
			"from": [2.55837, -4.80922, 25.23341],
			"to": [3.29096, -4.07663, 26.25697],
			"faces": {
				"north": {"uv": [0, 0, 1, 1], "texture": "#8"},
				"east": {"uv": [0, 0, 1, 1], "texture": "#8"},
				"south": {"uv": [0, 0, 1, 1], "texture": "#8"},
				"west": {"uv": [0, 0, 1, 1], "texture": "#8"},
				"up": {"uv": [0, 0, 1, 1], "texture": "#8"},
				"down": {"uv": [0, 0, 1, 1], "texture": "#8"}
			}
		},
		{
			"from": [12.70904, -4.80922, 25.23341],
			"to": [13.44163, -4.07663, 26.25697],
			"faces": {
				"north": {"uv": [1, 0, 0, 1], "texture": "#8"},
				"east": {"uv": [1, 0, 0, 1], "texture": "#8"},
				"south": {"uv": [1, 0, 0, 1], "texture": "#8"},
				"west": {"uv": [1, 0, 0, 1], "texture": "#8"},
				"up": {"uv": [1, 0, 0, 1], "texture": "#8"},
				"down": {"uv": [1, 0, 0, 1], "texture": "#8"}
			}
		},
		{
			"from": [17.25, -5, -15],
			"to": [19.25, -4, -1.5],
			"faces": {
				"north": {"uv": [1, 0, 0, 1], "texture": "#8"},
				"east": {"uv": [1, 0, 0, 1], "texture": "#8"},
				"south": {"uv": [1, 0, 0, 1], "texture": "#8"},
				"west": {"uv": [1, 0, 0, 1], "texture": "#8"},
				"up": {"uv": [1, 0, 0, 1], "texture": "#8"},
				"down": {"uv": [1, 0, 0, 1], "texture": "#8"}
			}
		},
		{
			"from": [15.2414, -5.008, -2.0252],
			"to": [18.143, -4.1064, 10.1464],
			"faces": {
				"north": {"uv": [1, 0, 0, 1], "texture": "#8"},
				"east": {"uv": [1, 0, 0, 1], "texture": "#8"},
				"south": {"uv": [1, 0, 0, 1], "texture": "#8"},
				"west": {"uv": [1, 0, 0, 1], "texture": "#8"},
				"up": {"uv": [1, 0, 0, 1], "texture": "#8"},
				"down": {"uv": [1, 0, 0, 1], "texture": "#8"}
			}
		},
		{
			"from": [15.50209, -4.60736, 9.81682],
			"to": [17.33156, -3.77789, 19.01469],
			"faces": {
				"north": {"uv": [1, 0, 0, 1], "texture": "#8"},
				"east": {"uv": [1, 0, 0, 1], "texture": "#8"},
				"south": {"uv": [1, 0, 0, 1], "texture": "#8"},
				"west": {"uv": [1, 0, 0, 1], "texture": "#8"},
				"up": {"uv": [1, 0, 0, 1], "texture": "#8"},
				"down": {"uv": [1, 0, 0, 1], "texture": "#8"}
			}
		},
		{
			"from": [14.82192, -4.23877, 17.95147],
			"to": [16.58504, -3.47566, 21.41351],
			"faces": {
				"north": {"uv": [1, 0, 0, 1], "texture": "#8"},
				"east": {"uv": [1, 0, 0, 1], "texture": "#8"},
				"south": {"uv": [1, 0, 0, 1], "texture": "#8"},
				"west": {"uv": [1, 0, 0, 1], "texture": "#8"},
				"up": {"uv": [1, 0, 0, 1], "texture": "#8"},
				"down": {"uv": [1, 0, 0, 1], "texture": "#8"}
			}
		},
		{
			"from": [15.50904, -3.85922, 21.18341],
			"to": [16.24163, -3.12663, 24.50697],
			"faces": {
				"north": {"uv": [1, 0, 0, 1], "texture": "#8"},
				"east": {"uv": [1, 0, 0, 1], "texture": "#8"},
				"south": {"uv": [1, 0, 0, 1], "texture": "#8"},
				"west": {"uv": [1, 0, 0, 1], "texture": "#8"},
				"up": {"uv": [1, 0, 0, 1], "texture": "#8"},
				"down": {"uv": [1, 0, 0, 1], "texture": "#8"}
			}
		},
		{
			"from": [-2.25, -6, -15],
			"to": [-1.25, -5, -1.5],
			"faces": {
				"north": {"uv": [0, 0, 1, 1], "texture": "#8"},
				"east": {"uv": [0, 0, 1, 1], "texture": "#8"},
				"south": {"uv": [0, 0, 1, 1], "texture": "#8"},
				"west": {"uv": [0, 0, 1, 1], "texture": "#8"},
				"up": {"uv": [0, 0, 1, 1], "texture": "#8"},
				"down": {"uv": [0, 0, 1, 1], "texture": "#8"}
			}
		},
		{
			"from": [-1.2414, -5.9096, -2.0252],
			"to": [-0.3398, -5.008, 10.1464],
			"faces": {
				"north": {"uv": [0, 0, 1, 1], "texture": "#8"},
				"east": {"uv": [0, 0, 1, 1], "texture": "#8"},
				"south": {"uv": [0, 0, 1, 1], "texture": "#8"},
				"west": {"uv": [0, 0, 1, 1], "texture": "#8"},
				"up": {"uv": [0, 0, 1, 1], "texture": "#8"},
				"down": {"uv": [0, 0, 1, 1], "texture": "#8"}
			}
		},
		{
			"from": [-0.50209, -5.43683, 9.81682],
			"to": [1.32738, -4.60736, 19.01469],
			"faces": {
				"north": {"uv": [0, 0, 1, 1], "texture": "#8"},
				"east": {"uv": [0, 0, 1, 1], "texture": "#8"},
				"south": {"uv": [0, 0, 1, 1], "texture": "#8"},
				"west": {"uv": [0, 0, 1, 1], "texture": "#8"},
				"up": {"uv": [0, 0, 1, 1], "texture": "#8"},
				"down": {"uv": [0, 0, 1, 1], "texture": "#8"}
			}
		},
		{
			"from": [0.17808, -5.00189, 17.95147],
			"to": [1.94119, -4.23877, 21.41351],
			"faces": {
				"north": {"uv": [0, 0, 1, 1], "texture": "#8"},
				"east": {"uv": [0, 0, 1, 1], "texture": "#8"},
				"south": {"uv": [0, 0, 1, 1], "texture": "#8"},
				"west": {"uv": [0, 0, 1, 1], "texture": "#8"},
				"up": {"uv": [0, 0, 1, 1], "texture": "#8"},
				"down": {"uv": [0, 0, 1, 1], "texture": "#8"}
			}
		},
		{
			"from": [0.49096, -4.59181, 21.18341],
			"to": [1.22355, -3.85922, 24.50697],
			"faces": {
				"north": {"uv": [0, 0, 1, 1], "texture": "#8"},
				"east": {"uv": [0, 0, 1, 1], "texture": "#8"},
				"south": {"uv": [0, 0, 1, 1], "texture": "#8"},
				"west": {"uv": [0, 0, 1, 1], "texture": "#8"},
				"up": {"uv": [0, 0, 1, 1], "texture": "#8"},
				"down": {"uv": [0, 0, 1, 1], "texture": "#8"}
			}
		},
		{
			"from": [16.25, -6, -15],
			"to": [17.25, -5, -1.5],
			"faces": {
				"north": {"uv": [0, 0, 1, 1], "texture": "#8"},
				"east": {"uv": [0, 0, 1, 1], "texture": "#8"},
				"south": {"uv": [0, 0, 1, 1], "texture": "#8"},
				"west": {"uv": [0, 0, 1, 1], "texture": "#8"},
				"up": {"uv": [0, 0, 1, 1], "texture": "#8"},
				"down": {"uv": [0, 0, 1, 1], "texture": "#8"}
			}
		},
		{
			"from": [15.4382, -5.9096, -2.0252],
			"to": [16.3398, -5.008, 10.1464],
			"faces": {
				"north": {"uv": [0, 0, 1, 1], "texture": "#8"},
				"east": {"uv": [0, 0, 1, 1], "texture": "#8"},
				"south": {"uv": [0, 0, 1, 1], "texture": "#8"},
				"west": {"uv": [0, 0, 1, 1], "texture": "#8"},
				"up": {"uv": [0, 0, 1, 1], "texture": "#8"},
				"down": {"uv": [0, 0, 1, 1], "texture": "#8"}
			}
		},
		{
			"from": [13.84314, -5.43683, 9.81682],
			"to": [15.67262, -4.60736, 19.01469],
			"faces": {
				"north": {"uv": [0, 0, 1, 1], "texture": "#8"},
				"east": {"uv": [0, 0, 1, 1], "texture": "#8"},
				"south": {"uv": [0, 0, 1, 1], "texture": "#8"},
				"west": {"uv": [0, 0, 1, 1], "texture": "#8"},
				"up": {"uv": [0, 0, 1, 1], "texture": "#8"},
				"down": {"uv": [0, 0, 1, 1], "texture": "#8"}
			}
		},
		{
			"from": [13.29569, -5.00189, 17.95147],
			"to": [15.05881, -4.23877, 21.41351],
			"faces": {
				"north": {"uv": [0, 0, 1, 1], "texture": "#8"},
				"east": {"uv": [0, 0, 1, 1], "texture": "#8"},
				"south": {"uv": [0, 0, 1, 1], "texture": "#8"},
				"west": {"uv": [0, 0, 1, 1], "texture": "#8"},
				"up": {"uv": [0, 0, 1, 1], "texture": "#8"},
				"down": {"uv": [0, 0, 1, 1], "texture": "#8"}
			}
		},
		{
			"from": [14.04386, -4.59181, 21.18341],
			"to": [14.77645, -3.85922, 24.50697],
			"faces": {
				"north": {"uv": [0, 0, 1, 1], "texture": "#8"},
				"east": {"uv": [0, 0, 1, 1], "texture": "#8"},
				"south": {"uv": [0, 0, 1, 1], "texture": "#8"},
				"west": {"uv": [0, 0, 1, 1], "texture": "#8"},
				"up": {"uv": [0, 0, 1, 1], "texture": "#8"},
				"down": {"uv": [0, 0, 1, 1], "texture": "#8"}
			}
		},
		{
			"from": [0.25, -6, -15],
			"to": [18.25, -5, -1.5],
			"faces": {
				"north": {"uv": [1, 0, 0, 1], "texture": "#8"},
				"east": {"uv": [1, 0, 0, 1], "texture": "#8"},
				"south": {"uv": [1, 0, 0, 1], "texture": "#8"},
				"west": {"uv": [1, 0, 0, 1], "texture": "#8"},
				"up": {"uv": [1, 0, 0, 1], "texture": "#8"},
				"down": {"uv": [1, 0, 0, 1], "texture": "#8"}
			}
		},
		{
			"from": [14.3398, -5.9096, -2.0252],
			"to": [17.2414, -5.008, 10.1464],
			"faces": {
				"north": {"uv": [1, 0, 0, 1], "texture": "#8"},
				"east": {"uv": [1, 0, 0, 1], "texture": "#8"},
				"south": {"uv": [1, 0, 0, 1], "texture": "#8"},
				"west": {"uv": [1, 0, 0, 1], "texture": "#8"},
				"up": {"uv": [1, 0, 0, 1], "texture": "#8"},
				"down": {"uv": [1, 0, 0, 1], "texture": "#8"}
			}
		},
		{
			"from": [15.67262, -5.43683, 9.81682],
			"to": [16.50209, -4.60736, 19.01469],
			"faces": {
				"north": {"uv": [1, 0, 0, 1], "texture": "#8"},
				"east": {"uv": [1, 0, 0, 1], "texture": "#8"},
				"south": {"uv": [1, 0, 0, 1], "texture": "#8"},
				"west": {"uv": [1, 0, 0, 1], "texture": "#8"},
				"up": {"uv": [1, 0, 0, 1], "texture": "#8"},
				"down": {"uv": [1, 0, 0, 1], "texture": "#8"}
			}
		},
		{
			"from": [15.05881, -5.00189, 17.95147],
			"to": [15.82192, -4.23877, 21.41351],
			"faces": {
				"north": {"uv": [1, 0, 0, 1], "texture": "#8"},
				"east": {"uv": [1, 0, 0, 1], "texture": "#8"},
				"south": {"uv": [1, 0, 0, 1], "texture": "#8"},
				"west": {"uv": [1, 0, 0, 1], "texture": "#8"},
				"up": {"uv": [1, 0, 0, 1], "texture": "#8"},
				"down": {"uv": [1, 0, 0, 1], "texture": "#8"}
			}
		},
		{
			"from": [14.77645, -4.59181, 21.18341],
			"to": [15.50904, -3.85922, 24.50697],
			"faces": {
				"north": {"uv": [1, 0, 0, 1], "texture": "#8"},
				"east": {"uv": [1, 0, 0, 1], "texture": "#8"},
				"south": {"uv": [1, 0, 0, 1], "texture": "#8"},
				"west": {"uv": [1, 0, 0, 1], "texture": "#8"},
				"up": {"uv": [1, 0, 0, 1], "texture": "#8"},
				"down": {"uv": [1, 0, 0, 1], "texture": "#8"}
			}
		},
		{
			"from": [-1.25, -6, -15],
			"to": [0.75, -5, -1.5],
			"faces": {
				"north": {"uv": [0, 0, 1, 1], "texture": "#8"},
				"east": {"uv": [0, 0, 1, 1], "texture": "#8"},
				"south": {"uv": [0, 0, 1, 1], "texture": "#8"},
				"west": {"uv": [0, 0, 1, 1], "texture": "#8"},
				"up": {"uv": [0, 0, 1, 1], "texture": "#8"},
				"down": {"uv": [0, 0, 1, 1], "texture": "#8"}
			}
		},
		{
			"from": [-0.3398, -5.9096, -2.0252],
			"to": [2.5618, -5.008, 10.1464],
			"faces": {
				"north": {"uv": [0, 0, 1, 1], "texture": "#8"},
				"east": {"uv": [0, 0, 1, 1], "texture": "#8"},
				"south": {"uv": [0, 0, 1, 1], "texture": "#8"},
				"west": {"uv": [0, 0, 1, 1], "texture": "#8"},
				"up": {"uv": [0, 0, 1, 1], "texture": "#8"},
				"down": {"uv": [0, 0, 1, 1], "texture": "#8"}
			}
		},
		{
			"from": [0.32738, -5.43683, 9.81682],
			"to": [1.15686, -4.60736, 19.01469],
			"faces": {
				"north": {"uv": [0, 0, 1, 1], "texture": "#8"},
				"east": {"uv": [0, 0, 1, 1], "texture": "#8"},
				"south": {"uv": [0, 0, 1, 1], "texture": "#8"},
				"west": {"uv": [0, 0, 1, 1], "texture": "#8"},
				"up": {"uv": [0, 0, 1, 1], "texture": "#8"},
				"down": {"uv": [0, 0, 1, 1], "texture": "#8"}
			}
		},
		{
			"from": [0.94119, -5.00189, 17.95147],
			"to": [1.70431, -4.23877, 21.41351],
			"faces": {
				"north": {"uv": [0, 0, 1, 1], "texture": "#8"},
				"east": {"uv": [0, 0, 1, 1], "texture": "#8"},
				"south": {"uv": [0, 0, 1, 1], "texture": "#8"},
				"west": {"uv": [0, 0, 1, 1], "texture": "#8"},
				"up": {"uv": [0, 0, 1, 1], "texture": "#8"},
				"down": {"uv": [0, 0, 1, 1], "texture": "#8"}
			}
		},
		{
			"from": [1.22355, -4.59181, 21.18341],
			"to": [1.95614, -3.85922, 24.50697],
			"faces": {
				"north": {"uv": [0, 0, 1, 1], "texture": "#8"},
				"east": {"uv": [0, 0, 1, 1], "texture": "#8"},
				"south": {"uv": [0, 0, 1, 1], "texture": "#8"},
				"west": {"uv": [0, 0, 1, 1], "texture": "#8"},
				"up": {"uv": [0, 0, 1, 1], "texture": "#8"},
				"down": {"uv": [0, 0, 1, 1], "texture": "#8"}
			}
		},
		{
			"from": [-0.25, -7, -15],
			"to": [13.75, -6, -1.5],
			"faces": {
				"north": {"uv": [0, 0, 1, 1], "texture": "#8"},
				"east": {"uv": [0, 0, 1, 1], "texture": "#8"},
				"south": {"uv": [0, 0, 1, 1], "texture": "#8"},
				"west": {"uv": [0, 0, 1, 1], "texture": "#8"},
				"up": {"uv": [0, 0, 1, 1], "texture": "#8"},
				"down": {"uv": [0, 0, 1, 1], "texture": "#8"}
			}
		},
		{
			"from": [0.5618, -6.8112, -2.0252],
			"to": [4.365, -5.9096, 10.1464],
			"faces": {
				"north": {"uv": [0, 0, 1, 1], "texture": "#8"},
				"east": {"uv": [0, 0, 1, 1], "texture": "#8"},
				"south": {"uv": [0, 0, 1, 1], "texture": "#8"},
				"west": {"uv": [0, 0, 1, 1], "texture": "#8"},
				"up": {"uv": [0, 0, 1, 1], "texture": "#8"},
				"down": {"uv": [0, 0, 1, 1], "texture": "#8"}
			}
		},
		{
			"from": [1.15686, -6.2663, 9.81682],
			"to": [3.8158, -5.43683, 19.01469],
			"faces": {
				"north": {"uv": [0, 0, 1, 1], "texture": "#8"},
				"east": {"uv": [0, 0, 1, 1], "texture": "#8"},
				"south": {"uv": [0, 0, 1, 1], "texture": "#8"},
				"west": {"uv": [0, 0, 1, 1], "texture": "#8"},
				"up": {"uv": [0, 0, 1, 1], "texture": "#8"},
				"down": {"uv": [0, 0, 1, 1], "texture": "#8"}
			}
		},
		{
			"from": [1.70431, -5.765, 17.95147],
			"to": [4.23054, -5.00189, 21.41351],
			"faces": {
				"north": {"uv": [0, 0, 1, 1], "texture": "#8"},
				"east": {"uv": [0, 0, 1, 1], "texture": "#8"},
				"south": {"uv": [0, 0, 1, 1], "texture": "#8"},
				"west": {"uv": [0, 0, 1, 1], "texture": "#8"},
				"up": {"uv": [0, 0, 1, 1], "texture": "#8"},
				"down": {"uv": [0, 0, 1, 1], "texture": "#8"}
			}
		},
		{
			"from": [1.95614, -5.3244, 21.18341],
			"to": [3.42131, -4.59181, 24.50697],
			"faces": {
				"north": {"uv": [0, 0, 1, 1], "texture": "#8"},
				"east": {"uv": [0, 0, 1, 1], "texture": "#8"},
				"south": {"uv": [0, 0, 1, 1], "texture": "#8"},
				"west": {"uv": [0, 0, 1, 1], "texture": "#8"},
				"up": {"uv": [0, 0, 1, 1], "texture": "#8"},
				"down": {"uv": [0, 0, 1, 1], "texture": "#8"}
			}
		},
		{
			"from": [13.25, -7, -15],
			"to": [16.25, -6, -1.5],
			"faces": {
				"north": {"uv": [1, 0, 0, 1], "texture": "#8"},
				"east": {"uv": [1, 0, 0, 1], "texture": "#8"},
				"south": {"uv": [1, 0, 0, 1], "texture": "#8"},
				"west": {"uv": [1, 0, 0, 1], "texture": "#8"},
				"up": {"uv": [1, 0, 0, 1], "texture": "#8"},
				"down": {"uv": [1, 0, 0, 1], "texture": "#8"}
			}
		},
		{
			"from": [11.635, -6.8112, -2.0252],
			"to": [15.4382, -5.9096, 10.1464],
			"faces": {
				"north": {"uv": [1, 0, 0, 1], "texture": "#8"},
				"east": {"uv": [1, 0, 0, 1], "texture": "#8"},
				"south": {"uv": [1, 0, 0, 1], "texture": "#8"},
				"west": {"uv": [1, 0, 0, 1], "texture": "#8"},
				"up": {"uv": [1, 0, 0, 1], "texture": "#8"},
				"down": {"uv": [1, 0, 0, 1], "texture": "#8"}
			}
		},
		{
			"from": [12.1842, -6.2663, 9.81682],
			"to": [14.84314, -5.43683, 19.01469],
			"faces": {
				"north": {"uv": [1, 0, 0, 1], "texture": "#8"},
				"east": {"uv": [1, 0, 0, 1], "texture": "#8"},
				"south": {"uv": [1, 0, 0, 1], "texture": "#8"},
				"west": {"uv": [1, 0, 0, 1], "texture": "#8"},
				"up": {"uv": [1, 0, 0, 1], "texture": "#8"},
				"down": {"uv": [1, 0, 0, 1], "texture": "#8"}
			}
		},
		{
			"from": [11.76946, -5.765, 17.95147],
			"to": [14.29569, -5.00189, 21.41351],
			"faces": {
				"north": {"uv": [1, 0, 0, 1], "texture": "#8"},
				"east": {"uv": [1, 0, 0, 1], "texture": "#8"},
				"south": {"uv": [1, 0, 0, 1], "texture": "#8"},
				"west": {"uv": [1, 0, 0, 1], "texture": "#8"},
				"up": {"uv": [1, 0, 0, 1], "texture": "#8"},
				"down": {"uv": [1, 0, 0, 1], "texture": "#8"}
			}
		},
		{
			"from": [12.57869, -5.3244, 21.18341],
			"to": [14.04386, -4.59181, 24.50697],
			"faces": {
				"north": {"uv": [1, 0, 0, 1], "texture": "#8"},
				"east": {"uv": [1, 0, 0, 1], "texture": "#8"},
				"south": {"uv": [1, 0, 0, 1], "texture": "#8"},
				"west": {"uv": [1, 0, 0, 1], "texture": "#8"},
				"up": {"uv": [1, 0, 0, 1], "texture": "#8"},
				"down": {"uv": [1, 0, 0, 1], "texture": "#8"}
			}
		},
		{
			"from": [1.75, -8, -15],
			"to": [5.75, -7, -1.5],
			"faces": {
				"north": {"uv": [0, 0, 1, 1], "texture": "#8"},
				"east": {"uv": [0, 0, 1, 1], "texture": "#8"},
				"south": {"uv": [0, 0, 1, 1], "texture": "#8"},
				"west": {"uv": [0, 0, 1, 1], "texture": "#8"},
				"up": {"uv": [0, 0, 1, 1], "texture": "#8"},
				"down": {"uv": [0, 0, 1, 1], "texture": "#8"}
			}
		},
		{
			"from": [10.25, -8, -15],
			"to": [14.25, -7, -1.5],
			"faces": {
				"north": {"uv": [1, 0, 0, 1], "texture": "#8"},
				"east": {"uv": [1, 0, 0, 1], "texture": "#8"},
				"south": {"uv": [1, 0, 0, 1], "texture": "#8"},
				"west": {"uv": [1, 0, 0, 1], "texture": "#8"},
				"up": {"uv": [1, 0, 0, 1], "texture": "#8"},
				"down": {"uv": [1, 0, 0, 1], "texture": "#8"}
			}
		},
		{
			"from": [2.365, -7.7128, -2.0252],
			"to": [7.0698, -6.8112, 10.1464],
			"faces": {
				"north": {"uv": [0, 0, 1, 1], "texture": "#8"},
				"east": {"uv": [0, 0, 1, 1], "texture": "#8"},
				"south": {"uv": [0, 0, 1, 1], "texture": "#8"},
				"west": {"uv": [0, 0, 1, 1], "texture": "#8"},
				"up": {"uv": [0, 0, 1, 1], "texture": "#8"},
				"down": {"uv": [0, 0, 1, 1], "texture": "#8"}
			}
		},
		{
			"from": [2.8158, -7.09578, 9.81682],
			"to": [6.30422, -6.2663, 19.01469],
			"faces": {
				"north": {"uv": [0, 0, 1, 1], "texture": "#8"},
				"east": {"uv": [0, 0, 1, 1], "texture": "#8"},
				"south": {"uv": [0, 0, 1, 1], "texture": "#8"},
				"west": {"uv": [0, 0, 1, 1], "texture": "#8"},
				"up": {"uv": [0, 0, 1, 1], "texture": "#8"},
				"down": {"uv": [0, 0, 1, 1], "texture": "#8"}
			}
		},
		{
			"from": [3.23054, -6.52811, 17.95147],
			"to": [6.51988, -5.765, 21.41351],
			"faces": {
				"north": {"uv": [0, 0, 1, 1], "texture": "#8"},
				"east": {"uv": [0, 0, 1, 1], "texture": "#8"},
				"south": {"uv": [0, 0, 1, 1], "texture": "#8"},
				"west": {"uv": [0, 0, 1, 1], "texture": "#8"},
				"up": {"uv": [0, 0, 1, 1], "texture": "#8"},
				"down": {"uv": [0, 0, 1, 1], "texture": "#8"}
			}
		},
		{
			"from": [3.42131, -6.05699, 21.18341],
			"to": [5.61908, -4.5744, 24.50697],
			"faces": {
				"north": {"uv": [0, 0, 1, 1], "texture": "#8"},
				"east": {"uv": [0, 0, 1, 1], "texture": "#8"},
				"south": {"uv": [0, 0, 1, 1], "texture": "#8"},
				"west": {"uv": [0, 0, 1, 1], "texture": "#8"},
				"up": {"uv": [0, 0, 1, 1], "texture": "#8"},
				"down": {"uv": [0, 0, 1, 1], "texture": "#8"}
			}
		},
		{
			"from": [8.9302, -7.7128, -2.0252],
			"to": [13.635, -6.8112, 10.1464],
			"faces": {
				"north": {"uv": [1, 0, 0, 1], "texture": "#8"},
				"east": {"uv": [1, 0, 0, 1], "texture": "#8"},
				"south": {"uv": [1, 0, 0, 1], "texture": "#8"},
				"west": {"uv": [1, 0, 0, 1], "texture": "#8"},
				"up": {"uv": [1, 0, 0, 1], "texture": "#8"},
				"down": {"uv": [1, 0, 0, 1], "texture": "#8"}
			}
		},
		{
			"from": [9.69578, -7.09578, 9.81682],
			"to": [13.1842, -6.2663, 19.01469],
			"faces": {
				"north": {"uv": [1, 0, 0, 1], "texture": "#8"},
				"east": {"uv": [1, 0, 0, 1], "texture": "#8"},
				"south": {"uv": [1, 0, 0, 1], "texture": "#8"},
				"west": {"uv": [1, 0, 0, 1], "texture": "#8"},
				"up": {"uv": [1, 0, 0, 1], "texture": "#8"},
				"down": {"uv": [1, 0, 0, 1], "texture": "#8"}
			}
		},
		{
			"from": [9.48012, -6.52811, 17.95147],
			"to": [12.76946, -5.765, 21.41351],
			"faces": {
				"north": {"uv": [1, 0, 0, 1], "texture": "#8"},
				"east": {"uv": [1, 0, 0, 1], "texture": "#8"},
				"south": {"uv": [1, 0, 0, 1], "texture": "#8"},
				"west": {"uv": [1, 0, 0, 1], "texture": "#8"},
				"up": {"uv": [1, 0, 0, 1], "texture": "#8"},
				"down": {"uv": [1, 0, 0, 1], "texture": "#8"}
			}
		},
		{
			"from": [10.38092, -6.05699, 21.18341],
			"to": [12.57869, -4.5744, 24.50697],
			"faces": {
				"north": {"uv": [1, 0, 0, 1], "texture": "#8"},
				"east": {"uv": [1, 0, 0, 1], "texture": "#8"},
				"south": {"uv": [1, 0, 0, 1], "texture": "#8"},
				"west": {"uv": [1, 0, 0, 1], "texture": "#8"},
				"up": {"uv": [1, 0, 0, 1], "texture": "#8"},
				"down": {"uv": [1, 0, 0, 1], "texture": "#8"}
			}
		},
		{
			"from": [5.38092, -5.85699, 21.18341],
			"to": [10.57869, -4.5744, 25.00697],
			"faces": {
				"north": {"uv": [1, 0, 0, 1], "texture": "#8"},
				"east": {"uv": [1, 0, 0, 1], "texture": "#8"},
				"south": {"uv": [1, 0, 0, 1], "texture": "#8"},
				"west": {"uv": [1, 0, 0, 1], "texture": "#8"},
				"up": {"uv": [1, 0, 0, 1], "texture": "#8"},
				"down": {"uv": [1, 0, 0, 1], "texture": "#8"}
			}
		},
		{
			"from": [4.75, -9, -15],
			"to": [8.25, -7, -1.5],
			"faces": {
				"north": {"uv": [0, 0, 1, 1], "texture": "#8"},
				"east": {"uv": [0, 0, 1, 1], "texture": "#8"},
				"south": {"uv": [0, 0, 16, 16], "texture": "#9"},
				"west": {"uv": [0, 0, 1, 1], "texture": "#8"},
				"up": {"uv": [0, 0, 1, 1], "texture": "#8"},
				"down": {"uv": [0, 0, 16, 16], "texture": "#9"}
			}
		},
		{
			"from": [4.75, -9.4, -14.8],
			"to": [8.25, -7.4, -1.3],
			"faces": {
				"north": {"uv": [0, 0, 1, 1], "texture": "#8"},
				"east": {"uv": [0, 0, 1, 1], "texture": "#8"},
				"south": {"uv": [0, 0, 16, 16], "texture": "#9"},
				"west": {"uv": [0, 0, 1, 1], "texture": "#8"},
				"up": {"uv": [0, 0, 1, 1], "texture": "#8"},
				"down": {"uv": [0, 0, 16, 16], "texture": "#9"}
			}
		},
		{
			"from": [5.0698, -8.6144, -2.0252],
			"to": [8.2254, -7.7128, 10.1464],
			"faces": {
				"north": {"uv": [0, 0, 1, 1], "texture": "#8"},
				"east": {"uv": [0, 0, 1, 1], "texture": "#8"},
				"south": {"uv": [0, 0, 16, 16], "texture": "#9"},
				"west": {"uv": [0, 0, 1, 1], "texture": "#8"},
				"up": {"uv": [0, 0, 1, 1], "texture": "#8"},
				"down": {"uv": [0, 0, 16, 16], "texture": "#9"}
			}
		},
		{
			"from": [5.0698, -9.0144, -1.8252],
			"to": [8.2254, -8.1128, 10.3464],
			"faces": {
				"north": {"uv": [0, 0, 1, 1], "texture": "#8"},
				"east": {"uv": [0, 0, 1, 1], "texture": "#8"},
				"south": {"uv": [0, 0, 16, 16], "texture": "#9"},
				"west": {"uv": [0, 0, 1, 1], "texture": "#8"},
				"up": {"uv": [0, 0, 1, 1], "texture": "#8"},
				"down": {"uv": [0, 0, 16, 16], "texture": "#9"}
			}
		},
		{
			"from": [5.30422, -7.92525, 9.81682],
			"to": [8.20737, -7.09578, 19.01469],
			"faces": {
				"north": {"uv": [0, 0, 1, 1], "texture": "#8"},
				"east": {"uv": [0, 0, 1, 1], "texture": "#8"},
				"south": {"uv": [0, 0, 16, 16], "texture": "#9"},
				"west": {"uv": [0, 0, 1, 1], "texture": "#8"},
				"up": {"uv": [0, 0, 1, 1], "texture": "#8"},
				"down": {"uv": [0, 0, 16, 16], "texture": "#9"}
			}
		},
		{
			"from": [5.30422, -8.32525, 10.01682],
			"to": [8.20737, -7.49578, 19.21469],
			"faces": {
				"north": {"uv": [0, 0, 1, 1], "texture": "#8"},
				"east": {"uv": [0, 0, 1, 1], "texture": "#8"},
				"south": {"uv": [0, 0, 16, 16], "texture": "#9"},
				"west": {"uv": [0, 0, 1, 1], "texture": "#8"},
				"up": {"uv": [0, 0, 1, 1], "texture": "#8"},
				"down": {"uv": [0, 0, 16, 16], "texture": "#9"}
			}
		},
		{
			"from": [5.51988, -7.29123, 17.95147],
			"to": [9.19078, -6.52811, 21.41351],
			"faces": {
				"north": {"uv": [0, 0, 1, 1], "texture": "#8"},
				"east": {"uv": [0, 0, 1, 1], "texture": "#8"},
				"south": {"uv": [0, 0, 16, 16], "texture": "#9"},
				"west": {"uv": [0, 0, 1, 1], "texture": "#8"},
				"up": {"uv": [0, 0, 1, 1], "texture": "#8"},
				"down": {"uv": [0, 0, 16, 16], "texture": "#9"}
			}
		},
		{
			"from": [5.51988, -7.69123, 18.15147],
			"to": [9.19078, -6.92811, 21.61351],
			"faces": {
				"north": {"uv": [0, 0, 1, 1], "texture": "#8"},
				"east": {"uv": [0, 0, 1, 1], "texture": "#8"},
				"south": {"uv": [0, 0, 16, 16], "texture": "#9"},
				"west": {"uv": [0, 0, 1, 1], "texture": "#8"},
				"up": {"uv": [0, 0, 1, 1], "texture": "#8"},
				"down": {"uv": [0, 0, 16, 16], "texture": "#9"}
			}
		},
		{
			"from": [5.61908, -6.78958, 21.18341],
			"to": [8.18315, -6.05699, 24.50697],
			"faces": {
				"north": {"uv": [0, 0, 1, 1], "texture": "#8"},
				"east": {"uv": [0, 0, 1, 1], "texture": "#8"},
				"south": {"uv": [0, 0, 16, 16], "texture": "#9"},
				"west": {"uv": [0, 0, 1, 1], "texture": "#8"},
				"up": {"uv": [0, 0, 1, 1], "texture": "#8"},
				"down": {"uv": [0, 0, 16, 16], "texture": "#9"}
			}
		},
		{
			"from": [5.61908, -7.18958, 21.38341],
			"to": [8.18315, -6.45699, 24.70697],
			"faces": {
				"north": {"uv": [0, 0, 1, 1], "texture": "#8"},
				"east": {"uv": [0, 0, 1, 1], "texture": "#8"},
				"south": {"uv": [0, 0, 16, 16], "texture": "#9"},
				"west": {"uv": [0, 0, 1, 1], "texture": "#8"},
				"up": {"uv": [0, 0, 1, 1], "texture": "#8"},
				"down": {"uv": [0, 0, 16, 16], "texture": "#9"}
			}
		},
		{
			"from": [5.61908, -6.03958, 22.43341],
			"to": [8.18315, -5.30699, 25.50697],
			"faces": {
				"north": {"uv": [0, 0, 1, 1], "texture": "#8"},
				"east": {"uv": [0, 0, 1, 1], "texture": "#8"},
				"south": {"uv": [0, 0, 16, 16], "texture": "#9"},
				"west": {"uv": [0, 0, 1, 1], "texture": "#8"},
				"up": {"uv": [0, 0, 1, 1], "texture": "#8"},
				"down": {"uv": [0, 0, 16, 16], "texture": "#9"}
			}
		},
		{
			"from": [5.61908, -6.43958, 22.63341],
			"to": [8.18315, -5.70699, 25.70697],
			"faces": {
				"north": {"uv": [0, 0, 1, 1], "texture": "#8"},
				"east": {"uv": [0, 0, 1, 1], "texture": "#8"},
				"south": {"uv": [0, 0, 16, 16], "texture": "#9"},
				"west": {"uv": [0, 0, 1, 1], "texture": "#8"},
				"up": {"uv": [0, 0, 1, 1], "texture": "#8"},
				"down": {"uv": [0, 0, 16, 16], "texture": "#9"}
			}
		},
		{
			"from": [5.61908, -5.28958, 22.68341],
			"to": [8.18315, -4.55699, 25.75697],
			"faces": {
				"north": {"uv": [0, 0, 1, 1], "texture": "#8"},
				"east": {"uv": [0, 0, 1, 1], "texture": "#8"},
				"south": {"uv": [0, 0, 16, 16], "texture": "#9"},
				"west": {"uv": [0, 0, 1, 1], "texture": "#8"},
				"up": {"uv": [0, 0, 1, 1], "texture": "#8"},
				"down": {"uv": [0, 0, 16, 16], "texture": "#9"}
			}
		},
		{
			"from": [5.61908, -5.68958, 22.88341],
			"to": [8.18315, -4.95699, 25.95697],
			"faces": {
				"north": {"uv": [0, 0, 1, 1], "texture": "#8"},
				"east": {"uv": [0, 0, 1, 1], "texture": "#8"},
				"south": {"uv": [0, 0, 16, 16], "texture": "#9"},
				"west": {"uv": [0, 0, 1, 1], "texture": "#8"},
				"up": {"uv": [0, 0, 1, 1], "texture": "#8"},
				"down": {"uv": [0, 0, 16, 16], "texture": "#9"}
			}
		},
		{
			"from": [8.25, -9, -15],
			"to": [11.25, -7, -1.5],
			"faces": {
				"north": {"uv": [1, 0, 0, 1], "texture": "#8"},
				"east": {"uv": [1, 0, 0, 1], "texture": "#8"},
				"south": {"uv": [0, 0, 16, 16], "texture": "#9"},
				"west": {"uv": [1, 0, 0, 1], "texture": "#8"},
				"up": {"uv": [1, 0, 0, 1], "texture": "#8"},
				"down": {"uv": [0, 0, 16, 16], "texture": "#9"}
			}
		},
		{
			"from": [8.25, -9.4, -14.8],
			"to": [11.25, -7.4, -1.3],
			"faces": {
				"north": {"uv": [1, 0, 0, 1], "texture": "#8"},
				"east": {"uv": [1, 0, 0, 1], "texture": "#8"},
				"south": {"uv": [0, 0, 16, 16], "texture": "#9"},
				"west": {"uv": [1, 0, 0, 1], "texture": "#8"},
				"up": {"uv": [1, 0, 0, 1], "texture": "#8"},
				"down": {"uv": [0, 0, 16, 16], "texture": "#9"}
			}
		},
		{
			"from": [8.2254, -8.6144, -2.0252],
			"to": [10.9302, -7.7128, 10.1464],
			"faces": {
				"north": {"uv": [1, 0, 0, 1], "texture": "#8"},
				"east": {"uv": [1, 0, 0, 1], "texture": "#8"},
				"south": {"uv": [0, 0, 16, 16], "texture": "#9"},
				"west": {"uv": [1, 0, 0, 1], "texture": "#8"},
				"up": {"uv": [1, 0, 0, 1], "texture": "#8"},
				"down": {"uv": [0, 0, 16, 16], "texture": "#9"}
			}
		},
		{
			"from": [8.2254, -9.0144, -1.8252],
			"to": [10.9302, -8.1128, 10.3464],
			"faces": {
				"north": {"uv": [1, 0, 0, 1], "texture": "#8"},
				"east": {"uv": [1, 0, 0, 1], "texture": "#8"},
				"south": {"uv": [0, 0, 16, 16], "texture": "#9"},
				"west": {"uv": [1, 0, 0, 1], "texture": "#8"},
				"up": {"uv": [1, 0, 0, 1], "texture": "#8"},
				"down": {"uv": [0, 0, 16, 16], "texture": "#9"}
			}
		},
		{
			"from": [8.20737, -7.92525, 9.81682],
			"to": [10.69578, -7.09578, 19.01469],
			"faces": {
				"north": {"uv": [1, 0, 0, 1], "texture": "#8"},
				"east": {"uv": [1, 0, 0, 1], "texture": "#8"},
				"south": {"uv": [0, 0, 16, 16], "texture": "#9"},
				"west": {"uv": [1, 0, 0, 1], "texture": "#8"},
				"up": {"uv": [1, 0, 0, 1], "texture": "#8"},
				"down": {"uv": [0, 0, 16, 16], "texture": "#9"}
			}
		},
		{
			"from": [8.20737, -8.32525, 10.01682],
			"to": [10.69578, -7.49578, 19.21469],
			"faces": {
				"north": {"uv": [1, 0, 0, 1], "texture": "#8"},
				"east": {"uv": [1, 0, 0, 1], "texture": "#8"},
				"south": {"uv": [0, 0, 16, 16], "texture": "#9"},
				"west": {"uv": [1, 0, 0, 1], "texture": "#8"},
				"up": {"uv": [1, 0, 0, 1], "texture": "#8"},
				"down": {"uv": [0, 0, 16, 16], "texture": "#9"}
			}
		},
		{
			"from": [7.19078, -7.29123, 17.95147],
			"to": [10.48012, -6.52811, 21.41351],
			"faces": {
				"north": {"uv": [1, 0, 0, 1], "texture": "#8"},
				"east": {"uv": [1, 0, 0, 1], "texture": "#8"},
				"south": {"uv": [0, 0, 16, 16], "texture": "#9"},
				"west": {"uv": [1, 0, 0, 1], "texture": "#8"},
				"up": {"uv": [1, 0, 0, 1], "texture": "#8"},
				"down": {"uv": [0, 0, 16, 16], "texture": "#9"}
			}
		},
		{
			"from": [7.19078, -7.69123, 18.15147],
			"to": [10.48012, -6.92811, 21.61351],
			"faces": {
				"north": {"uv": [1, 0, 0, 1], "texture": "#8"},
				"east": {"uv": [1, 0, 0, 1], "texture": "#8"},
				"south": {"uv": [0, 0, 16, 16], "texture": "#9"},
				"west": {"uv": [1, 0, 0, 1], "texture": "#8"},
				"up": {"uv": [1, 0, 0, 1], "texture": "#8"},
				"down": {"uv": [0, 0, 16, 16], "texture": "#9"}
			}
		},
		{
			"from": [8.18315, -6.78958, 21.18341],
			"to": [10.38092, -6.05699, 24.50697],
			"faces": {
				"north": {"uv": [1, 0, 0, 1], "texture": "#8"},
				"east": {"uv": [1, 0, 0, 1], "texture": "#8"},
				"south": {"uv": [0, 0, 16, 16], "texture": "#9"},
				"west": {"uv": [1, 0, 0, 1], "texture": "#8"},
				"up": {"uv": [1, 0, 0, 1], "texture": "#8"},
				"down": {"uv": [0, 0, 16, 16], "texture": "#9"}
			}
		},
		{
			"from": [8.18315, -7.18958, 21.38341],
			"to": [10.38092, -6.45699, 24.70697],
			"faces": {
				"north": {"uv": [1, 0, 0, 1], "texture": "#8"},
				"east": {"uv": [1, 0, 0, 1], "texture": "#8"},
				"south": {"uv": [0, 0, 16, 16], "texture": "#9"},
				"west": {"uv": [1, 0, 0, 1], "texture": "#8"},
				"up": {"uv": [1, 0, 0, 1], "texture": "#8"},
				"down": {"uv": [0, 0, 16, 16], "texture": "#9"}
			}
		},
		{
			"from": [8.18315, -6.03958, 22.43341],
			"to": [10.38092, -5.30699, 25.50697],
			"faces": {
				"north": {"uv": [1, 0, 0, 1], "texture": "#8"},
				"east": {"uv": [1, 0, 0, 1], "texture": "#8"},
				"south": {"uv": [0, 0, 16, 16], "texture": "#9"},
				"west": {"uv": [1, 0, 0, 1], "texture": "#8"},
				"up": {"uv": [1, 0, 0, 1], "texture": "#8"},
				"down": {"uv": [0, 0, 16, 16], "texture": "#9"}
			}
		},
		{
			"from": [8.18315, -6.43958, 22.63341],
			"to": [10.38092, -5.70699, 25.70697],
			"faces": {
				"north": {"uv": [1, 0, 0, 1], "texture": "#8"},
				"east": {"uv": [1, 0, 0, 1], "texture": "#8"},
				"south": {"uv": [0, 0, 16, 16], "texture": "#9"},
				"west": {"uv": [1, 0, 0, 1], "texture": "#8"},
				"up": {"uv": [1, 0, 0, 1], "texture": "#8"},
				"down": {"uv": [0, 0, 16, 16], "texture": "#9"}
			}
		},
		{
			"from": [8.18315, -5.28958, 22.68341],
			"to": [10.38092, -4.55699, 25.75697],
			"faces": {
				"north": {"uv": [1, 0, 0, 1], "texture": "#8"},
				"east": {"uv": [1, 0, 0, 1], "texture": "#8"},
				"south": {"uv": [0, 0, 16, 16], "texture": "#9"},
				"west": {"uv": [1, 0, 0, 1], "texture": "#8"},
				"up": {"uv": [1, 0, 0, 1], "texture": "#8"},
				"down": {"uv": [0, 0, 16, 16], "texture": "#9"}
			}
		},
		{
			"from": [8.18315, -5.68958, 22.88341],
			"to": [10.38092, -4.95699, 25.95697],
			"faces": {
				"north": {"uv": [1, 0, 0, 1], "texture": "#8"},
				"east": {"uv": [1, 0, 0, 1], "texture": "#8"},
				"south": {"uv": [0, 0, 16, 16], "texture": "#9"},
				"west": {"uv": [1, 0, 0, 1], "texture": "#8"},
				"up": {"uv": [1, 0, 0, 1], "texture": "#8"},
				"down": {"uv": [0, 0, 16, 16], "texture": "#9"}
			}
		},
		{
			"from": [-3, -4, -15],
			"to": [20, -3, -1.5],
			"faces": {
				"north": {"uv": [0, 0, 1, 1], "texture": "#8"},
				"east": {"uv": [0, 0, 1, 1], "texture": "#8"},
				"south": {"uv": [0, 0, 1, 1], "texture": "#8"},
				"west": {"uv": [0, 0, 1, 1], "texture": "#8"},
				"up": {"uv": [0, 0, 1, 1], "texture": "#8"},
				"down": {"uv": [0, 0, 1, 1], "texture": "#8"}
			}
		},
		{
			"from": [16.143, -4.1064, -2.0252],
			"to": [19.0446, -2.9548, 10.1464],
			"faces": {
				"north": {"uv": [0, 0, 1, 1], "texture": "#8"},
				"east": {"uv": [0, 0, 1, 1], "texture": "#8"},
				"south": {"uv": [0, 0, 1, 1], "texture": "#8"},
				"west": {"uv": [0, 0, 1, 1], "texture": "#8"},
				"up": {"uv": [0, 0, 1, 1], "texture": "#8"},
				"down": {"uv": [0, 0, 1, 1], "texture": "#8"}
			}
		},
		{
			"from": [16.33156, -3.77789, 9.81682],
			"to": [18.16103, -2.94842, 19.01469],
			"faces": {
				"north": {"uv": [0, 0, 1, 1], "texture": "#8"},
				"east": {"uv": [0, 0, 1, 1], "texture": "#8"},
				"south": {"uv": [0, 0, 1, 1], "texture": "#8"},
				"west": {"uv": [0, 0, 1, 1], "texture": "#8"},
				"up": {"uv": [0, 0, 1, 1], "texture": "#8"},
				"down": {"uv": [0, 0, 1, 1], "texture": "#8"}
			}
		},
		{
			"from": [15.58504, -3.47566, 19.15147],
			"to": [17.34815, -2.71254, 21.41351],
			"faces": {
				"north": {"uv": [0, 0, 1, 1], "texture": "#8"},
				"east": {"uv": [0, 0, 1, 1], "texture": "#8"},
				"south": {"uv": [0, 0, 1, 1], "texture": "#8"},
				"west": {"uv": [0, 0, 1, 1], "texture": "#8"},
				"up": {"uv": [0, 0, 1, 1], "texture": "#8"},
				"down": {"uv": [0, 0, 1, 1], "texture": "#8"}
			}
		},
		{
			"from": [16.24163, -3.12663, 21.18341],
			"to": [16.97422, -2.39404, 24.50697],
			"faces": {
				"north": {"uv": [0, 0, 1, 1], "texture": "#8"},
				"east": {"uv": [0, 0, 1, 1], "texture": "#8"},
				"south": {"uv": [0, 0, 1, 1], "texture": "#8"},
				"west": {"uv": [0, 0, 1, 1], "texture": "#8"},
				"up": {"uv": [0, 0, 1, 1], "texture": "#8"},
				"down": {"uv": [0, 0, 1, 1], "texture": "#8"}
			}
		}
	],
	"display": {
		"head": {
			"scale": [4, 4, 4]
		}
	}
}