{
	"credit": "Made with Blockbench",
	"textures": {
		"0": "block/coal_block",
		"1": "block/brown_shulker_box",
		"2": "block/inoxplaque",
		"4": "block/cauldron_inner",
		"7": "block/orange_terracotta",
		"particle": "block/coal_block"
	},
	"elements": [
		{
			"from": [0.75, 2, -9.75],
			"to": [15.25, 3, -6.75],
			"faces": {
				"north": {"uv": [0, 0, 14.5, 1], "texture": "#1"},
				"east": {"uv": [0, 0, 14.5, 1], "texture": "#1"},
				"south": {"uv": [0, 0, 14.5, 1], "texture": "#1"},
				"west": {"uv": [0, 0, 14.5, 1], "texture": "#1"},
				"up": {"uv": [0, 0, 14.5, 1], "texture": "#1"},
				"down": {"uv": [0, 0, 14.5, 1], "texture": "#1"}
			}
		},
		{
			"from": [0.75, 1, -8],
			"to": [15.25, 2, -5],
			"faces": {
				"north": {"uv": [0, 0, 14.5, 1], "texture": "#1"},
				"east": {"uv": [0, 0, 14.5, 1], "texture": "#1"},
				"south": {"uv": [0, 0, 14.5, 1], "texture": "#1"},
				"west": {"uv": [0, 0, 14.5, 1], "texture": "#1"},
				"up": {"uv": [0, 0, 14.5, 1], "texture": "#1"},
				"down": {"uv": [0, 0, 14.5, 1], "texture": "#1"}
			}
		},
		{
			"from": [0.75, 3, -10.8],
			"to": [15.25, 6, -9.5],
			"faces": {
				"north": {"uv": [0, 0, 14.5, 3], "texture": "#1"},
				"east": {"uv": [0, 0, 14.5, 3], "texture": "#1"},
				"south": {"uv": [0, 0, 14.5, 3], "texture": "#1"},
				"west": {"uv": [0, 0, 14.5, 3], "texture": "#1"},
				"up": {"uv": [0, 0, 14.5, 3], "texture": "#1"},
				"down": {"uv": [0, 0, 14.5, 3], "texture": "#1"}
			}
		},
		{
			"from": [-1.25, 2, -8],
			"to": [17, 3, -5],
			"faces": {
				"north": {"uv": [0, 0, 16, 1], "texture": "#1"},
				"east": {"uv": [0, 0, 16, 1], "texture": "#1"},
				"south": {"uv": [0, 0, 16, 1], "texture": "#1"},
				"west": {"uv": [0, 0, 16, 1], "texture": "#1"},
				"up": {"uv": [0, 0, 16, 1], "texture": "#1"},
				"down": {"uv": [0, 0, 16, 1], "texture": "#1"}
			}
		},
		{
			"from": [-0.25, 3, -9.5],
			"to": [16.25, 6, -7.5],
			"faces": {
				"north": {"uv": [0, 0, 16, 3], "texture": "#1"},
				"east": {"uv": [0, 0, 16, 3], "texture": "#1"},
				"south": {"uv": [0, 0, 16, 3], "texture": "#1"},
				"west": {"uv": [0, 0, 16, 3], "texture": "#1"},
				"up": {"uv": [0, 0, 16, 3], "texture": "#1"},
				"down": {"uv": [0, 0, 16, 3], "texture": "#1"}
			}
		},
		{
			"from": [-2, 1, -7],
			"to": [18, 2, -4],
			"faces": {
				"north": {"uv": [0, 0, 16, 1], "texture": "#1"},
				"east": {"uv": [0, 0, 16, 1], "texture": "#1"},
				"south": {"uv": [0, 0, 16, 1], "texture": "#1"},
				"west": {"uv": [0, 0, 16, 1], "texture": "#1"},
				"up": {"uv": [0, 0, 16, 1], "texture": "#1"},
				"down": {"uv": [0, 0, 16, 1], "texture": "#1"}
			}
		},
		{
			"from": [1, 5.5, -10.5],
			"to": [15, 7, -5],
			"faces": {
				"north": {"uv": [3, 5.5, 11, 7.5], "texture": "#1"},
				"east": {"uv": [3, 5.5, 11, 7.5], "texture": "#1"},
				"south": {"uv": [3, 5.5, 11, 7.5], "texture": "#1"},
				"west": {"uv": [3, 5.5, 11, 7.5], "texture": "#1"},
				"up": {"uv": [3, 5.5, 11, 7.5], "texture": "#1"},
				"down": {"uv": [3, 5.5, 11, 7.5], "texture": "#1"}
			}
		},
		{
			"from": [-6.83018, 2.95665, -9.73593],
			"to": [-4.80518, 7.00665, -7.23593],
			"rotation": {"angle": -22.5, "axis": "y", "origin": [-5.80518, 5.45665, 4.51407]},
			"faces": {
				"north": {"uv": [3, 5.5, 13, 8], "rotation": 90, "texture": "#1"},
				"east": {"uv": [3, 5.5, 13, 8], "rotation": 90, "texture": "#1"},
				"south": {"uv": [3, 5.5, 13, 8], "rotation": 90, "texture": "#1"},
				"west": {"uv": [3, 5.5, 13, 8], "rotation": 90, "texture": "#1"},
				"up": {"uv": [3, 5.5, 13, 8], "rotation": 90, "texture": "#1"},
				"down": {"uv": [3, 5.5, 13, 8], "rotation": 90, "texture": "#1"}
			}
		},
		{
			"from": [17, 1, -6.75],
			"to": [18.25, 7, 28],
			"faces": {
				"north": {"uv": [3, 5.5, 13, 10], "texture": "#1"},
				"east": {"uv": [3, 5.5, 13, 10], "texture": "#1"},
				"south": {"uv": [3, 5.5, 13, 10], "texture": "#1"},
				"west": {"uv": [3, 5.5, 13, 10], "texture": "#1"},
				"up": {"uv": [3, 5.5, 13, 10], "texture": "#1"},
				"down": {"uv": [3, 5.5, 13, 10], "texture": "#1"}
			}
		},
		{
			"from": [-2.25, 1, -6.75],
			"to": [-1, 7, 28],
			"faces": {
				"north": {"uv": [3, 5.5, 13, 10], "texture": "#1"},
				"east": {"uv": [3, 5.5, 13, 10], "texture": "#1"},
				"south": {"uv": [3, 5.5, 13, 10], "texture": "#1"},
				"west": {"uv": [3, 5.5, 13, 10], "texture": "#1"},
				"up": {"uv": [3, 5.5, 13, 10], "texture": "#1"},
				"down": {"uv": [3, 5.5, 13, 10], "texture": "#1"}
			}
		},
		{
			"from": [-2, 5.5, -7],
			"to": [18, 7, -2.5],
			"faces": {
				"north": {"uv": [3, 5.5, 11, 7.5], "texture": "#1"},
				"east": {"uv": [3, 5.5, 11, 7.5], "texture": "#1"},
				"south": {"uv": [3, 5.5, 11, 7.5], "texture": "#1"},
				"west": {"uv": [3, 5.5, 11, 7.5], "texture": "#1"},
				"up": {"uv": [3, 5.5, 11, 7.5], "texture": "#1"},
				"down": {"uv": [3, 5.5, 11, 7.5], "texture": "#1"}
			}
		},
		{
			"from": [-1.25, 0.75, -3.75],
			"to": [17.25, 6, -1.75],
			"faces": {
				"north": {"uv": [0, 0, 16, 3], "texture": "#1"},
				"east": {"uv": [0, 0, 16, 3], "texture": "#1"},
				"south": {"uv": [0, 0, 16, 3], "texture": "#1"},
				"west": {"uv": [0, 0, 16, 3], "texture": "#1"},
				"up": {"uv": [0, 0, 16, 3], "texture": "#1"},
				"down": {"uv": [0, 0, 16, 3], "texture": "#1"}
			}
		},
		{
			"from": [-1, 8, -3.75],
			"to": [17, 8.75, -2.75],
			"faces": {
				"north": {"uv": [0, 0, 14, 2.5], "texture": "#0"},
				"east": {"uv": [0, 0, 14, 2.5], "texture": "#0"},
				"south": {"uv": [0, 0, 14, 2.5], "texture": "#0"},
				"west": {"uv": [0, 0, 14, 2.5], "texture": "#0"},
				"up": {"uv": [0, 0, 14, 2.5], "texture": "#0"},
				"down": {"uv": [0, 0, 14, 2.5], "texture": "#0"}
			}
		},
		{
			"from": [14.25, 6.5, -3.5],
			"to": [14.75, 8, -3],
			"faces": {
				"north": {"uv": [0, 0, 14, 2.5], "texture": "#2"},
				"east": {"uv": [0, 0, 14, 2.5], "texture": "#2"},
				"south": {"uv": [0, 0, 14, 2.5], "texture": "#2"},
				"west": {"uv": [0, 0, 14, 2.5], "texture": "#2"},
				"up": {"uv": [0, 0, 14, 2.5], "texture": "#2"},
				"down": {"uv": [0, 0, 14, 2.5], "texture": "#2"}
			}
		},
		{
			"from": [1.25, 6.5, -3.5],
			"to": [1.75, 8, -3],
			"faces": {
				"north": {"uv": [0, 0, 14, 2.5], "texture": "#2"},
				"east": {"uv": [0, 0, 14, 2.5], "texture": "#2"},
				"south": {"uv": [0, 0, 14, 2.5], "texture": "#2"},
				"west": {"uv": [0, 0, 14, 2.5], "texture": "#2"},
				"up": {"uv": [0, 0, 14, 2.5], "texture": "#2"},
				"down": {"uv": [0, 0, 14, 2.5], "texture": "#2"}
			}
		},
		{
			"from": [-1, 1.725, 3.5],
			"to": [17, 7.725, 4.25],
			"rotation": {"angle": 0, "axis": "y", "origin": [0, 0, -3.25]},
			"faces": {
				"north": {"uv": [0, 0, 16, 16], "texture": "#7"},
				"east": {"uv": [0, 0, 16, 16], "texture": "#7"},
				"south": {"uv": [0, 0, 16, 16], "texture": "#7"},
				"west": {"uv": [0, 0, 16, 16], "texture": "#7"},
				"up": {"uv": [0, 0, 16, 16], "texture": "#7"},
				"down": {"uv": [0, 0, 16, 16], "texture": "#7"}
			}
		},
		{
			"from": [0.5, 7.75, 3.5],
			"to": [15.5, 9.25, 4.25],
			"rotation": {"angle": 0, "axis": "y", "origin": [0, 0, -3.25]},
			"faces": {
				"north": {"uv": [0, 0, 16, 16], "texture": "#7"},
				"east": {"uv": [0, 0, 16, 16], "texture": "#7"},
				"south": {"uv": [0, 0, 16, 16], "texture": "#7"},
				"west": {"uv": [0, 0, 16, 16], "texture": "#7"},
				"up": {"uv": [0, 0, 16, 16], "texture": "#7"},
				"down": {"uv": [0, 0, 16, 16], "texture": "#7"}
			}
		},
		{
			"from": [-1, 3, 0.25],
			"to": [17, 4, 3.55],
			"rotation": {"angle": 0, "axis": "y", "origin": [0, 0, -1.75]},
			"faces": {
				"north": {"uv": [0, 0, 1, 1], "texture": "#7"},
				"east": {"uv": [0, 0, 1, 1], "texture": "#7"},
				"south": {"uv": [0, 0, 1, 1], "texture": "#7"},
				"west": {"uv": [0, 0, 1, 1], "texture": "#7"},
				"up": {"uv": [0, 0, 1, 1], "texture": "#7"},
				"down": {"uv": [0, 0, 1, 1], "texture": "#7"}
			}
		},
		{
			"from": [1.25, 3.225, 8.8],
			"to": [1.75, 3.725, 9.7],
			"rotation": {"angle": -22.5, "axis": "x", "origin": [8, 7.475, 0.85]},
			"faces": {
				"north": {"uv": [0, 0, 14, 2.5], "rotation": 180, "texture": "#2"},
				"east": {"uv": [0, 0, 14, 2.5], "rotation": 270, "texture": "#2"},
				"south": {"uv": [0, 0, 14, 2.5], "texture": "#2"},
				"west": {"uv": [0, 0, 14, 2.5], "rotation": 90, "texture": "#2"},
				"up": {"uv": [0, 0, 14, 2.5], "rotation": 180, "texture": "#2"},
				"down": {"uv": [0, 0, 14, 2.5], "texture": "#2"}
			}
		},
		{
			"from": [14.25, 3.225, 8.8],
			"to": [14.75, 3.725, 9.7],
			"rotation": {"angle": -22.5, "axis": "x", "origin": [8, 7.475, 0.85]},
			"faces": {
				"north": {"uv": [0, 0, 14, 2.5], "rotation": 180, "texture": "#2"},
				"east": {"uv": [0, 0, 14, 2.5], "rotation": 270, "texture": "#2"},
				"south": {"uv": [0, 0, 14, 2.5], "texture": "#2"},
				"west": {"uv": [0, 0, 14, 2.5], "rotation": 90, "texture": "#2"},
				"up": {"uv": [0, 0, 14, 2.5], "rotation": 180, "texture": "#2"},
				"down": {"uv": [0, 0, 14, 2.5], "texture": "#2"}
			}
		},
		{
			"from": [12.70203, 1.45481, 8.99997],
			"to": [14.20203, 3.57981, 9.74997],
			"rotation": {"angle": 45, "axis": "z", "origin": [8.00203, 7.97981, 8.24997]},
			"faces": {
				"north": {"uv": [0, 0, 16, 16], "texture": "#7"},
				"east": {"uv": [0, 0, 16, 16], "texture": "#7"},
				"south": {"uv": [0, 0, 16, 16], "texture": "#7"},
				"west": {"uv": [0, 0, 16, 16], "texture": "#7"},
				"up": {"uv": [0, 0, 16, 16], "texture": "#7"},
				"down": {"uv": [0, 0, 16, 16], "texture": "#7"}
			}
		},
		{
			"from": [1.79797, 1.45481, 8.99997],
			"to": [3.29797, 3.57981, 9.74997],
			"rotation": {"angle": -45, "axis": "z", "origin": [7.99797, 7.97981, 8.24997]},
			"faces": {
				"north": {"uv": [0, 0, 16, 16], "texture": "#7"},
				"east": {"uv": [0, 0, 16, 16], "texture": "#7"},
				"south": {"uv": [0, 0, 16, 16], "texture": "#7"},
				"west": {"uv": [0, 0, 16, 16], "texture": "#7"},
				"up": {"uv": [0, 0, 16, 16], "texture": "#7"},
				"down": {"uv": [0, 0, 16, 16], "texture": "#7"}
			}
		},
		{
			"from": [-0.25, 7, 10.425],
			"to": [16.25, 7.75, 11.175],
			"rotation": {"angle": 0, "axis": "y", "origin": [0, 0, 2.85]},
			"faces": {
				"north": {"uv": [0, 0, 14, 2.5], "texture": "#0"},
				"east": {"uv": [0, 0, 14, 2.5], "texture": "#0"},
				"south": {"uv": [0, 0, 14, 2.5], "texture": "#0"},
				"west": {"uv": [0, 0, 14, 2.5], "texture": "#0"},
				"up": {"uv": [0, 0, 14, 2.5], "texture": "#0"},
				"down": {"uv": [0, 0, 14, 2.5], "texture": "#0"}
			}
		},
		{
			"from": [0.5, 7.75, 9],
			"to": [15.5, 9.25, 9.75],
			"rotation": {"angle": 0, "axis": "y", "origin": [0, 0, 2.25]},
			"faces": {
				"north": {"uv": [0, 0, 16, 16], "texture": "#7"},
				"east": {"uv": [0, 0, 16, 16], "texture": "#7"},
				"south": {"uv": [0, 0, 16, 16], "texture": "#7"},
				"west": {"uv": [0, 0, 16, 16], "texture": "#7"},
				"up": {"uv": [0, 0, 16, 16], "texture": "#7"},
				"down": {"uv": [0, 0, 16, 16], "texture": "#7"}
			}
		},
		{
			"from": [-1, 1.725, 9],
			"to": [17, 7.725, 9.75],
			"rotation": {"angle": 0, "axis": "y", "origin": [0, 0, 2.25]},
			"faces": {
				"north": {"uv": [0, 0, 16, 16], "texture": "#7"},
				"east": {"uv": [0, 0, 16, 16], "texture": "#7"},
				"south": {"uv": [0, 0, 16, 16], "texture": "#7"},
				"west": {"uv": [0, 0, 16, 16], "texture": "#7"},
				"up": {"uv": [0, 0, 16, 16], "texture": "#7"},
				"down": {"uv": [0, 0, 16, 16], "texture": "#7"}
			}
		},
		{
			"from": [-1, 3, 5.75],
			"to": [17, 4, 9.05],
			"rotation": {"angle": 0, "axis": "y", "origin": [0, 0, 3.75]},
			"faces": {
				"north": {"uv": [0, 0, 1, 1], "texture": "#7"},
				"east": {"uv": [0, 0, 1, 1], "texture": "#7"},
				"south": {"uv": [0, 0, 1, 1], "texture": "#7"},
				"west": {"uv": [0, 0, 1, 1], "texture": "#7"},
				"up": {"uv": [0, 0, 1, 1], "texture": "#7"},
				"down": {"uv": [0, 0, 1, 1], "texture": "#7"}
			}
		},
		{
			"from": [1.25, 3.225, 14.55],
			"to": [1.75, 3.725, 15.45],
			"rotation": {"angle": -22.5, "axis": "x", "origin": [8, 7.475, 6.6]},
			"faces": {
				"north": {"uv": [0, 0, 14, 2.5], "rotation": 180, "texture": "#2"},
				"east": {"uv": [0, 0, 14, 2.5], "rotation": 270, "texture": "#2"},
				"south": {"uv": [0, 0, 14, 2.5], "texture": "#2"},
				"west": {"uv": [0, 0, 14, 2.5], "rotation": 90, "texture": "#2"},
				"up": {"uv": [0, 0, 14, 2.5], "rotation": 180, "texture": "#2"},
				"down": {"uv": [0, 0, 14, 2.5], "texture": "#2"}
			}
		},
		{
			"from": [14.25, 3.225, 14.55],
			"to": [14.75, 3.725, 15.45],
			"rotation": {"angle": -22.5, "axis": "x", "origin": [8, 7.475, 6.6]},
			"faces": {
				"north": {"uv": [0, 0, 14, 2.5], "rotation": 180, "texture": "#2"},
				"east": {"uv": [0, 0, 14, 2.5], "rotation": 270, "texture": "#2"},
				"south": {"uv": [0, 0, 14, 2.5], "texture": "#2"},
				"west": {"uv": [0, 0, 14, 2.5], "rotation": 90, "texture": "#2"},
				"up": {"uv": [0, 0, 14, 2.5], "rotation": 180, "texture": "#2"},
				"down": {"uv": [0, 0, 14, 2.5], "texture": "#2"}
			}
		},
		{
			"from": [12.70203, 1.45481, 14.74997],
			"to": [14.20203, 3.57981, 15.49997],
			"rotation": {"angle": 45, "axis": "z", "origin": [8.00203, 7.97981, 13.99997]},
			"faces": {
				"north": {"uv": [0, 0, 16, 16], "texture": "#7"},
				"east": {"uv": [0, 0, 16, 16], "texture": "#7"},
				"south": {"uv": [0, 0, 16, 16], "texture": "#7"},
				"west": {"uv": [0, 0, 16, 16], "texture": "#7"},
				"up": {"uv": [0, 0, 16, 16], "texture": "#7"},
				"down": {"uv": [0, 0, 16, 16], "texture": "#7"}
			}
		},
		{
			"from": [1.79797, 1.45481, 14.74997],
			"to": [3.29797, 3.57981, 15.49997],
			"rotation": {"angle": -45, "axis": "z", "origin": [7.99797, 7.97981, 13.99997]},
			"faces": {
				"north": {"uv": [0, 0, 16, 16], "texture": "#7"},
				"east": {"uv": [0, 0, 16, 16], "texture": "#7"},
				"south": {"uv": [0, 0, 16, 16], "texture": "#7"},
				"west": {"uv": [0, 0, 16, 16], "texture": "#7"},
				"up": {"uv": [0, 0, 16, 16], "texture": "#7"},
				"down": {"uv": [0, 0, 16, 16], "texture": "#7"}
			}
		},
		{
			"from": [-0.25, 7, 16.175],
			"to": [16.25, 7.75, 16.925],
			"rotation": {"angle": 0, "axis": "y", "origin": [0, 0, 8.6]},
			"faces": {
				"north": {"uv": [0, 0, 14, 2.5], "texture": "#0"},
				"east": {"uv": [0, 0, 14, 2.5], "texture": "#0"},
				"south": {"uv": [0, 0, 14, 2.5], "texture": "#0"},
				"west": {"uv": [0, 0, 14, 2.5], "texture": "#0"},
				"up": {"uv": [0, 0, 14, 2.5], "texture": "#0"},
				"down": {"uv": [0, 0, 14, 2.5], "texture": "#0"}
			}
		},
		{
			"from": [0.5, 7.75, 14.75],
			"to": [15.5, 9.25, 15.5],
			"rotation": {"angle": 0, "axis": "y", "origin": [0, 0, 8]},
			"faces": {
				"north": {"uv": [0, 0, 16, 16], "texture": "#7"},
				"east": {"uv": [0, 0, 16, 16], "texture": "#7"},
				"south": {"uv": [0, 0, 16, 16], "texture": "#7"},
				"west": {"uv": [0, 0, 16, 16], "texture": "#7"},
				"up": {"uv": [0, 0, 16, 16], "texture": "#7"},
				"down": {"uv": [0, 0, 16, 16], "texture": "#7"}
			}
		},
		{
			"from": [-1, 1.725, 14.75],
			"to": [17, 7.725, 15.5],
			"rotation": {"angle": 0, "axis": "y", "origin": [0, 0, 8]},
			"faces": {
				"north": {"uv": [0, 0, 16, 16], "texture": "#7"},
				"east": {"uv": [0, 0, 16, 16], "texture": "#7"},
				"south": {"uv": [0, 0, 16, 16], "texture": "#7"},
				"west": {"uv": [0, 0, 16, 16], "texture": "#7"},
				"up": {"uv": [0, 0, 16, 16], "texture": "#7"},
				"down": {"uv": [0, 0, 16, 16], "texture": "#7"}
			}
		},
		{
			"from": [-1, 3, 11.5],
			"to": [17, 4, 14.8],
			"rotation": {"angle": 0, "axis": "y", "origin": [0, 0, 9.5]},
			"faces": {
				"north": {"uv": [0, 0, 1, 1], "texture": "#7"},
				"east": {"uv": [0, 0, 1, 1], "texture": "#7"},
				"south": {"uv": [0, 0, 1, 1], "texture": "#7"},
				"west": {"uv": [0, 0, 1, 1], "texture": "#7"},
				"up": {"uv": [0, 0, 1, 1], "texture": "#7"},
				"down": {"uv": [0, 0, 1, 1], "texture": "#7"}
			}
		},
		{
			"from": [1.25, 3.225, 20.55],
			"to": [1.75, 3.725, 21.45],
			"rotation": {"angle": -22.5, "axis": "x", "origin": [8, 7.475, 12.6]},
			"faces": {
				"north": {"uv": [0, 0, 14, 2.5], "rotation": 180, "texture": "#2"},
				"east": {"uv": [0, 0, 14, 2.5], "rotation": 270, "texture": "#2"},
				"south": {"uv": [0, 0, 14, 2.5], "texture": "#2"},
				"west": {"uv": [0, 0, 14, 2.5], "rotation": 90, "texture": "#2"},
				"up": {"uv": [0, 0, 14, 2.5], "rotation": 180, "texture": "#2"},
				"down": {"uv": [0, 0, 14, 2.5], "texture": "#2"}
			}
		},
		{
			"from": [14.25, 3.225, 20.55],
			"to": [14.75, 3.725, 21.45],
			"rotation": {"angle": -22.5, "axis": "x", "origin": [8, 7.475, 12.6]},
			"faces": {
				"north": {"uv": [0, 0, 14, 2.5], "rotation": 180, "texture": "#2"},
				"east": {"uv": [0, 0, 14, 2.5], "rotation": 270, "texture": "#2"},
				"south": {"uv": [0, 0, 14, 2.5], "texture": "#2"},
				"west": {"uv": [0, 0, 14, 2.5], "rotation": 90, "texture": "#2"},
				"up": {"uv": [0, 0, 14, 2.5], "rotation": 180, "texture": "#2"},
				"down": {"uv": [0, 0, 14, 2.5], "texture": "#2"}
			}
		},
		{
			"from": [12.70203, 1.45481, 20.74997],
			"to": [14.20203, 3.57981, 21.49997],
			"rotation": {"angle": 45, "axis": "z", "origin": [8.00203, 7.97981, 19.99997]},
			"faces": {
				"north": {"uv": [0, 0, 16, 16], "texture": "#7"},
				"east": {"uv": [0, 0, 16, 16], "texture": "#7"},
				"south": {"uv": [0, 0, 16, 16], "texture": "#7"},
				"west": {"uv": [0, 0, 16, 16], "texture": "#7"},
				"up": {"uv": [0, 0, 16, 16], "texture": "#7"},
				"down": {"uv": [0, 0, 16, 16], "texture": "#7"}
			}
		},
		{
			"from": [1.79797, 1.45481, 20.74997],
			"to": [3.29797, 3.57981, 21.49997],
			"rotation": {"angle": -45, "axis": "z", "origin": [7.99797, 7.97981, 19.99997]},
			"faces": {
				"north": {"uv": [0, 0, 16, 16], "texture": "#7"},
				"east": {"uv": [0, 0, 16, 16], "texture": "#7"},
				"south": {"uv": [0, 0, 16, 16], "texture": "#7"},
				"west": {"uv": [0, 0, 16, 16], "texture": "#7"},
				"up": {"uv": [0, 0, 16, 16], "texture": "#7"},
				"down": {"uv": [0, 0, 16, 16], "texture": "#7"}
			}
		},
		{
			"from": [-0.25, 7, 22.175],
			"to": [16.25, 7.75, 22.925],
			"rotation": {"angle": 0, "axis": "y", "origin": [0, 0, 14.6]},
			"faces": {
				"north": {"uv": [0, 0, 14, 2.5], "texture": "#0"},
				"east": {"uv": [0, 0, 14, 2.5], "texture": "#0"},
				"south": {"uv": [0, 0, 14, 2.5], "texture": "#0"},
				"west": {"uv": [0, 0, 14, 2.5], "texture": "#0"},
				"up": {"uv": [0, 0, 14, 2.5], "texture": "#0"},
				"down": {"uv": [0, 0, 14, 2.5], "texture": "#0"}
			}
		},
		{
			"from": [0.5, 7.75, 20.75],
			"to": [15.5, 9.25, 21.5],
			"rotation": {"angle": 0, "axis": "y", "origin": [0, 0, 14]},
			"faces": {
				"north": {"uv": [0, 0, 16, 16], "texture": "#7"},
				"east": {"uv": [0, 0, 16, 16], "texture": "#7"},
				"south": {"uv": [0, 0, 16, 16], "texture": "#7"},
				"west": {"uv": [0, 0, 16, 16], "texture": "#7"},
				"up": {"uv": [0, 0, 16, 16], "texture": "#7"},
				"down": {"uv": [0, 0, 16, 16], "texture": "#7"}
			}
		},
		{
			"from": [-1, 1.725, 20.75],
			"to": [17, 7.725, 21.5],
			"rotation": {"angle": 0, "axis": "y", "origin": [0, 0, 14]},
			"faces": {
				"north": {"uv": [0, 0, 16, 16], "texture": "#7"},
				"east": {"uv": [0, 0, 16, 16], "texture": "#7"},
				"south": {"uv": [0, 0, 16, 16], "texture": "#7"},
				"west": {"uv": [0, 0, 16, 16], "texture": "#7"},
				"up": {"uv": [0, 0, 16, 16], "texture": "#7"},
				"down": {"uv": [0, 0, 16, 16], "texture": "#7"}
			}
		},
		{
			"from": [-1, 3, 17.5],
			"to": [17, 4, 20.8],
			"rotation": {"angle": 0, "axis": "y", "origin": [0, 0, 15.5]},
			"faces": {
				"north": {"uv": [0, 0, 1, 1], "texture": "#7"},
				"east": {"uv": [0, 0, 1, 1], "texture": "#7"},
				"south": {"uv": [0, 0, 1, 1], "texture": "#7"},
				"west": {"uv": [0, 0, 1, 1], "texture": "#7"},
				"up": {"uv": [0, 0, 1, 1], "texture": "#7"},
				"down": {"uv": [0, 0, 1, 1], "texture": "#7"}
			}
		},
		{
			"from": [-1, 3, 23.75],
			"to": [17, 4, 27.05],
			"rotation": {"angle": 0, "axis": "y", "origin": [0, 0, -1.25]},
			"faces": {
				"north": {"uv": [0, 0, 1, 1], "texture": "#7"},
				"east": {"uv": [0, 0, 1, 1], "texture": "#7"},
				"south": {"uv": [0, 0, 1, 1], "texture": "#7"},
				"west": {"uv": [0, 0, 1, 1], "texture": "#7"},
				"up": {"uv": [0, 0, 1, 1], "texture": "#7"},
				"down": {"uv": [0, 0, 1, 1], "texture": "#7"}
			}
		},
		{
			"from": [-1, 1.75, 27],
			"to": [17, 7.75, 28.95],
			"faces": {
				"north": {"uv": [0, 0, 16, 16], "texture": "#7"},
				"east": {"uv": [0, 0, 16, 16], "texture": "#7"},
				"south": {"uv": [0, 0, 16, 16], "texture": "#7"},
				"west": {"uv": [0, 0, 16, 16], "texture": "#7"},
				"up": {"uv": [0, 0, 16, 16], "texture": "#7"},
				"down": {"uv": [0, 0, 16, 16], "texture": "#7"}
			}
		},
		{
			"from": [-2, 1, 27.25],
			"to": [18, 7, 29],
			"faces": {
				"north": {"uv": [3, 5.5, 13, 10], "texture": "#1"},
				"east": {"uv": [3, 5.5, 13, 10], "texture": "#1"},
				"south": {"uv": [3, 5.5, 13, 10], "texture": "#1"},
				"west": {"uv": [3, 5.5, 13, 10], "texture": "#1"},
				"up": {"uv": [3, 5.5, 13, 10], "texture": "#1"},
				"down": {"uv": [3, 5.5, 13, 10], "texture": "#1"}
			}
		},
		{
			"from": [1, 1, 27.25],
			"to": [15.25, 8.75, 29.1],
			"faces": {
				"north": {"uv": [0, 0, 16, 5], "texture": "#1"},
				"east": {"uv": [0, 0, 16, 5], "texture": "#1"},
				"south": {"uv": [0, 0, 16, 16], "texture": "#1"},
				"west": {"uv": [0, 0, 16, 5], "texture": "#1"},
				"up": {"uv": [0, 0, 16, 5], "texture": "#1"},
				"down": {"uv": [0, 0, 16, 5], "texture": "#1"}
			}
		},
		{
			"from": [3.65, 5.5, -8.75],
			"to": [12.325, 7.25, -1.25],
			"faces": {
				"north": {"uv": [3, 5.5, 11, 7.5], "texture": "#1"},
				"east": {"uv": [3, 5.5, 11, 7.5], "texture": "#1"},
				"south": {"uv": [3, 5.5, 11, 7.5], "texture": "#1"},
				"west": {"uv": [3, 5.5, 11, 7.5], "texture": "#1"},
				"up": {"uv": [3, 5.5, 11, 7.5], "texture": "#1"},
				"down": {"uv": [3, 5.5, 11, 7.5], "texture": "#1"}
			}
		},
		{
			"from": [2.55, 5.5, -7],
			"to": [13.425, 7.25, -3.5],
			"faces": {
				"north": {"uv": [3, 5.5, 11, 7.5], "texture": "#1"},
				"east": {"uv": [3, 5.5, 11, 7.5], "texture": "#1"},
				"south": {"uv": [3, 5.5, 11, 7.5], "texture": "#1"},
				"west": {"uv": [3, 5.5, 11, 7.5], "texture": "#1"},
				"up": {"uv": [3, 5.5, 11, 7.5], "texture": "#1"},
				"down": {"uv": [3, 5.5, 11, 7.5], "texture": "#1"}
			}
		},
		{
			"from": [-3.25, -0.25, -2.75],
			"to": [-1, 0.75, -1],
			"rotation": {"angle": 45, "axis": "z", "origin": [-2, 0.5, -2]},
			"faces": {
				"north": {"uv": [0, 0, 16, 5], "texture": "#4"},
				"east": {"uv": [0, 0, 16, 5], "rotation": 180, "texture": "#4"},
				"south": {"uv": [0, 0, 16, 5], "texture": "#4"},
				"west": {"uv": [0, 0, 16, 5], "rotation": 180, "texture": "#4"},
				"up": {"uv": [0, 0, 16, 5], "rotation": 180, "texture": "#4"},
				"down": {"uv": [0, 0, 16, 5], "rotation": 180, "texture": "#4"}
			}
		},
		{
			"from": [17.25, -0.75, -2.75],
			"to": [18.25, 1.5, -1],
			"rotation": {"angle": 45, "axis": "z", "origin": [18, 0.5, -2]},
			"faces": {
				"north": {"uv": [0, 0, 16, 5], "rotation": 270, "texture": "#4"},
				"east": {"uv": [0, 0, 16, 5], "rotation": 270, "texture": "#4"},
				"south": {"uv": [0, 0, 16, 5], "rotation": 90, "texture": "#4"},
				"west": {"uv": [0, 0, 16, 5], "rotation": 270, "texture": "#4"},
				"up": {"uv": [0, 0, 16, 5], "rotation": 90, "texture": "#4"},
				"down": {"uv": [0, 0, 16, 5], "rotation": 270, "texture": "#4"}
			}
		},
		{
			"from": [17.45, -0.85, -2.85],
			"to": [18.05, 1.5, -0.9],
			"rotation": {"angle": 45, "axis": "z", "origin": [18, 0.5, -2]},
			"faces": {
				"north": {"uv": [15, 0, 16, 1], "rotation": 270, "texture": "#4"},
				"east": {"uv": [15, 0, 16, 1], "rotation": 270, "texture": "#4"},
				"south": {"uv": [15, 0, 16, 1], "rotation": 270, "texture": "#4"},
				"west": {"uv": [15, 0, 16, 1], "rotation": 270, "texture": "#4"},
				"up": {"uv": [15, 0, 16, 1], "rotation": 270, "texture": "#4"},
				"down": {"uv": [15, 0, 16, 1], "rotation": 270, "texture": "#4"}
			}
		},
		{
			"from": [-2.05, -0.85, -2.85],
			"to": [-1.45, 1.5, -0.9],
			"rotation": {"angle": -45, "axis": "z", "origin": [-2, 0.5, -2]},
			"faces": {
				"north": {"uv": [15, 1, 16, 0], "rotation": 270, "texture": "#4"},
				"east": {"uv": [15, 1, 16, 0], "rotation": 270, "texture": "#4"},
				"south": {"uv": [15, 1, 16, 0], "rotation": 270, "texture": "#4"},
				"west": {"uv": [15, 1, 16, 0], "rotation": 270, "texture": "#4"},
				"up": {"uv": [15, 1, 16, 0], "rotation": 270, "texture": "#4"},
				"down": {"uv": [15, 1, 16, 0], "rotation": 270, "texture": "#4"}
			}
		},
		{
			"from": [-3.25, -0.25, 22.75],
			"to": [-1, 0.75, 24.5],
			"rotation": {"angle": 45, "axis": "z", "origin": [-2, 0, 23.5]},
			"faces": {
				"north": {"uv": [0, 0, 16, 5], "texture": "#4"},
				"east": {"uv": [0, 0, 16, 5], "texture": "#4"},
				"south": {"uv": [0, 0, 16, 5], "texture": "#4"},
				"west": {"uv": [0, 0, 16, 5], "texture": "#4"},
				"up": {"uv": [0, 0, 16, 5], "texture": "#4"},
				"down": {"uv": [0, 0, 16, 5], "texture": "#4"}
			}
		},
		{
			"from": [-3.35, -0.15, 22.65],
			"to": [-1, 0.65, 24.6],
			"rotation": {"angle": 45, "axis": "z", "origin": [-2, 0, 23.5]},
			"faces": {
				"north": {"uv": [15, 0, 16, 1], "texture": "#4"},
				"east": {"uv": [15, 0, 16, 1], "texture": "#4"},
				"south": {"uv": [15, 0, 16, 1], "texture": "#4"},
				"west": {"uv": [15, 0, 16, 1], "texture": "#4"},
				"up": {"uv": [15, 0, 16, 1], "texture": "#4"},
				"down": {"uv": [15, 0, 16, 1], "texture": "#4"}
			}
		},
		{
			"from": [17, -0.15, 22.65],
			"to": [19.35, 0.65, 24.6],
			"rotation": {"angle": -45, "axis": "z", "origin": [18, 0, 23.5]},
			"faces": {
				"north": {"uv": [16, 0, 15, 1], "texture": "#4"},
				"east": {"uv": [16, 0, 15, 1], "texture": "#4"},
				"south": {"uv": [16, 0, 15, 1], "texture": "#4"},
				"west": {"uv": [16, 0, 15, 1], "texture": "#4"},
				"up": {"uv": [16, 0, 15, 1], "texture": "#4"},
				"down": {"uv": [16, 0, 15, 1], "texture": "#4"}
			}
		},
		{
			"from": [17.75, -0.8, 22.75],
			"to": [18.75, 1.45, 24.5],
			"rotation": {"angle": 45, "axis": "z", "origin": [18.5, 0.2, 23.5]},
			"faces": {
				"north": {"uv": [0, 0, 16, 5], "rotation": 90, "texture": "#4"},
				"east": {"uv": [0, 0, 16, 5], "rotation": 270, "texture": "#4"},
				"south": {"uv": [0, 0, 16, 5], "rotation": 270, "texture": "#4"},
				"west": {"uv": [0, 0, 16, 5], "rotation": 90, "texture": "#4"},
				"up": {"uv": [0, 0, 16, 5], "rotation": 270, "texture": "#4"},
				"down": {"uv": [0, 0, 16, 5], "rotation": 270, "texture": "#4"}
			}
		},
		{
			"from": [7.75, 6.5, -3.5],
			"to": [8.25, 8, -3],
			"faces": {
				"north": {"uv": [0, 0, 14, 2.5], "texture": "#2"},
				"east": {"uv": [0, 0, 14, 2.5], "texture": "#2"},
				"south": {"uv": [0, 0, 14, 2.5], "texture": "#2"},
				"west": {"uv": [0, 0, 14, 2.5], "texture": "#2"},
				"up": {"uv": [0, 0, 14, 2.5], "texture": "#2"},
				"down": {"uv": [0, 0, 14, 2.5], "texture": "#2"}
			}
		},
		{
			"from": [1.79797, 1.45481, 3.49997],
			"to": [3.29797, 3.57981, 4.24997],
			"rotation": {"angle": -45, "axis": "z", "origin": [7.99797, 7.97981, 2.74997]},
			"faces": {
				"north": {"uv": [0, 0, 16, 16], "texture": "#7"},
				"east": {"uv": [0, 0, 16, 16], "texture": "#7"},
				"south": {"uv": [0, 0, 16, 16], "texture": "#7"},
				"west": {"uv": [0, 0, 16, 16], "texture": "#7"},
				"up": {"uv": [0, 0, 16, 16], "texture": "#7"},
				"down": {"uv": [0, 0, 16, 16], "texture": "#7"}
			}
		},
		{
			"from": [12.70203, 1.45481, 3.49997],
			"to": [14.20203, 3.57981, 4.24997],
			"rotation": {"angle": 45, "axis": "z", "origin": [8.00203, 7.97981, 2.74997]},
			"faces": {
				"north": {"uv": [0, 0, 16, 16], "texture": "#7"},
				"east": {"uv": [0, 0, 16, 16], "texture": "#7"},
				"south": {"uv": [0, 0, 16, 16], "texture": "#7"},
				"west": {"uv": [0, 0, 16, 16], "texture": "#7"},
				"up": {"uv": [0, 0, 16, 16], "texture": "#7"},
				"down": {"uv": [0, 0, 16, 16], "texture": "#7"}
			}
		},
		{
			"from": [1.79797, 1.45481, 26.99997],
			"to": [3.29797, 3.57981, 28.94997],
			"rotation": {"angle": -45, "axis": "z", "origin": [7.99797, 7.97981, 25.74997]},
			"faces": {
				"north": {"uv": [0, 0, 16, 16], "texture": "#7"},
				"east": {"uv": [0, 0, 16, 16], "texture": "#7"},
				"south": {"uv": [0, 0, 16, 16], "texture": "#7"},
				"west": {"uv": [0, 0, 16, 16], "texture": "#7"},
				"up": {"uv": [0, 0, 16, 16], "texture": "#7"},
				"down": {"uv": [0, 0, 16, 16], "texture": "#7"}
			}
		},
		{
			"from": [0.5, 7.75, 27],
			"to": [15.5, 9.25, 28.95],
			"faces": {
				"north": {"uv": [0, 0, 16, 16], "texture": "#7"},
				"east": {"uv": [0, 0, 16, 16], "texture": "#7"},
				"south": {"uv": [0, 0, 16, 16], "texture": "#7"},
				"west": {"uv": [0, 0, 16, 16], "texture": "#7"},
				"up": {"uv": [0, 0, 16, 16], "texture": "#7"},
				"down": {"uv": [0, 0, 16, 16], "texture": "#7"}
			}
		},
		{
			"from": [12.70203, 1.45481, 26.99997],
			"to": [14.20203, 3.57981, 28.94997],
			"rotation": {"angle": 45, "axis": "z", "origin": [8.00203, 7.97981, 25.74997]},
			"faces": {
				"north": {"uv": [0, 0, 16, 16], "texture": "#7"},
				"east": {"uv": [0, 0, 16, 16], "texture": "#7"},
				"south": {"uv": [0, 0, 16, 16], "texture": "#7"},
				"west": {"uv": [0, 0, 16, 16], "texture": "#7"},
				"up": {"uv": [0, 0, 16, 16], "texture": "#7"},
				"down": {"uv": [0, 0, 16, 16], "texture": "#7"}
			}
		},
		{
			"from": [17.05, 7, 11.5],
			"to": [18.2, 7.05, 14.25],
			"faces": {
				"north": {"uv": [0, 0, 16, 5], "texture": "#2"},
				"east": {"uv": [0, 0, 16, 5], "texture": "#2"},
				"south": {"uv": [0, 0, 16, 5], "texture": "#2"},
				"west": {"uv": [0, 0, 16, 5], "texture": "#2"},
				"up": {"uv": [0, 0, 6.773, 5], "texture": "#2"},
				"down": {"uv": [0, 0, 16, 5], "texture": "#2"}
			}
		},
		{
			"from": [17.05, 7, 17.5],
			"to": [18.2, 7.05, 20.25],
			"faces": {
				"north": {"uv": [0, 0, 16, 5], "texture": "#2"},
				"east": {"uv": [0, 0, 16, 5], "texture": "#2"},
				"south": {"uv": [0, 0, 16, 5], "texture": "#2"},
				"west": {"uv": [0, 0, 16, 5], "texture": "#2"},
				"up": {"uv": [0, 0, 6.773, 5], "texture": "#2"},
				"down": {"uv": [0, 0, 16, 5], "texture": "#2"}
			}
		},
		{
			"from": [17.05, 7, 23.75],
			"to": [18.2, 7.05, 26.5],
			"faces": {
				"north": {"uv": [0, 0, 16, 5], "texture": "#2"},
				"east": {"uv": [0, 0, 16, 5], "texture": "#2"},
				"south": {"uv": [0, 0, 16, 5], "texture": "#2"},
				"west": {"uv": [0, 0, 16, 5], "texture": "#2"},
				"up": {"uv": [0, 0, 6.773, 5], "texture": "#2"},
				"down": {"uv": [0, 0, 16, 5], "texture": "#2"}
			}
		},
		{
			"from": [17.05, 7, 5.75],
			"to": [18.2, 7.05, 8.5],
			"faces": {
				"north": {"uv": [0, 0, 16, 5], "texture": "#2"},
				"east": {"uv": [0, 0, 16, 5], "texture": "#2"},
				"south": {"uv": [0, 0, 16, 5], "texture": "#2"},
				"west": {"uv": [0, 0, 16, 5], "texture": "#2"},
				"up": {"uv": [0, 0, 6.773, 5], "texture": "#2"},
				"down": {"uv": [0, 0, 16, 5], "texture": "#2"}
			}
		},
		{
			"from": [17.05, 7, 0.25],
			"to": [18.2, 7.05, 3],
			"faces": {
				"north": {"uv": [0, 0, 16, 5], "texture": "#2"},
				"east": {"uv": [0, 0, 16, 5], "texture": "#2"},
				"south": {"uv": [0, 0, 16, 5], "texture": "#2"},
				"west": {"uv": [0, 0, 16, 5], "texture": "#2"},
				"up": {"uv": [0, 0, 6.773, 5], "texture": "#2"},
				"down": {"uv": [0, 0, 16, 5], "texture": "#2"}
			}
		},
		{
			"from": [-2.2, 7, 23.75],
			"to": [-1.05, 7.05, 26.5],
			"faces": {
				"north": {"uv": [0, 0, 16, 5], "texture": "#2"},
				"east": {"uv": [0, 0, 16, 5], "texture": "#2"},
				"south": {"uv": [0, 0, 16, 5], "texture": "#2"},
				"west": {"uv": [0, 0, 16, 5], "texture": "#2"},
				"up": {"uv": [0, 0, 6.773, 5], "texture": "#2"},
				"down": {"uv": [0, 0, 16, 5], "texture": "#2"}
			}
		},
		{
			"from": [-2.2, 7, 17.5],
			"to": [-1.05, 7.05, 20.25],
			"faces": {
				"north": {"uv": [0, 0, 16, 5], "texture": "#2"},
				"east": {"uv": [0, 0, 16, 5], "texture": "#2"},
				"south": {"uv": [0, 0, 16, 5], "texture": "#2"},
				"west": {"uv": [0, 0, 16, 5], "texture": "#2"},
				"up": {"uv": [0, 0, 6.773, 5], "texture": "#2"},
				"down": {"uv": [0, 0, 16, 5], "texture": "#2"}
			}
		},
		{
			"from": [-2.2, 7, 11.5],
			"to": [-1.05, 7.05, 14.25],
			"faces": {
				"north": {"uv": [0, 0, 16, 5], "texture": "#2"},
				"east": {"uv": [0, 0, 16, 5], "texture": "#2"},
				"south": {"uv": [0, 0, 16, 5], "texture": "#2"},
				"west": {"uv": [0, 0, 16, 5], "texture": "#2"},
				"up": {"uv": [0, 0, 6.773, 5], "texture": "#2"},
				"down": {"uv": [0, 0, 16, 5], "texture": "#2"}
			}
		},
		{
			"from": [-2.2, 7, 5.75],
			"to": [-1.05, 7.05, 8.5],
			"faces": {
				"north": {"uv": [0, 0, 16, 5], "texture": "#2"},
				"east": {"uv": [0, 0, 16, 5], "texture": "#2"},
				"south": {"uv": [0, 0, 16, 5], "texture": "#2"},
				"west": {"uv": [0, 0, 16, 5], "texture": "#2"},
				"up": {"uv": [0, 0, 6.773, 5], "texture": "#2"},
				"down": {"uv": [0, 0, 16, 5], "texture": "#2"}
			}
		},
		{
			"from": [-2.2, 7, 0.25],
			"to": [-1.05, 7.05, 3],
			"faces": {
				"north": {"uv": [0, 0, 16, 5], "texture": "#2"},
				"east": {"uv": [0, 0, 16, 5], "texture": "#2"},
				"south": {"uv": [0, 0, 16, 5], "texture": "#2"},
				"west": {"uv": [0, 0, 16, 5], "texture": "#2"},
				"up": {"uv": [0, 0, 6.773, 5], "texture": "#2"},
				"down": {"uv": [0, 0, 16, 5], "texture": "#2"}
			}
		},
		{
			"from": [-2, 0, -6.75],
			"to": [18, 1, 29.25],
			"faces": {
				"north": {"uv": [0, 0, 16, 16], "texture": "#1"},
				"east": {"uv": [0, 0, 16, 16], "texture": "#1"},
				"south": {"uv": [0, 0, 16, 16], "texture": "#1"},
				"west": {"uv": [0, 0, 16, 16], "texture": "#1"},
				"up": {"uv": [0, 0, 16, 16], "texture": "#2"},
				"down": {"uv": [0, 0, 16, 16], "texture": "#1"}
			}
		},
		{
			"from": [14.25, 3.225, 3.3],
			"to": [14.75, 3.725, 4.2],
			"rotation": {"angle": -22.5, "axis": "x", "origin": [8, 7.475, -4.65]},
			"faces": {
				"north": {"uv": [0, 0, 14, 2.5], "rotation": 180, "texture": "#2"},
				"east": {"uv": [0, 0, 14, 2.5], "rotation": 270, "texture": "#2"},
				"south": {"uv": [0, 0, 14, 2.5], "texture": "#2"},
				"west": {"uv": [0, 0, 14, 2.5], "rotation": 90, "texture": "#2"},
				"up": {"uv": [0, 0, 14, 2.5], "rotation": 180, "texture": "#2"},
				"down": {"uv": [0, 0, 14, 2.5], "texture": "#2"}
			}
		},
		{
			"from": [-0.25, 7, 4.925],
			"to": [16.25, 7.75, 5.675],
			"rotation": {"angle": 0, "axis": "y", "origin": [0, 0, -2.65]},
			"faces": {
				"north": {"uv": [0, 0, 14, 2.5], "texture": "#0"},
				"east": {"uv": [0, 0, 14, 2.5], "texture": "#0"},
				"south": {"uv": [0, 0, 14, 2.5], "texture": "#0"},
				"west": {"uv": [0, 0, 14, 2.5], "texture": "#0"},
				"up": {"uv": [0, 0, 14, 2.5], "texture": "#0"},
				"down": {"uv": [0, 0, 14, 2.5], "texture": "#0"}
			}
		},
		{
			"from": [1.25, 3.225, 3.3],
			"to": [1.75, 3.725, 4.2],
			"rotation": {"angle": -22.5, "axis": "x", "origin": [8, 7.475, -4.65]},
			"faces": {
				"north": {"uv": [0, 0, 14, 2.5], "rotation": 180, "texture": "#2"},
				"east": {"uv": [0, 0, 14, 2.5], "rotation": 270, "texture": "#2"},
				"south": {"uv": [0, 0, 14, 2.5], "texture": "#2"},
				"west": {"uv": [0, 0, 14, 2.5], "rotation": 90, "texture": "#2"},
				"up": {"uv": [0, 0, 14, 2.5], "rotation": 180, "texture": "#2"},
				"down": {"uv": [0, 0, 14, 2.5], "texture": "#2"}
			}
		},
		{
			"from": [1.88801, 5.50057, -6.26211],
			"to": [2.38801, 7.25057, -1.93711],
			"rotation": {"angle": -22.5, "axis": "y", "origin": [8.38801, 6.50057, -2.93711]},
			"faces": {
				"north": {"uv": [3, 5.5, 11, 7.5], "rotation": 270, "texture": "#1"},
				"east": {"uv": [3, 5.5, 11, 7.5], "rotation": 270, "texture": "#1"},
				"south": {"uv": [3, 5.5, 11, 7.5], "rotation": 270, "texture": "#1"},
				"west": {"uv": [3, 5.5, 11, 7.5], "rotation": 270, "texture": "#1"},
				"up": {"uv": [3, 5.5, 11, 7.5], "rotation": 270, "texture": "#1"},
				"down": {"uv": [3, 5.5, 11, 7.5], "rotation": 270, "texture": "#1"}
			}
		},
		{
			"from": [13.61199, 5.50057, -6.26211],
			"to": [14.11199, 7.25057, -1.93711],
			"rotation": {"angle": 22.5, "axis": "y", "origin": [7.61199, 6.50057, -2.93711]},
			"faces": {
				"north": {"uv": [3, 7.5, 11, 5.5], "rotation": 270, "texture": "#1"},
				"east": {"uv": [3, 7.5, 11, 5.5], "rotation": 270, "texture": "#1"},
				"south": {"uv": [3, 7.5, 11, 5.5], "rotation": 270, "texture": "#1"},
				"west": {"uv": [3, 7.5, 11, 5.5], "rotation": 270, "texture": "#1"},
				"up": {"uv": [3, 7.5, 11, 5.5], "rotation": 270, "texture": "#1"},
				"down": {"uv": [3, 7.5, 11, 5.5], "rotation": 270, "texture": "#1"}
			}
		},
		{
			"from": [2, 5.5, -6.25],
			"to": [14, 7.25, -2.75],
			"faces": {
				"north": {"uv": [3, 5.5, 11, 7.5], "texture": "#1"},
				"east": {"uv": [3, 5.5, 11, 7.5], "texture": "#1"},
				"south": {"uv": [3, 5.5, 11, 7.5], "texture": "#1"},
				"west": {"uv": [3, 5.5, 11, 7.5], "texture": "#1"},
				"up": {"uv": [3, 5.5, 11, 7.5], "texture": "#1"},
				"down": {"uv": [3, 5.5, 11, 7.5], "texture": "#1"}
			}
		},
		{
			"from": [2.9, 5.5, -6.625],
			"to": [13.1, 7.25, -3],
			"faces": {
				"north": {"uv": [3, 5.5, 11, 7.5], "texture": "#1"},
				"east": {"uv": [3, 5.5, 11, 7.5], "texture": "#1"},
				"south": {"uv": [3, 5.5, 11, 7.5], "texture": "#1"},
				"west": {"uv": [3, 5.5, 11, 7.5], "texture": "#1"},
				"up": {"uv": [3, 5.5, 11, 7.5], "texture": "#1"},
				"down": {"uv": [3, 5.5, 11, 7.5], "texture": "#1"}
			}
		},
		{
			"from": [3.3, 5.5, -8.25],
			"to": [12.6, 7.25, -2.75],
			"faces": {
				"north": {"uv": [3, 5.5, 11, 7.5], "texture": "#1"},
				"east": {"uv": [3, 5.5, 11, 7.5], "texture": "#1"},
				"south": {"uv": [3, 5.5, 11, 7.5], "texture": "#1"},
				"west": {"uv": [3, 5.5, 11, 7.5], "texture": "#1"},
				"up": {"uv": [3, 5.5, 11, 7.5], "texture": "#1"},
				"down": {"uv": [3, 5.5, 11, 7.5], "texture": "#1"}
			}
		},
		{
			"from": [-9.91552, 2.95917, -14.2548],
			"to": [-7.89052, 7.00917, -11.7548],
			"rotation": {"angle": -45, "axis": "y", "origin": [-8.89052, 5.45917, -0.0048]},
			"faces": {
				"north": {"uv": [3, 5.5, 13, 8], "rotation": 90, "texture": "#1"},
				"east": {"uv": [3, 5.5, 13, 8], "rotation": 90, "texture": "#1"},
				"south": {"uv": [3, 5.5, 13, 8], "rotation": 90, "texture": "#1"},
				"west": {"uv": [3, 5.5, 13, 8], "rotation": 90, "texture": "#1"},
				"up": {"uv": [3, 5.5, 13, 8], "rotation": 90, "texture": "#1"},
				"down": {"uv": [3, 5.5, 13, 8], "rotation": 90, "texture": "#1"}
			}
		},
		{
			"from": [5.31047, 2.96283, -8.05832],
			"to": [9.81047, 7.01283, -6.03332],
			"rotation": {"angle": 22.5, "axis": "y", "origin": [-4.03953, 5.46283, 2.74168]},
			"faces": {
				"north": {"uv": [3, 5.5, 13, 8], "rotation": 180, "texture": "#1"},
				"east": {"uv": [3, 5.5, 13, 8], "rotation": 180, "texture": "#1"},
				"south": {"uv": [3, 5.5, 13, 8], "rotation": 180, "texture": "#1"},
				"west": {"uv": [3, 5.5, 13, 8], "rotation": 180, "texture": "#1"},
				"up": {"uv": [3, 5.5, 13, 8], "rotation": 180, "texture": "#1"},
				"down": {"uv": [3, 5.5, 13, 8], "rotation": 180, "texture": "#1"}
			}
		},
		{
			"from": [5.31047, 2.96283, -8.05832],
			"to": [7.81047, 7.01283, -6.03332],
			"faces": {
				"north": {"uv": [0, 0, 16, 3], "texture": "#1"},
				"east": {"uv": [0, 0, 16, 3], "texture": "#1"},
				"south": {"uv": [0, 0, 16, 3], "texture": "#1"},
				"west": {"uv": [0, 0, 16, 3], "texture": "#1"},
				"up": {"uv": [0, 0, 16, 3], "rotation": 180, "texture": "#1"},
				"down": {"uv": [0, 0, 16, 3], "rotation": 180, "texture": "#1"}
			}
		},
		{
			"from": [5.31047, 2.96283, -8.05832],
			"to": [7.81047, 7.01283, -6.03332],
			"faces": {
				"north": {"uv": [0, 0, 16, 3], "texture": "#1"},
				"east": {"uv": [0, 0, 16, 3], "texture": "#1"},
				"south": {"uv": [0, 0, 16, 3], "texture": "#1"},
				"west": {"uv": [0, 0, 16, 3], "texture": "#1"},
				"up": {"uv": [0, 0, 16, 3], "rotation": 180, "texture": "#1"},
				"down": {"uv": [0, 0, 16, 3], "rotation": 180, "texture": "#1"}
			}
		},
		{
			"from": [4.62813, 2.96739, -12.53959],
			"to": [11.37813, 7.01739, -10.51459],
			"faces": {
				"north": {"uv": [13, 5.5, 3, 8], "rotation": 180, "texture": "#1"},
				"east": {"uv": [13, 5.5, 3, 8], "rotation": 180, "texture": "#1"},
				"south": {"uv": [13, 5.5, 3, 8], "rotation": 180, "texture": "#1"},
				"west": {"uv": [13, 5.5, 3, 8], "rotation": 180, "texture": "#1"},
				"up": {"uv": [13, 5.5, 3, 8], "rotation": 180, "texture": "#1"},
				"down": {"uv": [13, 5.5, 3, 8], "rotation": 180, "texture": "#1"}
			}
		},
		{
			"from": [6.18953, 2.96283, -8.05832],
			"to": [10.68953, 7.01283, -6.03332],
			"rotation": {"angle": -22.5, "axis": "y", "origin": [20.03953, 5.46283, 2.74168]},
			"faces": {
				"north": {"uv": [13, 5.5, 3, 8], "rotation": 180, "texture": "#1"},
				"east": {"uv": [13, 5.5, 3, 8], "rotation": 180, "texture": "#1"},
				"south": {"uv": [13, 5.5, 3, 8], "rotation": 180, "texture": "#1"},
				"west": {"uv": [13, 5.5, 3, 8], "rotation": 180, "texture": "#1"},
				"up": {"uv": [13, 5.5, 3, 8], "rotation": 180, "texture": "#1"},
				"down": {"uv": [13, 5.5, 3, 8], "rotation": 180, "texture": "#1"}
			}
		},
		{
			"from": [23.89052, 2.95917, -14.2548],
			"to": [25.91552, 7.00917, -11.7548],
			"rotation": {"angle": 45, "axis": "y", "origin": [24.89052, 5.45917, -0.0048]},
			"faces": {
				"north": {"uv": [3, 8, 13, 5.5], "rotation": 90, "texture": "#1"},
				"east": {"uv": [3, 8, 13, 5.5], "rotation": 90, "texture": "#1"},
				"south": {"uv": [3, 8, 13, 5.5], "rotation": 90, "texture": "#1"},
				"west": {"uv": [3, 8, 13, 5.5], "rotation": 90, "texture": "#1"},
				"up": {"uv": [3, 8, 13, 5.5], "rotation": 90, "texture": "#1"},
				"down": {"uv": [3, 8, 13, 5.5], "rotation": 90, "texture": "#1"}
			}
		},
		{
			"from": [20.80518, 2.95665, -9.73593],
			"to": [22.83018, 7.00665, -7.23593],
			"rotation": {"angle": 22.5, "axis": "y", "origin": [21.80518, 5.45665, 4.51407]},
			"faces": {
				"north": {"uv": [3, 8, 13, 5.5], "rotation": 90, "texture": "#1"},
				"east": {"uv": [3, 8, 13, 5.5], "rotation": 90, "texture": "#1"},
				"south": {"uv": [3, 8, 13, 5.5], "rotation": 90, "texture": "#1"},
				"west": {"uv": [3, 8, 13, 5.5], "rotation": 90, "texture": "#1"},
				"up": {"uv": [3, 8, 13, 5.5], "rotation": 90, "texture": "#1"},
				"down": {"uv": [3, 8, 13, 5.5], "rotation": 90, "texture": "#1"}
			}
		},
		{
			"from": [-1, 5.5, -8.5],
			"to": [17, 7, -1],
			"faces": {
				"north": {"uv": [3, 5.5, 11, 7.5], "texture": "#1"},
				"east": {"uv": [3, 5.5, 11, 7.5], "texture": "#1"},
				"south": {"uv": [3, 5.5, 11, 7.5], "texture": "#1"},
				"west": {"uv": [3, 5.5, 11, 7.5], "texture": "#1"},
				"up": {"uv": [3, 5.5, 11, 7.5], "texture": "#1"},
				"down": {"uv": [3, 5.5, 11, 7.5], "texture": "#1"}
			}
		},
		{
			"from": [2.75, 2.75, -11],
			"to": [13.25, 3, -6.75],
			"faces": {
				"north": {"uv": [0, 0, 14.5, 1], "texture": "#1"},
				"east": {"uv": [0, 0, 14.5, 1], "texture": "#1"},
				"south": {"uv": [0, 0, 14.5, 1], "texture": "#1"},
				"west": {"uv": [0, 0, 14.5, 1], "texture": "#1"},
				"up": {"uv": [0, 0, 14.5, 1], "texture": "#1"},
				"down": {"uv": [0, 0, 14.5, 1], "texture": "#1"}
			}
		},
		{
			"name": "hexadecagon",
			"from": [3.30904, 0.94, 28.04],
			"to": [3.69096, 8.06, 29.96],
			"rotation": {"angle": -45, "axis": "y", "origin": [3.5, 8, 29]},
			"faces": {
				"north": {"uv": [0, 0, 2, 8], "texture": "#0"},
				"east": {"uv": [0, 0, 2, 8], "texture": "#0"},
				"south": {"uv": [0, 0, 2, 8], "texture": "#0"},
				"west": {"uv": [0, 0, 2, 8], "texture": "#0"},
				"up": {"uv": [0, 0, 2, 8], "texture": "#0"},
				"down": {"uv": [0, 0, 2, 8], "texture": "#0"}
			}
		},
		{
			"name": "hexadecagon",
			"from": [9.30904, 0.94, 28.04],
			"to": [9.69096, 8.06, 29.96],
			"rotation": {"angle": -45, "axis": "y", "origin": [9.5, 8, 29]},
			"faces": {
				"north": {"uv": [0, 0, 2, 8], "texture": "#0"},
				"east": {"uv": [0, 0, 2, 8], "texture": "#0"},
				"south": {"uv": [0, 0, 2, 8], "texture": "#0"},
				"west": {"uv": [0, 0, 2, 8], "texture": "#0"},
				"up": {"uv": [0, 0, 2, 8], "texture": "#0"},
				"down": {"uv": [0, 0, 2, 8], "texture": "#0"}
			}
		},
		{
			"name": "hexadecagon",
			"from": [3.30904, 0.94, 28.04],
			"to": [3.69096, 8.06, 29.96],
			"rotation": {"angle": -22.5, "axis": "y", "origin": [3.5, 8, 29]},
			"faces": {
				"north": {"uv": [0, 0, 2, 8], "texture": "#0"},
				"east": {"uv": [0, 0, 2, 8], "texture": "#0"},
				"south": {"uv": [0, 0, 2, 8], "texture": "#0"},
				"west": {"uv": [0, 0, 2, 8], "texture": "#0"},
				"up": {"uv": [0, 0, 2, 8], "texture": "#0"},
				"down": {"uv": [0, 0, 2, 8], "texture": "#0"}
			}
		},
		{
			"name": "hexadecagon",
			"from": [9.30904, 0.94, 28.04],
			"to": [9.69096, 8.06, 29.96],
			"rotation": {"angle": -22.5, "axis": "y", "origin": [9.5, 8, 29]},
			"faces": {
				"north": {"uv": [0, 0, 2, 8], "texture": "#0"},
				"east": {"uv": [0, 0, 2, 8], "texture": "#0"},
				"south": {"uv": [0, 0, 2, 8], "texture": "#0"},
				"west": {"uv": [0, 0, 2, 8], "texture": "#0"},
				"up": {"uv": [0, 0, 2, 8], "texture": "#0"},
				"down": {"uv": [0, 0, 2, 8], "texture": "#0"}
			}
		},
		{
			"name": "hexadecagon",
			"from": [3.30904, 0.94, 28.04],
			"to": [3.69096, 8.06, 29.96],
			"rotation": {"angle": 0, "axis": "y", "origin": [3.5, 8, 29]},
			"faces": {
				"north": {"uv": [0, 0, 2, 8], "texture": "#0"},
				"east": {"uv": [0, 0, 2, 8], "texture": "#0"},
				"south": {"uv": [0, 0, 2, 8], "texture": "#0"},
				"west": {"uv": [0, 0, 2, 8], "texture": "#0"},
				"up": {"uv": [0, 0, 2, 8], "texture": "#0"},
				"down": {"uv": [0, 0, 2, 8], "texture": "#0"}
			}
		},
		{
			"name": "hexadecagon",
			"from": [9.30904, 0.94, 28.04],
			"to": [9.69096, 8.06, 29.96],
			"rotation": {"angle": 0, "axis": "y", "origin": [9.5, 8, 29]},
			"faces": {
				"north": {"uv": [0, 0, 2, 8], "texture": "#0"},
				"east": {"uv": [0, 0, 2, 8], "texture": "#0"},
				"south": {"uv": [0, 0, 2, 8], "texture": "#0"},
				"west": {"uv": [0, 0, 2, 8], "texture": "#0"},
				"up": {"uv": [0, 0, 2, 8], "texture": "#0"},
				"down": {"uv": [0, 0, 2, 8], "texture": "#0"}
			}
		},
		{
			"name": "hexadecagon",
			"from": [3.30904, 0.94, 28.04],
			"to": [3.69096, 8.06, 29.96],
			"rotation": {"angle": 22.5, "axis": "y", "origin": [3.5, 8, 29]},
			"faces": {
				"north": {"uv": [0, 0, 2, 8], "texture": "#0"},
				"east": {"uv": [0, 0, 2, 8], "texture": "#0"},
				"south": {"uv": [0, 0, 2, 8], "texture": "#0"},
				"west": {"uv": [0, 0, 2, 8], "texture": "#0"},
				"up": {"uv": [0, 0, 2, 8], "texture": "#0"},
				"down": {"uv": [0, 0, 2, 8], "texture": "#0"}
			}
		},
		{
			"name": "hexadecagon",
			"from": [9.30904, 0.94, 28.04],
			"to": [9.69096, 8.06, 29.96],
			"rotation": {"angle": 22.5, "axis": "y", "origin": [9.5, 8, 29]},
			"faces": {
				"north": {"uv": [0, 0, 2, 8], "texture": "#0"},
				"east": {"uv": [0, 0, 2, 8], "texture": "#0"},
				"south": {"uv": [0, 0, 2, 8], "texture": "#0"},
				"west": {"uv": [0, 0, 2, 8], "texture": "#0"},
				"up": {"uv": [0, 0, 2, 8], "texture": "#0"},
				"down": {"uv": [0, 0, 2, 8], "texture": "#0"}
			}
		},
		{
			"name": "hexadecagon",
			"from": [3.30904, 0.94, 28.04],
			"to": [3.69096, 8.06, 29.96],
			"rotation": {"angle": 45, "axis": "y", "origin": [3.5, 8, 29]},
			"faces": {
				"north": {"uv": [0, 0, 2, 8], "texture": "#0"},
				"east": {"uv": [0, 0, 2, 8], "texture": "#0"},
				"south": {"uv": [0, 0, 2, 8], "texture": "#0"},
				"west": {"uv": [0, 0, 2, 8], "texture": "#0"},
				"up": {"uv": [0, 0, 2, 8], "texture": "#0"},
				"down": {"uv": [0, 0, 2, 8], "texture": "#0"}
			}
		},
		{
			"name": "hexadecagon",
			"from": [9.30904, 0.94, 28.04],
			"to": [9.69096, 8.06, 29.96],
			"rotation": {"angle": 45, "axis": "y", "origin": [9.5, 8, 29]},
			"faces": {
				"north": {"uv": [0, 0, 2, 8], "texture": "#0"},
				"east": {"uv": [0, 0, 2, 8], "texture": "#0"},
				"south": {"uv": [0, 0, 2, 8], "texture": "#0"},
				"west": {"uv": [0, 0, 2, 8], "texture": "#0"},
				"up": {"uv": [0, 0, 2, 8], "texture": "#0"},
				"down": {"uv": [0, 0, 2, 8], "texture": "#0"}
			}
		},
		{
			"name": "hexadecagon",
			"from": [2.54, 0.94, 28.80904],
			"to": [4.46, 8.06, 29.19096],
			"rotation": {"angle": -22.5, "axis": "y", "origin": [3.5, 8, 29]},
			"faces": {
				"north": {"uv": [0, 0, 2, 8], "texture": "#0"},
				"east": {"uv": [0, 0, 2, 8], "texture": "#0"},
				"south": {"uv": [0, 0, 2, 8], "texture": "#0"},
				"west": {"uv": [0, 0, 2, 8], "texture": "#0"},
				"up": {"uv": [0, 0, 2, 8], "texture": "#0"},
				"down": {"uv": [0, 0, 2, 8], "texture": "#0"}
			}
		},
		{
			"name": "hexadecagon",
			"from": [8.54, 0.94, 28.80904],
			"to": [10.46, 8.06, 29.19096],
			"rotation": {"angle": -22.5, "axis": "y", "origin": [9.5, 8, 29]},
			"faces": {
				"north": {"uv": [0, 0, 2, 8], "texture": "#0"},
				"east": {"uv": [0, 0, 2, 8], "texture": "#0"},
				"south": {"uv": [0, 0, 2, 8], "texture": "#0"},
				"west": {"uv": [0, 0, 2, 8], "texture": "#0"},
				"up": {"uv": [0, 0, 2, 8], "texture": "#0"},
				"down": {"uv": [0, 0, 2, 8], "texture": "#0"}
			}
		},
		{
			"name": "hexadecagon",
			"from": [2.54, 0.94, 28.80904],
			"to": [4.46, 8.06, 29.19096],
			"rotation": {"angle": 0, "axis": "y", "origin": [3.5, 8, 29]},
			"faces": {
				"north": {"uv": [0, 0, 2, 8], "texture": "#0"},
				"east": {"uv": [0, 0, 2, 8], "texture": "#0"},
				"south": {"uv": [0, 0, 2, 8], "texture": "#0"},
				"west": {"uv": [0, 0, 2, 8], "texture": "#0"},
				"up": {"uv": [0, 0, 2, 8], "texture": "#0"},
				"down": {"uv": [0, 0, 2, 8], "texture": "#0"}
			}
		},
		{
			"name": "hexadecagon",
			"from": [8.54, 0.94, 28.80904],
			"to": [10.46, 8.06, 29.19096],
			"rotation": {"angle": 0, "axis": "y", "origin": [9.5, 8, 29]},
			"faces": {
				"north": {"uv": [0, 0, 2, 8], "texture": "#0"},
				"east": {"uv": [0, 0, 2, 8], "texture": "#0"},
				"south": {"uv": [0, 0, 2, 8], "texture": "#0"},
				"west": {"uv": [0, 0, 2, 8], "texture": "#0"},
				"up": {"uv": [0, 0, 2, 8], "texture": "#0"},
				"down": {"uv": [0, 0, 2, 8], "texture": "#0"}
			}
		},
		{
			"name": "hexadecagon",
			"from": [2.54, 0.94, 28.80904],
			"to": [4.46, 8.06, 29.19096],
			"rotation": {"angle": 22.5, "axis": "y", "origin": [3.5, 8, 29]},
			"faces": {
				"north": {"uv": [0, 0, 2, 8], "texture": "#0"},
				"east": {"uv": [0, 0, 2, 8], "texture": "#0"},
				"south": {"uv": [0, 0, 2, 8], "texture": "#0"},
				"west": {"uv": [0, 0, 2, 8], "texture": "#0"},
				"up": {"uv": [0, 0, 2, 8], "texture": "#0"},
				"down": {"uv": [0, 0, 2, 8], "texture": "#0"}
			}
		},
		{
			"name": "hexadecagon",
			"from": [8.54, 0.94, 28.80904],
			"to": [10.46, 8.06, 29.19096],
			"rotation": {"angle": 22.5, "axis": "y", "origin": [9.5, 8, 29]},
			"faces": {
				"north": {"uv": [0, 0, 2, 8], "texture": "#0"},
				"east": {"uv": [0, 0, 2, 8], "texture": "#0"},
				"south": {"uv": [0, 0, 2, 8], "texture": "#0"},
				"west": {"uv": [0, 0, 2, 8], "texture": "#0"},
				"up": {"uv": [0, 0, 2, 8], "texture": "#0"},
				"down": {"uv": [0, 0, 2, 8], "texture": "#0"}
			}
		},
		{
			"name": "hexadecagon",
			"from": [6.30904, 0.94, 28.04],
			"to": [6.69096, 8.06, 29.96],
			"rotation": {"angle": -45, "axis": "y", "origin": [6.5, 8, 29]},
			"faces": {
				"north": {"uv": [0, 0, 2, 8], "texture": "#0"},
				"east": {"uv": [0, 0, 2, 8], "texture": "#0"},
				"south": {"uv": [0, 0, 2, 8], "texture": "#0"},
				"west": {"uv": [0, 0, 2, 8], "texture": "#0"},
				"up": {"uv": [0, 0, 2, 8], "texture": "#0"},
				"down": {"uv": [0, 0, 2, 8], "texture": "#0"}
			}
		},
		{
			"name": "hexadecagon",
			"from": [12.30904, 0.94, 28.04],
			"to": [12.69096, 8.06, 29.96],
			"rotation": {"angle": -45, "axis": "y", "origin": [12.5, 8, 29]},
			"faces": {
				"north": {"uv": [0, 0, 2, 8], "texture": "#0"},
				"east": {"uv": [0, 0, 2, 8], "texture": "#0"},
				"south": {"uv": [0, 0, 2, 8], "texture": "#0"},
				"west": {"uv": [0, 0, 2, 8], "texture": "#0"},
				"up": {"uv": [0, 0, 2, 8], "texture": "#0"},
				"down": {"uv": [0, 0, 2, 8], "texture": "#0"}
			}
		},
		{
			"name": "hexadecagon",
			"from": [6.30904, 0.94, 28.04],
			"to": [6.69096, 8.06, 29.96],
			"rotation": {"angle": -22.5, "axis": "y", "origin": [6.5, 8, 29]},
			"faces": {
				"north": {"uv": [0, 0, 2, 8], "texture": "#0"},
				"east": {"uv": [0, 0, 2, 8], "texture": "#0"},
				"south": {"uv": [0, 0, 2, 8], "texture": "#0"},
				"west": {"uv": [0, 0, 2, 8], "texture": "#0"},
				"up": {"uv": [0, 0, 2, 8], "texture": "#0"},
				"down": {"uv": [0, 0, 2, 8], "texture": "#0"}
			}
		},
		{
			"name": "hexadecagon",
			"from": [12.30904, 0.94, 28.04],
			"to": [12.69096, 8.06, 29.96],
			"rotation": {"angle": -22.5, "axis": "y", "origin": [12.5, 8, 29]},
			"faces": {
				"north": {"uv": [0, 0, 2, 8], "texture": "#0"},
				"east": {"uv": [0, 0, 2, 8], "texture": "#0"},
				"south": {"uv": [0, 0, 2, 8], "texture": "#0"},
				"west": {"uv": [0, 0, 2, 8], "texture": "#0"},
				"up": {"uv": [0, 0, 2, 8], "texture": "#0"},
				"down": {"uv": [0, 0, 2, 8], "texture": "#0"}
			}
		},
		{
			"name": "hexadecagon",
			"from": [6.30904, 0.94, 28.04],
			"to": [6.69096, 8.06, 29.96],
			"rotation": {"angle": 0, "axis": "y", "origin": [6.5, 8, 29]},
			"faces": {
				"north": {"uv": [0, 0, 2, 8], "texture": "#0"},
				"east": {"uv": [0, 0, 2, 8], "texture": "#0"},
				"south": {"uv": [0, 0, 2, 8], "texture": "#0"},
				"west": {"uv": [0, 0, 2, 8], "texture": "#0"},
				"up": {"uv": [0, 0, 2, 8], "texture": "#0"},
				"down": {"uv": [0, 0, 2, 8], "texture": "#0"}
			}
		},
		{
			"name": "hexadecagon",
			"from": [12.30904, 0.94, 28.04],
			"to": [12.69096, 8.06, 29.96],
			"rotation": {"angle": 0, "axis": "y", "origin": [12.5, 8, 29]},
			"faces": {
				"north": {"uv": [0, 0, 2, 8], "texture": "#0"},
				"east": {"uv": [0, 0, 2, 8], "texture": "#0"},
				"south": {"uv": [0, 0, 2, 8], "texture": "#0"},
				"west": {"uv": [0, 0, 2, 8], "texture": "#0"},
				"up": {"uv": [0, 0, 2, 8], "texture": "#0"},
				"down": {"uv": [0, 0, 2, 8], "texture": "#0"}
			}
		},
		{
			"name": "hexadecagon",
			"from": [6.30904, 0.94, 28.04],
			"to": [6.69096, 8.06, 29.96],
			"rotation": {"angle": 22.5, "axis": "y", "origin": [6.5, 8, 29]},
			"faces": {
				"north": {"uv": [0, 0, 2, 8], "texture": "#0"},
				"east": {"uv": [0, 0, 2, 8], "texture": "#0"},
				"south": {"uv": [0, 0, 2, 8], "texture": "#0"},
				"west": {"uv": [0, 0, 2, 8], "texture": "#0"},
				"up": {"uv": [0, 0, 2, 8], "texture": "#0"},
				"down": {"uv": [0, 0, 2, 8], "texture": "#0"}
			}
		},
		{
			"name": "hexadecagon",
			"from": [12.30904, 0.94, 28.04],
			"to": [12.69096, 8.06, 29.96],
			"rotation": {"angle": 22.5, "axis": "y", "origin": [12.5, 8, 29]},
			"faces": {
				"north": {"uv": [0, 0, 2, 8], "texture": "#0"},
				"east": {"uv": [0, 0, 2, 8], "texture": "#0"},
				"south": {"uv": [0, 0, 2, 8], "texture": "#0"},
				"west": {"uv": [0, 0, 2, 8], "texture": "#0"},
				"up": {"uv": [0, 0, 2, 8], "texture": "#0"},
				"down": {"uv": [0, 0, 2, 8], "texture": "#0"}
			}
		},
		{
			"name": "hexadecagon",
			"from": [6.30904, 0.94, 28.04],
			"to": [6.69096, 8.06, 29.96],
			"rotation": {"angle": 45, "axis": "y", "origin": [6.5, 8, 29]},
			"faces": {
				"north": {"uv": [0, 0, 2, 8], "texture": "#0"},
				"east": {"uv": [0, 0, 2, 8], "texture": "#0"},
				"south": {"uv": [0, 0, 2, 8], "texture": "#0"},
				"west": {"uv": [0, 0, 2, 8], "texture": "#0"},
				"up": {"uv": [0, 0, 2, 8], "texture": "#0"},
				"down": {"uv": [0, 0, 2, 8], "texture": "#0"}
			}
		},
		{
			"name": "hexadecagon",
			"from": [12.30904, 0.94, 28.04],
			"to": [12.69096, 8.06, 29.96],
			"rotation": {"angle": 45, "axis": "y", "origin": [12.5, 8, 29]},
			"faces": {
				"north": {"uv": [0, 0, 2, 8], "texture": "#0"},
				"east": {"uv": [0, 0, 2, 8], "texture": "#0"},
				"south": {"uv": [0, 0, 2, 8], "texture": "#0"},
				"west": {"uv": [0, 0, 2, 8], "texture": "#0"},
				"up": {"uv": [0, 0, 2, 8], "texture": "#0"},
				"down": {"uv": [0, 0, 2, 8], "texture": "#0"}
			}
		},
		{
			"name": "hexadecagon",
			"from": [5.54, 0.94, 28.80904],
			"to": [7.46, 8.06, 29.19096],
			"rotation": {"angle": -22.5, "axis": "y", "origin": [6.5, 8, 29]},
			"faces": {
				"north": {"uv": [0, 0, 2, 8], "texture": "#0"},
				"east": {"uv": [0, 0, 2, 8], "texture": "#0"},
				"south": {"uv": [0, 0, 2, 8], "texture": "#0"},
				"west": {"uv": [0, 0, 2, 8], "texture": "#0"},
				"up": {"uv": [0, 0, 2, 8], "texture": "#0"},
				"down": {"uv": [0, 0, 2, 8], "texture": "#0"}
			}
		},
		{
			"name": "hexadecagon",
			"from": [11.54, 0.94, 28.80904],
			"to": [13.46, 8.06, 29.19096],
			"rotation": {"angle": -22.5, "axis": "y", "origin": [12.5, 8, 29]},
			"faces": {
				"north": {"uv": [0, 0, 2, 8], "texture": "#0"},
				"east": {"uv": [0, 0, 2, 8], "texture": "#0"},
				"south": {"uv": [0, 0, 2, 8], "texture": "#0"},
				"west": {"uv": [0, 0, 2, 8], "texture": "#0"},
				"up": {"uv": [0, 0, 2, 8], "texture": "#0"},
				"down": {"uv": [0, 0, 2, 8], "texture": "#0"}
			}
		},
		{
			"name": "hexadecagon",
			"from": [5.54, 0.94, 28.80904],
			"to": [7.46, 8.06, 29.19096],
			"rotation": {"angle": 0, "axis": "y", "origin": [6.5, 8, 29]},
			"faces": {
				"north": {"uv": [0, 0, 2, 8], "texture": "#0"},
				"east": {"uv": [0, 0, 2, 8], "texture": "#0"},
				"south": {"uv": [0, 0, 2, 8], "texture": "#0"},
				"west": {"uv": [0, 0, 2, 8], "texture": "#0"},
				"up": {"uv": [0, 0, 2, 8], "texture": "#0"},
				"down": {"uv": [0, 0, 2, 8], "texture": "#0"}
			}
		},
		{
			"name": "hexadecagon",
			"from": [11.54, 0.94, 28.80904],
			"to": [13.46, 8.06, 29.19096],
			"rotation": {"angle": 0, "axis": "y", "origin": [12.5, 8, 29]},
			"faces": {
				"north": {"uv": [0, 0, 2, 8], "texture": "#0"},
				"east": {"uv": [0, 0, 2, 8], "texture": "#0"},
				"south": {"uv": [0, 0, 2, 8], "texture": "#0"},
				"west": {"uv": [0, 0, 2, 8], "texture": "#0"},
				"up": {"uv": [0, 0, 2, 8], "texture": "#0"},
				"down": {"uv": [0, 0, 2, 8], "texture": "#0"}
			}
		},
		{
			"name": "hexadecagon",
			"from": [5.54, 0.94, 28.80904],
			"to": [7.46, 8.06, 29.19096],
			"rotation": {"angle": 22.5, "axis": "y", "origin": [6.5, 8, 29]},
			"faces": {
				"north": {"uv": [0, 0, 2, 8], "texture": "#0"},
				"east": {"uv": [0, 0, 2, 8], "texture": "#0"},
				"south": {"uv": [0, 0, 2, 8], "texture": "#0"},
				"west": {"uv": [0, 0, 2, 8], "texture": "#0"},
				"up": {"uv": [0, 0, 2, 8], "texture": "#0"},
				"down": {"uv": [0, 0, 2, 8], "texture": "#0"}
			}
		},
		{
			"name": "hexadecagon",
			"from": [11.54, 0.94, 28.80904],
			"to": [13.46, 8.06, 29.19096],
			"rotation": {"angle": 22.5, "axis": "y", "origin": [12.5, 8, 29]},
			"faces": {
				"north": {"uv": [0, 0, 2, 8], "texture": "#0"},
				"east": {"uv": [0, 0, 2, 8], "texture": "#0"},
				"south": {"uv": [0, 0, 2, 8], "texture": "#0"},
				"west": {"uv": [0, 0, 2, 8], "texture": "#0"},
				"up": {"uv": [0, 0, 2, 8], "texture": "#0"},
				"down": {"uv": [0, 0, 2, 8], "texture": "#0"}
			}
		},
		{
			"name": "hexadecagon",
			"from": [2.93, 5.87722, -13.02],
			"to": [13.07, 6.32278, -10.78],
			"rotation": {"angle": -45, "axis": "x", "origin": [7, 6.1, -11.9]},
			"faces": {
				"north": {"uv": [0, 0, 16, 3], "texture": "#0"},
				"east": {"uv": [0, 0, 16, 3], "texture": "#0"},
				"south": {"uv": [0, 0, 16, 3], "texture": "#0"},
				"west": {"uv": [0, 0, 16, 3], "texture": "#0"},
				"up": {"uv": [0, 0, 16, 3], "texture": "#0"},
				"down": {"uv": [0, 0, 16, 3], "texture": "#0"}
			}
		},
		{
			"name": "hexadecagon",
			"from": [2.93, 5.87722, -13.02],
			"to": [13.07, 6.32278, -10.78],
			"rotation": {"angle": -22.5, "axis": "x", "origin": [7, 6.1, -11.9]},
			"faces": {
				"north": {"uv": [0, 0, 16, 3], "texture": "#0"},
				"east": {"uv": [0, 0, 16, 3], "texture": "#0"},
				"south": {"uv": [0, 0, 16, 3], "texture": "#0"},
				"west": {"uv": [0, 0, 16, 3], "texture": "#0"},
				"up": {"uv": [0, 0, 16, 3], "texture": "#0"},
				"down": {"uv": [0, 0, 16, 3], "texture": "#0"}
			}
		},
		{
			"name": "hexadecagon",
			"from": [2.93, 5.87722, -13.02],
			"to": [13.07, 6.32278, -10.78],
			"rotation": {"angle": 0, "axis": "x", "origin": [7, 6.1, -11.9]},
			"faces": {
				"north": {"uv": [0, 0, 16, 3], "texture": "#0"},
				"east": {"uv": [0, 0, 16, 3], "texture": "#0"},
				"south": {"uv": [0, 0, 16, 3], "texture": "#0"},
				"west": {"uv": [0, 0, 16, 3], "texture": "#0"},
				"up": {"uv": [0, 0, 16, 3], "texture": "#0"},
				"down": {"uv": [0, 0, 16, 3], "texture": "#0"}
			}
		},
		{
			"name": "hexadecagon",
			"from": [2.93, 5.87722, -13.02],
			"to": [13.07, 6.32278, -10.78],
			"rotation": {"angle": 22.5, "axis": "x", "origin": [7, 6.1, -11.9]},
			"faces": {
				"north": {"uv": [0, 0, 16, 3], "texture": "#0"},
				"east": {"uv": [0, 0, 16, 3], "texture": "#0"},
				"south": {"uv": [0, 0, 16, 3], "texture": "#0"},
				"west": {"uv": [0, 0, 16, 3], "texture": "#0"},
				"up": {"uv": [0, 0, 16, 3], "texture": "#0"},
				"down": {"uv": [0, 0, 16, 3], "texture": "#0"}
			}
		},
		{
			"name": "hexadecagon",
			"from": [2.93, 5.87722, -13.02],
			"to": [13.07, 6.32278, -10.78],
			"rotation": {"angle": 45, "axis": "x", "origin": [7, 6.1, -11.9]},
			"faces": {
				"north": {"uv": [0, 0, 16, 3], "texture": "#0"},
				"east": {"uv": [0, 0, 16, 3], "texture": "#0"},
				"south": {"uv": [0, 0, 16, 3], "texture": "#0"},
				"west": {"uv": [0, 0, 16, 3], "texture": "#0"},
				"up": {"uv": [0, 0, 16, 3], "texture": "#0"},
				"down": {"uv": [0, 0, 16, 3], "texture": "#0"}
			}
		},
		{
			"name": "hexadecagon",
			"from": [2.93, 4.98, -12.12278],
			"to": [13.07, 7.22, -11.67722],
			"rotation": {"angle": -22.5, "axis": "x", "origin": [7, 6.1, -11.9]},
			"faces": {
				"north": {"uv": [0, 0, 16, 3], "texture": "#0"},
				"east": {"uv": [0, 0, 16, 3], "texture": "#0"},
				"south": {"uv": [0, 0, 16, 3], "texture": "#0"},
				"west": {"uv": [0, 0, 16, 3], "texture": "#0"},
				"up": {"uv": [0, 0, 16, 3], "texture": "#0"},
				"down": {"uv": [0, 0, 16, 3], "texture": "#0"}
			}
		},
		{
			"name": "hexadecagon",
			"from": [2.93, 4.98, -12.12278],
			"to": [13.07, 7.22, -11.67722],
			"rotation": {"angle": 0, "axis": "x", "origin": [7, 6.1, -11.9]},
			"faces": {
				"north": {"uv": [0, 0, 16, 3], "texture": "#0"},
				"east": {"uv": [0, 0, 16, 3], "texture": "#0"},
				"south": {"uv": [0, 0, 16, 3], "texture": "#0"},
				"west": {"uv": [0, 0, 16, 3], "texture": "#0"},
				"up": {"uv": [0, 0, 16, 3], "texture": "#0"},
				"down": {"uv": [0, 0, 16, 3], "texture": "#0"}
			}
		},
		{
			"name": "hexadecagon",
			"from": [2.93, 4.98, -12.12278],
			"to": [13.07, 7.22, -11.67722],
			"rotation": {"angle": 22.5, "axis": "x", "origin": [7, 6.1, -11.9]},
			"faces": {
				"north": {"uv": [0, 0, 16, 3], "texture": "#0"},
				"east": {"uv": [0, 0, 16, 3], "texture": "#0"},
				"south": {"uv": [0, 0, 16, 3], "texture": "#0"},
				"west": {"uv": [0, 0, 16, 3], "texture": "#0"},
				"up": {"uv": [0, 0, 16, 3], "texture": "#0"},
				"down": {"uv": [0, 0, 16, 3], "texture": "#0"}
			}
		}
	],
	"display": {
		"firstperson_righthand": {
			"translation": [4.75, 0, 1.75]
		},
		"ground": {
			"translation": [0, 8, 0],
			"scale": [0.52, 0.52, 0.55]
		},
		"gui": {
			"rotation": [16, 149, 0],
			"translation": [-0.75, 0, 0],
			"scale": [0.4, 0.42, 0.42]
		},
		"head": {
			"translation": [2.75, 31.75, 14.75],
			"scale": [3.6, 4, 3.93]
		},
		"fixed": {
			"rotation": [0, 91, 0],
			"translation": [0, 0, -2]
		}
	},
	"groups": [
		0,
		1,
		2,
		3,
		4,
		5,
		6,
		7,
		8,
		9,
		10,
		11,
		12,
		13,
		14,
		15,
		16,
		17,
		18,
		19,
		20,
		21,
		22,
		23,
		24,
		25,
		26,
		27,
		28,
		29,
		30,
		31,
		32,
		33,
		34,
		35,
		36,
		37,
		38,
		39,
		40,
		41,
		42,
		43,
		44,
		45,
		46,
		47,
		48,
		49,
		50,
		51,
		52,
		53,
		54,
		55,
		56,
		57,
		58,
		59,
		60,
		61,
		62,
		63,
		64,
		65,
		66,
		67,
		68,
		69,
		70,
		71,
		72,
		73,
		74,
		75,
		76,
		77,
		78,
		79,
		80,
		81,
		82,
		83,
		84,
		85,
		86,
		87,
		88,
		89,
		90,
		{
			"name": "hexadecagon",
			"origin": [8, 8, 8],
			"color": 0,
			"children": [91, 92, 93, 94, 95, 96, 97, 98, 99, 100, 101, 102, 103, 104, 105, 106]
		},
		{
			"name": "hexadecagon",
			"origin": [8, 8, 8],
			"color": 0,
			"children": [107, 108, 109, 110, 111, 112, 113, 114, 115, 116, 117, 118, 119, 120, 121, 122]
		},
		{
			"name": "hexadecagon",
			"origin": [8, 8, 8],
			"color": 0,
			"children": [123, 124, 125, 126, 127, 128, 129, 130]
		}
	]
}