{
	"credit": "Made with Blockbench",
	"textures": {
		"0": "block/stripped_spruce_log",
		"1": "block/acacia_log",
		"2": "block/bee_nest_side",
		"4": "block/brown_glazed_terracotta",
		"5": "block/barrel_side",
		"particle": "block/stripped_spruce_log"
	},
	"elements": [
		{
			"from": [4.9, -11.03207, 3.04],
			"to": [11.1, -6.07207, 4.28],
			"rotation": {"angle": 0, "axis": "y", "origin": [3.04, -11.03207, 3.04]},
			"faces": {
				"north": {"uv": [0, 0, 2, 6], "texture": "#0"},
				"east": {"uv": [0, 0, 2, 6], "texture": "#0"},
				"south": {"uv": [0, 0, 2, 6], "texture": "#0"},
				"west": {"uv": [0, 0, 2, 6], "texture": "#0"},
				"up": {"uv": [0, 0, 2, 6], "texture": "#0"},
				"down": {"uv": [0, 0, 2, 6], "texture": "#0"}
			}
		},
		{
			"from": [4.9, -11.03207, 11.72],
			"to": [11.1, -6.07207, 12.96],
			"rotation": {"angle": 0, "axis": "y", "origin": [12.96, -11.03207, 12.96]},
			"faces": {
				"north": {"uv": [0, 0, 2, 6], "texture": "#0"},
				"east": {"uv": [0, 0, 2, 6], "texture": "#0"},
				"south": {"uv": [0, 0, 2, 6], "texture": "#0"},
				"west": {"uv": [0, 0, 2, 6], "texture": "#0"},
				"up": {"uv": [0, 0, 2, 6], "texture": "#0"},
				"down": {"uv": [0, 0, 2, 6], "texture": "#0"}
			}
		},
		{
			"from": [3.14638, -11.03207, 4.807],
			"to": [4.38638, -6.07207, 11.193],
			"rotation": {"angle": 0, "axis": "y", "origin": [3.14638, -11.03207, 13.053]},
			"faces": {
				"north": {"uv": [0, 0, 10.3, 6], "texture": "#0"},
				"east": {"uv": [0, 0, 10.3, 6], "texture": "#0"},
				"south": {"uv": [0, 0, 10.3, 6], "texture": "#0"},
				"west": {"uv": [0, 0, 10.3, 6], "texture": "#0"},
				"up": {"uv": [0, 0, 10.3, 6], "texture": "#0"},
				"down": {"uv": [0, 0, 10.3, 6], "texture": "#0"}
			}
		},
		{
			"from": [11.61362, -11.03207, 4.807],
			"to": [12.85362, -6.07207, 11.193],
			"rotation": {"angle": 0, "axis": "y", "origin": [12.85362, -11.03207, 2.947]},
			"faces": {
				"north": {"uv": [0, 0, 10.3, 6], "texture": "#0"},
				"east": {"uv": [0, 0, 10.3, 6], "texture": "#0"},
				"south": {"uv": [0, 0, 10.3, 6], "texture": "#0"},
				"west": {"uv": [0, 0, 10.3, 6], "texture": "#0"},
				"up": {"uv": [0, 0, 10.3, 6], "texture": "#0"},
				"down": {"uv": [0, 0, 10.3, 6], "texture": "#0"}
			}
		},
		{
			"from": [3.76638, -11.03207, 5.05044],
			"to": [6.24638, -6.07207, 6.29044],
			"rotation": {"angle": 45, "axis": "y", "origin": [3.14638, -10.41207, 5.67044]},
			"faces": {
				"north": {"uv": [0, 0, 2, 6], "texture": "#0"},
				"east": {"uv": [0, 0, 2, 6], "texture": "#0"},
				"south": {"uv": [0, 0, 2, 6], "texture": "#0"},
				"west": {"uv": [0, 0, 2, 6], "texture": "#0"},
				"up": {"uv": [0, 0, 2, 6], "texture": "#0"},
				"down": {"uv": [0, 0, 2, 6], "texture": "#0"}
			}
		},
		{
			"from": [9.75362, -11.03207, 9.70956],
			"to": [12.23362, -6.07207, 10.94956],
			"rotation": {"angle": 45, "axis": "y", "origin": [12.85362, -10.41207, 10.32956]},
			"faces": {
				"north": {"uv": [0, 0, 2, 6], "texture": "#0"},
				"east": {"uv": [0, 0, 2, 6], "texture": "#0"},
				"south": {"uv": [0, 0, 2, 6], "texture": "#0"},
				"west": {"uv": [0, 0, 2, 6], "texture": "#0"},
				"up": {"uv": [0, 0, 2, 6], "texture": "#0"},
				"down": {"uv": [0, 0, 2, 6], "texture": "#0"}
			}
		},
		{
			"from": [9.75362, -11.03207, 5.05044],
			"to": [12.23362, -6.07207, 6.29044],
			"rotation": {"angle": -45, "axis": "y", "origin": [12.85362, -10.41207, 5.67044]},
			"faces": {
				"north": {"uv": [2, 0, 4, 6], "texture": "#0"},
				"east": {"uv": [2, 0, 4, 6], "texture": "#0"},
				"south": {"uv": [2, 0, 4, 6], "texture": "#0"},
				"west": {"uv": [2, 0, 4, 6], "texture": "#0"},
				"up": {"uv": [2, 0, 4, 6], "texture": "#0"},
				"down": {"uv": [2, 0, 4, 6], "texture": "#0"}
			}
		},
		{
			"from": [3.76638, -11.03207, 9.70956],
			"to": [6.24638, -6.07207, 10.94956],
			"rotation": {"angle": -45, "axis": "y", "origin": [3.14638, -10.41207, 10.32956]},
			"faces": {
				"north": {"uv": [2, 0, 4, 6], "texture": "#0"},
				"east": {"uv": [2, 0, 4, 6], "texture": "#0"},
				"south": {"uv": [2, 0, 4, 6], "texture": "#0"},
				"west": {"uv": [2, 0, 4, 6], "texture": "#0"},
				"up": {"uv": [2, 0, 4, 6], "texture": "#0"},
				"down": {"uv": [2, 0, 4, 6], "texture": "#0"}
			}
		},
		{
			"from": [4.807, -11.85202, 2.8912],
			"to": [11.193, -10.52212, 4.1684],
			"rotation": {"angle": 0, "axis": "y", "origin": [2.8912, -11.033, 2.8912]},
			"faces": {
				"north": {"uv": [0, 0, 2, 6], "texture": "#1"},
				"east": {"uv": [0, 0, 2, 6], "texture": "#1"},
				"south": {"uv": [0, 0, 2, 6], "texture": "#1"},
				"west": {"uv": [0, 0, 2, 6], "texture": "#1"},
				"up": {"uv": [0, 0, 2, 6], "texture": "#1"},
				"down": {"uv": [0, 0, 2, 6], "texture": "#1"}
			}
		},
		{
			"from": [3.63937, -11.85202, 4.96195],
			"to": [6.19377, -10.52212, 6.23915],
			"rotation": {"angle": 45, "axis": "y", "origin": [3.00077, -10.3944, 5.60055]},
			"faces": {
				"north": {"uv": [0, 0, 2, 6], "texture": "#1"},
				"east": {"uv": [0, 0, 2, 6], "texture": "#1"},
				"south": {"uv": [0, 0, 2, 6], "texture": "#1"},
				"west": {"uv": [0, 0, 2, 6], "texture": "#1"},
				"up": {"uv": [0, 0, 2, 6], "texture": "#1"},
				"down": {"uv": [0, 0, 2, 6], "texture": "#1"}
			}
		},
		{
			"from": [4.807, -11.85202, 11.8316],
			"to": [11.193, -10.52212, 13.1088],
			"rotation": {"angle": 0, "axis": "y", "origin": [13.1088, -11.033, 13.1088]},
			"faces": {
				"north": {"uv": [0, 0, 2, 6], "texture": "#1"},
				"east": {"uv": [0, 0, 2, 6], "texture": "#1"},
				"south": {"uv": [0, 0, 2, 6], "texture": "#1"},
				"west": {"uv": [0, 0, 2, 6], "texture": "#1"},
				"up": {"uv": [0, 0, 2, 6], "texture": "#1"},
				"down": {"uv": [0, 0, 2, 6], "texture": "#1"}
			}
		},
		{
			"from": [9.80623, -11.85202, 4.96195],
			"to": [12.36063, -10.52212, 6.23915],
			"rotation": {"angle": -45, "axis": "y", "origin": [12.99923, -10.3944, 5.60055]},
			"faces": {
				"north": {"uv": [0, 0, 2, 6], "texture": "#1"},
				"east": {"uv": [2, 0, 4, 6], "texture": "#1"},
				"south": {"uv": [2, 0, 4, 6], "texture": "#1"},
				"west": {"uv": [2, 0, 4, 6], "texture": "#1"},
				"up": {"uv": [2, 0, 4, 6], "texture": "#1"},
				"down": {"uv": [2, 0, 4, 6], "texture": "#1"}
			}
		},
		{
			"from": [3.63937, -11.85202, 9.76085],
			"to": [6.19377, -10.52212, 11.03805],
			"rotation": {"angle": -45, "axis": "y", "origin": [3.00077, -10.3944, 10.39945]},
			"faces": {
				"north": {"uv": [2, 0, 4, 6], "texture": "#1"},
				"east": {"uv": [2, 0, 4, 6], "texture": "#1"},
				"south": {"uv": [0, 0, 2, 6], "texture": "#1"},
				"west": {"uv": [2, 0, 4, 6], "texture": "#1"},
				"up": {"uv": [2, 0, 4, 6], "texture": "#1"},
				"down": {"uv": [2, 0, 4, 6], "texture": "#1"}
			}
		},
		{
			"from": [9.80623, -11.85202, 9.76085],
			"to": [12.36063, -10.52212, 11.03805],
			"rotation": {"angle": 45, "axis": "y", "origin": [12.99923, -10.3944, 10.39945]},
			"faces": {
				"north": {"uv": [0, 0, 2, 6], "texture": "#1"},
				"east": {"uv": [0, 0, 2, 6], "texture": "#1"},
				"south": {"uv": [0, 0, 2, 6], "texture": "#1"},
				"west": {"uv": [0, 0, 2, 6], "texture": "#1"},
				"up": {"uv": [0, 0, 2, 6], "texture": "#1"},
				"down": {"uv": [0, 0, 2, 6], "texture": "#1"}
			}
		},
		{
			"from": [3.00077, -11.85202, 4.71121],
			"to": [4.27797, -10.52212, 11.28879],
			"rotation": {"angle": 0, "axis": "y", "origin": [3.00077, -11.033, 13.20459]},
			"faces": {
				"north": {"uv": [0, 0, 10.3, 6], "texture": "#1"},
				"east": {"uv": [0, 0, 10.3, 6], "texture": "#1"},
				"south": {"uv": [0, 0, 10.3, 6], "texture": "#1"},
				"west": {"uv": [0, 0, 2, 6], "texture": "#1"},
				"up": {"uv": [0, 0, 10.3, 6], "texture": "#1"},
				"down": {"uv": [0, 0, 10.3, 6], "texture": "#1"}
			}
		},
		{
			"from": [2.84577, -11.54202, 7.65621],
			"to": [3.00077, -10.83212, 8.34379],
			"rotation": {"angle": -45, "axis": "x", "origin": [2.92327, -11.18707, 8]},
			"faces": {
				"north": {"uv": [0, 0, 10.3, 6], "texture": "#1"},
				"east": {"uv": [0, 0, 10.3, 6], "texture": "#1"},
				"south": {"uv": [0, 0, 10.3, 6], "texture": "#1"},
				"west": {"uv": [0, 0, 10.3, 6], "texture": "#1"},
				"up": {"uv": [0, 0, 10.3, 6], "texture": "#1"},
				"down": {"uv": [0, 0, 10.3, 6], "texture": "#1"}
			}
		},
		{
			"from": [12.99923, -11.54202, 7.65621],
			"to": [13.15423, -10.83212, 8.34379],
			"rotation": {"angle": -45, "axis": "x", "origin": [13.07673, -11.18707, 8]},
			"faces": {
				"north": {"uv": [10.3, 0, 0, 6], "texture": "#1"},
				"east": {"uv": [10.3, 0, 0, 6], "texture": "#1"},
				"south": {"uv": [10.3, 0, 0, 6], "texture": "#1"},
				"west": {"uv": [10.3, 0, 0, 6], "texture": "#1"},
				"up": {"uv": [10.3, 0, 0, 6], "texture": "#1"},
				"down": {"uv": [10.3, 0, 0, 6], "texture": "#1"}
			}
		},
		{
			"from": [7.65621, -11.54202, 12.93723],
			"to": [8.34379, -10.83212, 13.21623],
			"rotation": {"angle": -45, "axis": "z", "origin": [8, -11.18707, 8]},
			"faces": {
				"north": {"uv": [10.3, 0, 0, 6], "texture": "#1"},
				"east": {"uv": [10.3, 0, 0, 6], "texture": "#1"},
				"south": {"uv": [10.3, 0, 0, 6], "texture": "#1"},
				"west": {"uv": [10.3, 0, 0, 6], "texture": "#1"},
				"up": {"uv": [10.3, 0, 0, 6], "rotation": 90, "texture": "#1"},
				"down": {"uv": [10.3, 0, 0, 6], "rotation": 270, "texture": "#1"}
			}
		},
		{
			"from": [7.65621, -11.54202, 2.78377],
			"to": [8.34379, -10.83212, 3.06277],
			"rotation": {"angle": -45, "axis": "z", "origin": [8, -11.18707, 8]},
			"faces": {
				"north": {"uv": [0, 0, 10.3, 6], "texture": "#1"},
				"east": {"uv": [0, 0, 10.3, 6], "texture": "#1"},
				"south": {"uv": [0, 0, 10.3, 6], "texture": "#1"},
				"west": {"uv": [0, 0, 10.3, 6], "texture": "#1"},
				"up": {"uv": [0, 0, 10.3, 6], "rotation": 90, "texture": "#1"},
				"down": {"uv": [0, 0, 10.3, 6], "rotation": 270, "texture": "#1"}
			}
		},
		{
			"from": [11.72203, -11.85202, 4.71121],
			"to": [12.99923, -10.52212, 11.28879],
			"rotation": {"angle": 0, "axis": "y", "origin": [12.99923, -11.033, 2.79541]},
			"faces": {
				"north": {"uv": [0, 0, 10.3, 6], "texture": "#1"},
				"east": {"uv": [0, 0, 2, 6], "texture": "#1"},
				"south": {"uv": [0, 0, 10.3, 6], "texture": "#1"},
				"west": {"uv": [0, 0, 10.3, 6], "texture": "#1"},
				"up": {"uv": [0, 0, 10.3, 6], "texture": "#1"},
				"down": {"uv": [0, 0, 10.3, 6], "texture": "#1"}
			}
		},
		{
			"from": [4.559, -5.57994, 2.4944],
			"to": [11.441, 6.74566, 3.8708],
			"rotation": {"angle": 0, "axis": "y", "origin": [8, -4.28957, 8]},
			"faces": {
				"north": {"uv": [0, 0, 2, 6], "texture": "#0"},
				"east": {"uv": [0, 0, 2, 6], "texture": "#0"},
				"south": {"uv": [0, 0, 2, 6], "texture": "#0"},
				"west": {"uv": [0, 0, 2, 6], "texture": "#0"},
				"up": {"uv": [0, 0, 2, 6], "texture": "#0"},
				"down": {"uv": [0, 0, 2, 6], "texture": "#0"}
			}
		},
		{
			"from": [9.426, -5.57994, 2.2898],
			"to": [10.728, 6.74566, 13.7102],
			"rotation": {"angle": 0, "axis": "y", "origin": [8.031, -4.28957, 8.0124]},
			"faces": {
				"north": {"uv": [0, 0, 2, 6], "texture": "#2"},
				"east": {"uv": [0, 0, 2, 6], "texture": "#2"},
				"south": {"uv": [0, 0, 2, 6], "texture": "#2"},
				"west": {"uv": [0, 0, 2, 6], "texture": "#2"},
				"up": {"uv": [0, 0, 2, 6], "texture": "#2"},
				"down": {"uv": [0, 0, 2, 6], "texture": "#2"}
			}
		},
		{
			"from": [5.272, -5.57994, 2.2898],
			"to": [6.574, 6.74566, 13.7102],
			"rotation": {"angle": 0, "axis": "y", "origin": [8.031, -4.28957, 8.0124]},
			"faces": {
				"north": {"uv": [2, 0, 0, 6], "texture": "#2"},
				"east": {"uv": [2, 0, 0, 6], "texture": "#2"},
				"south": {"uv": [2, 0, 0, 6], "texture": "#2"},
				"west": {"uv": [2, 0, 0, 6], "texture": "#2"},
				"up": {"uv": [2, 0, 0, 6], "texture": "#2"},
				"down": {"uv": [2, 0, 0, 6], "texture": "#2"}
			}
		},
		{
			"from": [7.349, -5.57994, 2.2898],
			"to": [8.651, 6.74566, 13.7102],
			"rotation": {"angle": 0, "axis": "y", "origin": [10.108, -4.28957, 8.0124]},
			"faces": {
				"north": {"uv": [2, 0, 0, 6], "texture": "#2"},
				"east": {"uv": [2, 0, 0, 6], "texture": "#2"},
				"south": {"uv": [2, 0, 0, 6], "texture": "#2"},
				"west": {"uv": [2, 0, 0, 6], "texture": "#2"},
				"up": {"uv": [2, 0, 0, 6], "texture": "#2"},
				"down": {"uv": [2, 0, 0, 6], "texture": "#2"}
			}
		},
		{
			"from": [2.2898, -5.57994, 7.349],
			"to": [13.7102, 6.74566, 8.651],
			"rotation": {"angle": 0, "axis": "y", "origin": [8, 0.58286, 7.969]},
			"faces": {
				"north": {"uv": [2, 0, 0, 6], "texture": "#2"},
				"east": {"uv": [2, 0, 0, 6], "texture": "#2"},
				"south": {"uv": [2, 0, 0, 6], "texture": "#2"},
				"west": {"uv": [2, 0, 0, 6], "texture": "#2"},
				"up": {"uv": [2, 0, 0, 6], "rotation": 270, "texture": "#2"},
				"down": {"uv": [2, 0, 0, 6], "rotation": 90, "texture": "#2"}
			}
		},
		{
			"from": [2.2898, -5.57994, 9.426],
			"to": [13.7102, 6.74566, 10.728],
			"rotation": {"angle": 0, "axis": "y", "origin": [8, 0.58286, 7.969]},
			"faces": {
				"north": {"uv": [2, 0, 0, 6], "texture": "#2"},
				"east": {"uv": [2, 0, 0, 6], "texture": "#2"},
				"south": {"uv": [2, 0, 0, 6], "texture": "#2"},
				"west": {"uv": [2, 0, 0, 6], "texture": "#2"},
				"up": {"uv": [2, 0, 0, 6], "rotation": 270, "texture": "#2"},
				"down": {"uv": [2, 0, 0, 6], "rotation": 90, "texture": "#2"}
			}
		},
		{
			"from": [2.2898, -5.57994, 5.272],
			"to": [13.7102, 6.74566, 6.574],
			"rotation": {"angle": 0, "axis": "y", "origin": [8, 0.58286, 7.969]},
			"faces": {
				"north": {"uv": [0, 0, 2, 6], "texture": "#2"},
				"east": {"uv": [0, 0, 2, 6], "texture": "#2"},
				"south": {"uv": [0, 0, 2, 6], "texture": "#2"},
				"west": {"uv": [0, 0, 2, 6], "texture": "#2"},
				"up": {"uv": [0, 0, 2, 6], "rotation": 270, "texture": "#2"},
				"down": {"uv": [0, 0, 2, 6], "rotation": 90, "texture": "#2"}
			}
		},
		{
			"from": [6.70709, -5.57994, 1.6738],
			"to": [9.45989, 6.74566, 3.0502],
			"rotation": {"angle": 45, "axis": "y", "origin": [8, -4.28957, 8]},
			"faces": {
				"north": {"uv": [0, 0, 2, 6], "texture": "#0"},
				"east": {"uv": [0, 0, 2, 6], "texture": "#0"},
				"south": {"uv": [0, 0, 2, 6], "texture": "#0"},
				"west": {"uv": [0, 0, 2, 6], "texture": "#0"},
				"up": {"uv": [0, 0, 2, 6], "texture": "#0"},
				"down": {"uv": [0, 0, 2, 6], "texture": "#0"}
			}
		},
		{
			"from": [4.559, -5.57994, 12.1292],
			"to": [11.441, 6.74566, 13.5056],
			"rotation": {"angle": 0, "axis": "y", "origin": [8, -4.28957, 8]},
			"faces": {
				"north": {"uv": [0, 0, 2, 6], "texture": "#0"},
				"east": {"uv": [0, 0, 2, 6], "texture": "#0"},
				"south": {"uv": [0, 0, 2, 6], "texture": "#0"},
				"west": {"uv": [0, 0, 2, 6], "texture": "#0"},
				"up": {"uv": [0, 0, 2, 6], "texture": "#0"},
				"down": {"uv": [0, 0, 2, 6], "texture": "#0"}
			}
		},
		{
			"from": [6.54011, -5.57994, 1.6738],
			"to": [9.29291, 6.74566, 3.0502],
			"rotation": {"angle": -45, "axis": "y", "origin": [8, -4.28957, 8]},
			"faces": {
				"north": {"uv": [2, 0, 4, 6], "texture": "#0"},
				"east": {"uv": [2, 0, 4, 6], "texture": "#0"},
				"south": {"uv": [2, 0, 4, 6], "texture": "#0"},
				"west": {"uv": [2, 0, 4, 6], "texture": "#0"},
				"up": {"uv": [2, 0, 4, 6], "texture": "#0"},
				"down": {"uv": [2, 0, 4, 6], "texture": "#0"}
			}
		},
		{
			"from": [7.16011, -5.57994, 1.5188],
			"to": [8.67291, 6.74566, 14.4892],
			"rotation": {"angle": -45, "axis": "y", "origin": [8, -4.28957, 8]},
			"faces": {
				"north": {"uv": [11, 0, 14, 3], "texture": "#4"},
				"east": {"uv": [11, 0, 14, 3], "texture": "#4"},
				"south": {"uv": [11, 0, 14, 3], "texture": "#4"},
				"west": {"uv": [11, 0, 14, 3], "texture": "#4"},
				"up": {"uv": [11, 0, 14, 3], "texture": "#4"},
				"down": {"uv": [11, 0, 14, 3], "texture": "#4"}
			}
		},
		{
			"from": [1.51493, -5.57994, 7.18739],
			"to": [14.48533, 6.74566, 8.70019],
			"rotation": {"angle": -45, "axis": "y", "origin": [7.93813, 0.58286, 7.94379]},
			"faces": {
				"north": {"uv": [11, 0, 14, 3], "texture": "#4"},
				"east": {"uv": [11, 0, 14, 3], "texture": "#4"},
				"south": {"uv": [11, 0, 14, 3], "texture": "#4"},
				"west": {"uv": [11, 0, 14, 3], "texture": "#4"},
				"up": {"uv": [11, 0, 14, 3], "rotation": 90, "texture": "#4"},
				"down": {"uv": [11, 0, 14, 3], "rotation": 270, "texture": "#4"}
			}
		},
		{
			"from": [6.70709, -5.57994, 12.9498],
			"to": [9.45989, 6.74566, 14.3262],
			"rotation": {"angle": -45, "axis": "y", "origin": [8, -4.28957, 8]},
			"faces": {
				"north": {"uv": [2, 0, 4, 6], "texture": "#0"},
				"east": {"uv": [2, 0, 4, 6], "texture": "#0"},
				"south": {"uv": [2, 0, 4, 6], "texture": "#0"},
				"west": {"uv": [2, 0, 4, 6], "texture": "#0"},
				"up": {"uv": [2, 0, 4, 6], "texture": "#0"},
				"down": {"uv": [2, 0, 4, 6], "texture": "#0"}
			}
		},
		{
			"from": [6.54011, -5.57994, 12.9498],
			"to": [9.29291, 6.74566, 14.3262],
			"rotation": {"angle": 45, "axis": "y", "origin": [8, -4.28957, 8]},
			"faces": {
				"north": {"uv": [0, 0, 2, 6], "texture": "#0"},
				"east": {"uv": [0, 0, 2, 6], "texture": "#0"},
				"south": {"uv": [0, 0, 2, 6], "texture": "#0"},
				"west": {"uv": [0, 0, 2, 6], "texture": "#0"},
				"up": {"uv": [0, 0, 2, 6], "texture": "#0"},
				"down": {"uv": [0, 0, 2, 6], "texture": "#0"}
			}
		},
		{
			"from": [2.61248, -5.57994, 4.45577],
			"to": [3.98888, 6.74566, 11.54423],
			"rotation": {"angle": 0, "axis": "y", "origin": [8, -4.28957, 8]},
			"faces": {
				"north": {"uv": [0, 0, 10.3, 6], "texture": "#0"},
				"east": {"uv": [0, 0, 10.3, 6], "texture": "#0"},
				"south": {"uv": [0, 0, 10.3, 6], "texture": "#0"},
				"west": {"uv": [0, 0, 10.3, 6], "texture": "#0"},
				"up": {"uv": [0, 0, 10.3, 6], "texture": "#0"},
				"down": {"uv": [0, 0, 10.3, 6], "texture": "#0"}
			}
		},
		{
			"from": [12.01112, -5.57994, 4.45577],
			"to": [13.38752, 6.74566, 11.54423],
			"rotation": {"angle": 0, "axis": "y", "origin": [8, -4.28957, 8]},
			"faces": {
				"north": {"uv": [0, 0, 10.3, 6], "texture": "#0"},
				"east": {"uv": [0, 0, 10.3, 6], "texture": "#0"},
				"south": {"uv": [0, 0, 10.3, 6], "texture": "#0"},
				"west": {"uv": [0, 0, 10.3, 6], "texture": "#0"},
				"up": {"uv": [0, 0, 10.3, 6], "texture": "#0"},
				"down": {"uv": [0, 0, 10.3, 6], "texture": "#0"}
			}
		},
		{
			"from": [12.13146, -6.49009, 4.34944],
			"to": [13.54915, -5.0139, 11.65056],
			"rotation": {"angle": 0, "axis": "y", "origin": [8, -4.28957, 8]},
			"faces": {
				"north": {"uv": [0, 0, 10.3, 6], "texture": "#1"},
				"east": {"uv": [0, 0, 2, 6], "texture": "#1"},
				"south": {"uv": [0, 0, 10.3, 6], "texture": "#1"},
				"west": {"uv": [0, 0, 10.3, 6], "texture": "#1"},
				"up": {"uv": [0, 0, 10.3, 6], "texture": "#1"},
				"down": {"uv": [0, 0, 10.3, 6], "texture": "#1"}
			}
		},
		{
			"from": [2.45085, -6.49009, 4.34944],
			"to": [3.86854, -5.0139, 11.65056],
			"rotation": {"angle": 0, "axis": "y", "origin": [8, -4.28957, 8]},
			"faces": {
				"north": {"uv": [0, 0, 10.3, 6], "texture": "#1"},
				"east": {"uv": [0, 0, 10.3, 6], "texture": "#1"},
				"south": {"uv": [0, 0, 10.3, 6], "texture": "#1"},
				"west": {"uv": [0, 0, 2, 6], "texture": "#1"},
				"up": {"uv": [0, 0, 10.3, 6], "texture": "#1"},
				"down": {"uv": [0, 0, 10.3, 6], "texture": "#1"}
			}
		},
		{
			"from": [6.49631, -6.49009, 13.0983],
			"to": [9.33169, -5.0139, 14.51599],
			"rotation": {"angle": 45, "axis": "y", "origin": [8, -4.28957, 8]},
			"faces": {
				"north": {"uv": [0, 0, 2, 6], "texture": "#1"},
				"east": {"uv": [0, 0, 2, 6], "texture": "#1"},
				"south": {"uv": [0, 0, 2, 6], "texture": "#1"},
				"west": {"uv": [0, 0, 2, 6], "texture": "#1"},
				"up": {"uv": [0, 0, 2, 6], "texture": "#1"},
				"down": {"uv": [0, 0, 2, 6], "texture": "#1"}
			}
		},
		{
			"from": [6.66831, -6.49009, 13.0983],
			"to": [9.50369, -5.0139, 14.51599],
			"rotation": {"angle": -45, "axis": "y", "origin": [8, -4.28957, 8]},
			"faces": {
				"north": {"uv": [2, 0, 4, 6], "texture": "#1"},
				"east": {"uv": [2, 0, 4, 6], "texture": "#1"},
				"south": {"uv": [0, 0, 2, 6], "texture": "#1"},
				"west": {"uv": [2, 0, 4, 6], "texture": "#1"},
				"up": {"uv": [2, 0, 4, 6], "texture": "#1"},
				"down": {"uv": [2, 0, 4, 6], "texture": "#1"}
			}
		},
		{
			"from": [6.49631, -6.49009, 1.48401],
			"to": [9.33169, -5.0139, 2.9017],
			"rotation": {"angle": -45, "axis": "y", "origin": [8, -4.28957, 8]},
			"faces": {
				"north": {"uv": [0, 0, 2, 6], "texture": "#1"},
				"east": {"uv": [2, 0, 4, 6], "texture": "#1"},
				"south": {"uv": [2, 0, 4, 6], "texture": "#1"},
				"west": {"uv": [2, 0, 4, 6], "texture": "#1"},
				"up": {"uv": [2, 0, 4, 6], "texture": "#1"},
				"down": {"uv": [2, 0, 4, 6], "texture": "#1"}
			}
		},
		{
			"from": [4.45577, -6.49009, 12.25308],
			"to": [11.54423, -5.0139, 13.67077],
			"rotation": {"angle": 0, "axis": "y", "origin": [8, -4.28957, 8]},
			"faces": {
				"north": {"uv": [0, 0, 2, 6], "texture": "#1"},
				"east": {"uv": [0, 0, 2, 6], "texture": "#1"},
				"south": {"uv": [0, 0, 2, 6], "texture": "#1"},
				"west": {"uv": [0, 0, 2, 6], "texture": "#1"},
				"up": {"uv": [0, 0, 2, 6], "texture": "#1"},
				"down": {"uv": [0, 0, 2, 6], "texture": "#1"}
			}
		},
		{
			"from": [6.66831, -6.49009, 1.48401],
			"to": [9.50369, -5.0139, 2.9017],
			"rotation": {"angle": 45, "axis": "y", "origin": [8, -4.28957, 8]},
			"faces": {
				"north": {"uv": [0, 0, 2, 6], "texture": "#1"},
				"east": {"uv": [0, 0, 2, 6], "texture": "#1"},
				"south": {"uv": [0, 0, 2, 6], "texture": "#1"},
				"west": {"uv": [0, 0, 2, 6], "texture": "#1"},
				"up": {"uv": [0, 0, 2, 6], "texture": "#1"},
				"down": {"uv": [0, 0, 2, 6], "texture": "#1"}
			}
		},
		{
			"from": [4.45577, -6.49009, 2.32923],
			"to": [11.54423, -5.0139, 3.74692],
			"rotation": {"angle": 0, "axis": "y", "origin": [8, -4.28957, 8]},
			"faces": {
				"north": {"uv": [0, 0, 2, 6], "texture": "#1"},
				"east": {"uv": [0, 0, 2, 6], "texture": "#1"},
				"south": {"uv": [0, 0, 2, 6], "texture": "#1"},
				"west": {"uv": [0, 0, 2, 6], "texture": "#1"},
				"up": {"uv": [0, 0, 2, 6], "texture": "#1"},
				"down": {"uv": [0, 0, 2, 6], "texture": "#1"}
			}
		},
		{
			"from": [2.2788, -5.71765, 6.5843],
			"to": [2.45085, -4.92966, 7.34752],
			"rotation": {"angle": -45, "axis": "x", "origin": [8, -4.28957, 8]},
			"faces": {
				"north": {"uv": [0, 0, 10.3, 6], "texture": "#1"},
				"east": {"uv": [0, 0, 10.3, 6], "texture": "#1"},
				"south": {"uv": [0, 0, 10.3, 6], "texture": "#1"},
				"west": {"uv": [0, 0, 10.3, 6], "texture": "#1"},
				"up": {"uv": [0, 0, 10.3, 6], "texture": "#1"},
				"down": {"uv": [0, 0, 10.3, 6], "texture": "#1"}
			}
		},
		{
			"from": [13.54915, -5.71765, 6.5843],
			"to": [13.7212, -4.92966, 7.34752],
			"rotation": {"angle": -45, "axis": "x", "origin": [8, -4.28957, 8]},
			"faces": {
				"north": {"uv": [10.3, 0, 0, 6], "texture": "#1"},
				"east": {"uv": [10.3, 0, 0, 6], "texture": "#1"},
				"south": {"uv": [10.3, 0, 0, 6], "texture": "#1"},
				"west": {"uv": [10.3, 0, 0, 6], "texture": "#1"},
				"up": {"uv": [10.3, 0, 0, 6], "texture": "#1"},
				"down": {"uv": [10.3, 0, 0, 6], "texture": "#1"}
			}
		},
		{
			"from": [8.65248, -5.71765, 2.20998],
			"to": [9.4157, -4.92966, 2.51967],
			"rotation": {"angle": -45, "axis": "z", "origin": [8, -4.28957, 8]},
			"faces": {
				"north": {"uv": [0, 0, 10.3, 6], "texture": "#1"},
				"east": {"uv": [0, 0, 10.3, 6], "texture": "#1"},
				"south": {"uv": [0, 0, 10.3, 6], "texture": "#1"},
				"west": {"uv": [0, 0, 10.3, 6], "texture": "#1"},
				"up": {"uv": [0, 0, 10.3, 6], "rotation": 90, "texture": "#1"},
				"down": {"uv": [0, 0, 10.3, 6], "rotation": 270, "texture": "#1"}
			}
		},
		{
			"from": [8.65248, -5.71765, 13.48033],
			"to": [9.4157, -4.92966, 13.79002],
			"rotation": {"angle": -45, "axis": "z", "origin": [8, -4.28957, 8]},
			"faces": {
				"north": {"uv": [10.3, 0, 0, 6], "texture": "#1"},
				"east": {"uv": [10.3, 0, 0, 6], "texture": "#1"},
				"south": {"uv": [10.3, 0, 0, 6], "texture": "#1"},
				"west": {"uv": [10.3, 0, 0, 6], "texture": "#1"},
				"up": {"uv": [10.3, 0, 0, 6], "rotation": 90, "texture": "#1"},
				"down": {"uv": [10.3, 0, 0, 6], "rotation": 270, "texture": "#1"}
			}
		},
		{
			"from": [2.2788, 7.30235, 6.5843],
			"to": [2.45085, 8.09034, 7.34752],
			"rotation": {"angle": -45, "axis": "x", "origin": [8, 8.73043, 8]},
			"faces": {
				"north": {"uv": [0, 0, 10.3, 6], "texture": "#1"},
				"east": {"uv": [0, 0, 10.3, 6], "texture": "#1"},
				"south": {"uv": [0, 0, 10.3, 6], "texture": "#1"},
				"west": {"uv": [0, 0, 10.3, 6], "texture": "#1"},
				"up": {"uv": [0, 0, 10.3, 6], "texture": "#1"},
				"down": {"uv": [0, 0, 10.3, 6], "texture": "#1"}
			}
		},
		{
			"from": [2.45085, 6.52991, 4.34944],
			"to": [3.86854, 8.0061, 11.65056],
			"rotation": {"angle": 0, "axis": "y", "origin": [8, 8.73043, 8]},
			"faces": {
				"north": {"uv": [0, 0, 10.3, 6], "texture": "#1"},
				"east": {"uv": [0, 0, 10.3, 6], "texture": "#1"},
				"south": {"uv": [0, 0, 10.3, 6], "texture": "#1"},
				"west": {"uv": [0, 0, 2, 6], "texture": "#1"},
				"up": {"uv": [0, 0, 10.3, 6], "texture": "#1"},
				"down": {"uv": [0, 0, 10.3, 6], "texture": "#1"}
			}
		},
		{
			"from": [6.66831, 6.52991, 13.0983],
			"to": [9.50369, 8.0061, 14.51599],
			"rotation": {"angle": -45, "axis": "y", "origin": [8, 8.73043, 8]},
			"faces": {
				"north": {"uv": [2, 0, 4, 6], "texture": "#1"},
				"east": {"uv": [2, 0, 4, 6], "texture": "#1"},
				"south": {"uv": [0, 0, 2, 6], "texture": "#1"},
				"west": {"uv": [2, 0, 4, 6], "texture": "#1"},
				"up": {"uv": [2, 0, 4, 6], "texture": "#1"},
				"down": {"uv": [2, 0, 4, 6], "texture": "#1"}
			}
		},
		{
			"from": [8.65248, 7.30235, 13.48033],
			"to": [9.4157, 8.09034, 13.79002],
			"rotation": {"angle": -45, "axis": "z", "origin": [8, 8.73043, 8]},
			"faces": {
				"north": {"uv": [10.3, 0, 0, 6], "texture": "#1"},
				"east": {"uv": [10.3, 0, 0, 6], "texture": "#1"},
				"south": {"uv": [10.3, 0, 0, 6], "texture": "#1"},
				"west": {"uv": [10.3, 0, 0, 6], "texture": "#1"},
				"up": {"uv": [10.3, 0, 0, 6], "rotation": 90, "texture": "#1"},
				"down": {"uv": [10.3, 0, 0, 6], "rotation": 270, "texture": "#1"}
			}
		},
		{
			"from": [4.45577, 6.52991, 12.25308],
			"to": [11.54423, 8.0061, 13.67077],
			"rotation": {"angle": 0, "axis": "y", "origin": [8, 8.73043, 8]},
			"faces": {
				"north": {"uv": [0, 0, 2, 6], "texture": "#1"},
				"east": {"uv": [0, 0, 2, 6], "texture": "#1"},
				"south": {"uv": [0, 0, 2, 6], "texture": "#1"},
				"west": {"uv": [0, 0, 2, 6], "texture": "#1"},
				"up": {"uv": [0, 0, 2, 6], "texture": "#1"},
				"down": {"uv": [0, 0, 2, 6], "texture": "#1"}
			}
		},
		{
			"from": [6.49631, 6.52991, 13.0983],
			"to": [9.33169, 8.0061, 14.51599],
			"rotation": {"angle": 45, "axis": "y", "origin": [8, 8.73043, 8]},
			"faces": {
				"north": {"uv": [0, 0, 2, 6], "texture": "#1"},
				"east": {"uv": [0, 0, 2, 6], "texture": "#1"},
				"south": {"uv": [0, 0, 2, 6], "texture": "#1"},
				"west": {"uv": [0, 0, 2, 6], "texture": "#1"},
				"up": {"uv": [0, 0, 2, 6], "texture": "#1"},
				"down": {"uv": [0, 0, 2, 6], "texture": "#1"}
			}
		},
		{
			"from": [12.13146, 6.52991, 4.34944],
			"to": [13.54915, 8.0061, 11.65056],
			"rotation": {"angle": 0, "axis": "y", "origin": [8, 8.73043, 8]},
			"faces": {
				"north": {"uv": [0, 0, 10.3, 6], "texture": "#1"},
				"east": {"uv": [0, 0, 2, 6], "texture": "#1"},
				"south": {"uv": [0, 0, 10.3, 6], "texture": "#1"},
				"west": {"uv": [0, 0, 10.3, 6], "texture": "#1"},
				"up": {"uv": [0, 0, 10.3, 6], "texture": "#1"},
				"down": {"uv": [0, 0, 10.3, 6], "texture": "#1"}
			}
		},
		{
			"from": [13.54915, 7.30235, 6.5843],
			"to": [13.7212, 8.09034, 7.34752],
			"rotation": {"angle": -45, "axis": "x", "origin": [8, 8.73043, 8]},
			"faces": {
				"north": {"uv": [10.3, 0, 0, 6], "texture": "#1"},
				"east": {"uv": [10.3, 0, 0, 6], "texture": "#1"},
				"south": {"uv": [10.3, 0, 0, 6], "texture": "#1"},
				"west": {"uv": [10.3, 0, 0, 6], "texture": "#1"},
				"up": {"uv": [10.3, 0, 0, 6], "texture": "#1"},
				"down": {"uv": [10.3, 0, 0, 6], "texture": "#1"}
			}
		},
		{
			"from": [4.45577, 6.52991, 2.32923],
			"to": [11.54423, 8.0061, 3.74692],
			"rotation": {"angle": 0, "axis": "y", "origin": [8, 8.73043, 8]},
			"faces": {
				"north": {"uv": [0, 0, 2, 6], "texture": "#1"},
				"east": {"uv": [0, 0, 2, 6], "texture": "#1"},
				"south": {"uv": [0, 0, 2, 6], "texture": "#1"},
				"west": {"uv": [0, 0, 2, 6], "texture": "#1"},
				"up": {"uv": [0, 0, 2, 6], "texture": "#1"},
				"down": {"uv": [0, 0, 2, 6], "texture": "#1"}
			}
		},
		{
			"from": [6.49631, 6.52991, 1.48401],
			"to": [9.33169, 8.0061, 2.9017],
			"rotation": {"angle": -45, "axis": "y", "origin": [8, 8.73043, 8]},
			"faces": {
				"north": {"uv": [0, 0, 2, 6], "texture": "#1"},
				"east": {"uv": [2, 0, 4, 6], "texture": "#1"},
				"south": {"uv": [2, 0, 4, 6], "texture": "#1"},
				"west": {"uv": [2, 0, 4, 6], "texture": "#1"},
				"up": {"uv": [2, 0, 4, 6], "texture": "#1"},
				"down": {"uv": [2, 0, 4, 6], "texture": "#1"}
			}
		},
		{
			"from": [8.65248, 7.30235, 2.20998],
			"to": [9.4157, 8.09034, 2.51967],
			"rotation": {"angle": -45, "axis": "z", "origin": [8, 8.73043, 8]},
			"faces": {
				"north": {"uv": [0, 0, 10.3, 6], "texture": "#1"},
				"east": {"uv": [0, 0, 10.3, 6], "texture": "#1"},
				"south": {"uv": [0, 0, 10.3, 6], "texture": "#1"},
				"west": {"uv": [0, 0, 10.3, 6], "texture": "#1"},
				"up": {"uv": [0, 0, 10.3, 6], "rotation": 90, "texture": "#1"},
				"down": {"uv": [0, 0, 10.3, 6], "rotation": 270, "texture": "#1"}
			}
		},
		{
			"from": [6.66831, 6.52991, 1.48401],
			"to": [9.50369, 8.0061, 2.9017],
			"rotation": {"angle": 45, "axis": "y", "origin": [8, 8.73043, 8]},
			"faces": {
				"north": {"uv": [0, 0, 2, 6], "texture": "#1"},
				"east": {"uv": [0, 0, 2, 6], "texture": "#1"},
				"south": {"uv": [0, 0, 2, 6], "texture": "#1"},
				"west": {"uv": [0, 0, 2, 6], "texture": "#1"},
				"up": {"uv": [0, 0, 2, 6], "texture": "#1"},
				"down": {"uv": [0, 0, 2, 6], "texture": "#1"}
			}
		},
		{
			"from": [6.016, 0.14835, 4.8256],
			"to": [9.984, 3.32275, 5.6192],
			"rotation": {"angle": 0, "axis": "y", "origin": [4.8256, 0.14835, 4.8256]},
			"faces": {
				"north": {"uv": [0, 0, 2, 6], "texture": "#0"},
				"east": {"uv": [0, 0, 2, 6], "texture": "#0"},
				"south": {"uv": [0, 0, 2, 6], "texture": "#0"},
				"west": {"uv": [0, 0, 2, 6], "texture": "#0"},
				"up": {"uv": [0, 0, 2, 6], "texture": "#0"},
				"down": {"uv": [0, 0, 2, 6], "texture": "#0"}
			}
		},
		{
			"from": [7.06567, 3.63771, 3.95123],
			"to": [8.82746, 11.52609, 4.83213],
			"rotation": {"angle": -45, "axis": "y", "origin": [8, 4.46355, 8]},
			"faces": {
				"north": {"uv": [2, 0, 4, 6], "texture": "#0"},
				"east": {"uv": [2, 0, 4, 6], "texture": "#0"},
				"south": {"uv": [2, 0, 4, 6], "texture": "#0"},
				"west": {"uv": [2, 0, 4, 6], "texture": "#0"},
				"up": {"uv": [2, 0, 4, 6], "texture": "#0"},
				"down": {"uv": [2, 0, 4, 6], "texture": "#0"}
			}
		},
		{
			"from": [6.25408, 3.63771, 4.34547],
			"to": [7.08736, 11.52609, 11.65453],
			"rotation": {"angle": 0, "axis": "y", "origin": [8.01984, 4.46355, 8.00794]},
			"faces": {
				"north": {"uv": [2, 0, 0, 6], "texture": "#2"},
				"east": {"uv": [2, 0, 0, 6], "texture": "#2"},
				"south": {"uv": [2, 0, 0, 6], "texture": "#2"},
				"west": {"uv": [2, 0, 0, 6], "texture": "#2"},
				"up": {"uv": [2, 0, 0, 6], "texture": "#2"},
				"down": {"uv": [2, 0, 0, 6], "texture": "#2"}
			}
		},
		{
			"from": [7.58336, 3.63771, 4.34547],
			"to": [8.41664, 11.52609, 11.65453],
			"rotation": {"angle": 0, "axis": "y", "origin": [9.34912, 4.46355, 8.00794]},
			"faces": {
				"north": {"uv": [2, 0, 0, 6], "texture": "#2"},
				"east": {"uv": [2, 0, 0, 6], "texture": "#2"},
				"south": {"uv": [2, 0, 0, 6], "texture": "#2"},
				"west": {"uv": [2, 0, 0, 6], "texture": "#2"},
				"up": {"uv": [2, 0, 0, 6], "texture": "#2"},
				"down": {"uv": [2, 0, 0, 6], "texture": "#2"}
			}
		},
		{
			"from": [5.79776, 3.63771, 4.47642],
			"to": [10.20224, 11.52609, 5.35731],
			"rotation": {"angle": 0, "axis": "y", "origin": [8, 4.46355, 8]},
			"faces": {
				"north": {"uv": [0, 0, 2, 6], "texture": "#0"},
				"east": {"uv": [0, 0, 2, 6], "texture": "#0"},
				"south": {"uv": [0, 0, 2, 6], "texture": "#0"},
				"west": {"uv": [0, 0, 2, 6], "texture": "#0"},
				"up": {"uv": [0, 0, 2, 6], "texture": "#0"},
				"down": {"uv": [0, 0, 2, 6], "texture": "#0"}
			}
		},
		{
			"from": [7.46247, 3.63771, 3.85203],
			"to": [8.43066, 11.52609, 12.15309],
			"rotation": {"angle": -45, "axis": "y", "origin": [8, 4.46355, 8]},
			"faces": {
				"north": {"uv": [11, 0, 14, 3], "texture": "#4"},
				"east": {"uv": [11, 0, 14, 3], "texture": "#4"},
				"south": {"uv": [11, 0, 14, 3], "texture": "#4"},
				"west": {"uv": [11, 0, 14, 3], "texture": "#4"},
				"up": {"uv": [11, 0, 14, 3], "texture": "#4"},
				"down": {"uv": [11, 0, 14, 3], "texture": "#4"}
			}
		},
		{
			"from": [10.56712, 3.63771, 5.73169],
			"to": [11.44802, 11.52609, 10.26831],
			"rotation": {"angle": 0, "axis": "y", "origin": [8, 4.46355, 8]},
			"faces": {
				"north": {"uv": [0, 0, 10.3, 6], "texture": "#0"},
				"east": {"uv": [0, 0, 10.3, 6], "texture": "#0"},
				"south": {"uv": [0, 0, 10.3, 6], "texture": "#0"},
				"west": {"uv": [0, 0, 10.3, 6], "texture": "#0"},
				"up": {"uv": [0, 0, 10.3, 6], "texture": "#0"},
				"down": {"uv": [0, 0, 10.3, 6], "texture": "#0"}
			}
		},
		{
			"from": [4.34547, 3.63771, 6.25408],
			"to": [11.65453, 11.52609, 7.08736],
			"rotation": {"angle": 0, "axis": "y", "origin": [8, 7.5819, 7.98016]},
			"faces": {
				"north": {"uv": [0, 0, 2, 6], "texture": "#2"},
				"east": {"uv": [0, 0, 2, 6], "texture": "#2"},
				"south": {"uv": [0, 0, 2, 6], "texture": "#2"},
				"west": {"uv": [0, 0, 2, 6], "texture": "#2"},
				"up": {"uv": [0, 0, 2, 6], "rotation": 270, "texture": "#2"},
				"down": {"uv": [0, 0, 2, 6], "rotation": 90, "texture": "#2"}
			}
		},
		{
			"from": [4.34547, 3.63771, 7.58336],
			"to": [11.65453, 11.52609, 8.41664],
			"rotation": {"angle": 0, "axis": "y", "origin": [8, 7.5819, 7.98016]},
			"faces": {
				"north": {"uv": [2, 0, 0, 6], "texture": "#2"},
				"east": {"uv": [2, 0, 0, 6], "texture": "#2"},
				"south": {"uv": [2, 0, 0, 6], "texture": "#2"},
				"west": {"uv": [2, 0, 0, 6], "texture": "#2"},
				"up": {"uv": [2, 0, 0, 6], "rotation": 270, "texture": "#2"},
				"down": {"uv": [2, 0, 0, 6], "rotation": 90, "texture": "#2"}
			}
		},
		{
			"from": [4.34547, 3.63771, 8.91264],
			"to": [11.65453, 11.52609, 9.74592],
			"rotation": {"angle": 0, "axis": "y", "origin": [8, 7.5819, 7.98016]},
			"faces": {
				"north": {"uv": [2, 0, 0, 6], "texture": "#2"},
				"east": {"uv": [2, 0, 0, 6], "texture": "#2"},
				"south": {"uv": [2, 0, 0, 6], "texture": "#2"},
				"west": {"uv": [2, 0, 0, 6], "texture": "#2"},
				"up": {"uv": [2, 0, 0, 6], "rotation": 270, "texture": "#2"},
				"down": {"uv": [2, 0, 0, 6], "rotation": 90, "texture": "#2"}
			}
		},
		{
			"from": [7.06567, 3.63771, 11.16787],
			"to": [8.82746, 11.52609, 12.04877],
			"rotation": {"angle": 45, "axis": "y", "origin": [8, 4.46355, 8]},
			"faces": {
				"north": {"uv": [0, 0, 2, 6], "texture": "#0"},
				"east": {"uv": [0, 0, 2, 6], "texture": "#0"},
				"south": {"uv": [0, 0, 2, 6], "texture": "#0"},
				"west": {"uv": [0, 0, 2, 6], "texture": "#0"},
				"up": {"uv": [0, 0, 2, 6], "texture": "#0"},
				"down": {"uv": [0, 0, 2, 6], "texture": "#0"}
			}
		},
		{
			"from": [3.84956, 3.63771, 7.47993],
			"to": [12.15061, 11.52609, 8.44812],
			"rotation": {"angle": -45, "axis": "y", "origin": [7.96041, 7.5819, 7.96403]},
			"faces": {
				"north": {"uv": [11, 0, 14, 3], "texture": "#4"},
				"east": {"uv": [11, 0, 14, 3], "texture": "#4"},
				"south": {"uv": [11, 0, 14, 3], "texture": "#4"},
				"west": {"uv": [11, 0, 14, 3], "texture": "#4"},
				"up": {"uv": [11, 0, 14, 3], "rotation": 90, "texture": "#4"},
				"down": {"uv": [11, 0, 14, 3], "rotation": 270, "texture": "#4"}
			}
		},
		{
			"from": [5.79776, 3.63771, 10.64269],
			"to": [10.20224, 11.52609, 11.52358],
			"rotation": {"angle": 0, "axis": "y", "origin": [8, 4.46355, 8]},
			"faces": {
				"north": {"uv": [0, 0, 2, 6], "texture": "#0"},
				"east": {"uv": [0, 0, 2, 6], "texture": "#0"},
				"south": {"uv": [0, 0, 2, 6], "texture": "#0"},
				"west": {"uv": [0, 0, 2, 6], "texture": "#0"},
				"up": {"uv": [0, 0, 2, 6], "texture": "#0"},
				"down": {"uv": [0, 0, 2, 6], "texture": "#0"}
			}
		},
		{
			"from": [8.91264, 3.63771, 4.34547],
			"to": [9.74592, 11.52609, 11.65453],
			"rotation": {"angle": 0, "axis": "y", "origin": [8.01984, 4.46355, 8.00794]},
			"faces": {
				"north": {"uv": [0, 0, 2, 6], "texture": "#2"},
				"east": {"uv": [0, 0, 2, 6], "texture": "#2"},
				"south": {"uv": [0, 0, 2, 6], "texture": "#2"},
				"west": {"uv": [0, 0, 2, 6], "texture": "#2"},
				"up": {"uv": [0, 0, 2, 6], "texture": "#2"},
				"down": {"uv": [0, 0, 2, 6], "texture": "#2"}
			}
		},
		{
			"from": [7.17254, 3.63771, 11.16787],
			"to": [8.93433, 11.52609, 12.04877],
			"rotation": {"angle": -45, "axis": "y", "origin": [8, 4.46355, 8]},
			"faces": {
				"north": {"uv": [2, 0, 4, 6], "texture": "#0"},
				"east": {"uv": [2, 0, 4, 6], "texture": "#0"},
				"south": {"uv": [2, 0, 4, 6], "texture": "#0"},
				"west": {"uv": [2, 0, 4, 6], "texture": "#0"},
				"up": {"uv": [2, 0, 4, 6], "texture": "#0"},
				"down": {"uv": [2, 0, 4, 6], "texture": "#0"}
			}
		},
		{
			"from": [4.55198, 3.63771, 5.73169],
			"to": [5.43288, 11.52609, 10.26831],
			"rotation": {"angle": 0, "axis": "y", "origin": [8, 4.46355, 8]},
			"faces": {
				"north": {"uv": [0, 0, 10.3, 6], "texture": "#0"},
				"east": {"uv": [0, 0, 10.3, 6], "texture": "#0"},
				"south": {"uv": [0, 0, 10.3, 6], "texture": "#0"},
				"west": {"uv": [0, 0, 10.3, 6], "texture": "#0"},
				"up": {"uv": [0, 0, 10.3, 6], "texture": "#0"},
				"down": {"uv": [0, 0, 10.3, 6], "texture": "#0"}
			}
		},
		{
			"from": [7.17254, 3.63771, 3.95123],
			"to": [8.93433, 11.52609, 4.83213],
			"rotation": {"angle": 45, "axis": "y", "origin": [8, 4.46355, 8]},
			"faces": {
				"north": {"uv": [0, 0, 2, 6], "texture": "#0"},
				"east": {"uv": [0, 0, 2, 6], "texture": "#0"},
				"south": {"uv": [0, 0, 2, 6], "texture": "#0"},
				"west": {"uv": [0, 0, 2, 6], "texture": "#0"},
				"up": {"uv": [0, 0, 2, 6], "texture": "#0"},
				"down": {"uv": [0, 0, 2, 6], "texture": "#0"}
			}
		},
		{
			"from": [8.41759, 11.88237, 4.29439],
			"to": [8.90605, 12.38668, 4.49259],
			"rotation": {"angle": -45, "axis": "z", "origin": [8, 12.79635, 8]},
			"faces": {
				"north": {"uv": [0, 0, 10.3, 6], "texture": "#1"},
				"east": {"uv": [0, 0, 10.3, 6], "texture": "#1"},
				"south": {"uv": [0, 0, 10.3, 6], "texture": "#1"},
				"west": {"uv": [0, 0, 10.3, 6], "texture": "#1"},
				"up": {"uv": [0, 0, 10.3, 6], "rotation": 90, "texture": "#1"},
				"down": {"uv": [0, 0, 10.3, 6], "rotation": 270, "texture": "#1"}
			}
		},
		{
			"from": [5.73169, 11.38801, 4.37071],
			"to": [10.26831, 12.33277, 5.27803],
			"rotation": {"angle": 0, "axis": "y", "origin": [8, 12.79635, 8]},
			"faces": {
				"north": {"uv": [0, 0, 2, 6], "texture": "#1"},
				"east": {"uv": [0, 0, 2, 6], "texture": "#1"},
				"south": {"uv": [0, 0, 2, 6], "texture": "#1"},
				"west": {"uv": [0, 0, 2, 6], "texture": "#1"},
				"up": {"uv": [0, 0, 2, 6], "texture": "#1"},
				"down": {"uv": [0, 0, 2, 6], "texture": "#1"}
			}
		},
		{
			"from": [7.03764, 11.38801, 3.82977],
			"to": [8.85228, 12.33277, 4.73709],
			"rotation": {"angle": -45, "axis": "y", "origin": [8, 12.79635, 8]},
			"faces": {
				"north": {"uv": [0, 0, 2, 6], "texture": "#1"},
				"east": {"uv": [2, 0, 4, 6], "texture": "#1"},
				"south": {"uv": [2, 0, 4, 6], "texture": "#1"},
				"west": {"uv": [2, 0, 4, 6], "texture": "#1"},
				"up": {"uv": [2, 0, 4, 6], "texture": "#1"},
				"down": {"uv": [2, 0, 4, 6], "texture": "#1"}
			}
		},
		{
			"from": [10.64413, 11.38801, 5.66364],
			"to": [11.55146, 12.33277, 10.33636],
			"rotation": {"angle": 0, "axis": "y", "origin": [8, 12.79635, 8]},
			"faces": {
				"north": {"uv": [0, 0, 10.3, 6], "texture": "#1"},
				"east": {"uv": [0, 0, 2, 6], "texture": "#1"},
				"south": {"uv": [0, 0, 10.3, 6], "texture": "#1"},
				"west": {"uv": [0, 0, 10.3, 6], "texture": "#1"},
				"up": {"uv": [0, 0, 10.3, 6], "texture": "#1"},
				"down": {"uv": [0, 0, 10.3, 6], "texture": "#1"}
			}
		},
		{
			"from": [11.55146, 11.88237, 7.09395],
			"to": [11.66157, 12.38668, 7.58241],
			"rotation": {"angle": -45, "axis": "x", "origin": [8, 12.79635, 8]},
			"faces": {
				"north": {"uv": [10.3, 0, 0, 6], "texture": "#1"},
				"east": {"uv": [10.3, 0, 0, 6], "texture": "#1"},
				"south": {"uv": [10.3, 0, 0, 6], "texture": "#1"},
				"west": {"uv": [10.3, 0, 0, 6], "texture": "#1"},
				"up": {"uv": [10.3, 0, 0, 6], "texture": "#1"},
				"down": {"uv": [10.3, 0, 0, 6], "texture": "#1"}
			}
		},
		{
			"from": [7.03764, 11.38801, 11.26291],
			"to": [8.85228, 12.33277, 12.17023],
			"rotation": {"angle": 45, "axis": "y", "origin": [8, 12.79635, 8]},
			"faces": {
				"north": {"uv": [0, 0, 2, 6], "texture": "#1"},
				"east": {"uv": [0, 0, 2, 6], "texture": "#1"},
				"south": {"uv": [0, 0, 2, 6], "texture": "#1"},
				"west": {"uv": [0, 0, 2, 6], "texture": "#1"},
				"up": {"uv": [0, 0, 2, 6], "texture": "#1"},
				"down": {"uv": [0, 0, 2, 6], "texture": "#1"}
			}
		},
		{
			"from": [5.73169, 11.38801, 10.72197],
			"to": [10.26831, 12.33277, 11.62929],
			"rotation": {"angle": 0, "axis": "y", "origin": [8, 12.79635, 8]},
			"faces": {
				"north": {"uv": [0, 0, 2, 6], "texture": "#1"},
				"east": {"uv": [0, 0, 2, 6], "texture": "#1"},
				"south": {"uv": [0, 0, 2, 6], "texture": "#1"},
				"west": {"uv": [0, 0, 2, 6], "texture": "#1"},
				"up": {"uv": [0, 0, 2, 6], "texture": "#1"},
				"down": {"uv": [0, 0, 2, 6], "texture": "#1"}
			}
		},
		{
			"from": [4.44854, 11.38801, 5.66364],
			"to": [5.35587, 12.33277, 10.33636],
			"rotation": {"angle": 0, "axis": "y", "origin": [8, 12.79635, 8]},
			"faces": {
				"north": {"uv": [0, 0, 10.3, 6], "texture": "#1"},
				"east": {"uv": [0, 0, 10.3, 6], "texture": "#1"},
				"south": {"uv": [0, 0, 10.3, 6], "texture": "#1"},
				"west": {"uv": [0, 0, 2, 6], "texture": "#1"},
				"up": {"uv": [0, 0, 10.3, 6], "texture": "#1"},
				"down": {"uv": [0, 0, 10.3, 6], "texture": "#1"}
			}
		},
		{
			"from": [7.14772, 11.38801, 11.26291],
			"to": [8.96236, 12.33277, 12.17023],
			"rotation": {"angle": -45, "axis": "y", "origin": [8, 12.79635, 8]},
			"faces": {
				"north": {"uv": [2, 0, 4, 6], "texture": "#1"},
				"east": {"uv": [2, 0, 4, 6], "texture": "#1"},
				"south": {"uv": [0, 0, 2, 6], "texture": "#1"},
				"west": {"uv": [2, 0, 4, 6], "texture": "#1"},
				"up": {"uv": [2, 0, 4, 6], "texture": "#1"},
				"down": {"uv": [2, 0, 4, 6], "texture": "#1"}
			}
		},
		{
			"from": [7.14772, 11.38801, 3.82977],
			"to": [8.96236, 12.33277, 4.73709],
			"rotation": {"angle": 45, "axis": "y", "origin": [8, 12.79635, 8]},
			"faces": {
				"north": {"uv": [0, 0, 2, 6], "texture": "#1"},
				"east": {"uv": [0, 0, 2, 6], "texture": "#1"},
				"south": {"uv": [0, 0, 2, 6], "texture": "#1"},
				"west": {"uv": [0, 0, 2, 6], "texture": "#1"},
				"up": {"uv": [0, 0, 2, 6], "texture": "#1"},
				"down": {"uv": [0, 0, 2, 6], "texture": "#1"}
			}
		},
		{
			"from": [4.33843, 11.88237, 7.09395],
			"to": [4.44854, 12.38668, 7.58241],
			"rotation": {"angle": -45, "axis": "x", "origin": [8, 12.79635, 8]},
			"faces": {
				"north": {"uv": [0, 0, 10.3, 6], "texture": "#1"},
				"east": {"uv": [0, 0, 10.3, 6], "texture": "#1"},
				"south": {"uv": [0, 0, 10.3, 6], "texture": "#1"},
				"west": {"uv": [0, 0, 10.3, 6], "texture": "#1"},
				"up": {"uv": [0, 0, 10.3, 6], "texture": "#1"},
				"down": {"uv": [0, 0, 10.3, 6], "texture": "#1"}
			}
		},
		{
			"from": [8.41759, 11.88237, 11.50741],
			"to": [8.90605, 12.38668, 11.70561],
			"rotation": {"angle": -45, "axis": "z", "origin": [8, 12.79635, 8]},
			"faces": {
				"north": {"uv": [10.3, 0, 0, 6], "texture": "#1"},
				"east": {"uv": [10.3, 0, 0, 6], "texture": "#1"},
				"south": {"uv": [10.3, 0, 0, 6], "texture": "#1"},
				"west": {"uv": [10.3, 0, 0, 6], "texture": "#1"},
				"up": {"uv": [10.3, 0, 0, 6], "rotation": 90, "texture": "#1"},
				"down": {"uv": [10.3, 0, 0, 6], "rotation": 270, "texture": "#1"}
			}
		},
		{
			"from": [6, 11, 6],
			"to": [10, 15, 10],
			"rotation": {"angle": 45, "axis": "y", "origin": [8, 13, 8]},
			"faces": {
				"north": {"uv": [0, 0, 16, 16], "texture": "#5"},
				"east": {"uv": [0, 0, 16, 16], "texture": "#5"},
				"south": {"uv": [0, 0, 16, 16], "texture": "#5"},
				"west": {"uv": [0, 0, 16, 16], "texture": "#5"},
				"up": {"uv": [0, 0, 16, 16], "texture": "#5"},
				"down": {"uv": [0, 0, 16, 16], "texture": "#5"}
			}
		},
		{
			"from": [7, 11, 5.9],
			"to": [8.25, 13.75, 10.15],
			"rotation": {"angle": 45, "axis": "y", "origin": [8, 13, 8]},
			"faces": {
				"north": {"uv": [9, 0, 13, 4], "texture": "#4"},
				"east": {"uv": [9, 0, 13, 4], "texture": "#4"},
				"south": {"uv": [9, 0, 13, 4], "texture": "#4"},
				"west": {"uv": [9, 0, 13, 4], "texture": "#4"},
				"up": {"uv": [9, 0, 13, 4], "texture": "#4"},
				"down": {"uv": [9, 0, 13, 4], "texture": "#4"}
			}
		},
		{
			"from": [8.2, 13.2, 5.9],
			"to": [9.45, 15.05, 10.15],
			"rotation": {"angle": 45, "axis": "y", "origin": [8, 13, 8]},
			"faces": {
				"north": {"uv": [9, 0, 13, 4], "texture": "#4"},
				"east": {"uv": [9, 0, 13, 4], "texture": "#4"},
				"south": {"uv": [9, 0, 13, 4], "texture": "#4"},
				"west": {"uv": [9, 0, 13, 4], "texture": "#4"},
				"up": {"uv": [9, 0, 13, 4], "texture": "#4"},
				"down": {"uv": [9, 0, 13, 4], "texture": "#4"}
			}
		},
		{
			"from": [5.85178, 13.2, 6.63358],
			"to": [10.10178, 15.05, 7.88358],
			"rotation": {"angle": 45, "axis": "y", "origin": [8.17678, 13.25, 7.85858]},
			"faces": {
				"north": {"uv": [9, 0, 13, 4], "texture": "#4"},
				"east": {"uv": [9, 0, 13, 4], "texture": "#4"},
				"south": {"uv": [9, 0, 13, 4], "texture": "#4"},
				"west": {"uv": [9, 0, 13, 4], "texture": "#4"},
				"up": {"uv": [9, 0, 13, 4], "rotation": 270, "texture": "#4"},
				"down": {"uv": [9, 0, 13, 4], "rotation": 90, "texture": "#4"}
			}
		},
		{
			"from": [5.85178, 11, 7.83358],
			"to": [10.10178, 13.75, 9.08358],
			"rotation": {"angle": 45, "axis": "y", "origin": [8.17678, 13.25, 7.85858]},
			"faces": {
				"north": {"uv": [9, 0, 13, 4], "texture": "#4"},
				"east": {"uv": [9, 0, 13, 4], "texture": "#4"},
				"south": {"uv": [9, 0, 13, 4], "texture": "#4"},
				"west": {"uv": [9, 0, 13, 4], "texture": "#4"},
				"up": {"uv": [9, 0, 13, 4], "rotation": 270, "texture": "#4"},
				"down": {"uv": [9, 0, 13, 4], "rotation": 90, "texture": "#4"}
			}
		},
		{
			"from": [10, 13.25, 7.75],
			"to": [10.4, 14, 8.5],
			"rotation": {"angle": 45, "axis": "y", "origin": [8, 13, 8]},
			"faces": {
				"north": {"uv": [13, 1, 14, 2], "texture": "#2"},
				"east": {"uv": [13, 1, 14, 2], "texture": "#2"},
				"south": {"uv": [13, 1, 14, 2], "texture": "#2"},
				"west": {"uv": [13, 1, 14, 2], "texture": "#2"},
				"up": {"uv": [13, 1, 14, 2], "texture": "#2"},
				"down": {"uv": [13, 1, 14, 2], "texture": "#2"}
			}
		},
		{
			"from": [10.4, 13.95, 7.15],
			"to": [10.8, 14.7, 7.9],
			"rotation": {"angle": 45, "axis": "y", "origin": [8, 13, 8]},
			"faces": {
				"north": {"uv": [13, 1, 14, 2], "texture": "#2"},
				"east": {"uv": [13, 1, 14, 2], "texture": "#2"},
				"south": {"uv": [13, 1, 14, 2], "texture": "#2"},
				"west": {"uv": [13, 1, 14, 2], "texture": "#2"},
				"up": {"uv": [13, 1, 14, 2], "texture": "#2"},
				"down": {"uv": [13, 1, 14, 2], "texture": "#2"}
			}
		},
		{
			"from": [8.63263, 14.65, 5.33067],
			"to": [9.38263, 15.4, 5.73067],
			"rotation": {"angle": -22.5, "axis": "y", "origin": [9.00763, 15.025, 5.33067]},
			"faces": {
				"north": {"uv": [13, 1, 14, 2], "texture": "#2"},
				"east": {"uv": [13, 1, 14, 2], "texture": "#2"},
				"south": {"uv": [13, 1, 14, 2], "texture": "#2"},
				"west": {"uv": [13, 1, 14, 2], "texture": "#2"},
				"up": {"uv": [13, 1, 14, 2], "rotation": 270, "texture": "#2"},
				"down": {"uv": [13, 1, 14, 2], "rotation": 90, "texture": "#2"}
			}
		},
		{
			"from": [7.81782, 15.35, 5.40784],
			"to": [8.56782, 16.1, 5.90784],
			"rotation": {"angle": 0, "axis": "y", "origin": [8.89282, 15.025, 5.60784]},
			"faces": {
				"north": {"uv": [13, 1, 14, 2], "texture": "#2"},
				"east": {"uv": [13, 1, 14, 2], "texture": "#2"},
				"south": {"uv": [13, 1, 14, 2], "texture": "#2"},
				"west": {"uv": [13, 1, 14, 2], "texture": "#2"},
				"up": {"uv": [13, 1, 14, 2], "rotation": 270, "texture": "#2"},
				"down": {"uv": [13, 1, 14, 2], "rotation": 90, "texture": "#2"}
			}
		},
		{
			"from": [7.41782, 16.05, 5.90784],
			"to": [8.16782, 16.8, 6.90784],
			"rotation": {"angle": 0, "axis": "y", "origin": [8.89282, 15.025, 5.60784]},
			"faces": {
				"north": {"uv": [13, 1, 14, 2], "texture": "#2"},
				"east": {"uv": [13, 1, 14, 2], "texture": "#2"},
				"south": {"uv": [13, 1, 14, 2], "texture": "#2"},
				"west": {"uv": [13, 1, 14, 2], "texture": "#2"},
				"up": {"uv": [13, 1, 14, 2], "rotation": 270, "texture": "#2"},
				"down": {"uv": [13, 1, 14, 2], "rotation": 90, "texture": "#2"}
			}
		},
		{
			"from": [9.23469, 16.05, 7.3235],
			"to": [10.23469, 16.8, 8.0735],
			"rotation": {"angle": 0, "axis": "y", "origin": [10.11842, 15.025, 8.6241]},
			"faces": {
				"north": {"uv": [13, 1, 14, 2], "texture": "#2"},
				"east": {"uv": [13, 1, 14, 2], "texture": "#2"},
				"south": {"uv": [13, 1, 14, 2], "texture": "#2"},
				"west": {"uv": [13, 1, 14, 2], "texture": "#2"},
				"up": {"uv": [13, 1, 14, 2], "texture": "#2"},
				"down": {"uv": [13, 1, 14, 2], "texture": "#2"}
			}
		},
		{
			"from": [10.23469, 15.35, 7.7235],
			"to": [10.73469, 16.1, 8.4735],
			"rotation": {"angle": 0, "axis": "y", "origin": [10.11842, 15.025, 8.6241]},
			"faces": {
				"north": {"uv": [13, 1, 14, 2], "texture": "#2"},
				"east": {"uv": [13, 1, 14, 2], "texture": "#2"},
				"south": {"uv": [13, 1, 14, 2], "texture": "#2"},
				"west": {"uv": [13, 1, 14, 2], "texture": "#2"},
				"up": {"uv": [13, 1, 14, 2], "texture": "#2"},
				"down": {"uv": [13, 1, 14, 2], "texture": "#2"}
			}
		},
		{
			"from": [10.46974, 14.65, 8.25093],
			"to": [10.86974, 15.4, 9.00093],
			"rotation": {"angle": -22.5, "axis": "y", "origin": [10.11842, 15.025, 8.6241]},
			"faces": {
				"north": {"uv": [13, 1, 14, 2], "texture": "#2"},
				"east": {"uv": [13, 1, 14, 2], "texture": "#2"},
				"south": {"uv": [13, 1, 14, 2], "texture": "#2"},
				"west": {"uv": [13, 1, 14, 2], "texture": "#2"},
				"up": {"uv": [13, 1, 14, 2], "texture": "#2"},
				"down": {"uv": [13, 1, 14, 2], "texture": "#2"}
			}
		},
		{
			"from": [9.32925, 13.95, 9.11893],
			"to": [10.07925, 14.7, 9.51893],
			"rotation": {"angle": 45, "axis": "y", "origin": [10.11842, 15.025, 8.6241]},
			"faces": {
				"north": {"uv": [13, 1, 14, 2], "texture": "#2"},
				"east": {"uv": [13, 1, 14, 2], "texture": "#2"},
				"south": {"uv": [13, 1, 14, 2], "texture": "#2"},
				"west": {"uv": [13, 1, 14, 2], "texture": "#2"},
				"up": {"uv": [13, 1, 14, 2], "rotation": 90, "texture": "#2"},
				"down": {"uv": [13, 1, 14, 2], "rotation": 270, "texture": "#2"}
			}
		},
		{
			"from": [8.72925, 13.25, 8.71893],
			"to": [9.47925, 14, 9.11893],
			"rotation": {"angle": 45, "axis": "y", "origin": [10.11842, 15.025, 8.6241]},
			"faces": {
				"north": {"uv": [13, 1, 14, 2], "texture": "#2"},
				"east": {"uv": [13, 1, 14, 2], "texture": "#2"},
				"south": {"uv": [13, 1, 14, 2], "texture": "#2"},
				"west": {"uv": [13, 1, 14, 2], "texture": "#2"},
				"up": {"uv": [13, 1, 14, 2], "rotation": 90, "texture": "#2"},
				"down": {"uv": [13, 1, 14, 2], "rotation": 270, "texture": "#2"}
			}
		},
		{
			"from": [6.75759, 13.25, 7.12927],
			"to": [7.50759, 14, 7.52927],
			"rotation": {"angle": 45, "axis": "y", "origin": [6.11842, 15.025, 7.6241]},
			"faces": {
				"north": {"uv": [13, 1, 14, 2], "texture": "#2"},
				"east": {"uv": [13, 1, 14, 2], "texture": "#2"},
				"south": {"uv": [13, 1, 14, 2], "texture": "#2"},
				"west": {"uv": [13, 1, 14, 2], "texture": "#2"},
				"up": {"uv": [13, 1, 14, 2], "rotation": 270, "texture": "#2"},
				"down": {"uv": [13, 1, 14, 2], "rotation": 90, "texture": "#2"}
			}
		},
		{
			"from": [6.15759, 13.95, 6.72927],
			"to": [6.90759, 14.7, 7.12927],
			"rotation": {"angle": 45, "axis": "y", "origin": [6.11842, 15.025, 7.6241]},
			"faces": {
				"north": {"uv": [13, 1, 14, 2], "texture": "#2"},
				"east": {"uv": [13, 1, 14, 2], "texture": "#2"},
				"south": {"uv": [13, 1, 14, 2], "texture": "#2"},
				"west": {"uv": [13, 1, 14, 2], "texture": "#2"},
				"up": {"uv": [13, 1, 14, 2], "rotation": 270, "texture": "#2"},
				"down": {"uv": [13, 1, 14, 2], "rotation": 90, "texture": "#2"}
			}
		},
		{
			"from": [5.3671, 14.65, 7.24727],
			"to": [5.7671, 15.4, 7.99727],
			"rotation": {"angle": -22.5, "axis": "y", "origin": [6.11842, 15.025, 7.6241]},
			"faces": {
				"north": {"uv": [13, 1, 14, 2], "texture": "#2"},
				"east": {"uv": [13, 1, 14, 2], "texture": "#2"},
				"south": {"uv": [13, 1, 14, 2], "texture": "#2"},
				"west": {"uv": [13, 1, 14, 2], "texture": "#2"},
				"up": {"uv": [13, 1, 14, 2], "rotation": 180, "texture": "#2"},
				"down": {"uv": [13, 1, 14, 2], "rotation": 180, "texture": "#2"}
			}
		},
		{
			"from": [5.50216, 15.35, 7.7747],
			"to": [6.00216, 16.1, 8.5247],
			"rotation": {"angle": 0, "axis": "y", "origin": [6.11842, 15.025, 7.6241]},
			"faces": {
				"north": {"uv": [13, 1, 14, 2], "texture": "#2"},
				"east": {"uv": [13, 1, 14, 2], "texture": "#2"},
				"south": {"uv": [13, 1, 14, 2], "texture": "#2"},
				"west": {"uv": [13, 1, 14, 2], "texture": "#2"},
				"up": {"uv": [13, 1, 14, 2], "rotation": 180, "texture": "#2"},
				"down": {"uv": [13, 1, 14, 2], "rotation": 180, "texture": "#2"}
			}
		},
		{
			"from": [6.00216, 16.05, 8.1747],
			"to": [7.00216, 16.8, 8.9247],
			"rotation": {"angle": 0, "axis": "y", "origin": [6.11842, 15.025, 7.6241]},
			"faces": {
				"north": {"uv": [13, 1, 14, 2], "texture": "#2"},
				"east": {"uv": [13, 1, 14, 2], "texture": "#2"},
				"south": {"uv": [13, 1, 14, 2], "texture": "#2"},
				"west": {"uv": [13, 1, 14, 2], "texture": "#2"},
				"up": {"uv": [13, 1, 14, 2], "rotation": 180, "texture": "#2"},
				"down": {"uv": [13, 1, 14, 2], "rotation": 180, "texture": "#2"}
			}
		},
		{
			"from": [8.06902, 16.05, 9.34037],
			"to": [8.81902, 16.8, 10.34037],
			"rotation": {"angle": 0, "axis": "y", "origin": [7.34402, 15.025, 10.64037]},
			"faces": {
				"north": {"uv": [13, 1, 14, 2], "texture": "#2"},
				"east": {"uv": [13, 1, 14, 2], "texture": "#2"},
				"south": {"uv": [13, 1, 14, 2], "texture": "#2"},
				"west": {"uv": [13, 1, 14, 2], "texture": "#2"},
				"up": {"uv": [13, 1, 14, 2], "rotation": 90, "texture": "#2"},
				"down": {"uv": [13, 1, 14, 2], "rotation": 270, "texture": "#2"}
			}
		},
		{
			"from": [7.44875, 17.07168, 5.207],
			"to": [8.55125, 17.58618, 10.793],
			"rotation": {"angle": 0, "axis": "y", "origin": [6.971, 13.80093, 11.969]},
			"faces": {
				"north": {"uv": [13, 2, 14, 3], "texture": "#2"},
				"east": {"uv": [13, 2, 14, 3], "texture": "#2"},
				"south": {"uv": [13, 2, 14, 3], "texture": "#2"},
				"west": {"uv": [13, 2, 14, 3], "texture": "#2"},
				"up": {"uv": [13, 2, 14, 3], "texture": "#2"},
				"down": {"uv": [13, 2, 14, 3], "texture": "#2"}
			}
		},
		{
			"from": [7.44875, 17.17009, 10.55543],
			"to": [8.55125, 17.53759, 11.29043],
			"rotation": {"angle": 45, "axis": "x", "origin": [8, 17.72134, 10.92293]},
			"faces": {
				"north": {"uv": [13, 2, 14, 3], "texture": "#2"},
				"east": {"uv": [13, 2, 14, 3], "texture": "#2"},
				"south": {"uv": [13, 2, 14, 3], "texture": "#2"},
				"west": {"uv": [13, 2, 14, 3], "texture": "#2"},
				"up": {"uv": [13, 2, 14, 3], "texture": "#2"},
				"down": {"uv": [13, 2, 14, 3], "texture": "#2"}
			}
		},
		{
			"from": [7.44875, 17.4582, 10.41615],
			"to": [8.55125, 17.8257, 11.15115],
			"rotation": {"angle": 22.5, "axis": "x", "origin": [8, 17.64195, 10.78365]},
			"faces": {
				"north": {"uv": [13, 2, 14, 3], "texture": "#2"},
				"east": {"uv": [13, 2, 14, 3], "texture": "#2"},
				"south": {"uv": [13, 2, 14, 3], "texture": "#2"},
				"west": {"uv": [13, 2, 14, 3], "texture": "#2"},
				"up": {"uv": [13, 2, 14, 3], "texture": "#2"},
				"down": {"uv": [13, 2, 14, 3], "texture": "#2"}
			}
		},
		{
			"from": [7.44875, 17.67107, 10.4585],
			"to": [8.55125, 18.40607, 11.1935],
			"rotation": {"angle": 0, "axis": "x", "origin": [8, 17.41382, 10.826]},
			"faces": {
				"north": {"uv": [13, 2, 14, 3], "texture": "#2"},
				"east": {"uv": [13, 2, 14, 3], "texture": "#2"},
				"south": {"uv": [13, 2, 14, 3], "texture": "#2"},
				"west": {"uv": [13, 2, 14, 3], "texture": "#2"},
				"up": {"uv": [13, 2, 14, 3], "texture": "#2"},
				"down": {"uv": [13, 2, 14, 3], "texture": "#2"}
			}
		},
		{
			"from": [7.44875, 18.23746, 10.34584],
			"to": [8.55125, 22.64746, 11.08084],
			"rotation": {"angle": -22.5, "axis": "x", "origin": [8, 18.60496, 10.71334]},
			"faces": {
				"north": {"uv": [13, 2, 14, 3], "texture": "#2"},
				"east": {"uv": [13, 2, 14, 3], "texture": "#2"},
				"south": {"uv": [13, 2, 14, 3], "texture": "#2"},
				"west": {"uv": [13, 2, 14, 3], "texture": "#2"},
				"up": {"uv": [13, 2, 14, 3], "texture": "#2"},
				"down": {"uv": [13, 2, 14, 3], "texture": "#2"}
			}
		},
		{
			"from": [7.59575, 22.19911, 8.82681],
			"to": [8.40425, 22.78711, 8.97381],
			"rotation": {"angle": 0, "axis": "x", "origin": [8, 22.41961, 8.45931]},
			"faces": {
				"north": {"uv": [13, 2, 14, 3], "texture": "#2"},
				"east": {"uv": [13, 2, 14, 3], "texture": "#2"},
				"south": {"uv": [13, 2, 14, 3], "texture": "#2"},
				"west": {"uv": [13, 2, 14, 3], "texture": "#2"},
				"up": {"uv": [13, 2, 14, 3], "texture": "#2"},
				"down": {"uv": [13, 2, 14, 3], "texture": "#2"}
			}
		},
		{
			"from": [7.74275, 22.78711, 8.82681],
			"to": [8.25725, 23.08111, 8.97381],
			"rotation": {"angle": 0, "axis": "x", "origin": [8, 22.41961, 8.45931]},
			"faces": {
				"north": {"uv": [10, 2, 11, 3], "texture": "#2"},
				"east": {"uv": [10, 2, 11, 3], "texture": "#2"},
				"south": {"uv": [10, 2, 11, 3], "texture": "#2"},
				"west": {"uv": [10, 2, 11, 3], "texture": "#2"},
				"up": {"uv": [10, 2, 11, 3], "texture": "#2"},
				"down": {"uv": [10, 2, 11, 3], "texture": "#2"}
			}
		},
		{
			"from": [7.37525, 21.69196, 9.97834],
			"to": [8.62475, 22.27996, 12.18334],
			"rotation": {"angle": -22.5, "axis": "x", "origin": [7.9265, 18.60496, 10.71334]},
			"faces": {
				"north": {"uv": [13, 2, 14, 3], "texture": "#2"},
				"east": {"uv": [13, 2, 14, 3], "texture": "#2"},
				"south": {"uv": [13, 2, 14, 3], "texture": "#2"},
				"west": {"uv": [13, 2, 14, 3], "texture": "#2"},
				"up": {"uv": [13, 2, 14, 3], "texture": "#2"},
				"down": {"uv": [13, 2, 14, 3], "texture": "#2"}
			}
		},
		{
			"from": [7.66925, 21.32446, 11.00734],
			"to": [8.33075, 21.54496, 12.18334],
			"rotation": {"angle": -22.5, "axis": "x", "origin": [7.9265, 18.60496, 10.71334]},
			"faces": {
				"north": {"uv": [13, 2, 14, 3], "texture": "#2"},
				"east": {"uv": [13, 2, 14, 3], "texture": "#2"},
				"south": {"uv": [13, 2, 14, 3], "texture": "#2"},
				"west": {"uv": [13, 2, 14, 3], "texture": "#2"},
				"up": {"uv": [13, 2, 14, 3], "texture": "#2"},
				"down": {"uv": [13, 2, 14, 3], "texture": "#2"}
			}
		},
		{
			"from": [7.559, 21.69196, 12.18334],
			"to": [8.441, 22.42696, 12.55084],
			"rotation": {"angle": -22.5, "axis": "x", "origin": [7.74275, 18.60496, 10.71334]},
			"faces": {
				"north": {"uv": [10, 2, 11, 3], "texture": "#2"},
				"east": {"uv": [10, 2, 11, 3], "texture": "#2"},
				"south": {"uv": [10, 2, 11, 3], "texture": "#2"},
				"west": {"uv": [10, 2, 11, 3], "texture": "#2"},
				"up": {"uv": [10, 2, 11, 3], "texture": "#2"},
				"down": {"uv": [10, 2, 11, 3], "texture": "#2"}
			}
		},
		{
			"from": [7.30175, 18.97246, 10.19884],
			"to": [8.69825, 21.17746, 11.22784],
			"rotation": {"angle": -22.5, "axis": "x", "origin": [8, 18.60496, 10.71334]},
			"faces": {
				"north": {"uv": [12, 3, 13, 4], "texture": "#2"},
				"east": {"uv": [12, 3, 13, 4], "texture": "#2"},
				"south": {"uv": [12, 3, 13, 4], "texture": "#2"},
				"west": {"uv": [12, 3, 13, 4], "texture": "#2"},
				"up": {"uv": [12, 3, 13, 4], "texture": "#2"},
				"down": {"uv": [12, 3, 13, 4], "texture": "#2"}
			}
		},
		{
			"from": [7.44875, 17.4582, 4.84885],
			"to": [8.55125, 17.8257, 5.58385],
			"rotation": {"angle": -22.5, "axis": "x", "origin": [8, 17.64195, 5.21635]},
			"faces": {
				"north": {"uv": [13, 2, 14, 3], "texture": "#2"},
				"east": {"uv": [13, 2, 14, 3], "texture": "#2"},
				"south": {"uv": [13, 2, 14, 3], "texture": "#2"},
				"west": {"uv": [13, 2, 14, 3], "texture": "#2"},
				"up": {"uv": [14, 3, 13, 2], "texture": "#2"},
				"down": {"uv": [14, 3, 13, 2], "texture": "#2"}
			}
		},
		{
			"from": [7.44875, 17.17009, 4.70957],
			"to": [8.55125, 17.53759, 5.44457],
			"rotation": {"angle": -45, "axis": "x", "origin": [8, 17.72134, 5.07707]},
			"faces": {
				"north": {"uv": [13, 2, 14, 3], "texture": "#2"},
				"east": {"uv": [13, 2, 14, 3], "texture": "#2"},
				"south": {"uv": [13, 2, 14, 3], "texture": "#2"},
				"west": {"uv": [13, 2, 14, 3], "texture": "#2"},
				"up": {"uv": [14, 3, 13, 2], "texture": "#2"},
				"down": {"uv": [14, 3, 13, 2], "texture": "#2"}
			}
		},
		{
			"from": [7.44875, 17.67107, 4.8065],
			"to": [8.55125, 18.40607, 5.5415],
			"rotation": {"angle": 0, "axis": "x", "origin": [8, 17.41382, 5.174]},
			"faces": {
				"north": {"uv": [13, 2, 14, 3], "texture": "#2"},
				"east": {"uv": [13, 2, 14, 3], "texture": "#2"},
				"south": {"uv": [13, 2, 14, 3], "texture": "#2"},
				"west": {"uv": [13, 2, 14, 3], "texture": "#2"},
				"up": {"uv": [14, 3, 13, 2], "texture": "#2"},
				"down": {"uv": [14, 3, 13, 2], "texture": "#2"}
			}
		},
		{
			"from": [7.44875, 18.23746, 4.91916],
			"to": [8.55125, 22.64746, 5.65416],
			"rotation": {"angle": 22.5, "axis": "x", "origin": [8, 18.60496, 5.28666]},
			"faces": {
				"north": {"uv": [13, 2, 14, 3], "texture": "#2"},
				"east": {"uv": [13, 2, 14, 3], "texture": "#2"},
				"south": {"uv": [13, 2, 14, 3], "texture": "#2"},
				"west": {"uv": [13, 2, 14, 3], "texture": "#2"},
				"up": {"uv": [14, 3, 13, 2], "texture": "#2"},
				"down": {"uv": [14, 3, 13, 2], "texture": "#2"}
			}
		},
		{
			"from": [7.30175, 18.97246, 4.77216],
			"to": [8.69825, 21.17746, 5.80116],
			"rotation": {"angle": 22.5, "axis": "x", "origin": [8, 18.60496, 5.28666]},
			"faces": {
				"north": {"uv": [12, 3, 13, 4], "texture": "#2"},
				"east": {"uv": [12, 3, 13, 4], "texture": "#2"},
				"south": {"uv": [12, 3, 13, 4], "texture": "#2"},
				"west": {"uv": [12, 3, 13, 4], "texture": "#2"},
				"up": {"uv": [13, 4, 12, 3], "texture": "#2"},
				"down": {"uv": [13, 4, 12, 3], "texture": "#2"}
			}
		},
		{
			"from": [7.37525, 21.69196, 3.81666],
			"to": [8.62475, 22.27996, 6.02166],
			"rotation": {"angle": 22.5, "axis": "x", "origin": [8.0735, 18.60496, 5.28666]},
			"faces": {
				"north": {"uv": [13, 2, 14, 3], "texture": "#2"},
				"east": {"uv": [13, 2, 14, 3], "texture": "#2"},
				"south": {"uv": [13, 2, 14, 3], "texture": "#2"},
				"west": {"uv": [13, 2, 14, 3], "texture": "#2"},
				"up": {"uv": [14, 3, 13, 2], "texture": "#2"},
				"down": {"uv": [14, 3, 13, 2], "texture": "#2"}
			}
		},
		{
			"from": [7.66925, 21.32446, 3.81666],
			"to": [8.33075, 21.54496, 4.99266],
			"rotation": {"angle": 22.5, "axis": "x", "origin": [8.0735, 18.60496, 5.28666]},
			"faces": {
				"north": {"uv": [13, 2, 14, 3], "texture": "#2"},
				"east": {"uv": [13, 2, 14, 3], "texture": "#2"},
				"south": {"uv": [13, 2, 14, 3], "texture": "#2"},
				"west": {"uv": [13, 2, 14, 3], "texture": "#2"},
				"up": {"uv": [14, 3, 13, 2], "texture": "#2"},
				"down": {"uv": [14, 3, 13, 2], "texture": "#2"}
			}
		},
		{
			"from": [7.559, 21.69196, 3.44916],
			"to": [8.441, 22.42696, 3.81666],
			"rotation": {"angle": 22.5, "axis": "x", "origin": [8.25725, 18.60496, 5.28666]},
			"faces": {
				"north": {"uv": [10, 2, 11, 3], "texture": "#2"},
				"east": {"uv": [10, 2, 11, 3], "texture": "#2"},
				"south": {"uv": [10, 2, 11, 3], "texture": "#2"},
				"west": {"uv": [10, 2, 11, 3], "texture": "#2"},
				"up": {"uv": [11, 3, 10, 2], "texture": "#2"},
				"down": {"uv": [11, 3, 10, 2], "texture": "#2"}
			}
		},
		{
			"from": [7.74275, 22.78711, 7.02619],
			"to": [8.25725, 23.08111, 7.17319],
			"rotation": {"angle": 0, "axis": "x", "origin": [8, 22.41961, 7.54069]},
			"faces": {
				"north": {"uv": [10, 2, 11, 3], "texture": "#2"},
				"east": {"uv": [10, 2, 11, 3], "texture": "#2"},
				"south": {"uv": [10, 2, 11, 3], "texture": "#2"},
				"west": {"uv": [10, 2, 11, 3], "texture": "#2"},
				"up": {"uv": [11, 3, 10, 2], "texture": "#2"},
				"down": {"uv": [11, 3, 10, 2], "texture": "#2"}
			}
		},
		{
			"from": [7.59575, 22.19911, 7.02619],
			"to": [8.40425, 22.78711, 7.17319],
			"rotation": {"angle": 0, "axis": "x", "origin": [8, 22.41961, 7.54069]},
			"faces": {
				"north": {"uv": [13, 2, 14, 3], "texture": "#2"},
				"east": {"uv": [13, 2, 14, 3], "texture": "#2"},
				"south": {"uv": [13, 2, 14, 3], "texture": "#2"},
				"west": {"uv": [13, 2, 14, 3], "texture": "#2"},
				"up": {"uv": [14, 3, 13, 2], "texture": "#2"},
				"down": {"uv": [14, 3, 13, 2], "texture": "#2"}
			}
		},
		{
			"from": [11.15698, 18.71296, 7.44875],
			"to": [11.89198, 19.08046, 8.55125],
			"rotation": {"angle": -22.5, "axis": "z", "origin": [8, 20.13152, 8]},
			"faces": {
				"north": {"uv": [13, 2, 14, 3], "texture": "#2"},
				"east": {"uv": [13, 2, 14, 3], "texture": "#2"},
				"south": {"uv": [13, 2, 14, 3], "texture": "#2"},
				"west": {"uv": [13, 2, 14, 3], "texture": "#2"},
				"up": {"uv": [14, 3, 13, 2], "rotation": 90, "texture": "#2"},
				"down": {"uv": [14, 3, 13, 2], "rotation": 270, "texture": "#2"}
			}
		},
		{
			"from": [11.40358, 19.94284, 7.44875],
			"to": [12.13858, 20.31034, 8.55125],
			"rotation": {"angle": -45, "axis": "z", "origin": [8, 20.13152, 8]},
			"faces": {
				"north": {"uv": [13, 2, 14, 3], "texture": "#2"},
				"east": {"uv": [13, 2, 14, 3], "texture": "#2"},
				"south": {"uv": [13, 2, 14, 3], "texture": "#2"},
				"west": {"uv": [13, 2, 14, 3], "texture": "#2"},
				"up": {"uv": [14, 3, 13, 2], "rotation": 90, "texture": "#2"},
				"down": {"uv": [14, 3, 13, 2], "rotation": 270, "texture": "#2"}
			}
		},
		{
			"from": [10.4585, 17.67107, 7.44875],
			"to": [11.1935, 18.40607, 8.55125],
			"rotation": {"angle": 0, "axis": "x", "origin": [8, 20.13152, 8]},
			"faces": {
				"north": {"uv": [13, 2, 14, 3], "texture": "#2"},
				"east": {"uv": [13, 2, 14, 3], "texture": "#2"},
				"south": {"uv": [13, 2, 14, 3], "texture": "#2"},
				"west": {"uv": [13, 2, 14, 3], "texture": "#2"},
				"up": {"uv": [14, 3, 13, 2], "rotation": 90, "texture": "#2"},
				"down": {"uv": [14, 3, 13, 2], "rotation": 270, "texture": "#2"}
			}
		},
		{
			"from": [9.55511, 17.31532, 7.44875],
			"to": [10.29011, 21.72532, 8.55125],
			"rotation": {"angle": 22.5, "axis": "z", "origin": [8, 20.13152, 8]},
			"faces": {
				"north": {"uv": [13, 2, 14, 3], "texture": "#2"},
				"east": {"uv": [13, 2, 14, 3], "texture": "#2"},
				"south": {"uv": [13, 2, 14, 3], "texture": "#2"},
				"west": {"uv": [13, 2, 14, 3], "texture": "#2"},
				"up": {"uv": [14, 3, 13, 2], "rotation": 90, "texture": "#2"},
				"down": {"uv": [14, 3, 13, 2], "rotation": 270, "texture": "#2"}
			}
		},
		{
			"from": [9.40811, 18.05032, 7.30175],
			"to": [10.43711, 20.25532, 8.69825],
			"rotation": {"angle": 22.5, "axis": "z", "origin": [8, 20.13152, 8]},
			"faces": {
				"north": {"uv": [12, 3, 13, 4], "texture": "#2"},
				"east": {"uv": [12, 3, 13, 4], "texture": "#2"},
				"south": {"uv": [12, 3, 13, 4], "texture": "#2"},
				"west": {"uv": [12, 3, 13, 4], "texture": "#2"},
				"up": {"uv": [13, 4, 12, 3], "rotation": 90, "texture": "#2"},
				"down": {"uv": [13, 4, 12, 3], "rotation": 270, "texture": "#2"}
			}
		},
		{
			"from": [9.18761, 20.76982, 7.37525],
			"to": [11.39261, 21.35782, 8.62475],
			"rotation": {"angle": 22.5, "axis": "z", "origin": [8, 20.13152, 8]},
			"faces": {
				"north": {"uv": [13, 2, 14, 3], "texture": "#2"},
				"east": {"uv": [13, 2, 14, 3], "texture": "#2"},
				"south": {"uv": [13, 2, 14, 3], "texture": "#2"},
				"west": {"uv": [13, 2, 14, 3], "texture": "#2"},
				"up": {"uv": [14, 3, 13, 2], "rotation": 90, "texture": "#2"},
				"down": {"uv": [14, 3, 13, 2], "rotation": 270, "texture": "#2"}
			}
		},
		{
			"from": [10.21661, 20.40232, 7.66925],
			"to": [11.39261, 20.62282, 8.33075],
			"rotation": {"angle": 22.5, "axis": "z", "origin": [8, 20.13152, 8]},
			"faces": {
				"north": {"uv": [13, 2, 14, 3], "texture": "#2"},
				"east": {"uv": [13, 2, 14, 3], "texture": "#2"},
				"south": {"uv": [13, 2, 14, 3], "texture": "#2"},
				"west": {"uv": [13, 2, 14, 3], "texture": "#2"},
				"up": {"uv": [14, 3, 13, 2], "rotation": 90, "texture": "#2"},
				"down": {"uv": [14, 3, 13, 2], "rotation": 270, "texture": "#2"}
			}
		},
		{
			"from": [11.39261, 20.76982, 7.559],
			"to": [11.76011, 21.50482, 8.441],
			"rotation": {"angle": 22.5, "axis": "z", "origin": [8, 20.13152, 8]},
			"faces": {
				"north": {"uv": [10, 2, 11, 3], "texture": "#2"},
				"east": {"uv": [10, 2, 11, 3], "texture": "#2"},
				"south": {"uv": [10, 2, 11, 3], "texture": "#2"},
				"west": {"uv": [10, 2, 11, 3], "texture": "#2"},
				"up": {"uv": [11, 3, 10, 2], "rotation": 90, "texture": "#2"},
				"down": {"uv": [11, 3, 10, 2], "rotation": 270, "texture": "#2"}
			}
		},
		{
			"from": [8.82681, 22.78711, 7.74275],
			"to": [8.97381, 23.08111, 8.25725],
			"rotation": {"angle": 0, "axis": "x", "origin": [8, 20.13152, 8]},
			"faces": {
				"north": {"uv": [10, 2, 11, 3], "texture": "#2"},
				"east": {"uv": [10, 2, 11, 3], "texture": "#2"},
				"south": {"uv": [10, 2, 11, 3], "texture": "#2"},
				"west": {"uv": [10, 2, 11, 3], "texture": "#2"},
				"up": {"uv": [11, 3, 10, 2], "rotation": 90, "texture": "#2"},
				"down": {"uv": [11, 3, 10, 2], "rotation": 270, "texture": "#2"}
			}
		},
		{
			"from": [8.82681, 22.19911, 7.59575],
			"to": [8.97381, 22.78711, 8.40425],
			"rotation": {"angle": 0, "axis": "x", "origin": [8, 20.13152, 8]},
			"faces": {
				"north": {"uv": [13, 2, 14, 3], "texture": "#2"},
				"east": {"uv": [13, 2, 14, 3], "texture": "#2"},
				"south": {"uv": [13, 2, 14, 3], "texture": "#2"},
				"west": {"uv": [13, 2, 14, 3], "texture": "#2"},
				"up": {"uv": [14, 3, 13, 2], "rotation": 90, "texture": "#2"},
				"down": {"uv": [14, 3, 13, 2], "rotation": 270, "texture": "#2"}
			}
		},
		{
			"from": [7.02619, 22.78711, 7.74275],
			"to": [7.17319, 23.08111, 8.25725],
			"rotation": {"angle": 0, "axis": "x", "origin": [8, 20.13152, 8]},
			"faces": {
				"north": {"uv": [10, 2, 11, 3], "texture": "#2"},
				"east": {"uv": [10, 2, 11, 3], "texture": "#2"},
				"south": {"uv": [10, 2, 11, 3], "texture": "#2"},
				"west": {"uv": [10, 2, 11, 3], "texture": "#2"},
				"up": {"uv": [10, 2, 11, 3], "rotation": 90, "texture": "#2"},
				"down": {"uv": [10, 2, 11, 3], "rotation": 270, "texture": "#2"}
			}
		},
		{
			"from": [5.70989, 17.31532, 7.44875],
			"to": [6.44489, 21.72532, 8.55125],
			"rotation": {"angle": -22.5, "axis": "z", "origin": [8, 20.13152, 8]},
			"faces": {
				"north": {"uv": [13, 2, 14, 3], "texture": "#2"},
				"east": {"uv": [13, 2, 14, 3], "texture": "#2"},
				"south": {"uv": [13, 2, 14, 3], "texture": "#2"},
				"west": {"uv": [13, 2, 14, 3], "texture": "#2"},
				"up": {"uv": [13, 2, 14, 3], "rotation": 90, "texture": "#2"},
				"down": {"uv": [13, 2, 14, 3], "rotation": 270, "texture": "#2"}
			}
		},
		{
			"from": [7.02619, 22.19911, 7.59575],
			"to": [7.17319, 22.78711, 8.40425],
			"rotation": {"angle": 0, "axis": "x", "origin": [8, 20.13152, 8]},
			"faces": {
				"north": {"uv": [13, 2, 14, 3], "texture": "#2"},
				"east": {"uv": [13, 2, 14, 3], "texture": "#2"},
				"south": {"uv": [13, 2, 14, 3], "texture": "#2"},
				"west": {"uv": [13, 2, 14, 3], "texture": "#2"},
				"up": {"uv": [13, 2, 14, 3], "rotation": 90, "texture": "#2"},
				"down": {"uv": [13, 2, 14, 3], "rotation": 270, "texture": "#2"}
			}
		},
		{
			"from": [4.60739, 20.76982, 7.37525],
			"to": [6.81239, 21.35782, 8.62475],
			"rotation": {"angle": -22.5, "axis": "z", "origin": [8, 20.13152, 8]},
			"faces": {
				"north": {"uv": [13, 2, 14, 3], "texture": "#2"},
				"east": {"uv": [13, 2, 14, 3], "texture": "#2"},
				"south": {"uv": [13, 2, 14, 3], "texture": "#2"},
				"west": {"uv": [13, 2, 14, 3], "texture": "#2"},
				"up": {"uv": [13, 2, 14, 3], "rotation": 90, "texture": "#2"},
				"down": {"uv": [13, 2, 14, 3], "rotation": 270, "texture": "#2"}
			}
		},
		{
			"from": [4.23989, 20.76982, 7.559],
			"to": [4.60739, 21.50482, 8.441],
			"rotation": {"angle": -22.5, "axis": "z", "origin": [8, 20.13152, 8]},
			"faces": {
				"north": {"uv": [10, 2, 11, 3], "texture": "#2"},
				"east": {"uv": [10, 2, 11, 3], "texture": "#2"},
				"south": {"uv": [10, 2, 11, 3], "texture": "#2"},
				"west": {"uv": [10, 2, 11, 3], "texture": "#2"},
				"up": {"uv": [10, 2, 11, 3], "rotation": 90, "texture": "#2"},
				"down": {"uv": [10, 2, 11, 3], "rotation": 270, "texture": "#2"}
			}
		},
		{
			"from": [4.60739, 20.40232, 7.66925],
			"to": [5.78339, 20.62282, 8.33075],
			"rotation": {"angle": -22.5, "axis": "z", "origin": [8, 20.13152, 8]},
			"faces": {
				"north": {"uv": [13, 2, 14, 3], "texture": "#2"},
				"east": {"uv": [13, 2, 14, 3], "texture": "#2"},
				"south": {"uv": [13, 2, 14, 3], "texture": "#2"},
				"west": {"uv": [13, 2, 14, 3], "texture": "#2"},
				"up": {"uv": [13, 2, 14, 3], "rotation": 90, "texture": "#2"},
				"down": {"uv": [13, 2, 14, 3], "rotation": 270, "texture": "#2"}
			}
		},
		{
			"from": [5.56289, 18.05032, 7.30175],
			"to": [6.59189, 20.25532, 8.69825],
			"rotation": {"angle": -22.5, "axis": "z", "origin": [8, 20.13152, 8]},
			"faces": {
				"north": {"uv": [12, 3, 13, 4], "texture": "#2"},
				"east": {"uv": [12, 3, 13, 4], "texture": "#2"},
				"south": {"uv": [12, 3, 13, 4], "texture": "#2"},
				"west": {"uv": [12, 3, 13, 4], "texture": "#2"},
				"up": {"uv": [12, 3, 13, 4], "rotation": 90, "texture": "#2"},
				"down": {"uv": [12, 3, 13, 4], "rotation": 270, "texture": "#2"}
			}
		},
		{
			"from": [3.86142, 19.94284, 7.44875],
			"to": [4.59642, 20.31034, 8.55125],
			"rotation": {"angle": 45, "axis": "z", "origin": [8, 20.13152, 8]},
			"faces": {
				"north": {"uv": [13, 2, 14, 3], "texture": "#2"},
				"east": {"uv": [13, 2, 14, 3], "texture": "#2"},
				"south": {"uv": [13, 2, 14, 3], "texture": "#2"},
				"west": {"uv": [13, 2, 14, 3], "texture": "#2"},
				"up": {"uv": [13, 2, 14, 3], "rotation": 90, "texture": "#2"},
				"down": {"uv": [13, 2, 14, 3], "rotation": 270, "texture": "#2"}
			}
		},
		{
			"from": [4.10802, 18.71296, 7.44875],
			"to": [4.84302, 19.08046, 8.55125],
			"rotation": {"angle": 22.5, "axis": "z", "origin": [8, 20.13152, 8]},
			"faces": {
				"north": {"uv": [13, 2, 14, 3], "texture": "#2"},
				"east": {"uv": [13, 2, 14, 3], "texture": "#2"},
				"south": {"uv": [13, 2, 14, 3], "texture": "#2"},
				"west": {"uv": [13, 2, 14, 3], "texture": "#2"},
				"up": {"uv": [13, 2, 14, 3], "rotation": 90, "texture": "#2"},
				"down": {"uv": [13, 2, 14, 3], "rotation": 270, "texture": "#2"}
			}
		},
		{
			"from": [4.8065, 17.67107, 7.44875],
			"to": [5.5415, 18.40607, 8.55125],
			"rotation": {"angle": 0, "axis": "x", "origin": [8, 20.13152, 8]},
			"faces": {
				"north": {"uv": [13, 2, 14, 3], "texture": "#2"},
				"east": {"uv": [13, 2, 14, 3], "texture": "#2"},
				"south": {"uv": [13, 2, 14, 3], "texture": "#2"},
				"west": {"uv": [13, 2, 14, 3], "texture": "#2"},
				"up": {"uv": [13, 2, 14, 3], "rotation": 90, "texture": "#2"},
				"down": {"uv": [13, 2, 14, 3], "rotation": 270, "texture": "#2"}
			}
		},
		{
			"from": [5.207, 17.07168, 7.44875],
			"to": [10.793, 17.58618, 8.55125],
			"rotation": {"angle": 0, "axis": "y", "origin": [8, 20.13152, 8]},
			"faces": {
				"north": {"uv": [13, 2, 14, 3], "texture": "#2"},
				"east": {"uv": [13, 2, 14, 3], "texture": "#2"},
				"south": {"uv": [13, 2, 14, 3], "texture": "#2"},
				"west": {"uv": [13, 2, 14, 3], "texture": "#2"},
				"up": {"uv": [13, 2, 14, 3], "rotation": 90, "texture": "#2"},
				"down": {"uv": [13, 2, 14, 3], "rotation": 270, "texture": "#2"}
			}
		},
		{
			"from": [7.66902, 15.35, 10.34037],
			"to": [8.41902, 16.1, 10.84037],
			"rotation": {"angle": 0, "axis": "y", "origin": [7.34402, 15.025, 10.64037]},
			"faces": {
				"north": {"uv": [13, 1, 14, 2], "texture": "#2"},
				"east": {"uv": [13, 1, 14, 2], "texture": "#2"},
				"south": {"uv": [13, 1, 14, 2], "texture": "#2"},
				"west": {"uv": [13, 1, 14, 2], "texture": "#2"},
				"up": {"uv": [13, 1, 14, 2], "rotation": 90, "texture": "#2"},
				"down": {"uv": [13, 1, 14, 2], "rotation": 270, "texture": "#2"}
			}
		},
		{
			"from": [6.85422, 14.65, 10.51753],
			"to": [7.60422, 15.4, 10.91753],
			"rotation": {"angle": -22.5, "axis": "y", "origin": [7.22922, 15.025, 10.91753]},
			"faces": {
				"north": {"uv": [13, 1, 14, 2], "texture": "#2"},
				"east": {"uv": [13, 1, 14, 2], "texture": "#2"},
				"south": {"uv": [13, 1, 14, 2], "texture": "#2"},
				"west": {"uv": [13, 1, 14, 2], "texture": "#2"},
				"up": {"uv": [13, 1, 14, 2], "rotation": 90, "texture": "#2"},
				"down": {"uv": [13, 1, 14, 2], "rotation": 270, "texture": "#2"}
			}
		},
		{
			"from": [5.43685, 13.95, 8.3482],
			"to": [5.83685, 14.7, 9.0982],
			"rotation": {"angle": 45, "axis": "y", "origin": [8.23685, 13, 8.2482]},
			"faces": {
				"north": {"uv": [13, 1, 14, 2], "texture": "#2"},
				"east": {"uv": [13, 1, 14, 2], "texture": "#2"},
				"south": {"uv": [13, 1, 14, 2], "texture": "#2"},
				"west": {"uv": [13, 1, 14, 2], "texture": "#2"},
				"up": {"uv": [13, 1, 14, 2], "rotation": 180, "texture": "#2"},
				"down": {"uv": [13, 1, 14, 2], "rotation": 180, "texture": "#2"}
			}
		},
		{
			"from": [5.83685, 13.25, 7.7482],
			"to": [6.23685, 14, 8.4982],
			"rotation": {"angle": 45, "axis": "y", "origin": [8.23685, 13, 8.2482]},
			"faces": {
				"north": {"uv": [13, 1, 14, 2], "texture": "#2"},
				"east": {"uv": [13, 1, 14, 2], "texture": "#2"},
				"south": {"uv": [13, 1, 14, 2], "texture": "#2"},
				"west": {"uv": [13, 1, 14, 2], "texture": "#2"},
				"up": {"uv": [13, 1, 14, 2], "rotation": 180, "texture": "#2"},
				"down": {"uv": [13, 1, 14, 2], "rotation": 180, "texture": "#2"}
			}
		},
		{
			"from": [6.68, 14.68, 6.68],
			"to": [9.32, 17.32, 9.32],
			"rotation": {"angle": 0, "axis": "y", "origin": [8, 17, 8]},
			"faces": {
				"north": {"uv": [0, 0, 16, 16], "texture": "#5"},
				"east": {"uv": [0, 0, 16, 16], "texture": "#5"},
				"south": {"uv": [0, 0, 16, 16], "texture": "#5"},
				"west": {"uv": [0, 0, 16, 16], "texture": "#5"},
				"up": {"uv": [0, 0, 16, 16], "texture": "#5"},
				"down": {"uv": [0, 0, 16, 16], "texture": "#5"}
			}
		},
		{
			"from": [6.58, 17.32, 6.58],
			"to": [9.42, 17.62, 9.42],
			"rotation": {"angle": 0, "axis": "y", "origin": [8, 17, 8]},
			"faces": {
				"north": {"uv": [0, 0, 16, 16], "texture": "#1"},
				"east": {"uv": [0, 0, 16, 16], "texture": "#1"},
				"south": {"uv": [0, 0, 16, 16], "texture": "#1"},
				"west": {"uv": [0, 0, 16, 16], "texture": "#1"},
				"up": {"uv": [0, 0, 16, 16], "texture": "#1"},
				"down": {"uv": [0, 0, 16, 16], "texture": "#1"}
			}
		}
	],
	"display": {
		"gui": {
			"rotation": [21, -24, 0],
			"translation": [0, 2.25, 0],
			"scale": [0.44, 0.4, 0.46]
		}
	}
}