{
	"credit": "Made with Blockbench",
	"textures": {
		"0": "block/stripped_spruce_log",
		"1": "block/acacia_log",
		"4": "block/brown_glazed_terracotta",
		"7": "block/piston_top",
		"8": "block/light_gray_concrete",
		"particle": "block/stripped_spruce_log"
	},
	"elements": [
		{
			"from": [-8.56, 6.965, 6.9995],
			"to": [24.56, 9.725, 9.0695],
			"rotation": {"angle": 0, "axis": "y", "origin": [-0.28, 6.275, 6.9995]},
			"faces": {
				"north": {"uv": [0, 0, 3, 5], "texture": "#0"},
				"east": {"uv": [0, 0, 3, 5], "texture": "#0"},
				"south": {"uv": [0, 0, 3, 5], "texture": "#0"},
				"west": {"uv": [0, 0, 3, 5], "texture": "#0"},
				"up": {"uv": [0, 0, 3, 5], "texture": "#0"},
				"down": {"uv": [0, 0, 3, 5], "texture": "#0"}
			}
		},
		{
			"from": [15.0725, 6.896, 6.9305],
			"to": [16.97, 9.794, 9.1385],
			"rotation": {"angle": 0, "axis": "y", "origin": [-0.28, 6.275, 6.9995]},
			"faces": {
				"north": {"uv": [0, 0, 5, 9], "texture": "#1"},
				"east": {"uv": [0, 0, 5, 9], "texture": "#1"},
				"south": {"uv": [0, 0, 5, 9], "texture": "#1"},
				"west": {"uv": [0, 0, 5, 9], "texture": "#1"},
				"up": {"uv": [0, 0, 5, 9], "texture": "#1"},
				"down": {"uv": [0, 0, 5, 9], "texture": "#1"}
			}
		},
		{
			"from": [24.4675, 6.896, 5.8805],
			"to": [27.365, 9.794, 10.0885],
			"rotation": {"angle": 0, "axis": "y", "origin": [1.425, 6.275, 6.9495]},
			"faces": {
				"north": {"uv": [0, 0, 5, 9], "texture": "#1"},
				"east": {"uv": [0, 0, 5, 9], "texture": "#1"},
				"south": {"uv": [0, 0, 5, 9], "texture": "#1"},
				"west": {"uv": [0, 0, 5, 9], "texture": "#1"},
				"up": {"uv": [0, 0, 5, 9], "texture": "#1"},
				"down": {"uv": [0, 0, 5, 9], "texture": "#1"}
			}
		},
		{
			"from": [-11.365, 6.896, 5.8805],
			"to": [-8.4675, 9.794, 10.0885],
			"rotation": {"angle": 0, "axis": "y", "origin": [14.575, 6.275, 6.9495]},
			"faces": {
				"north": {"uv": [5, 0, 0, 9], "texture": "#1"},
				"east": {"uv": [5, 0, 0, 9], "texture": "#1"},
				"south": {"uv": [5, 0, 0, 9], "texture": "#1"},
				"west": {"uv": [5, 0, 0, 9], "texture": "#1"},
				"up": {"uv": [5, 0, 0, 9], "texture": "#1"},
				"down": {"uv": [5, 0, 0, 9], "texture": "#1"}
			}
		},
		{
			"from": [-0.97, 6.896, 6.9305],
			"to": [0.9275, 9.794, 9.1385],
			"rotation": {"angle": 0, "axis": "y", "origin": [16.28, 6.275, 6.9995]},
			"faces": {
				"north": {"uv": [5, 0, 0, 9], "texture": "#1"},
				"east": {"uv": [5, 0, 0, 9], "texture": "#1"},
				"south": {"uv": [5, 0, 0, 9], "texture": "#1"},
				"west": {"uv": [5, 0, 0, 9], "texture": "#1"},
				"up": {"uv": [5, 0, 0, 9], "texture": "#1"},
				"down": {"uv": [5, 0, 0, 9], "texture": "#1"}
			}
		},
		{
			"name": "hexadecagon",
			"from": [7.31375, 4.55, 6.6545],
			"to": [8.68625, 11.45, 9.4145],
			"rotation": {"angle": -45, "axis": "z", "origin": [8, 8, 8.0345]},
			"faces": {
				"north": {"uv": [0, 0, 1, 1], "texture": "#1"},
				"east": {"uv": [0, 0, 1, 1], "texture": "#1"},
				"south": {"uv": [0, 0, 1, 1], "texture": "#1"},
				"west": {"uv": [0, 0, 1, 1], "texture": "#1"},
				"up": {"uv": [0, 0, 1, 1], "texture": "#1"},
				"down": {"uv": [0, 0, 1, 1], "texture": "#1"}
			}
		},
		{
			"name": "hexadecagon",
			"from": [7.31375, 4.55, 6.6545],
			"to": [8.68625, 11.45, 9.4145],
			"rotation": {"angle": -22.5, "axis": "z", "origin": [8, 8, 8.0345]},
			"faces": {
				"north": {"uv": [0, 0, 1, 1], "texture": "#1"},
				"east": {"uv": [0, 0, 1, 1], "texture": "#1"},
				"south": {"uv": [0, 0, 1, 1], "texture": "#1"},
				"west": {"uv": [0, 0, 1, 1], "texture": "#1"},
				"up": {"uv": [0, 0, 1, 1], "texture": "#1"},
				"down": {"uv": [0, 0, 1, 1], "texture": "#1"}
			}
		},
		{
			"name": "hexadecagon",
			"from": [7.31375, 4.55, 6.6545],
			"to": [8.68625, 11.45, 9.4145],
			"rotation": {"angle": 0, "axis": "z", "origin": [8, 8, 8.0345]},
			"faces": {
				"north": {"uv": [0, 0, 1, 1], "texture": "#1"},
				"east": {"uv": [0, 0, 1, 1], "texture": "#1"},
				"south": {"uv": [0, 0, 1, 1], "texture": "#1"},
				"west": {"uv": [0, 0, 1, 1], "texture": "#1"},
				"up": {"uv": [0, 0, 1, 1], "texture": "#1"},
				"down": {"uv": [0, 0, 1, 1], "texture": "#1"}
			}
		},
		{
			"name": "hexadecagon",
			"from": [5.93375, 5.93, 6.5165],
			"to": [10.06625, 10.07, 9.4835],
			"rotation": {"angle": 45, "axis": "z", "origin": [8, 8, 8.0345]},
			"faces": {
				"north": {"uv": [0, 0, 16, 16], "texture": "#7"},
				"east": {"uv": [0, 0, 16, 16], "texture": "#7"},
				"south": {"uv": [0, 0, 16, 16], "texture": "#7"},
				"west": {"uv": [0, 0, 16, 16], "texture": "#7"},
				"up": {"uv": [0, 0, 16, 16], "texture": "#7"},
				"down": {"uv": [0, 0, 16, 16], "texture": "#7"}
			}
		},
		{
			"name": "hexadecagon",
			"from": [7.65235, 7.65235, 6.2405],
			"to": [8.34235, 8.34235, 9.6905],
			"rotation": {"angle": 0, "axis": "z", "origin": [7.99735, 7.99735, 8]},
			"faces": {
				"north": {"uv": [0, 0, 16, 16], "texture": "#1"},
				"east": {"uv": [0, 0, 16, 16], "texture": "#1"},
				"south": {"uv": [0, 0, 16, 16], "texture": "#1"},
				"west": {"uv": [0, 0, 16, 16], "texture": "#1"},
				"up": {"uv": [0, 0, 16, 16], "texture": "#1"},
				"down": {"uv": [0, 0, 16, 16], "texture": "#1"}
			}
		},
		{
			"name": "hexadecagon",
			"from": [6.96235, 8.69, 6.4475],
			"to": [7.30735, 9.035, 9.6215],
			"rotation": {"angle": 0, "axis": "z", "origin": [7.99735, 8.3105, 8.069]},
			"faces": {
				"north": {"uv": [15, 4, 16, 5], "texture": "#4"},
				"east": {"uv": [15, 4, 16, 5], "texture": "#4"},
				"south": {"uv": [15, 4, 16, 5], "texture": "#4"},
				"west": {"uv": [15, 4, 16, 5], "texture": "#4"},
				"up": {"uv": [15, 4, 16, 5], "texture": "#4"},
				"down": {"uv": [15, 4, 16, 5], "texture": "#4"}
			}
		},
		{
			"name": "hexadecagon",
			"from": [7.30735, 9.035, 6.4475],
			"to": [8.68735, 9.38, 9.6215],
			"rotation": {"angle": 0, "axis": "z", "origin": [7.99735, 8.3105, 8.069]},
			"faces": {
				"north": {"uv": [15, 4, 16, 5], "texture": "#4"},
				"east": {"uv": [15, 4, 16, 5], "texture": "#4"},
				"south": {"uv": [15, 4, 16, 5], "texture": "#4"},
				"west": {"uv": [15, 4, 16, 5], "texture": "#4"},
				"up": {"uv": [15, 4, 16, 5], "texture": "#4"},
				"down": {"uv": [15, 4, 16, 5], "texture": "#4"}
			}
		},
		{
			"name": "hexadecagon",
			"from": [6.61735, 7.655, 6.4475],
			"to": [6.96235, 8.69, 9.6215],
			"rotation": {"angle": 0, "axis": "z", "origin": [7.99735, 8.3105, 8.069]},
			"faces": {
				"north": {"uv": [15, 4, 16, 5], "texture": "#4"},
				"east": {"uv": [15, 4, 16, 5], "texture": "#4"},
				"south": {"uv": [15, 4, 16, 5], "texture": "#4"},
				"west": {"uv": [15, 4, 16, 5], "texture": "#4"},
				"up": {"uv": [15, 4, 16, 5], "texture": "#4"},
				"down": {"uv": [15, 4, 16, 5], "texture": "#4"}
			}
		},
		{
			"name": "hexadecagon",
			"from": [8.69265, 8.69, 6.4475],
			"to": [9.03765, 9.035, 9.6215],
			"rotation": {"angle": 0, "axis": "z", "origin": [8.00265, 8.3105, 8.069]},
			"faces": {
				"north": {"uv": [16, 4, 15, 5], "texture": "#4"},
				"east": {"uv": [16, 4, 15, 5], "texture": "#4"},
				"south": {"uv": [16, 4, 15, 5], "texture": "#4"},
				"west": {"uv": [16, 4, 15, 5], "texture": "#4"},
				"up": {"uv": [16, 4, 15, 5], "texture": "#4"},
				"down": {"uv": [16, 4, 15, 5], "texture": "#4"}
			}
		},
		{
			"name": "hexadecagon",
			"from": [9.03765, 7.31, 6.4475],
			"to": [9.38265, 8.69, 9.6215],
			"rotation": {"angle": 0, "axis": "z", "origin": [8.00265, 8.3105, 8.069]},
			"faces": {
				"north": {"uv": [16, 4, 15, 5], "texture": "#4"},
				"east": {"uv": [16, 4, 15, 5], "texture": "#4"},
				"south": {"uv": [16, 4, 15, 5], "texture": "#4"},
				"west": {"uv": [16, 4, 15, 5], "texture": "#4"},
				"up": {"uv": [16, 4, 15, 5], "texture": "#4"},
				"down": {"uv": [16, 4, 15, 5], "texture": "#4"}
			}
		},
		{
			"name": "hexadecagon",
			"from": [6.96235, 7.31, 6.4475],
			"to": [7.85935, 7.655, 9.6215],
			"rotation": {"angle": 0, "axis": "z", "origin": [7.99735, 8.3105, 8.069]},
			"faces": {
				"north": {"uv": [15, 4, 16, 5], "texture": "#4"},
				"east": {"uv": [15, 4, 16, 5], "texture": "#4"},
				"south": {"uv": [15, 4, 16, 5], "texture": "#4"},
				"west": {"uv": [15, 4, 16, 5], "texture": "#4"},
				"up": {"uv": [15, 4, 16, 5], "texture": "#4"},
				"down": {"uv": [15, 4, 16, 5], "texture": "#4"}
			}
		},
		{
			"name": "hexadecagon",
			"from": [8.68735, 6.965, 6.4475],
			"to": [9.03235, 7.31, 9.6215],
			"rotation": {"angle": 0, "axis": "z", "origin": [7.99735, 8.3105, 8.069]},
			"faces": {
				"north": {"uv": [15, 4, 16, 5], "texture": "#4"},
				"east": {"uv": [15, 4, 16, 5], "texture": "#4"},
				"south": {"uv": [15, 4, 16, 5], "texture": "#4"},
				"west": {"uv": [15, 4, 16, 5], "texture": "#4"},
				"up": {"uv": [15, 4, 16, 5], "texture": "#4"},
				"down": {"uv": [15, 4, 16, 5], "texture": "#4"}
			}
		},
		{
			"name": "hexadecagon",
			"from": [8.34235, 6.62, 6.4475],
			"to": [8.68735, 6.965, 9.6215],
			"rotation": {"angle": 0, "axis": "z", "origin": [7.99735, 8.3105, 8.069]},
			"faces": {
				"north": {"uv": [15, 4, 16, 5], "texture": "#4"},
				"east": {"uv": [15, 4, 16, 5], "texture": "#4"},
				"south": {"uv": [15, 4, 16, 5], "texture": "#4"},
				"west": {"uv": [15, 4, 16, 5], "texture": "#4"},
				"up": {"uv": [15, 4, 16, 5], "texture": "#4"},
				"down": {"uv": [15, 4, 16, 5], "texture": "#4"}
			}
		},
		{
			"name": "hexadecagon",
			"from": [6.78985, 6.275, 6.4475],
			"to": [8.34235, 6.62, 9.6215],
			"rotation": {"angle": 0, "axis": "z", "origin": [7.99735, 8.3105, 8.069]},
			"faces": {
				"north": {"uv": [15, 4, 16, 5], "texture": "#4"},
				"east": {"uv": [15, 4, 16, 5], "texture": "#4"},
				"south": {"uv": [15, 4, 16, 5], "texture": "#4"},
				"west": {"uv": [15, 4, 16, 5], "texture": "#4"},
				"up": {"uv": [15, 4, 16, 5], "texture": "#4"},
				"down": {"uv": [15, 4, 16, 5], "texture": "#4"}
			}
		},
		{
			"name": "hexadecagon",
			"from": [7.86575, 11.036, 6.5165],
			"to": [8.20325, 11.381, 9.5525],
			"rotation": {"angle": 0, "axis": "z", "origin": [8, 8, 8.0345]},
			"faces": {
				"north": {"uv": [1, 2, 2, 3], "texture": "#1"},
				"east": {"uv": [1, 2, 2, 3], "texture": "#1"},
				"south": {"uv": [1, 2, 2, 3], "texture": "#1"},
				"west": {"uv": [1, 2, 2, 3], "texture": "#1"},
				"up": {"uv": [1, 2, 2, 3], "texture": "#1"},
				"down": {"uv": [1, 2, 2, 3], "texture": "#1"}
			}
		},
		{
			"name": "hexadecagon",
			"from": [7.86575, 4.619, 6.5165],
			"to": [8.20325, 4.964, 9.5525],
			"rotation": {"angle": 0, "axis": "z", "origin": [8, 8, 8.0345]},
			"faces": {
				"north": {"uv": [1, 3, 2, 2], "texture": "#1"},
				"east": {"uv": [1, 3, 2, 2], "texture": "#1"},
				"south": {"uv": [1, 3, 2, 2], "texture": "#1"},
				"west": {"uv": [1, 3, 2, 2], "texture": "#1"},
				"up": {"uv": [1, 3, 2, 2], "texture": "#1"},
				"down": {"uv": [1, 3, 2, 2], "texture": "#1"}
			}
		},
		{
			"name": "hexadecagon",
			"from": [7.86575, 4.619, 6.5165],
			"to": [8.20325, 4.964, 9.5525],
			"rotation": {"angle": 22.5, "axis": "z", "origin": [8.0345, 8, 6.5855]},
			"faces": {
				"north": {"uv": [1, 3, 2, 2], "texture": "#1"},
				"east": {"uv": [1, 3, 2, 2], "texture": "#1"},
				"south": {"uv": [1, 3, 2, 2], "texture": "#1"},
				"west": {"uv": [1, 3, 2, 2], "texture": "#1"},
				"up": {"uv": [1, 3, 2, 2], "texture": "#1"},
				"down": {"uv": [1, 3, 2, 2], "texture": "#1"}
			}
		},
		{
			"name": "hexadecagon",
			"from": [7.86575, 11.036, 6.5165],
			"to": [8.20325, 11.381, 9.5525],
			"rotation": {"angle": 22.5, "axis": "z", "origin": [8.0345, 8, 6.5855]},
			"faces": {
				"north": {"uv": [1, 2, 2, 3], "texture": "#1"},
				"east": {"uv": [1, 2, 2, 3], "texture": "#1"},
				"south": {"uv": [1, 2, 2, 3], "texture": "#1"},
				"west": {"uv": [1, 2, 2, 3], "texture": "#1"},
				"up": {"uv": [1, 2, 2, 3], "texture": "#1"},
				"down": {"uv": [1, 2, 2, 3], "texture": "#1"}
			}
		},
		{
			"name": "hexadecagon",
			"from": [11.0705, 7.83125, 6.5165],
			"to": [11.4155, 8.16875, 9.5525],
			"rotation": {"angle": -22.5, "axis": "z", "origin": [8.0345, 8, 6.5855]},
			"faces": {
				"north": {"uv": [1, 3, 2, 2], "rotation": 90, "texture": "#1"},
				"east": {"uv": [1, 3, 2, 2], "rotation": 270, "texture": "#1"},
				"south": {"uv": [1, 3, 2, 2], "rotation": 270, "texture": "#1"},
				"west": {"uv": [1, 3, 2, 2], "rotation": 270, "texture": "#1"},
				"up": {"uv": [1, 3, 2, 2], "rotation": 270, "texture": "#1"},
				"down": {"uv": [1, 3, 2, 2], "rotation": 270, "texture": "#1"}
			}
		},
		{
			"name": "hexadecagon",
			"from": [4.6535, 7.83125, 6.5165],
			"to": [4.9985, 8.16875, 9.5525],
			"rotation": {"angle": -22.5, "axis": "z", "origin": [8.0345, 8, 6.5855]},
			"faces": {
				"north": {"uv": [1, 2, 2, 3], "rotation": 90, "texture": "#1"},
				"east": {"uv": [1, 2, 2, 3], "rotation": 270, "texture": "#1"},
				"south": {"uv": [1, 2, 2, 3], "rotation": 270, "texture": "#1"},
				"west": {"uv": [1, 2, 2, 3], "rotation": 270, "texture": "#1"},
				"up": {"uv": [1, 2, 2, 3], "rotation": 270, "texture": "#1"},
				"down": {"uv": [1, 2, 2, 3], "rotation": 270, "texture": "#1"}
			}
		},
		{
			"name": "hexadecagon",
			"from": [7.86575, 11.036, 6.5165],
			"to": [8.20325, 11.381, 9.5525],
			"rotation": {"angle": 45, "axis": "z", "origin": [8, 8, 8.0345]},
			"faces": {
				"north": {"uv": [1, 2, 2, 3], "texture": "#1"},
				"east": {"uv": [1, 2, 2, 3], "texture": "#1"},
				"south": {"uv": [1, 2, 2, 3], "texture": "#1"},
				"west": {"uv": [1, 2, 2, 3], "texture": "#1"},
				"up": {"uv": [1, 2, 2, 3], "texture": "#1"},
				"down": {"uv": [1, 2, 2, 3], "texture": "#1"}
			}
		},
		{
			"name": "hexadecagon",
			"from": [7.86575, 4.619, 6.5165],
			"to": [8.20325, 4.964, 9.5525],
			"rotation": {"angle": 45, "axis": "z", "origin": [8, 8, 8.0345]},
			"faces": {
				"north": {"uv": [1, 3, 2, 2], "texture": "#1"},
				"east": {"uv": [1, 3, 2, 2], "texture": "#1"},
				"south": {"uv": [1, 3, 2, 2], "texture": "#1"},
				"west": {"uv": [1, 3, 2, 2], "texture": "#1"},
				"up": {"uv": [1, 3, 2, 2], "texture": "#1"},
				"down": {"uv": [1, 3, 2, 2], "texture": "#1"}
			}
		},
		{
			"name": "hexadecagon",
			"from": [11.036, 7.86575, 6.5165],
			"to": [11.381, 8.20325, 9.5525],
			"rotation": {"angle": 0, "axis": "z", "origin": [8, 8, 8.0345]},
			"faces": {
				"north": {"uv": [1, 3, 2, 2], "rotation": 90, "texture": "#1"},
				"east": {"uv": [1, 3, 2, 2], "rotation": 270, "texture": "#1"},
				"south": {"uv": [1, 3, 2, 2], "rotation": 270, "texture": "#1"},
				"west": {"uv": [1, 3, 2, 2], "rotation": 270, "texture": "#1"},
				"up": {"uv": [1, 3, 2, 2], "rotation": 270, "texture": "#1"},
				"down": {"uv": [1, 3, 2, 2], "rotation": 270, "texture": "#1"}
			}
		},
		{
			"name": "hexadecagon",
			"from": [11.0705, 7.83125, 6.5165],
			"to": [11.4155, 8.16875, 9.5525],
			"rotation": {"angle": 22.5, "axis": "z", "origin": [8.0345, 8, 6.5855]},
			"faces": {
				"north": {"uv": [1, 3, 2, 2], "rotation": 90, "texture": "#1"},
				"east": {"uv": [1, 3, 2, 2], "rotation": 270, "texture": "#1"},
				"south": {"uv": [1, 3, 2, 2], "rotation": 270, "texture": "#1"},
				"west": {"uv": [1, 3, 2, 2], "rotation": 270, "texture": "#1"},
				"up": {"uv": [1, 3, 2, 2], "rotation": 270, "texture": "#1"},
				"down": {"uv": [1, 3, 2, 2], "rotation": 270, "texture": "#1"}
			}
		},
		{
			"name": "hexadecagon",
			"from": [7.86575, 11.036, 6.5165],
			"to": [8.20325, 11.381, 9.5525],
			"rotation": {"angle": -22.5, "axis": "z", "origin": [8.0345, 8, 6.5855]},
			"faces": {
				"north": {"uv": [1, 3, 2, 2], "rotation": 180, "texture": "#1"},
				"east": {"uv": [1, 3, 2, 2], "rotation": 180, "texture": "#1"},
				"south": {"uv": [1, 3, 2, 2], "rotation": 180, "texture": "#1"},
				"west": {"uv": [1, 3, 2, 2], "rotation": 180, "texture": "#1"},
				"up": {"uv": [1, 3, 2, 2], "rotation": 180, "texture": "#1"},
				"down": {"uv": [1, 3, 2, 2], "rotation": 180, "texture": "#1"}
			}
		},
		{
			"name": "hexadecagon",
			"from": [7.86575, 4.619, 6.5165],
			"to": [8.20325, 4.964, 9.5525],
			"rotation": {"angle": -22.5, "axis": "z", "origin": [8.0345, 8, 6.5855]},
			"faces": {
				"north": {"uv": [1, 2, 2, 3], "rotation": 180, "texture": "#1"},
				"east": {"uv": [1, 2, 2, 3], "rotation": 180, "texture": "#1"},
				"south": {"uv": [1, 2, 2, 3], "rotation": 180, "texture": "#1"},
				"west": {"uv": [1, 2, 2, 3], "rotation": 180, "texture": "#1"},
				"up": {"uv": [1, 2, 2, 3], "rotation": 180, "texture": "#1"},
				"down": {"uv": [1, 2, 2, 3], "rotation": 180, "texture": "#1"}
			}
		},
		{
			"name": "hexadecagon",
			"from": [4.619, 7.86575, 6.5165],
			"to": [4.964, 8.20325, 9.5525],
			"rotation": {"angle": 45, "axis": "z", "origin": [8, 8, 8.0345]},
			"faces": {
				"north": {"uv": [1, 2, 2, 3], "rotation": 90, "texture": "#1"},
				"east": {"uv": [1, 2, 2, 3], "rotation": 270, "texture": "#1"},
				"south": {"uv": [1, 2, 2, 3], "rotation": 270, "texture": "#1"},
				"west": {"uv": [1, 2, 2, 3], "rotation": 270, "texture": "#1"},
				"up": {"uv": [1, 2, 2, 3], "rotation": 270, "texture": "#1"},
				"down": {"uv": [1, 2, 2, 3], "rotation": 270, "texture": "#1"}
			}
		},
		{
			"name": "hexadecagon",
			"from": [11.036, 7.86575, 6.5165],
			"to": [11.381, 8.20325, 9.5525],
			"rotation": {"angle": 45, "axis": "z", "origin": [8, 8, 8.0345]},
			"faces": {
				"north": {"uv": [1, 3, 2, 2], "rotation": 90, "texture": "#1"},
				"east": {"uv": [1, 3, 2, 2], "rotation": 270, "texture": "#1"},
				"south": {"uv": [1, 3, 2, 2], "rotation": 270, "texture": "#1"},
				"west": {"uv": [1, 3, 2, 2], "rotation": 270, "texture": "#1"},
				"up": {"uv": [1, 3, 2, 2], "rotation": 270, "texture": "#1"},
				"down": {"uv": [1, 3, 2, 2], "rotation": 270, "texture": "#1"}
			}
		},
		{
			"name": "hexadecagon",
			"from": [4.6535, 7.83125, 6.5165],
			"to": [4.9985, 8.16875, 9.5525],
			"rotation": {"angle": 22.5, "axis": "z", "origin": [8.0345, 8, 6.5855]},
			"faces": {
				"north": {"uv": [1, 2, 2, 3], "rotation": 90, "texture": "#1"},
				"east": {"uv": [1, 2, 2, 3], "rotation": 270, "texture": "#1"},
				"south": {"uv": [1, 2, 2, 3], "rotation": 270, "texture": "#1"},
				"west": {"uv": [1, 2, 2, 3], "rotation": 270, "texture": "#1"},
				"up": {"uv": [1, 2, 2, 3], "rotation": 270, "texture": "#1"},
				"down": {"uv": [1, 2, 2, 3], "rotation": 270, "texture": "#1"}
			}
		},
		{
			"name": "hexadecagon",
			"from": [4.619, 7.86575, 6.5165],
			"to": [4.964, 8.20325, 9.5525],
			"rotation": {"angle": 0, "axis": "z", "origin": [8, 8, 8.0345]},
			"faces": {
				"north": {"uv": [1, 2, 2, 3], "rotation": 90, "texture": "#1"},
				"east": {"uv": [1, 2, 2, 3], "rotation": 270, "texture": "#1"},
				"south": {"uv": [1, 2, 2, 3], "rotation": 270, "texture": "#1"},
				"west": {"uv": [1, 2, 2, 3], "rotation": 270, "texture": "#1"},
				"up": {"uv": [1, 2, 2, 3], "rotation": 270, "texture": "#1"},
				"down": {"uv": [1, 2, 2, 3], "rotation": 270, "texture": "#1"}
			}
		},
		{
			"name": "hexadecagon",
			"from": [7.31375, 4.55, 6.6545],
			"to": [8.68625, 11.45, 9.4145],
			"rotation": {"angle": 22.5, "axis": "z", "origin": [8, 8, 8.0345]},
			"faces": {
				"north": {"uv": [0, 0, 1, 1], "texture": "#1"},
				"east": {"uv": [0, 0, 1, 1], "texture": "#1"},
				"south": {"uv": [0, 0, 1, 1], "texture": "#1"},
				"west": {"uv": [0, 0, 1, 1], "texture": "#1"},
				"up": {"uv": [0, 0, 1, 1], "texture": "#1"},
				"down": {"uv": [0, 0, 1, 1], "texture": "#1"}
			}
		},
		{
			"name": "hexadecagon",
			"from": [7.31375, 4.55, 6.6545],
			"to": [8.68625, 11.45, 9.4145],
			"rotation": {"angle": 45, "axis": "z", "origin": [8, 8, 8.0345]},
			"faces": {
				"north": {"uv": [0, 0, 1, 1], "texture": "#1"},
				"east": {"uv": [0, 0, 1, 1], "texture": "#1"},
				"south": {"uv": [0, 0, 1, 1], "texture": "#1"},
				"west": {"uv": [0, 0, 1, 1], "texture": "#1"},
				"up": {"uv": [0, 0, 1, 1], "texture": "#1"},
				"down": {"uv": [0, 0, 1, 1], "texture": "#1"}
			}
		},
		{
			"name": "hexadecagon",
			"from": [4.55, 7.31375, 6.6545],
			"to": [11.45, 8.68625, 9.4145],
			"rotation": {"angle": -22.5, "axis": "z", "origin": [8, 8, 8.0345]},
			"faces": {
				"north": {"uv": [0, 0, 1, 1], "texture": "#1"},
				"east": {"uv": [0, 0, 1, 1], "texture": "#1"},
				"south": {"uv": [0, 0, 1, 1], "texture": "#1"},
				"west": {"uv": [0, 0, 1, 1], "texture": "#1"},
				"up": {"uv": [0, 0, 1, 1], "texture": "#1"},
				"down": {"uv": [0, 0, 1, 1], "texture": "#1"}
			}
		},
		{
			"name": "hexadecagon",
			"from": [4.55, 7.31375, 6.6545],
			"to": [11.45, 8.68625, 9.4145],
			"rotation": {"angle": 0, "axis": "z", "origin": [8, 8, 8.0345]},
			"faces": {
				"north": {"uv": [0, 0, 1, 1], "texture": "#1"},
				"east": {"uv": [0, 0, 1, 1], "texture": "#1"},
				"south": {"uv": [0, 0, 1, 1], "texture": "#1"},
				"west": {"uv": [0, 0, 1, 1], "texture": "#1"},
				"up": {"uv": [0, 0, 1, 1], "texture": "#1"},
				"down": {"uv": [0, 0, 1, 1], "texture": "#1"}
			}
		},
		{
			"name": "hexadecagon",
			"from": [4.55, 7.31375, 6.6545],
			"to": [11.45, 8.68625, 9.4145],
			"rotation": {"angle": 22.5, "axis": "z", "origin": [8, 8, 8.0345]},
			"faces": {
				"north": {"uv": [0, 0, 1, 1], "texture": "#1"},
				"east": {"uv": [0, 0, 1, 1], "texture": "#1"},
				"south": {"uv": [0, 0, 1, 1], "texture": "#1"},
				"west": {"uv": [0, 0, 1, 1], "texture": "#1"},
				"up": {"uv": [0, 0, 1, 1], "texture": "#1"},
				"down": {"uv": [0, 0, 1, 1], "texture": "#1"}
			}
		},
		{
			"name": "hexadecagon",
			"from": [6.91812, 2.561, 8.58415],
			"to": [9.08188, 3.6488, 10.21585],
			"rotation": {"angle": -45, "axis": "z", "origin": [8, 8, 9.4]},
			"faces": {
				"north": {"uv": [6, 1, 7, 2], "texture": "#8"},
				"east": {"uv": [6, 1, 7, 2], "texture": "#8"},
				"south": {"uv": [6, 1, 7, 2], "texture": "#8"},
				"west": {"uv": [6, 1, 7, 2], "texture": "#8"},
				"up": {"uv": [6, 1, 7, 2], "texture": "#8"},
				"down": {"uv": [6, 1, 7, 2], "texture": "#8"}
			}
		},
		{
			"name": "hexadecagon",
			"from": [6.91812, 2.561, 8.58415],
			"to": [9.08188, 3.6488, 10.21585],
			"rotation": {"angle": -22.5, "axis": "z", "origin": [8, 8, 9.4]},
			"faces": {
				"north": {"uv": [6, 1, 7, 2], "texture": "#8"},
				"east": {"uv": [6, 1, 7, 2], "texture": "#8"},
				"south": {"uv": [6, 1, 7, 2], "texture": "#8"},
				"west": {"uv": [6, 1, 7, 2], "texture": "#8"},
				"up": {"uv": [6, 1, 7, 2], "texture": "#8"},
				"down": {"uv": [6, 1, 7, 2], "texture": "#8"}
			}
		},
		{
			"name": "hexadecagon",
			"from": [6.91812, 2.561, 8.58415],
			"to": [9.08188, 3.6488, 10.21585],
			"rotation": {"angle": 0, "axis": "z", "origin": [8, 8, 9.4]},
			"faces": {
				"north": {"uv": [6, 1, 7, 2], "texture": "#8"},
				"east": {"uv": [6, 1, 7, 2], "texture": "#8"},
				"south": {"uv": [6, 1, 7, 2], "texture": "#8"},
				"west": {"uv": [6, 1, 7, 2], "texture": "#8"},
				"up": {"uv": [6, 1, 7, 2], "texture": "#8"},
				"down": {"uv": [6, 1, 7, 2], "texture": "#8"}
			}
		},
		{
			"name": "hexadecagon",
			"from": [6.91812, 2.561, 8.58415],
			"to": [9.08188, 3.6488, 10.21585],
			"rotation": {"angle": 22.5, "axis": "z", "origin": [8, 8, 9.4]},
			"faces": {
				"north": {"uv": [6, 1, 7, 2], "texture": "#8"},
				"east": {"uv": [6, 1, 7, 2], "texture": "#8"},
				"south": {"uv": [6, 1, 7, 2], "texture": "#8"},
				"west": {"uv": [6, 1, 7, 2], "texture": "#8"},
				"up": {"uv": [6, 1, 7, 2], "texture": "#8"},
				"down": {"uv": [6, 1, 7, 2], "texture": "#8"}
			}
		},
		{
			"name": "hexadecagon",
			"from": [6.91812, 2.561, 8.58415],
			"to": [9.08188, 3.6488, 10.21585],
			"rotation": {"angle": 45, "axis": "z", "origin": [8, 8, 9.4]},
			"faces": {
				"north": {"uv": [6, 1, 7, 2], "texture": "#8"},
				"east": {"uv": [6, 1, 7, 2], "texture": "#8"},
				"south": {"uv": [6, 1, 7, 2], "texture": "#8"},
				"west": {"uv": [6, 1, 7, 2], "texture": "#8"},
				"up": {"uv": [6, 1, 7, 2], "texture": "#8"},
				"down": {"uv": [6, 1, 7, 2], "texture": "#8"}
			}
		},
		{
			"name": "hexadecagon",
			"from": [6.91812, 12.3512, 8.58415],
			"to": [9.08188, 13.439, 10.21585],
			"rotation": {"angle": -45, "axis": "z", "origin": [8, 8, 9.4]},
			"faces": {
				"north": {"uv": [6, 1, 7, 2], "texture": "#8"},
				"east": {"uv": [6, 1, 7, 2], "texture": "#8"},
				"south": {"uv": [6, 1, 7, 2], "texture": "#8"},
				"west": {"uv": [6, 1, 7, 2], "texture": "#8"},
				"up": {"uv": [6, 1, 7, 2], "texture": "#8"},
				"down": {"uv": [6, 1, 7, 2], "texture": "#8"}
			}
		},
		{
			"name": "hexadecagon",
			"from": [6.91812, 12.3512, 8.58415],
			"to": [9.08188, 13.439, 10.21585],
			"rotation": {"angle": -22.5, "axis": "z", "origin": [8, 8, 9.4]},
			"faces": {
				"north": {"uv": [6, 1, 7, 2], "texture": "#8"},
				"east": {"uv": [6, 1, 7, 2], "texture": "#8"},
				"south": {"uv": [6, 1, 7, 2], "texture": "#8"},
				"west": {"uv": [6, 1, 7, 2], "texture": "#8"},
				"up": {"uv": [6, 1, 7, 2], "texture": "#8"},
				"down": {"uv": [6, 1, 7, 2], "texture": "#8"}
			}
		},
		{
			"name": "hexadecagon",
			"from": [7.66812, 13.439, 8.58415],
			"to": [8.33188, 13.939, 10.21585],
			"rotation": {"angle": -22.5, "axis": "z", "origin": [8, 8, 9.4]},
			"faces": {
				"north": {"uv": [6, 1, 7, 2], "texture": "#8"},
				"east": {"uv": [6, 1, 7, 2], "texture": "#8"},
				"south": {"uv": [6, 1, 7, 2], "texture": "#8"},
				"west": {"uv": [6, 1, 7, 2], "texture": "#8"},
				"up": {"uv": [6, 1, 7, 2], "texture": "#8"},
				"down": {"uv": [6, 1, 7, 2], "texture": "#8"}
			}
		},
		{
			"name": "hexadecagon",
			"from": [7.66812, 13.439, 8.58415],
			"to": [8.33188, 13.939, 10.21585],
			"rotation": {"angle": 22.5, "axis": "z", "origin": [8, 8, 9.4]},
			"faces": {
				"north": {"uv": [7, 1, 6, 2], "texture": "#8"},
				"east": {"uv": [7, 1, 6, 2], "texture": "#8"},
				"south": {"uv": [7, 1, 6, 2], "texture": "#8"},
				"west": {"uv": [7, 1, 6, 2], "texture": "#8"},
				"up": {"uv": [7, 1, 6, 2], "texture": "#8"},
				"down": {"uv": [7, 1, 6, 2], "texture": "#8"}
			}
		},
		{
			"name": "hexadecagon",
			"from": [9.67948, 1.66091, 8.58415],
			"to": [10.34325, 2.16091, 10.21585],
			"rotation": {"angle": 22.5, "axis": "z", "origin": [8, 2.74405, 9.4]},
			"faces": {
				"north": {"uv": [6, 2, 7, 1], "texture": "#8"},
				"east": {"uv": [6, 2, 7, 1], "texture": "#8"},
				"south": {"uv": [6, 2, 7, 1], "texture": "#8"},
				"west": {"uv": [6, 2, 7, 1], "texture": "#8"},
				"up": {"uv": [6, 2, 7, 1], "texture": "#8"},
				"down": {"uv": [6, 2, 7, 1], "texture": "#8"}
			}
		},
		{
			"name": "hexadecagon",
			"from": [5.65675, 1.66091, 8.58415],
			"to": [6.32052, 2.16091, 10.21585],
			"rotation": {"angle": -22.5, "axis": "z", "origin": [8, 2.74405, 9.4]},
			"faces": {
				"north": {"uv": [7, 2, 6, 1], "texture": "#8"},
				"east": {"uv": [7, 2, 6, 1], "texture": "#8"},
				"south": {"uv": [7, 2, 6, 1], "texture": "#8"},
				"west": {"uv": [7, 2, 6, 1], "texture": "#8"},
				"up": {"uv": [7, 2, 6, 1], "texture": "#8"},
				"down": {"uv": [7, 2, 6, 1], "texture": "#8"}
			}
		},
		{
			"name": "hexadecagon",
			"from": [6.91812, 12.3512, 8.58415],
			"to": [9.08188, 13.439, 10.21585],
			"rotation": {"angle": 0, "axis": "z", "origin": [8, 8, 9.4]},
			"faces": {
				"north": {"uv": [6, 1, 7, 2], "texture": "#8"},
				"east": {"uv": [6, 1, 7, 2], "texture": "#8"},
				"south": {"uv": [6, 1, 7, 2], "texture": "#8"},
				"west": {"uv": [6, 1, 7, 2], "texture": "#8"},
				"up": {"uv": [6, 1, 7, 2], "texture": "#8"},
				"down": {"uv": [6, 1, 7, 2], "texture": "#8"}
			}
		},
		{
			"name": "hexadecagon",
			"from": [7.54312, 2.125, 8.83415],
			"to": [8.45688, 13.875, 9.96585],
			"rotation": {"angle": 0, "axis": "z", "origin": [8.625, 7.936, 9.4]},
			"faces": {
				"north": {"uv": [6, 1, 7, 2], "texture": "#8"},
				"east": {"uv": [6, 1, 7, 2], "texture": "#8"},
				"south": {"uv": [6, 1, 7, 2], "texture": "#8"},
				"west": {"uv": [6, 1, 7, 2], "texture": "#8"},
				"up": {"uv": [6, 1, 7, 2], "texture": "#8"},
				"down": {"uv": [6, 1, 7, 2], "texture": "#8"}
			}
		},
		{
			"name": "hexadecagon",
			"from": [7.54312, 2.125, 8.83415],
			"to": [8.45688, 13.875, 9.96585],
			"rotation": {"angle": 45, "axis": "z", "origin": [8, 8, 9.4]},
			"faces": {
				"north": {"uv": [6, 1, 7, 2], "texture": "#8"},
				"east": {"uv": [6, 1, 7, 2], "texture": "#8"},
				"south": {"uv": [6, 1, 7, 2], "texture": "#8"},
				"west": {"uv": [6, 1, 7, 2], "texture": "#8"},
				"up": {"uv": [6, 1, 7, 2], "texture": "#8"},
				"down": {"uv": [6, 1, 7, 2], "texture": "#8"}
			}
		},
		{
			"name": "hexadecagon",
			"from": [2.125, 7.54312, 8.83415],
			"to": [13.875, 8.45688, 9.96585],
			"rotation": {"angle": 45, "axis": "z", "origin": [8, 8, 9.4]},
			"faces": {
				"north": {"uv": [6, 1, 7, 2], "rotation": 270, "texture": "#8"},
				"east": {"uv": [6, 1, 7, 2], "rotation": 270, "texture": "#8"},
				"south": {"uv": [6, 1, 7, 2], "rotation": 270, "texture": "#8"},
				"west": {"uv": [6, 1, 7, 2], "rotation": 270, "texture": "#8"},
				"up": {"uv": [6, 1, 7, 2], "rotation": 270, "texture": "#8"},
				"down": {"uv": [6, 1, 7, 2], "rotation": 270, "texture": "#8"}
			}
		},
		{
			"name": "hexadecagon",
			"from": [2.125, 7.54312, 8.83415],
			"to": [13.875, 8.45688, 9.96585],
			"rotation": {"angle": 0, "axis": "z", "origin": [8.064, 8.625, 9.4]},
			"faces": {
				"north": {"uv": [6, 1, 7, 2], "rotation": 270, "texture": "#8"},
				"east": {"uv": [6, 1, 7, 2], "rotation": 270, "texture": "#8"},
				"south": {"uv": [6, 1, 7, 2], "rotation": 270, "texture": "#8"},
				"west": {"uv": [6, 1, 7, 2], "rotation": 270, "texture": "#8"},
				"up": {"uv": [6, 1, 7, 2], "rotation": 270, "texture": "#8"},
				"down": {"uv": [6, 1, 7, 2], "rotation": 270, "texture": "#8"}
			}
		},
		{
			"name": "hexadecagon",
			"from": [6.91812, 12.3512, 8.58415],
			"to": [9.08188, 13.439, 10.21585],
			"rotation": {"angle": 22.5, "axis": "z", "origin": [8, 8, 9.4]},
			"faces": {
				"north": {"uv": [6, 1, 7, 2], "texture": "#8"},
				"east": {"uv": [6, 1, 7, 2], "texture": "#8"},
				"south": {"uv": [6, 1, 7, 2], "texture": "#8"},
				"west": {"uv": [6, 1, 7, 2], "texture": "#8"},
				"up": {"uv": [6, 1, 7, 2], "texture": "#8"},
				"down": {"uv": [6, 1, 7, 2], "texture": "#8"}
			}
		},
		{
			"name": "hexadecagon",
			"from": [6.91812, 12.3512, 8.58415],
			"to": [9.08188, 13.439, 10.21585],
			"rotation": {"angle": 45, "axis": "z", "origin": [8, 8, 9.4]},
			"faces": {
				"north": {"uv": [6, 1, 7, 2], "texture": "#8"},
				"east": {"uv": [6, 1, 7, 2], "texture": "#8"},
				"south": {"uv": [6, 1, 7, 2], "texture": "#8"},
				"west": {"uv": [6, 1, 7, 2], "texture": "#8"},
				"up": {"uv": [6, 1, 7, 2], "texture": "#8"},
				"down": {"uv": [6, 1, 7, 2], "texture": "#8"}
			}
		},
		{
			"name": "hexadecagon",
			"from": [2.561, 6.91812, 8.58415],
			"to": [3.6488, 9.08188, 10.21585],
			"rotation": {"angle": -22.5, "axis": "z", "origin": [8, 8, 9.4]},
			"faces": {
				"north": {"uv": [6, 1, 7, 2], "texture": "#8"},
				"east": {"uv": [6, 1, 7, 2], "texture": "#8"},
				"south": {"uv": [6, 1, 7, 2], "texture": "#8"},
				"west": {"uv": [6, 1, 7, 2], "texture": "#8"},
				"up": {"uv": [6, 1, 7, 2], "texture": "#8"},
				"down": {"uv": [6, 1, 7, 2], "texture": "#8"}
			}
		},
		{
			"name": "hexadecagon",
			"from": [2.561, 6.91812, 8.58415],
			"to": [3.6488, 9.08188, 10.21585],
			"rotation": {"angle": 0, "axis": "z", "origin": [8, 8, 9.4]},
			"faces": {
				"north": {"uv": [6, 1, 7, 2], "texture": "#8"},
				"east": {"uv": [6, 1, 7, 2], "texture": "#8"},
				"south": {"uv": [6, 1, 7, 2], "texture": "#8"},
				"west": {"uv": [6, 1, 7, 2], "texture": "#8"},
				"up": {"uv": [6, 1, 7, 2], "texture": "#8"},
				"down": {"uv": [6, 1, 7, 2], "texture": "#8"}
			}
		},
		{
			"name": "hexadecagon",
			"from": [2.561, 6.91812, 8.58415],
			"to": [3.6488, 9.08188, 10.21585],
			"rotation": {"angle": 22.5, "axis": "z", "origin": [8, 8, 9.4]},
			"faces": {
				"north": {"uv": [6, 1, 7, 2], "texture": "#8"},
				"east": {"uv": [6, 1, 7, 2], "texture": "#8"},
				"south": {"uv": [6, 1, 7, 2], "texture": "#8"},
				"west": {"uv": [6, 1, 7, 2], "texture": "#8"},
				"up": {"uv": [6, 1, 7, 2], "texture": "#8"},
				"down": {"uv": [6, 1, 7, 2], "texture": "#8"}
			}
		},
		{
			"name": "hexadecagon",
			"from": [2.061, 7.66812, 8.58415],
			"to": [2.561, 8.33188, 10.21585],
			"rotation": {"angle": 22.5, "axis": "z", "origin": [8, 8, 9.4]},
			"faces": {
				"north": {"uv": [6, 1, 7, 2], "texture": "#8"},
				"east": {"uv": [6, 1, 7, 2], "texture": "#8"},
				"south": {"uv": [6, 1, 7, 2], "texture": "#8"},
				"west": {"uv": [6, 1, 7, 2], "texture": "#8"},
				"up": {"uv": [6, 1, 7, 2], "texture": "#8"},
				"down": {"uv": [6, 1, 7, 2], "texture": "#8"}
			}
		},
		{
			"name": "hexadecagon",
			"from": [13.439, 7.66812, 8.58415],
			"to": [13.939, 8.33188, 10.21585],
			"rotation": {"angle": -22.5, "axis": "z", "origin": [8, 8, 9.4]},
			"faces": {
				"north": {"uv": [7, 1, 6, 2], "texture": "#8"},
				"east": {"uv": [7, 1, 6, 2], "texture": "#8"},
				"south": {"uv": [7, 1, 6, 2], "texture": "#8"},
				"west": {"uv": [7, 1, 6, 2], "texture": "#8"},
				"up": {"uv": [7, 1, 6, 2], "texture": "#8"},
				"down": {"uv": [7, 1, 6, 2], "texture": "#8"}
			}
		},
		{
			"name": "hexadecagon",
			"from": [13.439, 7.66812, 8.58415],
			"to": [13.939, 8.33188, 10.21585],
			"rotation": {"angle": 22.5, "axis": "z", "origin": [8, 8, 9.4]},
			"faces": {
				"north": {"uv": [7, 2, 6, 1], "texture": "#8"},
				"east": {"uv": [7, 2, 6, 1], "texture": "#8"},
				"south": {"uv": [7, 2, 6, 1], "texture": "#8"},
				"west": {"uv": [7, 2, 6, 1], "texture": "#8"},
				"up": {"uv": [7, 2, 6, 1], "texture": "#8"},
				"down": {"uv": [7, 2, 6, 1], "texture": "#8"}
			}
		},
		{
			"name": "hexadecagon",
			"from": [2.061, 7.66812, 8.58415],
			"to": [2.561, 8.33188, 10.21585],
			"rotation": {"angle": -22.5, "axis": "z", "origin": [8, 8, 9.4]},
			"faces": {
				"north": {"uv": [6, 2, 7, 1], "texture": "#8"},
				"east": {"uv": [6, 2, 7, 1], "texture": "#8"},
				"south": {"uv": [6, 2, 7, 1], "texture": "#8"},
				"west": {"uv": [6, 2, 7, 1], "texture": "#8"},
				"up": {"uv": [6, 2, 7, 1], "texture": "#8"},
				"down": {"uv": [6, 2, 7, 1], "texture": "#8"}
			}
		},
		{
			"name": "hexadecagon",
			"from": [12.3512, 6.91812, 8.58415],
			"to": [13.439, 9.08188, 10.21585],
			"rotation": {"angle": -22.5, "axis": "z", "origin": [8, 8, 9.4]},
			"faces": {
				"north": {"uv": [6, 1, 7, 2], "texture": "#8"},
				"east": {"uv": [6, 1, 7, 2], "texture": "#8"},
				"south": {"uv": [6, 1, 7, 2], "texture": "#8"},
				"west": {"uv": [6, 1, 7, 2], "texture": "#8"},
				"up": {"uv": [6, 1, 7, 2], "texture": "#8"},
				"down": {"uv": [6, 1, 7, 2], "texture": "#8"}
			}
		},
		{
			"name": "hexadecagon",
			"from": [12.3512, 6.91812, 8.58415],
			"to": [13.439, 9.08188, 10.21585],
			"rotation": {"angle": 0, "axis": "z", "origin": [8, 8, 9.4]},
			"faces": {
				"north": {"uv": [6, 1, 7, 2], "texture": "#8"},
				"east": {"uv": [6, 1, 7, 2], "texture": "#8"},
				"south": {"uv": [6, 1, 7, 2], "texture": "#8"},
				"west": {"uv": [6, 1, 7, 2], "texture": "#8"},
				"up": {"uv": [6, 1, 7, 2], "texture": "#8"},
				"down": {"uv": [6, 1, 7, 2], "texture": "#8"}
			}
		},
		{
			"name": "hexadecagon",
			"from": [12.3512, 6.91812, 8.58415],
			"to": [13.439, 9.08188, 10.21585],
			"rotation": {"angle": 22.5, "axis": "z", "origin": [8, 8, 9.4]},
			"faces": {
				"north": {"uv": [6, 1, 7, 2], "texture": "#8"},
				"east": {"uv": [6, 1, 7, 2], "texture": "#8"},
				"south": {"uv": [6, 1, 7, 2], "texture": "#8"},
				"west": {"uv": [6, 1, 7, 2], "texture": "#8"},
				"up": {"uv": [6, 1, 7, 2], "texture": "#8"},
				"down": {"uv": [6, 1, 7, 2], "texture": "#8"}
			}
		}
	],
	"display": {
		"gui": {
			"rotation": [21, -24, 0],
			"translation": [0, 2.25, 0],
			"scale": [0.44, 0.4, 0.46]
		}
	},
	"groups": [
		0,
		1,
		2,
		3,
		4,
		{
			"name": "hexadecagon",
			"origin": [8, 8, 8],
			"color": 0,
			"nbt": "{}",
			"armAnimationEnabled": false,
			"children": [5, 6, 7, 8, 9, 10, 11, 12, 13, 14, 15, 16, 17, 18, 19, 20, 21, 22, 23, 24, 25, 26, 27, 28, 29, 30, 31, 32, 33, 34, 35, 36, 37, 38, 39]
		},
		{
			"name": "hexadecagon",
			"origin": [8, 8, 8],
			"color": 0,
			"nbt": "{}",
			"armAnimationEnabled": false,
			"children": [40, 41, 42, 43, 44, 45, 46, 47, 48, 49, 50, 51, 52, 53, 54, 55, 56, 57, 58, 59, 60, 61, 62, 63, 64, 65, 66, 67]
		}
	]
}