{
	"credit": "Made with Blockbench",
	"textures": {
		"1_2": "block/yellow_terracotta",
		"1_3": "block/light_gray_wool"
	},
	"elements": [
		{
			"from": [24.90625, -0.53741, 6.64238],
			"to": [26.50625, 1.46259, 10.64238],
			"rotation": {"angle": 0, "axis": "y", "origin": [9.50342, 9.91426, 8.47181]},
			"faces": {
				"north": {"uv": [3, 15, 5, 16], "texture": "#1_2"},
				"east": {"uv": [4, 15, 5, 16], "texture": "#1_2"},
				"south": {"uv": [4, 15, 6, 16], "texture": "#1_2"},
				"west": {"uv": [4, 15, 5, 16], "texture": "#1_2"},
				"up": {"uv": [4, 15, 7, 16], "rotation": 270, "texture": "#1_2"},
				"down": {"uv": [4, 15, 7, 16], "rotation": 90, "texture": "#1_2"}
			}
		},
		{
			"from": [24.90625, -0.88091, 4.61309],
			"to": [26.50625, 1.11909, 7.61309],
			"rotation": {"angle": -45, "axis": "x", "origin": [25.50625, 0.11909, 6.71309]},
			"faces": {
				"north": {"uv": [3, 15, 5, 16], "texture": "#1_2"},
				"east": {"uv": [4, 15, 5, 16], "texture": "#1_2"},
				"south": {"uv": [4, 15, 6, 16], "texture": "#1_2"},
				"west": {"uv": [4, 15, 5, 16], "texture": "#1_2"},
				"up": {"uv": [4, 15, 7, 16], "rotation": 270, "texture": "#1_2"},
				"down": {"uv": [4, 15, 7, 16], "rotation": 90, "texture": "#1_2"}
			}
		},
		{
			"from": [19.50625, -0.88091, 4.61309],
			"to": [21.10625, 1.11909, 7.61309],
			"rotation": {"angle": -45, "axis": "x", "origin": [20.10625, 0.11909, 6.71309]},
			"faces": {
				"north": {"uv": [3, 15, 5, 16], "texture": "#1_2"},
				"east": {"uv": [4, 15, 5, 16], "texture": "#1_2"},
				"south": {"uv": [4, 15, 6, 16], "texture": "#1_2"},
				"west": {"uv": [4, 15, 5, 16], "texture": "#1_2"},
				"up": {"uv": [4, 15, 7, 16], "rotation": 270, "texture": "#1_2"},
				"down": {"uv": [4, 15, 7, 16], "rotation": 90, "texture": "#1_2"}
			}
		},
		{
			"from": [19.50625, -0.53741, 6.64238],
			"to": [21.10625, 1.46259, 10.64238],
			"rotation": {"angle": 0, "axis": "y", "origin": [4.10342, 9.91426, 8.47181]},
			"faces": {
				"north": {"uv": [3, 15, 5, 16], "texture": "#1_2"},
				"east": {"uv": [4, 15, 5, 16], "texture": "#1_2"},
				"south": {"uv": [4, 15, 6, 16], "texture": "#1_2"},
				"west": {"uv": [4, 15, 5, 16], "texture": "#1_2"},
				"up": {"uv": [4, 15, 7, 16], "rotation": 270, "texture": "#1_2"},
				"down": {"uv": [4, 15, 7, 16], "rotation": 90, "texture": "#1_2"}
			}
		},
		{
			"from": [14.90625, -0.88091, 4.61309],
			"to": [16.50625, 1.11909, 7.61309],
			"rotation": {"angle": -45, "axis": "x", "origin": [15.50625, 0.11909, 6.71309]},
			"faces": {
				"north": {"uv": [3, 15, 5, 16], "texture": "#1_2"},
				"east": {"uv": [4, 15, 5, 16], "texture": "#1_2"},
				"south": {"uv": [4, 15, 6, 16], "texture": "#1_2"},
				"west": {"uv": [4, 15, 5, 16], "texture": "#1_2"},
				"up": {"uv": [4, 15, 7, 16], "rotation": 270, "texture": "#1_2"},
				"down": {"uv": [4, 15, 7, 16], "rotation": 90, "texture": "#1_2"}
			}
		},
		{
			"from": [14.90625, -0.53741, 6.64238],
			"to": [16.50625, 1.46259, 10.64238],
			"rotation": {"angle": 0, "axis": "y", "origin": [-0.49658, 9.91426, 8.47181]},
			"faces": {
				"north": {"uv": [3, 15, 5, 16], "texture": "#1_2"},
				"east": {"uv": [4, 15, 5, 16], "texture": "#1_2"},
				"south": {"uv": [4, 15, 6, 16], "texture": "#1_2"},
				"west": {"uv": [4, 15, 5, 16], "texture": "#1_2"},
				"up": {"uv": [4, 15, 7, 16], "rotation": 270, "texture": "#1_2"},
				"down": {"uv": [4, 15, 7, 16], "rotation": 90, "texture": "#1_2"}
			}
		},
		{
			"from": [9.50625, -0.53741, 6.64238],
			"to": [11.10625, 1.46259, 10.64238],
			"rotation": {"angle": 0, "axis": "y", "origin": [-5.89658, 9.91426, 8.47181]},
			"faces": {
				"north": {"uv": [3, 15, 5, 16], "texture": "#1_2"},
				"east": {"uv": [4, 15, 5, 16], "texture": "#1_2"},
				"south": {"uv": [4, 15, 6, 16], "texture": "#1_2"},
				"west": {"uv": [4, 15, 5, 16], "texture": "#1_2"},
				"up": {"uv": [4, 15, 7, 16], "rotation": 270, "texture": "#1_2"},
				"down": {"uv": [4, 15, 7, 16], "rotation": 90, "texture": "#1_2"}
			}
		},
		{
			"from": [9.50625, -0.88091, 4.61309],
			"to": [11.10625, 1.11909, 7.61309],
			"rotation": {"angle": -45, "axis": "x", "origin": [10.10625, 0.11909, 6.71309]},
			"faces": {
				"north": {"uv": [3, 15, 5, 16], "texture": "#1_2"},
				"east": {"uv": [4, 15, 5, 16], "texture": "#1_2"},
				"south": {"uv": [4, 15, 6, 16], "texture": "#1_2"},
				"west": {"uv": [4, 15, 5, 16], "texture": "#1_2"},
				"up": {"uv": [4, 15, 7, 16], "rotation": 270, "texture": "#1_2"},
				"down": {"uv": [4, 15, 7, 16], "rotation": 90, "texture": "#1_2"}
			}
		},
		{
			"from": [-5.09375, -0.88091, 4.61309],
			"to": [-3.49375, 1.11909, 7.61309],
			"rotation": {"angle": -45, "axis": "x", "origin": [-4.49375, 0.11909, 6.71309]},
			"faces": {
				"north": {"uv": [3, 15, 5, 16], "texture": "#1_2"},
				"east": {"uv": [4, 15, 5, 16], "texture": "#1_2"},
				"south": {"uv": [4, 15, 6, 16], "texture": "#1_2"},
				"west": {"uv": [4, 15, 5, 16], "texture": "#1_2"},
				"up": {"uv": [4, 15, 7, 16], "rotation": 270, "texture": "#1_2"},
				"down": {"uv": [4, 15, 7, 16], "rotation": 90, "texture": "#1_2"}
			}
		},
		{
			"from": [-5.09375, -0.53741, 6.64238],
			"to": [-3.49375, 1.46259, 10.64238],
			"rotation": {"angle": 0, "axis": "y", "origin": [-20.49658, 9.91426, 8.47181]},
			"faces": {
				"north": {"uv": [3, 15, 5, 16], "texture": "#1_2"},
				"east": {"uv": [4, 15, 5, 16], "texture": "#1_2"},
				"south": {"uv": [4, 15, 6, 16], "texture": "#1_2"},
				"west": {"uv": [4, 15, 5, 16], "texture": "#1_2"},
				"up": {"uv": [4, 15, 7, 16], "rotation": 270, "texture": "#1_2"},
				"down": {"uv": [4, 15, 7, 16], "rotation": 90, "texture": "#1_2"}
			}
		},
		{
			"from": [-10.49375, -0.53741, 6.64238],
			"to": [-8.89375, 1.46259, 10.64238],
			"rotation": {"angle": 0, "axis": "y", "origin": [-25.89658, 9.91426, 8.47181]},
			"faces": {
				"north": {"uv": [3, 15, 5, 16], "texture": "#1_2"},
				"east": {"uv": [4, 15, 5, 16], "texture": "#1_2"},
				"south": {"uv": [4, 15, 6, 16], "texture": "#1_2"},
				"west": {"uv": [4, 15, 5, 16], "texture": "#1_2"},
				"up": {"uv": [4, 15, 7, 16], "rotation": 270, "texture": "#1_2"},
				"down": {"uv": [4, 15, 7, 16], "rotation": 90, "texture": "#1_2"}
			}
		},
		{
			"from": [-10.49375, -0.88091, 4.61309],
			"to": [-8.89375, 1.11909, 7.61309],
			"rotation": {"angle": -45, "axis": "x", "origin": [-9.89375, 0.11909, 6.71309]},
			"faces": {
				"north": {"uv": [3, 15, 5, 16], "texture": "#1_2"},
				"east": {"uv": [4, 15, 5, 16], "texture": "#1_2"},
				"south": {"uv": [4, 15, 6, 16], "texture": "#1_2"},
				"west": {"uv": [4, 15, 5, 16], "texture": "#1_2"},
				"up": {"uv": [4, 15, 7, 16], "rotation": 270, "texture": "#1_2"},
				"down": {"uv": [4, 15, 7, 16], "rotation": 90, "texture": "#1_2"}
			}
		},
		{
			"from": [-0.49375, -0.53741, 6.64238],
			"to": [1.10625, 1.46259, 10.64238],
			"rotation": {"angle": 0, "axis": "y", "origin": [-15.89658, 9.91426, 8.47181]},
			"faces": {
				"north": {"uv": [3, 15, 5, 16], "texture": "#1_2"},
				"east": {"uv": [4, 15, 5, 16], "texture": "#1_2"},
				"south": {"uv": [4, 15, 6, 16], "texture": "#1_2"},
				"west": {"uv": [4, 15, 5, 16], "texture": "#1_2"},
				"up": {"uv": [4, 15, 7, 16], "rotation": 270, "texture": "#1_2"},
				"down": {"uv": [4, 15, 7, 16], "rotation": 90, "texture": "#1_2"}
			}
		},
		{
			"from": [-0.49375, -0.88091, 4.61309],
			"to": [1.10625, 1.11909, 7.61309],
			"rotation": {"angle": -45, "axis": "x", "origin": [0.10625, 0.11909, 6.71309]},
			"faces": {
				"north": {"uv": [3, 15, 5, 16], "texture": "#1_2"},
				"east": {"uv": [4, 15, 5, 16], "texture": "#1_2"},
				"south": {"uv": [4, 15, 6, 16], "texture": "#1_2"},
				"west": {"uv": [4, 15, 5, 16], "texture": "#1_2"},
				"up": {"uv": [4, 15, 7, 16], "rotation": 270, "texture": "#1_2"},
				"down": {"uv": [4, 15, 7, 16], "rotation": 90, "texture": "#1_2"}
			}
		},
		{
			"from": [4.90625, -0.53741, 6.64238],
			"to": [6.50625, 1.46259, 10.64238],
			"rotation": {"angle": 0, "axis": "y", "origin": [-10.49658, 9.91426, 8.47181]},
			"faces": {
				"north": {"uv": [3, 15, 5, 16], "texture": "#1_2"},
				"east": {"uv": [4, 15, 5, 16], "texture": "#1_2"},
				"south": {"uv": [4, 15, 6, 16], "texture": "#1_2"},
				"west": {"uv": [4, 15, 5, 16], "texture": "#1_2"},
				"up": {"uv": [4, 15, 7, 16], "rotation": 270, "texture": "#1_2"},
				"down": {"uv": [4, 15, 7, 16], "rotation": 90, "texture": "#1_2"}
			}
		},
		{
			"from": [4.90625, -0.88091, 4.61309],
			"to": [6.50625, 1.11909, 7.61309],
			"rotation": {"angle": -45, "axis": "x", "origin": [5.50625, 0.11909, 6.71309]},
			"faces": {
				"north": {"uv": [3, 15, 5, 16], "texture": "#1_2"},
				"east": {"uv": [4, 15, 5, 16], "texture": "#1_2"},
				"south": {"uv": [4, 15, 6, 16], "texture": "#1_2"},
				"west": {"uv": [4, 15, 5, 16], "texture": "#1_2"},
				"up": {"uv": [4, 15, 7, 16], "rotation": 270, "texture": "#1_2"},
				"down": {"uv": [4, 15, 7, 16], "rotation": 90, "texture": "#1_2"}
			}
		},
		{
			"from": [24.70625, -4.65873, 4.52106],
			"to": [26.50625, -0.65873, 6.52106],
			"rotation": {"angle": 0, "axis": "y", "origin": [9.5, 9.9, 8.4]},
			"faces": {
				"north": {"uv": [3, 15, 5, 16], "rotation": 90, "texture": "#1_2"},
				"east": {"uv": [4, 15, 5, 16], "rotation": 90, "texture": "#1_2"},
				"south": {"uv": [4, 15, 6, 16], "rotation": 90, "texture": "#1_2"},
				"west": {"uv": [4, 15, 5, 16], "rotation": 270, "texture": "#1_2"},
				"up": {"uv": [4, 15, 7, 16], "texture": "#1_2"},
				"down": {"uv": [4, 15, 7, 16], "rotation": 180, "texture": "#1_2"}
			}
		},
		{
			"from": [24.58237, -7.27605, 4.52106],
			"to": [26.58237, -4.27605, 6.52106],
			"rotation": {"angle": -22.5, "axis": "z", "origin": [25.58237, -4.27605, 5.52106]},
			"faces": {
				"north": {"uv": [3, 15, 5, 16], "rotation": 90, "texture": "#1_2"},
				"east": {"uv": [4, 15, 5, 16], "rotation": 90, "texture": "#1_2"},
				"south": {"uv": [4, 15, 6, 16], "rotation": 90, "texture": "#1_2"},
				"west": {"uv": [4, 15, 5, 16], "rotation": 270, "texture": "#1_2"},
				"up": {"uv": [4, 15, 7, 16], "texture": "#1_2"},
				"down": {"uv": [4, 15, 7, 16], "rotation": 180, "texture": "#1_2"}
			}
		},
		{
			"from": [20.6543, -7.43037, 4.52106],
			"to": [25.3543, -5.43037, 6.52106],
			"rotation": {"angle": 0, "axis": "y", "origin": [9.5, 9.9, 8.4]},
			"faces": {
				"north": {"uv": [3, 15, 5, 16], "texture": "#1_2"},
				"east": {"uv": [4, 15, 5, 16], "rotation": 90, "texture": "#1_2"},
				"south": {"uv": [4, 15, 6, 16], "rotation": 180, "texture": "#1_2"},
				"west": {"uv": [4, 15, 5, 16], "rotation": 270, "texture": "#1_2"},
				"up": {"uv": [4, 15, 7, 16], "texture": "#1_2"},
				"down": {"uv": [4, 15, 7, 16], "rotation": 180, "texture": "#1_2"}
			}
		},
		{
			"from": [19.43013, -7.27605, 4.52106],
			"to": [21.43013, -4.27605, 6.52106],
			"rotation": {"angle": 22.5, "axis": "z", "origin": [20.43013, -4.27605, 5.52106]},
			"faces": {
				"north": {"uv": [3, 15, 5, 16], "rotation": 90, "texture": "#1_2"},
				"east": {"uv": [4, 15, 5, 16], "rotation": 90, "texture": "#1_2"},
				"south": {"uv": [4, 15, 6, 16], "rotation": 90, "texture": "#1_2"},
				"west": {"uv": [4, 15, 5, 16], "rotation": 270, "texture": "#1_2"},
				"up": {"uv": [4, 15, 7, 16], "texture": "#1_2"},
				"down": {"uv": [4, 15, 7, 16], "rotation": 180, "texture": "#1_2"}
			}
		},
		{
			"from": [19.50625, -4.65873, 4.52106],
			"to": [21.30625, -0.65873, 6.52106],
			"rotation": {"angle": 0, "axis": "y", "origin": [9.5, 9.9, 8.4]},
			"faces": {
				"north": {"uv": [3, 15, 5, 16], "rotation": 90, "texture": "#1_2"},
				"east": {"uv": [4, 15, 5, 16], "rotation": 90, "texture": "#1_2"},
				"south": {"uv": [4, 15, 6, 16], "rotation": 90, "texture": "#1_2"},
				"west": {"uv": [4, 15, 5, 16], "rotation": 270, "texture": "#1_2"},
				"up": {"uv": [4, 15, 7, 16], "texture": "#1_2"},
				"down": {"uv": [4, 15, 7, 16], "rotation": 180, "texture": "#1_2"}
			}
		},
		{
			"from": [20.00625, -3.01228, 3.16751],
			"to": [20.50625, -1.01228, 3.66751],
			"rotation": {"angle": 0, "axis": "y", "origin": [9.5, 9.9, 8.4]},
			"faces": {
				"north": {"uv": [1, 11, 1.5, 13], "rotation": 180, "texture": "#1_3"},
				"east": {"uv": [1, 12, 2, 13], "rotation": 180, "texture": "#1_3"},
				"south": {"uv": [1, 11, 2, 12], "rotation": 180, "texture": "#1_3"},
				"west": {"uv": [3, 12, 4, 13], "rotation": 180, "texture": "#1_3"},
				"up": {"uv": [2, 13, 3, 14], "rotation": 90, "texture": "#1_3"},
				"down": {"uv": [2, 12, 3, 13], "rotation": 270, "texture": "#1_3"}
			}
		},
		{
			"from": [20.00625, -1.15873, 3.52106],
			"to": [20.50625, -0.65873, 5.52106],
			"rotation": {"angle": 0, "axis": "y", "origin": [9.5, 9.9, 8.4]},
			"faces": {
				"north": {"uv": [1, 11, 1.5, 13], "rotation": 90, "texture": "#1_3"},
				"east": {"uv": [1, 12, 2, 13], "rotation": 90, "texture": "#1_3"},
				"south": {"uv": [1, 11, 2, 12], "rotation": 90, "texture": "#1_3"},
				"west": {"uv": [3, 12, 4, 13], "rotation": 270, "texture": "#1_3"},
				"up": {"uv": [2, 13, 3, 14], "texture": "#1_3"},
				"down": {"uv": [2, 12, 3, 13], "rotation": 180, "texture": "#1_3"}
			}
		},
		{
			"from": [20.00625, -3.36584, 3.52106],
			"to": [20.50625, -2.86584, 5.52106],
			"rotation": {"angle": 0, "axis": "y", "origin": [9.5, 9.9, 8.4]},
			"faces": {
				"north": {"uv": [1, 11, 1.5, 13], "rotation": 90, "texture": "#1_3"},
				"east": {"uv": [1, 12, 2, 13], "rotation": 90, "texture": "#1_3"},
				"south": {"uv": [1, 11, 2, 12], "rotation": 90, "texture": "#1_3"},
				"west": {"uv": [3, 12, 4, 13], "rotation": 270, "texture": "#1_3"},
				"up": {"uv": [2, 13, 3, 14], "texture": "#1_3"},
				"down": {"uv": [2, 12, 3, 13], "rotation": 180, "texture": "#1_3"}
			}
		},
		{
			"from": [25.50625, -3.36584, 3.52106],
			"to": [26.00625, -2.86584, 5.52106],
			"rotation": {"angle": 0, "axis": "y", "origin": [9.5, 9.9, 8.4]},
			"faces": {
				"north": {"uv": [1, 11, 1.5, 13], "rotation": 90, "texture": "#1_3"},
				"east": {"uv": [1, 12, 2, 13], "rotation": 90, "texture": "#1_3"},
				"south": {"uv": [1, 11, 2, 12], "rotation": 90, "texture": "#1_3"},
				"west": {"uv": [3, 12, 4, 13], "rotation": 270, "texture": "#1_3"},
				"up": {"uv": [2, 13, 3, 14], "texture": "#1_3"},
				"down": {"uv": [2, 12, 3, 13], "rotation": 180, "texture": "#1_3"}
			}
		},
		{
			"from": [25.50625, -3.01228, 3.16751],
			"to": [26.00625, -1.01228, 3.66751],
			"rotation": {"angle": 0, "axis": "y", "origin": [9.5, 9.9, 8.4]},
			"faces": {
				"north": {"uv": [1, 11, 1.5, 13], "rotation": 180, "texture": "#1_3"},
				"east": {"uv": [1, 12, 2, 13], "rotation": 180, "texture": "#1_3"},
				"south": {"uv": [1, 11, 2, 12], "rotation": 180, "texture": "#1_3"},
				"west": {"uv": [3, 12, 4, 13], "rotation": 180, "texture": "#1_3"},
				"up": {"uv": [2, 13, 3, 14], "rotation": 90, "texture": "#1_3"},
				"down": {"uv": [2, 12, 3, 13], "rotation": 270, "texture": "#1_3"}
			}
		},
		{
			"from": [25.50625, -1.15873, 3.52106],
			"to": [26.00625, -0.65873, 5.52106],
			"rotation": {"angle": 0, "axis": "y", "origin": [9.5, 9.9, 8.4]},
			"faces": {
				"north": {"uv": [1, 11, 1.5, 13], "rotation": 90, "texture": "#1_3"},
				"east": {"uv": [1, 12, 2, 13], "rotation": 90, "texture": "#1_3"},
				"south": {"uv": [1, 11, 2, 12], "rotation": 90, "texture": "#1_3"},
				"west": {"uv": [3, 12, 4, 13], "rotation": 270, "texture": "#1_3"},
				"up": {"uv": [2, 13, 3, 14], "texture": "#1_3"},
				"down": {"uv": [2, 12, 3, 13], "rotation": 180, "texture": "#1_3"}
			}
		},
		{
			"from": [14.70625, -4.65873, 4.52106],
			"to": [16.50625, -0.65873, 6.52106],
			"rotation": {"angle": 0, "axis": "y", "origin": [9.5, 9.9, 8.4]},
			"faces": {
				"north": {"uv": [3, 15, 5, 16], "rotation": 90, "texture": "#1_2"},
				"east": {"uv": [4, 15, 5, 16], "rotation": 90, "texture": "#1_2"},
				"south": {"uv": [4, 15, 6, 16], "rotation": 90, "texture": "#1_2"},
				"west": {"uv": [4, 15, 5, 16], "rotation": 270, "texture": "#1_2"},
				"up": {"uv": [4, 15, 7, 16], "texture": "#1_2"},
				"down": {"uv": [4, 15, 7, 16], "rotation": 180, "texture": "#1_2"}
			}
		},
		{
			"from": [14.58237, -7.27605, 4.52106],
			"to": [16.58237, -4.27605, 6.52106],
			"rotation": {"angle": -22.5, "axis": "z", "origin": [15.58237, -4.27605, 5.52106]},
			"faces": {
				"north": {"uv": [3, 15, 5, 16], "rotation": 90, "texture": "#1_2"},
				"east": {"uv": [4, 15, 5, 16], "rotation": 90, "texture": "#1_2"},
				"south": {"uv": [4, 15, 6, 16], "rotation": 90, "texture": "#1_2"},
				"west": {"uv": [4, 15, 5, 16], "rotation": 270, "texture": "#1_2"},
				"up": {"uv": [4, 15, 7, 16], "texture": "#1_2"},
				"down": {"uv": [4, 15, 7, 16], "rotation": 180, "texture": "#1_2"}
			}
		},
		{
			"from": [10.6543, -7.43037, 4.52106],
			"to": [15.3543, -5.43037, 6.52106],
			"rotation": {"angle": 0, "axis": "y", "origin": [9.5, 9.9, 8.4]},
			"faces": {
				"north": {"uv": [3, 15, 5, 16], "texture": "#1_2"},
				"east": {"uv": [4, 15, 5, 16], "rotation": 90, "texture": "#1_2"},
				"south": {"uv": [4, 15, 6, 16], "rotation": 180, "texture": "#1_2"},
				"west": {"uv": [4, 15, 5, 16], "rotation": 270, "texture": "#1_2"},
				"up": {"uv": [4, 15, 7, 16], "texture": "#1_2"},
				"down": {"uv": [4, 15, 7, 16], "rotation": 180, "texture": "#1_2"}
			}
		},
		{
			"from": [9.43013, -7.27605, 4.52106],
			"to": [11.43013, -4.27605, 6.52106],
			"rotation": {"angle": 22.5, "axis": "z", "origin": [10.43013, -4.27605, 5.52106]},
			"faces": {
				"north": {"uv": [3, 15, 5, 16], "rotation": 90, "texture": "#1_2"},
				"east": {"uv": [4, 15, 5, 16], "rotation": 90, "texture": "#1_2"},
				"south": {"uv": [4, 15, 6, 16], "rotation": 90, "texture": "#1_2"},
				"west": {"uv": [4, 15, 5, 16], "rotation": 270, "texture": "#1_2"},
				"up": {"uv": [4, 15, 7, 16], "texture": "#1_2"},
				"down": {"uv": [4, 15, 7, 16], "rotation": 180, "texture": "#1_2"}
			}
		},
		{
			"from": [9.50625, -4.65873, 4.52106],
			"to": [11.30625, -0.65873, 6.52106],
			"rotation": {"angle": 0, "axis": "y", "origin": [9.5, 9.9, 8.4]},
			"faces": {
				"north": {"uv": [3, 15, 5, 16], "rotation": 90, "texture": "#1_2"},
				"east": {"uv": [4, 15, 5, 16], "rotation": 90, "texture": "#1_2"},
				"south": {"uv": [4, 15, 6, 16], "rotation": 90, "texture": "#1_2"},
				"west": {"uv": [4, 15, 5, 16], "rotation": 270, "texture": "#1_2"},
				"up": {"uv": [4, 15, 7, 16], "texture": "#1_2"},
				"down": {"uv": [4, 15, 7, 16], "rotation": 180, "texture": "#1_2"}
			}
		},
		{
			"from": [10.00625, -3.01228, 3.16751],
			"to": [10.50625, -1.01228, 3.66751],
			"rotation": {"angle": 0, "axis": "y", "origin": [9.5, 9.9, 8.4]},
			"faces": {
				"north": {"uv": [1, 11, 1.5, 13], "rotation": 180, "texture": "#1_3"},
				"east": {"uv": [1, 12, 2, 13], "rotation": 180, "texture": "#1_3"},
				"south": {"uv": [1, 11, 2, 12], "rotation": 180, "texture": "#1_3"},
				"west": {"uv": [3, 12, 4, 13], "rotation": 180, "texture": "#1_3"},
				"up": {"uv": [2, 13, 3, 14], "rotation": 90, "texture": "#1_3"},
				"down": {"uv": [2, 12, 3, 13], "rotation": 270, "texture": "#1_3"}
			}
		},
		{
			"from": [10.00625, -1.15873, 3.52106],
			"to": [10.50625, -0.65873, 5.52106],
			"rotation": {"angle": 0, "axis": "y", "origin": [9.5, 9.9, 8.4]},
			"faces": {
				"north": {"uv": [1, 11, 1.5, 13], "rotation": 90, "texture": "#1_3"},
				"east": {"uv": [1, 12, 2, 13], "rotation": 90, "texture": "#1_3"},
				"south": {"uv": [1, 11, 2, 12], "rotation": 90, "texture": "#1_3"},
				"west": {"uv": [3, 12, 4, 13], "rotation": 270, "texture": "#1_3"},
				"up": {"uv": [2, 13, 3, 14], "texture": "#1_3"},
				"down": {"uv": [2, 12, 3, 13], "rotation": 180, "texture": "#1_3"}
			}
		},
		{
			"from": [10.00625, -3.36584, 3.52106],
			"to": [10.50625, -2.86584, 5.52106],
			"rotation": {"angle": 0, "axis": "y", "origin": [9.5, 9.9, 8.4]},
			"faces": {
				"north": {"uv": [1, 11, 1.5, 13], "rotation": 90, "texture": "#1_3"},
				"east": {"uv": [1, 12, 2, 13], "rotation": 90, "texture": "#1_3"},
				"south": {"uv": [1, 11, 2, 12], "rotation": 90, "texture": "#1_3"},
				"west": {"uv": [3, 12, 4, 13], "rotation": 270, "texture": "#1_3"},
				"up": {"uv": [2, 13, 3, 14], "texture": "#1_3"},
				"down": {"uv": [2, 12, 3, 13], "rotation": 180, "texture": "#1_3"}
			}
		},
		{
			"from": [15.50625, -3.36584, 3.52106],
			"to": [16.00625, -2.86584, 5.52106],
			"rotation": {"angle": 0, "axis": "y", "origin": [9.5, 9.9, 8.4]},
			"faces": {
				"north": {"uv": [1, 11, 1.5, 13], "rotation": 90, "texture": "#1_3"},
				"east": {"uv": [1, 12, 2, 13], "rotation": 90, "texture": "#1_3"},
				"south": {"uv": [1, 11, 2, 12], "rotation": 90, "texture": "#1_3"},
				"west": {"uv": [3, 12, 4, 13], "rotation": 270, "texture": "#1_3"},
				"up": {"uv": [2, 13, 3, 14], "texture": "#1_3"},
				"down": {"uv": [2, 12, 3, 13], "rotation": 180, "texture": "#1_3"}
			}
		},
		{
			"from": [15.50625, -3.01228, 3.16751],
			"to": [16.00625, -1.01228, 3.66751],
			"rotation": {"angle": 0, "axis": "y", "origin": [9.5, 9.9, 8.4]},
			"faces": {
				"north": {"uv": [1, 11, 1.5, 13], "rotation": 180, "texture": "#1_3"},
				"east": {"uv": [1, 12, 2, 13], "rotation": 180, "texture": "#1_3"},
				"south": {"uv": [1, 11, 2, 12], "rotation": 180, "texture": "#1_3"},
				"west": {"uv": [3, 12, 4, 13], "rotation": 180, "texture": "#1_3"},
				"up": {"uv": [2, 13, 3, 14], "rotation": 90, "texture": "#1_3"},
				"down": {"uv": [2, 12, 3, 13], "rotation": 270, "texture": "#1_3"}
			}
		},
		{
			"from": [15.50625, -1.15873, 3.52106],
			"to": [16.00625, -0.65873, 5.52106],
			"rotation": {"angle": 0, "axis": "y", "origin": [9.5, 9.9, 8.4]},
			"faces": {
				"north": {"uv": [1, 11, 1.5, 13], "rotation": 90, "texture": "#1_3"},
				"east": {"uv": [1, 12, 2, 13], "rotation": 90, "texture": "#1_3"},
				"south": {"uv": [1, 11, 2, 12], "rotation": 90, "texture": "#1_3"},
				"west": {"uv": [3, 12, 4, 13], "rotation": 270, "texture": "#1_3"},
				"up": {"uv": [2, 13, 3, 14], "texture": "#1_3"},
				"down": {"uv": [2, 12, 3, 13], "rotation": 180, "texture": "#1_3"}
			}
		},
		{
			"from": [4.70625, -4.65873, 4.52106],
			"to": [6.50625, -0.65873, 6.52106],
			"rotation": {"angle": 0, "axis": "y", "origin": [9.5, 9.9, 8.4]},
			"faces": {
				"north": {"uv": [3, 15, 5, 16], "rotation": 90, "texture": "#1_2"},
				"east": {"uv": [4, 15, 5, 16], "rotation": 90, "texture": "#1_2"},
				"south": {"uv": [4, 15, 6, 16], "rotation": 90, "texture": "#1_2"},
				"west": {"uv": [4, 15, 5, 16], "rotation": 270, "texture": "#1_2"},
				"up": {"uv": [4, 15, 7, 16], "texture": "#1_2"},
				"down": {"uv": [4, 15, 7, 16], "rotation": 180, "texture": "#1_2"}
			}
		},
		{
			"from": [4.58237, -7.27605, 4.52106],
			"to": [6.58237, -4.27605, 6.52106],
			"rotation": {"angle": -22.5, "axis": "z", "origin": [5.58237, -4.27605, 5.52106]},
			"faces": {
				"north": {"uv": [3, 15, 5, 16], "rotation": 90, "texture": "#1_2"},
				"east": {"uv": [4, 15, 5, 16], "rotation": 90, "texture": "#1_2"},
				"south": {"uv": [4, 15, 6, 16], "rotation": 90, "texture": "#1_2"},
				"west": {"uv": [4, 15, 5, 16], "rotation": 270, "texture": "#1_2"},
				"up": {"uv": [4, 15, 7, 16], "texture": "#1_2"},
				"down": {"uv": [4, 15, 7, 16], "rotation": 180, "texture": "#1_2"}
			}
		},
		{
			"from": [0.6543, -7.43037, 4.52106],
			"to": [5.3543, -5.43037, 6.52106],
			"rotation": {"angle": 0, "axis": "y", "origin": [9.5, 9.9, 8.4]},
			"faces": {
				"north": {"uv": [3, 15, 5, 16], "texture": "#1_2"},
				"east": {"uv": [4, 15, 5, 16], "rotation": 90, "texture": "#1_2"},
				"south": {"uv": [4, 15, 6, 16], "rotation": 180, "texture": "#1_2"},
				"west": {"uv": [4, 15, 5, 16], "rotation": 270, "texture": "#1_2"},
				"up": {"uv": [4, 15, 7, 16], "texture": "#1_2"},
				"down": {"uv": [4, 15, 7, 16], "rotation": 180, "texture": "#1_2"}
			}
		},
		{
			"from": [-0.56987, -7.27605, 4.52106],
			"to": [1.43013, -4.27605, 6.52106],
			"rotation": {"angle": 22.5, "axis": "z", "origin": [0.43013, -4.27605, 5.52106]},
			"faces": {
				"north": {"uv": [3, 15, 5, 16], "rotation": 90, "texture": "#1_2"},
				"east": {"uv": [4, 15, 5, 16], "rotation": 90, "texture": "#1_2"},
				"south": {"uv": [4, 15, 6, 16], "rotation": 90, "texture": "#1_2"},
				"west": {"uv": [4, 15, 5, 16], "rotation": 270, "texture": "#1_2"},
				"up": {"uv": [4, 15, 7, 16], "texture": "#1_2"},
				"down": {"uv": [4, 15, 7, 16], "rotation": 180, "texture": "#1_2"}
			}
		},
		{
			"from": [-0.49375, -4.65873, 4.52106],
			"to": [1.30625, -0.65873, 6.52106],
			"rotation": {"angle": 0, "axis": "y", "origin": [9.5, 9.9, 8.4]},
			"faces": {
				"north": {"uv": [3, 15, 5, 16], "rotation": 90, "texture": "#1_2"},
				"east": {"uv": [4, 15, 5, 16], "rotation": 90, "texture": "#1_2"},
				"south": {"uv": [4, 15, 6, 16], "rotation": 90, "texture": "#1_2"},
				"west": {"uv": [4, 15, 5, 16], "rotation": 270, "texture": "#1_2"},
				"up": {"uv": [4, 15, 7, 16], "texture": "#1_2"},
				"down": {"uv": [4, 15, 7, 16], "rotation": 180, "texture": "#1_2"}
			}
		},
		{
			"from": [0.00625, -3.01228, 3.16751],
			"to": [0.50625, -1.01228, 3.66751],
			"rotation": {"angle": 0, "axis": "y", "origin": [9.5, 9.9, 8.4]},
			"faces": {
				"north": {"uv": [1, 11, 1.5, 13], "rotation": 180, "texture": "#1_3"},
				"east": {"uv": [1, 12, 2, 13], "rotation": 180, "texture": "#1_3"},
				"south": {"uv": [1, 11, 2, 12], "rotation": 180, "texture": "#1_3"},
				"west": {"uv": [3, 12, 4, 13], "rotation": 180, "texture": "#1_3"},
				"up": {"uv": [2, 13, 3, 14], "rotation": 90, "texture": "#1_3"},
				"down": {"uv": [2, 12, 3, 13], "rotation": 270, "texture": "#1_3"}
			}
		},
		{
			"from": [0.00625, -1.15873, 3.52106],
			"to": [0.50625, -0.65873, 5.52106],
			"rotation": {"angle": 0, "axis": "y", "origin": [9.5, 9.9, 8.4]},
			"faces": {
				"north": {"uv": [1, 11, 1.5, 13], "rotation": 90, "texture": "#1_3"},
				"east": {"uv": [1, 12, 2, 13], "rotation": 90, "texture": "#1_3"},
				"south": {"uv": [1, 11, 2, 12], "rotation": 90, "texture": "#1_3"},
				"west": {"uv": [3, 12, 4, 13], "rotation": 270, "texture": "#1_3"},
				"up": {"uv": [2, 13, 3, 14], "texture": "#1_3"},
				"down": {"uv": [2, 12, 3, 13], "rotation": 180, "texture": "#1_3"}
			}
		},
		{
			"from": [0.00625, -3.36584, 3.52106],
			"to": [0.50625, -2.86584, 5.52106],
			"rotation": {"angle": 0, "axis": "y", "origin": [9.5, 9.9, 8.4]},
			"faces": {
				"north": {"uv": [1, 11, 1.5, 13], "rotation": 90, "texture": "#1_3"},
				"east": {"uv": [1, 12, 2, 13], "rotation": 90, "texture": "#1_3"},
				"south": {"uv": [1, 11, 2, 12], "rotation": 90, "texture": "#1_3"},
				"west": {"uv": [3, 12, 4, 13], "rotation": 270, "texture": "#1_3"},
				"up": {"uv": [2, 13, 3, 14], "texture": "#1_3"},
				"down": {"uv": [2, 12, 3, 13], "rotation": 180, "texture": "#1_3"}
			}
		},
		{
			"from": [5.50625, -3.36584, 3.52106],
			"to": [6.00625, -2.86584, 5.52106],
			"rotation": {"angle": 0, "axis": "y", "origin": [9.5, 9.9, 8.4]},
			"faces": {
				"north": {"uv": [1, 11, 1.5, 13], "rotation": 90, "texture": "#1_3"},
				"east": {"uv": [1, 12, 2, 13], "rotation": 90, "texture": "#1_3"},
				"south": {"uv": [1, 11, 2, 12], "rotation": 90, "texture": "#1_3"},
				"west": {"uv": [3, 12, 4, 13], "rotation": 270, "texture": "#1_3"},
				"up": {"uv": [2, 13, 3, 14], "texture": "#1_3"},
				"down": {"uv": [2, 12, 3, 13], "rotation": 180, "texture": "#1_3"}
			}
		},
		{
			"from": [5.50625, -3.01228, 3.16751],
			"to": [6.00625, -1.01228, 3.66751],
			"rotation": {"angle": 0, "axis": "y", "origin": [9.5, 9.9, 8.4]},
			"faces": {
				"north": {"uv": [1, 11, 1.5, 13], "rotation": 180, "texture": "#1_3"},
				"east": {"uv": [1, 12, 2, 13], "rotation": 180, "texture": "#1_3"},
				"south": {"uv": [1, 11, 2, 12], "rotation": 180, "texture": "#1_3"},
				"west": {"uv": [3, 12, 4, 13], "rotation": 180, "texture": "#1_3"},
				"up": {"uv": [2, 13, 3, 14], "rotation": 90, "texture": "#1_3"},
				"down": {"uv": [2, 12, 3, 13], "rotation": 270, "texture": "#1_3"}
			}
		},
		{
			"from": [5.50625, -1.15873, 3.52106],
			"to": [6.00625, -0.65873, 5.52106],
			"rotation": {"angle": 0, "axis": "y", "origin": [9.5, 9.9, 8.4]},
			"faces": {
				"north": {"uv": [1, 11, 1.5, 13], "rotation": 90, "texture": "#1_3"},
				"east": {"uv": [1, 12, 2, 13], "rotation": 90, "texture": "#1_3"},
				"south": {"uv": [1, 11, 2, 12], "rotation": 90, "texture": "#1_3"},
				"west": {"uv": [3, 12, 4, 13], "rotation": 270, "texture": "#1_3"},
				"up": {"uv": [2, 13, 3, 14], "texture": "#1_3"},
				"down": {"uv": [2, 12, 3, 13], "rotation": 180, "texture": "#1_3"}
			}
		},
		{
			"from": [-5.29375, -4.65873, 4.52106],
			"to": [-3.49375, -0.65873, 6.52106],
			"rotation": {"angle": 0, "axis": "y", "origin": [9.5, 9.9, 8.4]},
			"faces": {
				"north": {"uv": [3, 15, 5, 16], "rotation": 90, "texture": "#1_2"},
				"east": {"uv": [4, 15, 5, 16], "rotation": 90, "texture": "#1_2"},
				"south": {"uv": [4, 15, 6, 16], "rotation": 90, "texture": "#1_2"},
				"west": {"uv": [4, 15, 5, 16], "rotation": 270, "texture": "#1_2"},
				"up": {"uv": [4, 15, 7, 16], "texture": "#1_2"},
				"down": {"uv": [4, 15, 7, 16], "rotation": 180, "texture": "#1_2"}
			}
		},
		{
			"from": [-5.41763, -7.27605, 4.52106],
			"to": [-3.41763, -4.27605, 6.52106],
			"rotation": {"angle": -22.5, "axis": "z", "origin": [-4.41763, -4.27605, 5.52106]},
			"faces": {
				"north": {"uv": [3, 15, 5, 16], "rotation": 90, "texture": "#1_2"},
				"east": {"uv": [4, 15, 5, 16], "rotation": 90, "texture": "#1_2"},
				"south": {"uv": [4, 15, 6, 16], "rotation": 90, "texture": "#1_2"},
				"west": {"uv": [4, 15, 5, 16], "rotation": 270, "texture": "#1_2"},
				"up": {"uv": [4, 15, 7, 16], "texture": "#1_2"},
				"down": {"uv": [4, 15, 7, 16], "rotation": 180, "texture": "#1_2"}
			}
		},
		{
			"from": [-9.3457, -7.43037, 4.52106],
			"to": [-4.6457, -5.43037, 6.52106],
			"rotation": {"angle": 0, "axis": "y", "origin": [9.5, 9.9, 8.4]},
			"faces": {
				"north": {"uv": [3, 15, 5, 16], "texture": "#1_2"},
				"east": {"uv": [4, 15, 5, 16], "rotation": 90, "texture": "#1_2"},
				"south": {"uv": [4, 15, 6, 16], "rotation": 180, "texture": "#1_2"},
				"west": {"uv": [4, 15, 5, 16], "rotation": 270, "texture": "#1_2"},
				"up": {"uv": [4, 15, 7, 16], "texture": "#1_2"},
				"down": {"uv": [4, 15, 7, 16], "rotation": 180, "texture": "#1_2"}
			}
		},
		{
			"from": [-10.56987, -7.27605, 4.52106],
			"to": [-8.56987, -4.27605, 6.52106],
			"rotation": {"angle": 22.5, "axis": "z", "origin": [-9.56987, -4.27605, 5.52106]},
			"faces": {
				"north": {"uv": [3, 15, 5, 16], "rotation": 90, "texture": "#1_2"},
				"east": {"uv": [4, 15, 5, 16], "rotation": 90, "texture": "#1_2"},
				"south": {"uv": [4, 15, 6, 16], "rotation": 90, "texture": "#1_2"},
				"west": {"uv": [4, 15, 5, 16], "rotation": 270, "texture": "#1_2"},
				"up": {"uv": [4, 15, 7, 16], "texture": "#1_2"},
				"down": {"uv": [4, 15, 7, 16], "rotation": 180, "texture": "#1_2"}
			}
		},
		{
			"from": [-10.49375, -4.65873, 4.52106],
			"to": [-8.69375, -0.65873, 6.52106],
			"rotation": {"angle": 0, "axis": "y", "origin": [9.5, 9.9, 8.4]},
			"faces": {
				"north": {"uv": [3, 15, 5, 16], "rotation": 90, "texture": "#1_2"},
				"east": {"uv": [4, 15, 5, 16], "rotation": 90, "texture": "#1_2"},
				"south": {"uv": [4, 15, 6, 16], "rotation": 90, "texture": "#1_2"},
				"west": {"uv": [4, 15, 5, 16], "rotation": 270, "texture": "#1_2"},
				"up": {"uv": [4, 15, 7, 16], "texture": "#1_2"},
				"down": {"uv": [4, 15, 7, 16], "rotation": 180, "texture": "#1_2"}
			}
		},
		{
			"from": [-9.99375, -3.01228, 3.16751],
			"to": [-9.49375, -1.01228, 3.66751],
			"rotation": {"angle": 0, "axis": "y", "origin": [9.5, 9.9, 8.4]},
			"faces": {
				"north": {"uv": [1, 11, 1.5, 13], "rotation": 180, "texture": "#1_3"},
				"east": {"uv": [1, 12, 2, 13], "rotation": 180, "texture": "#1_3"},
				"south": {"uv": [1, 11, 2, 12], "rotation": 180, "texture": "#1_3"},
				"west": {"uv": [3, 12, 4, 13], "rotation": 180, "texture": "#1_3"},
				"up": {"uv": [2, 13, 3, 14], "rotation": 90, "texture": "#1_3"},
				"down": {"uv": [2, 12, 3, 13], "rotation": 270, "texture": "#1_3"}
			}
		},
		{
			"from": [-9.99375, -1.15873, 3.52106],
			"to": [-9.49375, -0.65873, 5.52106],
			"rotation": {"angle": 0, "axis": "y", "origin": [9.5, 9.9, 8.4]},
			"faces": {
				"north": {"uv": [1, 11, 1.5, 13], "rotation": 90, "texture": "#1_3"},
				"east": {"uv": [1, 12, 2, 13], "rotation": 90, "texture": "#1_3"},
				"south": {"uv": [1, 11, 2, 12], "rotation": 90, "texture": "#1_3"},
				"west": {"uv": [3, 12, 4, 13], "rotation": 270, "texture": "#1_3"},
				"up": {"uv": [2, 13, 3, 14], "texture": "#1_3"},
				"down": {"uv": [2, 12, 3, 13], "rotation": 180, "texture": "#1_3"}
			}
		},
		{
			"from": [-9.99375, -3.36584, 3.52106],
			"to": [-9.49375, -2.86584, 5.52106],
			"rotation": {"angle": 0, "axis": "y", "origin": [9.5, 9.9, 8.4]},
			"faces": {
				"north": {"uv": [1, 11, 1.5, 13], "rotation": 90, "texture": "#1_3"},
				"east": {"uv": [1, 12, 2, 13], "rotation": 90, "texture": "#1_3"},
				"south": {"uv": [1, 11, 2, 12], "rotation": 90, "texture": "#1_3"},
				"west": {"uv": [3, 12, 4, 13], "rotation": 270, "texture": "#1_3"},
				"up": {"uv": [2, 13, 3, 14], "texture": "#1_3"},
				"down": {"uv": [2, 12, 3, 13], "rotation": 180, "texture": "#1_3"}
			}
		},
		{
			"from": [-4.49375, -3.36584, 3.52106],
			"to": [-3.99375, -2.86584, 5.52106],
			"rotation": {"angle": 0, "axis": "y", "origin": [9.5, 9.9, 8.4]},
			"faces": {
				"north": {"uv": [1, 11, 1.5, 13], "rotation": 90, "texture": "#1_3"},
				"east": {"uv": [1, 12, 2, 13], "rotation": 90, "texture": "#1_3"},
				"south": {"uv": [1, 11, 2, 12], "rotation": 90, "texture": "#1_3"},
				"west": {"uv": [3, 12, 4, 13], "rotation": 270, "texture": "#1_3"},
				"up": {"uv": [2, 13, 3, 14], "texture": "#1_3"},
				"down": {"uv": [2, 12, 3, 13], "rotation": 180, "texture": "#1_3"}
			}
		},
		{
			"from": [-4.49375, -3.01228, 3.16751],
			"to": [-3.99375, -1.01228, 3.66751],
			"rotation": {"angle": 0, "axis": "y", "origin": [9.5, 9.9, 8.4]},
			"faces": {
				"north": {"uv": [1, 11, 1.5, 13], "rotation": 180, "texture": "#1_3"},
				"east": {"uv": [1, 12, 2, 13], "rotation": 180, "texture": "#1_3"},
				"south": {"uv": [1, 11, 2, 12], "rotation": 180, "texture": "#1_3"},
				"west": {"uv": [3, 12, 4, 13], "rotation": 180, "texture": "#1_3"},
				"up": {"uv": [2, 13, 3, 14], "rotation": 90, "texture": "#1_3"},
				"down": {"uv": [2, 12, 3, 13], "rotation": 270, "texture": "#1_3"}
			}
		},
		{
			"from": [-4.49375, -1.15873, 3.52106],
			"to": [-3.99375, -0.65873, 5.52106],
			"rotation": {"angle": 0, "axis": "y", "origin": [9.5, 9.9, 8.4]},
			"faces": {
				"north": {"uv": [1, 11, 1.5, 13], "rotation": 90, "texture": "#1_3"},
				"east": {"uv": [1, 12, 2, 13], "rotation": 90, "texture": "#1_3"},
				"south": {"uv": [1, 11, 2, 12], "rotation": 90, "texture": "#1_3"},
				"west": {"uv": [3, 12, 4, 13], "rotation": 270, "texture": "#1_3"},
				"up": {"uv": [2, 13, 3, 14], "texture": "#1_3"},
				"down": {"uv": [2, 12, 3, 13], "rotation": 180, "texture": "#1_3"}
			}
		}
	],
	"display": {
		"gui": {
			"rotation": [15, -126, 0],
			"translation": [-1, 0, 0],
			"scale": [0.41, 0.41, 0.41]
		},
		"head": {
			"scale": [2.5, 2.5, 2.5]
		},
		"fixed": {
			"translation": [0, 0, -5.5]
		}
	},
	"groups": [
		{
			"name": "harnais",
			"origin": [8, 8, 8],
			"color": 0,
			"children": [
				{
					"name": "seat",
					"origin": [8, 8, 8],
					"color": 0,
					"children": [
						{
							"name": "SIEGES3",
							"origin": [-2.87106, 0.74127, -1.49375],
							"color": 0,
							"children": []
						},
						{
							"name": "SIEGES1",
							"origin": [-2.87106, 0.74127, 24.00625],
							"color": 0,
							"children": [0, 1, 2, 3, 4, 5, 6, 7, 8, 9, 10, 11, 12, 13, 14, 15, 16, 17, 18, 19, 20, 21, 22, 23, 24, 25, 26]
						},
						{
							"name": "SIEGES1",
							"origin": [-2.87106, 0.74127, 24.00625],
							"color": 0,
							"children": [27, 28, 29, 30, 31, 32, 33, 34, 35, 36, 37]
						},
						{
							"name": "SIEGES1",
							"origin": [-2.87106, 0.74127, 24.00625],
							"color": 0,
							"children": [38, 39, 40, 41, 42, 43, 44, 45, 46, 47, 48]
						},
						{
							"name": "SIEGES1",
							"origin": [-2.87106, 0.74127, 24.00625],
							"color": 0,
							"children": [
								49,
								50,
								51,
								52,
								53,
								54,
								55,
								56,
								57,
								58,
								59,
								{
									"name": "group",
									"origin": [-2.87106, 0.74127, 24.00625],
									"color": 0,
									"children": []
								}
							]
						},
						{
							"name": "SIEGES4",
							"origin": [-2.87106, 0.74127, -5.99375],
							"color": 0,
							"children": []
						},
						{
							"name": "SIEGES2",
							"origin": [-0.87106, -2.11228, 14.25625],
							"color": 0,
							"children": []
						}
					]
				}
			]
		}
	]
}