{
	"credit": "Made with Blockbench",
	"textures": {
		"0": "block/cyan_wool",
		"1": "block/cyan_concrete",
		"particle": "block/cyan_wool"
	},
	"elements": [
		{
			"from": [5.93444, -9.97715, -13.46381],
			"to": [9.49706, 4.87975, -11.6067],
			"rotation": {"angle": 0, "axis": "y", "origin": [8, 8.02927, 7.50815]},
			"faces": {
				"north": {"uv": [0, 0, 1, 8], "texture": "#0"},
				"east": {"uv": [0, 0, 1, 8], "texture": "#0"},
				"south": {"uv": [0, 0, 1, 8], "texture": "#0"},
				"west": {"uv": [0, 0, 1, 8], "texture": "#0"},
				"up": {"uv": [0, 0, 1, 8], "texture": "#0"},
				"down": {"uv": [0, 0, 1, 8], "texture": "#0"}
			}
		},
		{
			"from": [6.11257, -7.74933, -11.85325],
			"to": [9.31893, 5.62188, -10.18186],
			"rotation": {"angle": 0, "axis": "y", "origin": [7.97158, 8.45645, 7.02151]},
			"faces": {
				"north": {"uv": [0, 0, 1, 8], "texture": "#1"},
				"east": {"uv": [0, 0, 1, 8], "texture": "#1"},
				"south": {"uv": [0, 0, 1, 8], "texture": "#1"},
				"west": {"uv": [0, 0, 1, 8], "texture": "#1"},
				"up": {"uv": [0, 0, 1, 8], "texture": "#1"},
				"down": {"uv": [0, 0, 1, 8], "texture": "#1"}
			}
		},
		{
			"from": [5.93444, -0.83169, -12.23571],
			"to": [9.49706, 7.33961, -10.37859],
			"rotation": {"angle": 22.5, "axis": "x", "origin": [21.92835, 5.11107, 1.50693]},
			"faces": {
				"north": {"uv": [0, 0, 1, 4.4], "texture": "#0"},
				"east": {"uv": [0, 0, 1, 4.4], "texture": "#0"},
				"south": {"uv": [0, 0, 1, 4.4], "texture": "#0"},
				"west": {"uv": [0, 0, 1, 4.4], "texture": "#0"},
				"up": {"uv": [0, 0, 1, 4.4], "texture": "#0"},
				"down": {"uv": [0, 0, 1, 4.4], "texture": "#0"}
			}
		},
		{
			"from": [6.11257, 0.48158, -10.74797],
			"to": [9.31893, 7.83575, -9.07656],
			"rotation": {"angle": 22.5, "axis": "x", "origin": [20.50709, 5.83006, 1.62041]},
			"faces": {
				"north": {"uv": [0, 0, 1, 4.4], "texture": "#1"},
				"east": {"uv": [0, 0, 1, 4.4], "texture": "#1"},
				"south": {"uv": [0, 0, 1, 4.4], "texture": "#1"},
				"west": {"uv": [0, 0, 1, 4.4], "texture": "#1"},
				"up": {"uv": [0, 0, 1, 4.4], "texture": "#1"},
				"down": {"uv": [0, 0, 1, 4.4], "texture": "#1"}
			}
		},
		{
			"from": [5.93444, 1.91816, -12.07512],
			"to": [9.49706, 10.08946, -10.018],
			"rotation": {"angle": 45, "axis": "x", "origin": [21.92835, 5.07525, 1.48181]},
			"faces": {
				"north": {"uv": [0, 0, 1, 4.4], "texture": "#0"},
				"east": {"uv": [0, 0, 1, 4.4], "texture": "#0"},
				"south": {"uv": [0, 0, 1, 4.4], "texture": "#0"},
				"west": {"uv": [0, 0, 1, 4.4], "texture": "#0"},
				"up": {"uv": [0, 0, 1, 4.4], "texture": "#0"},
				"down": {"uv": [0, 0, 1, 4.4], "texture": "#0"}
			}
		},
		{
			"from": [6.11257, 2.95645, -10.60344],
			"to": [9.31893, 10.31062, -8.75203],
			"rotation": {"angle": 45, "axis": "x", "origin": [20.50709, 5.79783, 1.5978]},
			"faces": {
				"north": {"uv": [0, 0, 1, 4.4], "texture": "#1"},
				"east": {"uv": [0, 0, 1, 4.4], "texture": "#1"},
				"south": {"uv": [0, 0, 1, 4.4], "texture": "#1"},
				"west": {"uv": [0, 0, 1, 4.4], "texture": "#1"},
				"up": {"uv": [0, 0, 1, 4.4], "texture": "#1"},
				"down": {"uv": [0, 0, 1, 4.4], "texture": "#1"}
			}
		},
		{
			"from": [5.93444, 17.40362, 0.92467],
			"to": [9.49706, 19.56073, 9.09597],
			"rotation": {"angle": -22.5, "axis": "x", "origin": [21.92835, 5.07525, 1.48181]},
			"faces": {
				"north": {"uv": [0, 0, 1, 4.4], "rotation": 90, "texture": "#0"},
				"east": {"uv": [0, 0, 1, 4.4], "rotation": 90, "texture": "#0"},
				"south": {"uv": [0, 0, 1, 4.4], "rotation": 90, "texture": "#0"},
				"west": {"uv": [0, 0, 1, 4.4], "rotation": 90, "texture": "#0"},
				"up": {"uv": [0, 0, 1, 4.4], "rotation": 90, "texture": "#0"},
				"down": {"uv": [0, 0, 1, 4.4], "rotation": 90, "texture": "#0"}
			}
		},
		{
			"from": [6.11257, 16.89336, 1.09638],
			"to": [9.31893, 18.83476, 8.45055],
			"rotation": {"angle": -22.5, "axis": "x", "origin": [20.50709, 5.79783, 1.5978]},
			"faces": {
				"north": {"uv": [0, 0, 1, 4.4], "rotation": 90, "texture": "#1"},
				"east": {"uv": [0, 0, 1, 4.4], "rotation": 90, "texture": "#1"},
				"south": {"uv": [0, 0, 1, 4.4], "rotation": 90, "texture": "#1"},
				"west": {"uv": [0, 0, 1, 4.4], "rotation": 90, "texture": "#1"},
				"up": {"uv": [0, 0, 1, 4.4], "rotation": 90, "texture": "#1"},
				"down": {"uv": [0, 0, 1, 4.4], "rotation": 90, "texture": "#1"}
			}
		},
		{
			"from": [5.93444, 19.31478, 2.97302],
			"to": [9.49706, 21.3719, 11.14432],
			"rotation": {"angle": 0, "axis": "y", "origin": [8, 8.17882, 7.60239]},
			"faces": {
				"north": {"uv": [0, 0, 1, 4.4], "rotation": 90, "texture": "#0"},
				"east": {"uv": [0, 0, 1, 4.4], "rotation": 90, "texture": "#0"},
				"south": {"uv": [0, 0, 1, 4.4], "rotation": 90, "texture": "#0"},
				"west": {"uv": [0, 0, 1, 4.4], "rotation": 90, "texture": "#0"},
				"up": {"uv": [0, 0, 1, 4.4], "rotation": 90, "texture": "#0"},
				"down": {"uv": [0, 0, 1, 4.4], "rotation": 90, "texture": "#0"}
			}
		},
		{
			"from": [6.11257, 18.61341, 2.93989],
			"to": [9.31893, 20.46482, 10.29406],
			"rotation": {"angle": 0, "axis": "y", "origin": [7.97158, 8.59104, 7.10633]},
			"faces": {
				"north": {"uv": [0, 0, 1, 4.4], "rotation": 90, "texture": "#1"},
				"east": {"uv": [0, 0, 1, 4.4], "rotation": 90, "texture": "#1"},
				"south": {"uv": [0, 0, 1, 4.4], "rotation": 90, "texture": "#1"},
				"west": {"uv": [0, 0, 1, 4.4], "rotation": 90, "texture": "#1"},
				"up": {"uv": [0, 0, 1, 4.4], "rotation": 90, "texture": "#1"},
				"down": {"uv": [0, 0, 1, 4.4], "rotation": 90, "texture": "#1"}
			}
		},
		{
			"from": [5.91257, 19.21341, 4.93989],
			"to": [9.51893, 21.06482, 6.49406],
			"rotation": {"angle": 0, "axis": "y", "origin": [7.97158, 9.19104, 7.10633]},
			"faces": {
				"north": {"uv": [0, 0, 1, 4.4], "rotation": 90, "texture": "#1"},
				"east": {"uv": [0, 0, 1, 4.4], "rotation": 90, "texture": "#1"},
				"south": {"uv": [0, 0, 1, 4.4], "rotation": 90, "texture": "#1"},
				"west": {"uv": [0, 0, 1, 4.4], "rotation": 90, "texture": "#1"},
				"up": {"uv": [0, 0, 1, 4.4], "rotation": 90, "texture": "#1"},
				"down": {"uv": [0, 0, 1, 4.4], "rotation": 90, "texture": "#1"}
			}
		},
		{
			"from": [5.91257, 18.61341, 1.93989],
			"to": [9.51893, 20.46482, 3.49406],
			"rotation": {"angle": -22.5, "axis": "x", "origin": [7.97158, 8.59104, 4.10633]},
			"faces": {
				"north": {"uv": [0, 0, 1, 4.4], "rotation": 90, "texture": "#1"},
				"east": {"uv": [0, 0, 1, 4.4], "rotation": 90, "texture": "#1"},
				"south": {"uv": [0, 0, 1, 4.4], "rotation": 90, "texture": "#1"},
				"west": {"uv": [0, 0, 1, 4.4], "rotation": 90, "texture": "#1"},
				"up": {"uv": [0, 0, 1, 4.4], "rotation": 90, "texture": "#1"},
				"down": {"uv": [0, 0, 1, 4.4], "rotation": 90, "texture": "#1"}
			}
		},
		{
			"from": [5.91257, 17.21341, -0.76011],
			"to": [9.51893, 19.06482, 0.79406],
			"rotation": {"angle": -45, "axis": "x", "origin": [7.97158, 7.19104, 1.40633]},
			"faces": {
				"north": {"uv": [0, 0, 1, 4.4], "rotation": 90, "texture": "#1"},
				"east": {"uv": [0, 0, 1, 4.4], "rotation": 90, "texture": "#1"},
				"south": {"uv": [0, 0, 1, 4.4], "rotation": 90, "texture": "#1"},
				"west": {"uv": [0, 0, 1, 4.4], "rotation": 90, "texture": "#1"},
				"up": {"uv": [0, 0, 1, 4.4], "rotation": 90, "texture": "#1"},
				"down": {"uv": [0, 0, 1, 4.4], "rotation": 90, "texture": "#1"}
			}
		},
		{
			"from": [5.91257, 2.42461, -12.56745],
			"to": [9.51893, 3.97878, -10.71604],
			"rotation": {"angle": 22.5, "axis": "x", "origin": [7.97158, 4.59104, -0.69367]},
			"faces": {
				"north": {"uv": [0, 0, 1, 4.4], "rotation": 270, "texture": "#1"},
				"east": {"uv": [0, 0, 1, 4.4], "rotation": 180, "texture": "#1"},
				"south": {"uv": [0, 0, 1, 4.4], "rotation": 90, "texture": "#1"},
				"west": {"uv": [0, 0, 1, 4.4], "texture": "#1"},
				"up": {"uv": [0, 0, 1, 4.4], "rotation": 90, "texture": "#1"},
				"down": {"uv": [0, 0, 1, 4.4], "rotation": 270, "texture": "#1"}
			}
		},
		{
			"from": [5.91257, -1.17539, -13.46745],
			"to": [9.51893, 0.37878, -11.61604],
			"rotation": {"angle": 0, "axis": "x", "origin": [7.97158, 0.99104, -1.59367]},
			"faces": {
				"north": {"uv": [0, 0, 1, 4.4], "rotation": 270, "texture": "#1"},
				"east": {"uv": [0, 0, 1, 4.4], "rotation": 180, "texture": "#1"},
				"south": {"uv": [0, 0, 1, 4.4], "rotation": 90, "texture": "#1"},
				"west": {"uv": [0, 0, 1, 4.4], "texture": "#1"},
				"up": {"uv": [0, 0, 1, 4.4], "rotation": 90, "texture": "#1"},
				"down": {"uv": [0, 0, 1, 4.4], "rotation": 270, "texture": "#1"}
			}
		},
		{
			"from": [5.91257, -5.07539, -13.46745],
			"to": [9.51893, -3.52122, -11.61604],
			"rotation": {"angle": 0, "axis": "x", "origin": [7.97158, -2.90896, -1.59367]},
			"faces": {
				"north": {"uv": [0, 0, 1, 4.4], "rotation": 270, "texture": "#1"},
				"east": {"uv": [0, 0, 1, 4.4], "rotation": 180, "texture": "#1"},
				"south": {"uv": [0, 0, 1, 4.4], "rotation": 90, "texture": "#1"},
				"west": {"uv": [0, 0, 1, 4.4], "texture": "#1"},
				"up": {"uv": [0, 0, 1, 4.4], "rotation": 90, "texture": "#1"},
				"down": {"uv": [0, 0, 1, 4.4], "rotation": 270, "texture": "#1"}
			}
		},
		{
			"from": [5.91257, 18.01341, 11.23989],
			"to": [9.51893, 19.86482, 12.79406],
			"rotation": {"angle": 22.5, "axis": "x", "origin": [7.81575, 18.93911, 13.76698]},
			"faces": {
				"north": {"uv": [0, 0, 1, 4.4], "rotation": 90, "texture": "#1"},
				"east": {"uv": [0, 0, 1, 4.4], "rotation": 90, "texture": "#1"},
				"south": {"uv": [0, 0, 1, 4.4], "rotation": 90, "texture": "#1"},
				"west": {"uv": [0, 0, 1, 4.4], "rotation": 90, "texture": "#1"},
				"up": {"uv": [0, 0, 1, 4.4], "rotation": 90, "texture": "#1"},
				"down": {"uv": [0, 0, 1, 4.4], "rotation": 90, "texture": "#1"}
			}
		},
		{
			"from": [5.91257, 14.41341, 17.33989],
			"to": [9.51893, 16.26482, 18.89406],
			"rotation": {"angle": 45, "axis": "x", "origin": [7.81575, 15.33911, 19.86698]},
			"faces": {
				"north": {"uv": [0, 0, 1, 4.4], "rotation": 90, "texture": "#1"},
				"east": {"uv": [0, 0, 1, 4.4], "rotation": 90, "texture": "#1"},
				"south": {"uv": [0, 0, 1, 4.4], "rotation": 90, "texture": "#1"},
				"west": {"uv": [0, 0, 1, 4.4], "rotation": 90, "texture": "#1"},
				"up": {"uv": [0, 0, 1, 4.4], "rotation": 90, "texture": "#1"},
				"down": {"uv": [0, 0, 1, 4.4], "rotation": 90, "texture": "#1"}
			}
		},
		{
			"from": [5.91257, 9.61341, 22.13989],
			"to": [9.51893, 11.46482, 23.69406],
			"rotation": {"angle": 45, "axis": "x", "origin": [7.81575, 10.53911, 24.66698]},
			"faces": {
				"north": {"uv": [0, 0, 1, 4.4], "rotation": 90, "texture": "#1"},
				"east": {"uv": [0, 0, 1, 4.4], "rotation": 90, "texture": "#1"},
				"south": {"uv": [0, 0, 1, 4.4], "rotation": 90, "texture": "#1"},
				"west": {"uv": [0, 0, 1, 4.4], "rotation": 90, "texture": "#1"},
				"up": {"uv": [0, 0, 1, 4.4], "rotation": 90, "texture": "#1"},
				"down": {"uv": [0, 0, 1, 4.4], "rotation": 90, "texture": "#1"}
			}
		},
		{
			"from": [5.91257, 4.81341, 26.93989],
			"to": [9.51893, 6.66482, 28.49406],
			"rotation": {"angle": 45, "axis": "x", "origin": [7.81575, 5.73911, 29.46698]},
			"faces": {
				"north": {"uv": [0, 0, 1, 4.4], "rotation": 90, "texture": "#1"},
				"east": {"uv": [0, 0, 1, 4.4], "rotation": 90, "texture": "#1"},
				"south": {"uv": [0, 0, 1, 4.4], "rotation": 90, "texture": "#1"},
				"west": {"uv": [0, 0, 1, 4.4], "rotation": 90, "texture": "#1"},
				"up": {"uv": [0, 0, 1, 4.4], "rotation": 90, "texture": "#1"},
				"down": {"uv": [0, 0, 1, 4.4], "rotation": 90, "texture": "#1"}
			}
		},
		{
			"from": [5.91257, 19.21341, 8.43989],
			"to": [9.51893, 21.06482, 9.99406],
			"rotation": {"angle": 0, "axis": "y", "origin": [7.97158, 9.19104, 10.60633]},
			"faces": {
				"north": {"uv": [0, 0, 1, 4.4], "rotation": 90, "texture": "#1"},
				"east": {"uv": [0, 0, 1, 4.4], "rotation": 90, "texture": "#1"},
				"south": {"uv": [0, 0, 1, 4.4], "rotation": 90, "texture": "#1"},
				"west": {"uv": [0, 0, 1, 4.4], "rotation": 90, "texture": "#1"},
				"up": {"uv": [0, 0, 1, 4.4], "rotation": 90, "texture": "#1"},
				"down": {"uv": [0, 0, 1, 4.4], "rotation": 90, "texture": "#1"}
			}
		},
		{
			"from": [5.91257, 18.61341, 5.43989],
			"to": [9.51893, 20.46482, 6.99406],
			"rotation": {"angle": -22.5, "axis": "x", "origin": [7.97158, 8.59104, 4.10633]},
			"faces": {
				"north": {"uv": [0, 0, 1, 4.4], "rotation": 90, "texture": "#1"},
				"east": {"uv": [0, 0, 1, 4.4], "rotation": 90, "texture": "#1"},
				"south": {"uv": [0, 0, 1, 4.4], "rotation": 90, "texture": "#1"},
				"west": {"uv": [0, 0, 1, 4.4], "rotation": 90, "texture": "#1"},
				"up": {"uv": [0, 0, 1, 4.4], "rotation": 90, "texture": "#1"},
				"down": {"uv": [0, 0, 1, 4.4], "rotation": 90, "texture": "#1"}
			}
		},
		{
			"from": [5.91257, 17.21341, 2.73989],
			"to": [9.51893, 19.06482, 4.29406],
			"rotation": {"angle": -45, "axis": "x", "origin": [7.97158, 7.19104, 1.40633]},
			"faces": {
				"north": {"uv": [0, 0, 1, 4.4], "rotation": 90, "texture": "#1"},
				"east": {"uv": [0, 0, 1, 4.4], "rotation": 90, "texture": "#1"},
				"south": {"uv": [0, 0, 1, 4.4], "rotation": 90, "texture": "#1"},
				"west": {"uv": [0, 0, 1, 4.4], "rotation": 90, "texture": "#1"},
				"up": {"uv": [0, 0, 1, 4.4], "rotation": 90, "texture": "#1"},
				"down": {"uv": [0, 0, 1, 4.4], "rotation": 90, "texture": "#1"}
			}
		},
		{
			"from": [5.91257, 5.92461, -12.56745],
			"to": [9.51893, 7.47878, -10.71604],
			"rotation": {"angle": 22.5, "axis": "x", "origin": [7.97158, 4.59104, -0.69367]},
			"faces": {
				"north": {"uv": [0, 0, 1, 4.4], "rotation": 270, "texture": "#1"},
				"east": {"uv": [0, 0, 1, 4.4], "rotation": 180, "texture": "#1"},
				"south": {"uv": [0, 0, 1, 4.4], "rotation": 90, "texture": "#1"},
				"west": {"uv": [0, 0, 1, 4.4], "texture": "#1"},
				"up": {"uv": [0, 0, 1, 4.4], "rotation": 90, "texture": "#1"},
				"down": {"uv": [0, 0, 1, 4.4], "rotation": 270, "texture": "#1"}
			}
		},
		{
			"from": [5.91257, 2.32461, -13.46745],
			"to": [9.51893, 3.87878, -11.61604],
			"rotation": {"angle": 0, "axis": "x", "origin": [7.97158, 0.99104, -1.59367]},
			"faces": {
				"north": {"uv": [0, 0, 1, 4.4], "rotation": 270, "texture": "#1"},
				"east": {"uv": [0, 0, 1, 4.4], "rotation": 180, "texture": "#1"},
				"south": {"uv": [0, 0, 1, 4.4], "rotation": 90, "texture": "#1"},
				"west": {"uv": [0, 0, 1, 4.4], "texture": "#1"},
				"up": {"uv": [0, 0, 1, 4.4], "rotation": 90, "texture": "#1"},
				"down": {"uv": [0, 0, 1, 4.4], "rotation": 270, "texture": "#1"}
			}
		},
		{
			"from": [5.91257, 18.01341, 14.73989],
			"to": [9.51893, 19.86482, 16.29406],
			"rotation": {"angle": 22.5, "axis": "x", "origin": [7.81575, 18.93911, 13.76698]},
			"faces": {
				"north": {"uv": [0, 0, 1, 4.4], "rotation": 90, "texture": "#1"},
				"east": {"uv": [0, 0, 1, 4.4], "rotation": 90, "texture": "#1"},
				"south": {"uv": [0, 0, 1, 4.4], "rotation": 90, "texture": "#1"},
				"west": {"uv": [0, 0, 1, 4.4], "rotation": 90, "texture": "#1"},
				"up": {"uv": [0, 0, 1, 4.4], "rotation": 90, "texture": "#1"},
				"down": {"uv": [0, 0, 1, 4.4], "rotation": 90, "texture": "#1"}
			}
		},
		{
			"from": [5.91257, 14.41341, 20.83989],
			"to": [9.51893, 16.26482, 22.39406],
			"rotation": {"angle": 45, "axis": "x", "origin": [7.81575, 15.33911, 19.86698]},
			"faces": {
				"north": {"uv": [0, 0, 1, 4.4], "rotation": 90, "texture": "#1"},
				"east": {"uv": [0, 0, 1, 4.4], "rotation": 90, "texture": "#1"},
				"south": {"uv": [0, 0, 1, 4.4], "rotation": 90, "texture": "#1"},
				"west": {"uv": [0, 0, 1, 4.4], "rotation": 90, "texture": "#1"},
				"up": {"uv": [0, 0, 1, 4.4], "rotation": 90, "texture": "#1"},
				"down": {"uv": [0, 0, 1, 4.4], "rotation": 90, "texture": "#1"}
			}
		},
		{
			"from": [5.91257, 9.61341, 25.63989],
			"to": [9.51893, 11.46482, 27.19406],
			"rotation": {"angle": 45, "axis": "x", "origin": [7.81575, 10.53911, 24.66698]},
			"faces": {
				"north": {"uv": [0, 0, 1, 4.4], "rotation": 90, "texture": "#1"},
				"east": {"uv": [0, 0, 1, 4.4], "rotation": 90, "texture": "#1"},
				"south": {"uv": [0, 0, 1, 4.4], "rotation": 90, "texture": "#1"},
				"west": {"uv": [0, 0, 1, 4.4], "rotation": 90, "texture": "#1"},
				"up": {"uv": [0, 0, 1, 4.4], "rotation": 90, "texture": "#1"},
				"down": {"uv": [0, 0, 1, 4.4], "rotation": 90, "texture": "#1"}
			}
		},
		{
			"from": [5.91257, 4.81341, 30.43989],
			"to": [9.51893, 6.66482, 31.99406],
			"rotation": {"angle": 45, "axis": "x", "origin": [7.81575, 5.73911, 29.46698]},
			"faces": {
				"north": {"uv": [0, 0, 1, 4.4], "rotation": 90, "texture": "#1"},
				"east": {"uv": [0, 0, 1, 4.4], "rotation": 90, "texture": "#1"},
				"south": {"uv": [0, 0, 1, 4.4], "rotation": 90, "texture": "#1"},
				"west": {"uv": [0, 0, 1, 4.4], "rotation": 90, "texture": "#1"},
				"up": {"uv": [0, 0, 1, 4.4], "rotation": 90, "texture": "#1"},
				"down": {"uv": [0, 0, 1, 4.4], "rotation": 90, "texture": "#1"}
			}
		},
		{
			"from": [5.93444, 21.56647, 4.15016],
			"to": [9.49706, 23.72358, 12.32145],
			"rotation": {"angle": 22.5, "axis": "x", "origin": [21.92835, 4.96674, 1.73591]},
			"faces": {
				"north": {"uv": [0, 0, 1, 4.4], "rotation": 90, "texture": "#0"},
				"east": {"uv": [0, 0, 1, 4.4], "rotation": 90, "texture": "#0"},
				"south": {"uv": [0, 0, 1, 4.4], "rotation": 90, "texture": "#0"},
				"west": {"uv": [0, 0, 1, 4.4], "rotation": 90, "texture": "#0"},
				"up": {"uv": [0, 0, 1, 4.4], "rotation": 90, "texture": "#0"},
				"down": {"uv": [0, 0, 1, 4.4], "rotation": 90, "texture": "#0"}
			}
		},
		{
			"from": [6.11257, 20.63992, 3.99932],
			"to": [9.31893, 22.58132, 11.35348],
			"rotation": {"angle": 22.5, "axis": "x", "origin": [20.50709, 5.70017, 1.8265]},
			"faces": {
				"north": {"uv": [0, 0, 1, 4.4], "rotation": 90, "texture": "#1"},
				"east": {"uv": [0, 0, 1, 4.4], "rotation": 90, "texture": "#1"},
				"south": {"uv": [0, 0, 1, 4.4], "rotation": 90, "texture": "#1"},
				"west": {"uv": [0, 0, 1, 4.4], "rotation": 90, "texture": "#1"},
				"up": {"uv": [0, 0, 1, 4.4], "rotation": 90, "texture": "#1"},
				"down": {"uv": [0, 0, 1, 4.4], "rotation": 90, "texture": "#1"}
			}
		},
		{
			"from": [5.93444, 24.05017, 4.29919],
			"to": [9.49706, 26.20728, 31.68766],
			"rotation": {"angle": 45, "axis": "x", "origin": [21.92835, 4.85048, 1.88494]},
			"faces": {
				"north": {"uv": [0, 0, 1, 15.2], "rotation": 90, "texture": "#0"},
				"east": {"uv": [0, 0, 1, 15.2], "rotation": 90, "texture": "#0"},
				"south": {"uv": [0, 0, 1, 15.2], "rotation": 90, "texture": "#0"},
				"west": {"uv": [0, 0, 1, 15.2], "rotation": 90, "texture": "#0"},
				"up": {"uv": [0, 0, 1, 15.2], "rotation": 90, "texture": "#0"},
				"down": {"uv": [0, 0, 1, 15.2], "rotation": 90, "texture": "#0"}
			}
		},
		{
			"from": [6.11257, 22.87526, 4.13344],
			"to": [9.31893, 24.81666, 28.78307],
			"rotation": {"angle": 45, "axis": "x", "origin": [20.50709, 5.59554, 1.96062]},
			"faces": {
				"north": {"uv": [0, 0, 1, 15.2], "rotation": 90, "texture": "#1"},
				"east": {"uv": [0, 0, 1, 15.2], "rotation": 90, "texture": "#1"},
				"south": {"uv": [0, 0, 1, 15.2], "rotation": 90, "texture": "#1"},
				"west": {"uv": [0, 0, 1, 15.2], "rotation": 90, "texture": "#1"},
				"up": {"uv": [0, 0, 1, 15.2], "rotation": 90, "texture": "#1"},
				"down": {"uv": [0, 0, 1, 15.2], "rotation": 90, "texture": "#1"}
			}
		}
	],
	"display": {
		"head": {
			"translation": [0, 56, 80],
			"scale": [4, 4, 4]
		}
	}
}