{
	"credit": "Texture Par Rémi P. , Reproduction/Vole/Reprise Interdite ! AstérixCraft est sous copyright",
	"textures": {
		"0": "block/spruce_planks",
		"1": "block/yellow_terracotta",
		"2": "block/cyan_concrete",
		"3": "block/andesite",
		"4": "block/blue_terracotta",
		"particle": "block/spruce_planks"
	},
	"elements": [
		{
			"from": [-12.2, 0.6, 2.9],
			"to": [-12, 1.4, 12.2],
			"faces": {
				"north": {"uv": [0, 0, 2, 7], "texture": "#1"},
				"east": {"uv": [0, 0, 2, 7], "texture": "#1"},
				"south": {"uv": [0, 0, 2, 7], "texture": "#1"},
				"west": {"uv": [0, 0, 2, 7], "texture": "#1"},
				"up": {"uv": [0, 0, 2, 7], "texture": "#1"},
				"down": {"uv": [0, 0, 2, 7], "texture": "#1"}
			}
		},
		{
			"from": [-11.09064, 0, 0.9],
			"to": [7.20936, 0, 13.9],
			"faces": {
				"north": {"uv": [0, 0, 2, 7], "texture": "#0"},
				"east": {"uv": [0, 0, 2, 7], "texture": "#0"},
				"south": {"uv": [0, 0, 2, 7], "texture": "#0"},
				"west": {"uv": [0, 0, 2, 7], "texture": "#0"},
				"up": {"uv": [0, 0, 2, 7], "texture": "#0"},
				"down": {"uv": [0, 0, 2, 7], "texture": "#0"}
			}
		},
		{
			"from": [-10.19064, 0, 13.9],
			"to": [6.20936, 0, 15.8],
			"faces": {
				"north": {"uv": [0, 0, 2, 7], "texture": "#0"},
				"east": {"uv": [0, 0, 2, 7], "texture": "#0"},
				"south": {"uv": [0, 0, 2, 7], "texture": "#0"},
				"west": {"uv": [0, 0, 2, 7], "texture": "#0"},
				"up": {"uv": [0, 0, 2, 7], "texture": "#0"},
				"down": {"uv": [0, 0, 2.5, 3], "texture": "#0"}
			}
		},
		{
			"from": [-10.19064, 0, -0.9],
			"to": [6.20936, 0, 1],
			"faces": {
				"north": {"uv": [0, 0, 2, 7], "texture": "#0"},
				"east": {"uv": [0, 0, 2, 7], "texture": "#0"},
				"south": {"uv": [0, 0, 2, 7], "texture": "#0"},
				"west": {"uv": [0, 0, 2, 7], "texture": "#0"},
				"up": {"uv": [0, 0, 2, 7], "texture": "#0"},
				"down": {"uv": [0, 0, 2.5, 3], "texture": "#0"}
			}
		},
		{
			"from": [-8.99064, 0, 15.8],
			"to": [5.00936, 0, 17.2],
			"faces": {
				"north": {"uv": [0, 0, 2, 7], "texture": "#0"},
				"east": {"uv": [0, 0, 2, 7], "texture": "#0"},
				"south": {"uv": [0, 0, 2, 7], "texture": "#0"},
				"west": {"uv": [0, 0, 2, 7], "texture": "#0"},
				"up": {"uv": [0, 0, 2, 7], "texture": "#0"},
				"down": {"uv": [0, 0, 2.5, 3], "texture": "#0"}
			}
		},
		{
			"from": [-8.99064, 0, -2.3],
			"to": [5.00936, 0, -0.9],
			"faces": {
				"north": {"uv": [0, 0, 2, 7], "texture": "#0"},
				"east": {"uv": [0, 0, 2, 7], "texture": "#0"},
				"south": {"uv": [0, 0, 2, 7], "texture": "#0"},
				"west": {"uv": [0, 0, 2, 7], "texture": "#0"},
				"up": {"uv": [0, 0, 2, 7], "texture": "#0"},
				"down": {"uv": [0, 0, 2.5, 3], "texture": "#0"}
			}
		},
		{
			"from": [-7.49064, 0, 17.2],
			"to": [3.70936, 0, 18.6],
			"faces": {
				"north": {"uv": [0, 0, 2, 7], "texture": "#0"},
				"east": {"uv": [0, 0, 2, 7], "texture": "#0"},
				"south": {"uv": [0, 0, 2, 7], "texture": "#0"},
				"west": {"uv": [0, 0, 2, 7], "texture": "#0"},
				"up": {"uv": [0, 0, 2, 7], "texture": "#0"},
				"down": {"uv": [0, 0, 2.5, 3], "texture": "#0"}
			}
		},
		{
			"from": [-7.49064, 0, -3.2],
			"to": [3.70936, 0, -1.8],
			"faces": {
				"north": {"uv": [0, 0, 2, 7], "texture": "#0"},
				"east": {"uv": [0, 0, 2, 7], "texture": "#0"},
				"south": {"uv": [0, 0, 2, 7], "texture": "#0"},
				"west": {"uv": [0, 0, 2, 7], "texture": "#0"},
				"up": {"uv": [0, 0, 2, 7], "texture": "#0"},
				"down": {"uv": [0, 0, 2.5, 3], "texture": "#0"}
			}
		},
		{
			"from": [-5.99064, 0, 17.8],
			"to": [2.00936, 0, 19.2],
			"faces": {
				"north": {"uv": [0, 0, 2, 7], "texture": "#0"},
				"east": {"uv": [0, 0, 2, 7], "texture": "#0"},
				"south": {"uv": [0, 0, 2, 7], "texture": "#0"},
				"west": {"uv": [0, 0, 2, 7], "texture": "#0"},
				"up": {"uv": [0, 0, 2, 7], "texture": "#0"},
				"down": {"uv": [0, 0, 2.5, 3], "texture": "#0"}
			}
		},
		{
			"from": [-5.99064, 0, -4.2],
			"to": [2.00936, 0, -2.8],
			"faces": {
				"north": {"uv": [0, 0, 2, 7], "texture": "#0"},
				"east": {"uv": [0, 0, 2, 7], "texture": "#0"},
				"south": {"uv": [0, 0, 2, 7], "texture": "#0"},
				"west": {"uv": [0, 0, 2, 7], "texture": "#0"},
				"up": {"uv": [0, 0, 2, 7], "texture": "#0"},
				"down": {"uv": [0, 0, 2.5, 3], "texture": "#0"}
			}
		},
		{
			"from": [7.10936, 0, 3],
			"to": [8.10936, 2.7, 12],
			"faces": {
				"north": {"uv": [0, 0, 2, 7], "texture": "#0"},
				"east": {"uv": [0, 0, 2, 7], "texture": "#0"},
				"south": {"uv": [0, 0, 2, 7], "texture": "#0"},
				"west": {"uv": [0, 0, 1, 7], "texture": "#2"},
				"up": {"uv": [0, 0, 2, 7], "texture": "#0"},
				"down": {"uv": [0, 0, 2, 7], "texture": "#0"}
			}
		},
		{
			"from": [-11.99064, 0, 3.1],
			"to": [-10.99064, 2.7, 12.1],
			"faces": {
				"north": {"uv": [0, 0, 2, 7], "texture": "#0"},
				"east": {"uv": [0, 0, 1, 7], "texture": "#2"},
				"south": {"uv": [0, 0, 2, 7], "texture": "#0"},
				"west": {"uv": [0, 0, 2, 7], "texture": "#0"},
				"up": {"uv": [0, 0, 2, 7], "rotation": 180, "texture": "#0"},
				"down": {"uv": [0, 0, 2, 7], "rotation": 180, "texture": "#0"}
			}
		},
		{
			"from": [7.10936, 2.7, 6.25],
			"to": [8.10936, 6.8, 8.25],
			"faces": {
				"north": {"uv": [0, 0, 2, 7], "texture": "#0"},
				"east": {"uv": [0, 0, 2, 7], "texture": "#0"},
				"south": {"uv": [0, 0, 2, 7], "texture": "#0"},
				"west": {"uv": [0, 0, 1, 7], "texture": "#2"},
				"up": {"uv": [0, 0, 2, 7], "texture": "#0"},
				"down": {"uv": [0, 0, 2, 7], "texture": "#0"}
			}
		},
		{
			"from": [-11.99064, 2.7, 6.1],
			"to": [-10.99064, 6.8, 8.1],
			"faces": {
				"north": {"uv": [0, 0, 2, 7], "texture": "#0"},
				"east": {"uv": [0, 0, 1, 7], "texture": "#2"},
				"south": {"uv": [0, 0, 2, 7], "texture": "#0"},
				"west": {"uv": [0, 0, 2, 7], "texture": "#0"},
				"up": {"uv": [0, 0, 2, 7], "rotation": 180, "texture": "#0"},
				"down": {"uv": [0, 0, 2, 7], "rotation": 180, "texture": "#0"}
			}
		},
		{
			"from": [-10.49064, 0.45, 11.6],
			"to": [6.75936, 2.55, 15.1],
			"faces": {
				"north": {"uv": [0, 0, 2, 7], "rotation": 180, "texture": "#2"},
				"east": {"uv": [0, 0, 2, 7], "rotation": 180, "texture": "#2"},
				"south": {"uv": [0, 0, 2, 7], "rotation": 180, "texture": "#2"},
				"west": {"uv": [0, 0, 2, 7], "rotation": 180, "texture": "#2"},
				"up": {"uv": [0, 0, 2, 7], "rotation": 180, "texture": "#2"},
				"down": {"uv": [0, 0, 2, 7], "rotation": 180, "texture": "#2"}
			}
		},
		{
			"from": [-10.49064, 0.45, 6.85],
			"to": [6.75936, 6.8, 8.1],
			"faces": {
				"north": {"uv": [0, 0, 2, 7], "rotation": 180, "texture": "#2"},
				"east": {"uv": [0, 0, 2, 7], "rotation": 180, "texture": "#2"},
				"south": {"uv": [0, 0, 2, 7], "rotation": 180, "texture": "#2"},
				"west": {"uv": [0, 0, 2, 7], "rotation": 180, "texture": "#2"},
				"up": {"uv": [0, 0, 2, 7], "rotation": 180, "texture": "#2"},
				"down": {"uv": [0, 0, 2, 7], "rotation": 180, "texture": "#2"}
			}
		},
		{
			"from": [-10.49064, 0.45, 3.6],
			"to": [6.75936, 2.55, 8.1],
			"faces": {
				"north": {"uv": [0, 0, 2, 7], "rotation": 180, "texture": "#2"},
				"east": {"uv": [0, 0, 2, 7], "rotation": 180, "texture": "#2"},
				"south": {"uv": [0, 0, 2, 7], "rotation": 180, "texture": "#2"},
				"west": {"uv": [0, 0, 2, 7], "rotation": 180, "texture": "#2"},
				"up": {"uv": [0, 0, 2, 7], "rotation": 180, "texture": "#2"},
				"down": {"uv": [0, 0, 2, 7], "rotation": 180, "texture": "#2"}
			}
		},
		{
			"from": [-9.74064, 0.45, 15.1],
			"to": [5.75936, 6.8, 16.35],
			"faces": {
				"north": {"uv": [0, 0, 2, 7], "rotation": 180, "texture": "#2"},
				"east": {"uv": [0, 0, 2, 7], "rotation": 180, "texture": "#2"},
				"south": {"uv": [0, 0, 2, 7], "rotation": 180, "texture": "#2"},
				"west": {"uv": [0, 0, 2, 7], "rotation": 180, "texture": "#2"},
				"up": {"uv": [0, 0, 2, 7], "rotation": 180, "texture": "#2"},
				"down": {"uv": [0, 0, 2, 7], "rotation": 180, "texture": "#2"}
			}
		},
		{
			"from": [-8.74064, 0.45, 16.1],
			"to": [4.75936, 6.8, 17.35],
			"faces": {
				"north": {"uv": [0, 0, 2, 7], "rotation": 180, "texture": "#2"},
				"east": {"uv": [0, 0, 2, 7], "rotation": 180, "texture": "#2"},
				"south": {"uv": [0, 0, 2, 7], "rotation": 180, "texture": "#2"},
				"west": {"uv": [0, 0, 2, 7], "rotation": 180, "texture": "#2"},
				"up": {"uv": [0, 0, 2, 7], "rotation": 180, "texture": "#2"},
				"down": {"uv": [0, 0, 2, 7], "rotation": 180, "texture": "#2"}
			}
		},
		{
			"from": [-7.74064, 0.45, 17.1],
			"to": [3.75936, 6.8, 18.35],
			"faces": {
				"north": {"uv": [0, 0, 2, 7], "rotation": 180, "texture": "#2"},
				"east": {"uv": [0, 0, 2, 7], "rotation": 180, "texture": "#2"},
				"south": {"uv": [0, 0, 2, 7], "rotation": 180, "texture": "#2"},
				"west": {"uv": [0, 0, 2, 7], "rotation": 180, "texture": "#2"},
				"up": {"uv": [0, 0, 2, 7], "rotation": 180, "texture": "#2"},
				"down": {"uv": [0, 0, 2, 7], "rotation": 180, "texture": "#2"}
			}
		},
		{
			"from": [-5.49064, 0.45, 18.1],
			"to": [1.75936, 6.8, 19.35],
			"faces": {
				"north": {"uv": [0, 0, 2, 7], "rotation": 180, "texture": "#2"},
				"east": {"uv": [0, 0, 2, 7], "rotation": 180, "texture": "#2"},
				"south": {"uv": [0, 0, 2, 7], "rotation": 180, "texture": "#2"},
				"west": {"uv": [0, 0, 2, 7], "rotation": 180, "texture": "#2"},
				"up": {"uv": [0, 0, 2, 7], "rotation": 180, "texture": "#2"},
				"down": {"uv": [0, 0, 2, 7], "rotation": 180, "texture": "#2"}
			}
		},
		{
			"from": [7.00936, 5.3, 6.15],
			"to": [8.20936, 6.1, 8.35],
			"faces": {
				"north": {"uv": [0, 0, 2, 7], "texture": "#1"},
				"east": {"uv": [0, 0, 2, 7], "texture": "#1"},
				"south": {"uv": [0, 0, 2, 7], "texture": "#1"},
				"west": {"uv": [0, 0, 2, 7], "texture": "#1"},
				"up": {"uv": [0, 0, 2, 7], "texture": "#1"},
				"down": {"uv": [0, 0, 2, 7], "texture": "#1"}
			}
		},
		{
			"from": [-12.09064, 5.3, 6],
			"to": [-10.89064, 6.1, 8.2],
			"faces": {
				"north": {"uv": [0, 0, 2, 7], "texture": "#1"},
				"east": {"uv": [0, 0, 2, 7], "texture": "#1"},
				"south": {"uv": [0, 0, 2, 7], "texture": "#1"},
				"west": {"uv": [0, 0, 2, 7], "texture": "#1"},
				"up": {"uv": [0, 0, 2, 7], "rotation": 180, "texture": "#1"},
				"down": {"uv": [0, 0, 2, 7], "rotation": 180, "texture": "#1"}
			}
		},
		{
			"from": [-11.99064, 0, 5],
			"to": [-10.99064, 2.7, 10],
			"faces": {
				"north": {"uv": [0, 0, 2, 7], "texture": "#0"},
				"east": {"uv": [0, 0, 1, 7], "texture": "#2"},
				"south": {"uv": [0, 0, 2, 7], "texture": "#0"},
				"west": {"uv": [0, 0, 2, 7], "texture": "#0"},
				"up": {"uv": [0, 0, 2, 7], "texture": "#0"},
				"down": {"uv": [0, 0, 2, 7], "texture": "#0"}
			}
		},
		{
			"from": [-13.24064, -0.25, 5],
			"to": [-11.99064, 0, 10],
			"faces": {
				"north": {"uv": [0, 0, 2, 7], "texture": "#3"},
				"east": {"uv": [0, 0, 2, 7], "texture": "#3"},
				"south": {"uv": [0, 0, 2, 7], "texture": "#3"},
				"west": {"uv": [0, 0, 2, 7], "texture": "#3"},
				"up": {"uv": [0, 0, 2, 7], "texture": "#3"},
				"down": {"uv": [0, 0, 2, 7], "texture": "#3"}
			}
		},
		{
			"from": [8.15936, -0.25, 5],
			"to": [9.40936, 0, 10],
			"faces": {
				"north": {"uv": [0, 0, 2, 7], "texture": "#3"},
				"east": {"uv": [0, 0, 2, 7], "texture": "#3"},
				"south": {"uv": [0, 0, 2, 7], "texture": "#3"},
				"west": {"uv": [0, 0, 2, 7], "texture": "#3"},
				"up": {"uv": [0, 0, 2, 7], "texture": "#3"},
				"down": {"uv": [0, 0, 2, 7], "texture": "#3"}
			}
		},
		{
			"from": [8.15936, 0.75, 6],
			"to": [32, 2.5, 9],
			"faces": {
				"north": {"uv": [0, 0, 2, 7], "texture": "#4"},
				"east": {"uv": [0, 0, 2, 7], "texture": "#4"},
				"south": {"uv": [0, 0, 2, 7], "texture": "#4"},
				"west": {"uv": [0, 0, 2, 7], "texture": "#4"},
				"up": {"uv": [0, 0, 2, 7], "texture": "#4"},
				"down": {"uv": [0, 0, 2, 7], "texture": "#4"}
			}
		},
		{
			"from": [7.33155, 0.61, 2.9],
			"to": [8.35155, 1.375, 12.04],
			"faces": {
				"north": {"uv": [0, 0, 2, 0.75], "texture": "#1"},
				"east": {"uv": [0, 0, 2, 0.75], "texture": "#1"},
				"south": {"uv": [0, 0, 2, 0.75], "texture": "#1"},
				"west": {"uv": [0, 0, 2, 0.75], "texture": "#1"},
				"up": {"uv": [0, 0, 2, 0.75], "texture": "#1"},
				"down": {"uv": [0, 0, 2, 0.75], "texture": "#1"}
			}
		},
		{
			"from": [-14.1397, 0, 1.75699],
			"to": [-13.1397, 7, 5.75699],
			"rotation": {"angle": -22.5, "axis": "y", "origin": [-6.1397, 8, 9.75699]},
			"faces": {
				"north": {"uv": [0, 0, 4, 7], "texture": "#0"},
				"east": {"uv": [0, 0, 1, 7], "texture": "#2"},
				"south": {"uv": [0, 0, 4, 7], "texture": "#0"},
				"west": {"uv": [0, 0, 4, 7], "texture": "#0"},
				"up": {"uv": [0, 0, 4, 7], "texture": "#0"},
				"down": {"uv": [0, 0, 4, 7], "texture": "#0"}
			}
		},
		{
			"from": [-14.1397, 0, 9.24301],
			"to": [-13.1397, 7, 13.24301],
			"rotation": {"angle": 22.5, "axis": "y", "origin": [-6.1397, -1, 5.24301]},
			"faces": {
				"north": {"uv": [0, 0, 4, 7], "rotation": 180, "texture": "#0"},
				"east": {"uv": [0, 0, 1, 7], "texture": "#2"},
				"south": {"uv": [0, 0, 4, 7], "rotation": 180, "texture": "#0"},
				"west": {"uv": [0, 0, 4, 7], "rotation": 180, "texture": "#0"},
				"up": {"uv": [0, 0, 4, 7], "texture": "#0"},
				"down": {"uv": [0, 0, 4, 7], "texture": "#0"}
			}
		},
		{
			"from": [-14.34249, 5.61, 1.63213],
			"to": [-13.32249, 6.375, 5.71213],
			"rotation": {"angle": -22.5, "axis": "y", "origin": [-6.18249, 8.16, 9.79213]},
			"faces": {
				"north": {"uv": [0, 0, 4, 0.75], "texture": "#1"},
				"east": {"uv": [0, 0, 4, 0.75], "texture": "#1"},
				"south": {"uv": [0, 0, 4, 0.75], "texture": "#1"},
				"west": {"uv": [0, 0, 4, 0.75], "texture": "#1"},
				"up": {"uv": [0, 0, 4, 0.75], "texture": "#1"},
				"down": {"uv": [0, 0, 4, 0.75], "texture": "#1"}
			}
		},
		{
			"from": [-14.34249, 0.625, 9.28787],
			"to": [-13.32249, 1.39, 13.36787],
			"rotation": {"angle": 22.5, "axis": "y", "origin": [-6.18249, -1.16, 5.20787]},
			"faces": {
				"north": {"uv": [0, 0, 4, 0.75], "rotation": 180, "texture": "#1"},
				"east": {"uv": [0, 0, 4, 0.75], "rotation": 180, "texture": "#1"},
				"south": {"uv": [0, 0, 4, 0.75], "rotation": 180, "texture": "#1"},
				"west": {"uv": [0, 0, 4, 0.75], "rotation": 180, "texture": "#1"},
				"up": {"uv": [0, 0, 4, 0.75], "texture": "#1"},
				"down": {"uv": [0, 0, 4, 0.75], "texture": "#1"}
			}
		},
		{
			"from": [-14.34249, 0.61, 1.63213],
			"to": [-13.32249, 1.375, 5.71213],
			"rotation": {"angle": -22.5, "axis": "y", "origin": [-6.18249, 3.16, 9.79213]},
			"faces": {
				"north": {"uv": [0, 0, 4, 0.75], "texture": "#1"},
				"east": {"uv": [0, 0, 4, 0.75], "texture": "#1"},
				"south": {"uv": [0, 0, 4, 0.75], "texture": "#1"},
				"west": {"uv": [0, 0, 4, 0.75], "texture": "#1"},
				"up": {"uv": [0, 0, 4, 0.75], "texture": "#1"},
				"down": {"uv": [0, 0, 4, 0.75], "texture": "#1"}
			}
		},
		{
			"from": [-14.34249, 5.625, 9.28787],
			"to": [-13.32249, 6.39, 13.36787],
			"rotation": {"angle": 22.5, "axis": "y", "origin": [-6.18249, 3.84, 5.20787]},
			"faces": {
				"north": {"uv": [0, 0, 4, 0.75], "rotation": 180, "texture": "#1"},
				"east": {"uv": [0, 0, 4, 0.75], "rotation": 180, "texture": "#1"},
				"south": {"uv": [0, 0, 4, 0.75], "rotation": 180, "texture": "#1"},
				"west": {"uv": [0, 0, 4, 0.75], "rotation": 180, "texture": "#1"},
				"up": {"uv": [0, 0, 4, 0.75], "texture": "#1"},
				"down": {"uv": [0, 0, 4, 0.75], "texture": "#1"}
			}
		},
		{
			"from": [-15.64084, 0, -0.21024],
			"to": [-14.64084, 7, 3.78976],
			"rotation": {"angle": -45, "axis": "y", "origin": [-7.64084, 8, 7.78976]},
			"faces": {
				"north": {"uv": [0, 0, 4, 7], "texture": "#0"},
				"east": {"uv": [0, 0, 1, 7], "texture": "#2"},
				"south": {"uv": [0, 0, 4, 7], "texture": "#0"},
				"west": {"uv": [0, 0, 4, 7], "texture": "#0"},
				"up": {"uv": [0, 0, 4, 7], "texture": "#0"},
				"down": {"uv": [0, 0, 4, 7], "texture": "#0"}
			}
		},
		{
			"from": [-15.64084, 0, 11.21024],
			"to": [-14.64084, 7, 15.21024],
			"rotation": {"angle": 45, "axis": "y", "origin": [-7.64084, -1, 7.21024]},
			"faces": {
				"north": {"uv": [0, 0, 4, 7], "rotation": 180, "texture": "#0"},
				"east": {"uv": [0, 0, 1, 7], "texture": "#2"},
				"south": {"uv": [0, 0, 4, 7], "rotation": 180, "texture": "#0"},
				"west": {"uv": [0, 0, 4, 7], "rotation": 180, "texture": "#0"},
				"up": {"uv": [0, 0, 4, 7], "texture": "#0"},
				"down": {"uv": [0, 0, 4, 7], "texture": "#0"}
			}
		},
		{
			"from": [-15.87366, 5.61, -0.37444],
			"to": [-14.85366, 6.375, 3.70556],
			"rotation": {"angle": -45, "axis": "y", "origin": [-7.71366, 8.16, 7.78556]},
			"faces": {
				"north": {"uv": [0, 0, 4, 0.75], "texture": "#1"},
				"east": {"uv": [0, 0, 4, 0.75], "texture": "#1"},
				"south": {"uv": [0, 0, 4, 0.75], "texture": "#1"},
				"west": {"uv": [0, 0, 4, 0.75], "texture": "#1"},
				"up": {"uv": [0, 0, 4, 0.75], "texture": "#1"},
				"down": {"uv": [0, 0, 4, 0.75], "texture": "#1"}
			}
		},
		{
			"from": [-15.87366, 0.625, 11.29444],
			"to": [-14.85366, 1.39, 15.37444],
			"rotation": {"angle": 45, "axis": "y", "origin": [-7.71366, -1.16, 7.21444]},
			"faces": {
				"north": {"uv": [0, 0, 4, 0.75], "rotation": 180, "texture": "#1"},
				"east": {"uv": [0, 0, 4, 0.75], "rotation": 180, "texture": "#1"},
				"south": {"uv": [0, 0, 4, 0.75], "rotation": 180, "texture": "#1"},
				"west": {"uv": [0, 0, 4, 0.75], "rotation": 180, "texture": "#1"},
				"up": {"uv": [0, 0, 4, 0.75], "texture": "#1"},
				"down": {"uv": [0, 0, 4, 0.75], "texture": "#1"}
			}
		},
		{
			"from": [-15.87366, 0.61, -0.37444],
			"to": [-14.85366, 1.375, 3.70556],
			"rotation": {"angle": -45, "axis": "y", "origin": [-7.71366, 3.16, 7.78556]},
			"faces": {
				"north": {"uv": [0, 0, 4, 0.75], "texture": "#1"},
				"east": {"uv": [0, 0, 4, 0.75], "texture": "#1"},
				"south": {"uv": [0, 0, 4, 0.75], "texture": "#1"},
				"west": {"uv": [0, 0, 4, 0.75], "texture": "#1"},
				"up": {"uv": [0, 0, 4, 0.75], "texture": "#1"},
				"down": {"uv": [0, 0, 4, 0.75], "texture": "#1"}
			}
		},
		{
			"from": [-15.87366, 5.625, 11.29444],
			"to": [-14.85366, 6.39, 15.37444],
			"rotation": {"angle": 45, "axis": "y", "origin": [-7.71366, 3.84, 7.21444]},
			"faces": {
				"north": {"uv": [0, 0, 4, 0.75], "rotation": 180, "texture": "#1"},
				"east": {"uv": [0, 0, 4, 0.75], "rotation": 180, "texture": "#1"},
				"south": {"uv": [0, 0, 4, 0.75], "rotation": 180, "texture": "#1"},
				"west": {"uv": [0, 0, 4, 0.75], "rotation": 180, "texture": "#1"},
				"up": {"uv": [0, 0, 4, 0.75], "texture": "#1"},
				"down": {"uv": [0, 0, 4, 0.75], "texture": "#1"}
			}
		},
		{
			"from": [-4.27489, 0, -2.60218],
			"to": [-0.27489, 7, -1.60218],
			"rotation": {"angle": 22.5, "axis": "y", "origin": [-8.27489, 8, 5.39782]},
			"faces": {
				"north": {"uv": [0, 0, 1, 7], "texture": "#0"},
				"east": {"uv": [0, 0, 1, 7], "texture": "#0"},
				"south": {"uv": [0, 0, 1, 7], "texture": "#2"},
				"west": {"uv": [0, 0, 1, 7], "texture": "#0"},
				"up": {"uv": [0, 0, 1, 7], "texture": "#0"},
				"down": {"uv": [0, 0, 1, 7], "texture": "#0"}
			}
		},
		{
			"from": [-4.27489, 0, 16.60218],
			"to": [-0.27489, 7, 17.60218],
			"rotation": {"angle": -22.5, "axis": "y", "origin": [-8.27489, -1, 9.60218]},
			"faces": {
				"north": {"uv": [0, 0, 1, 7], "texture": "#2"},
				"east": {"uv": [0, 0, 1, 7], "rotation": 180, "texture": "#0"},
				"south": {"uv": [0, 0, 1, 7], "rotation": 180, "texture": "#0"},
				"west": {"uv": [0, 0, 1, 7], "rotation": 180, "texture": "#0"},
				"up": {"uv": [0, 0, 1, 7], "texture": "#0"},
				"down": {"uv": [0, 0, 1, 7], "texture": "#0"}
			}
		},
		{
			"from": [-4.28039, 5.61, -2.81422],
			"to": [-0.20039, 6.375, -1.79422],
			"rotation": {"angle": 22.5, "axis": "y", "origin": [-8.36039, 8.16, 5.34578]},
			"faces": {
				"north": {"uv": [0, 0, 1, 0.75], "texture": "#1"},
				"east": {"uv": [0, 0, 1, 0.75], "texture": "#1"},
				"south": {"uv": [0, 0, 1, 0.75], "texture": "#1"},
				"west": {"uv": [0, 0, 1, 0.75], "texture": "#1"},
				"up": {"uv": [0, 0, 1, 0.75], "texture": "#1"},
				"down": {"uv": [0, 0, 1, 0.75], "texture": "#1"}
			}
		},
		{
			"from": [-4.28039, 0.625, 16.79422],
			"to": [-0.20039, 1.39, 17.81422],
			"rotation": {"angle": -22.5, "axis": "y", "origin": [-8.36039, -1.16, 9.65422]},
			"faces": {
				"north": {"uv": [0, 0, 1, 0.75], "rotation": 180, "texture": "#1"},
				"east": {"uv": [0, 0, 1, 0.75], "rotation": 180, "texture": "#1"},
				"south": {"uv": [0, 0, 1, 0.75], "rotation": 180, "texture": "#1"},
				"west": {"uv": [0, 0, 1, 0.75], "rotation": 180, "texture": "#1"},
				"up": {"uv": [0, 0, 1, 0.75], "texture": "#1"},
				"down": {"uv": [0, 0, 1, 0.75], "texture": "#1"}
			}
		},
		{
			"from": [-4.28039, 0.61, -2.81422],
			"to": [-0.20039, 1.375, -1.79422],
			"rotation": {"angle": 22.5, "axis": "y", "origin": [-8.36039, 3.16, 5.34578]},
			"faces": {
				"north": {"uv": [0, 0, 1, 0.75], "texture": "#1"},
				"east": {"uv": [0, 0, 1, 0.75], "texture": "#1"},
				"south": {"uv": [0, 0, 1, 0.75], "texture": "#1"},
				"west": {"uv": [0, 0, 1, 0.75], "texture": "#1"},
				"up": {"uv": [0, 0, 1, 0.75], "texture": "#1"},
				"down": {"uv": [0, 0, 1, 0.75], "texture": "#1"}
			}
		},
		{
			"from": [-4.28039, 5.625, 16.79422],
			"to": [-0.20039, 6.39, 17.81422],
			"rotation": {"angle": -22.5, "axis": "y", "origin": [-8.36039, 3.84, 9.65422]},
			"faces": {
				"north": {"uv": [0, 0, 1, 0.75], "rotation": 180, "texture": "#1"},
				"east": {"uv": [0, 0, 1, 0.75], "rotation": 180, "texture": "#1"},
				"south": {"uv": [0, 0, 1, 0.75], "rotation": 180, "texture": "#1"},
				"west": {"uv": [0, 0, 1, 0.75], "rotation": 180, "texture": "#1"},
				"up": {"uv": [0, 0, 1, 0.75], "texture": "#1"},
				"down": {"uv": [0, 0, 1, 0.75], "texture": "#1"}
			}
		},
		{
			"from": [-3.94532, 0, -5.05468],
			"to": [0.05468, 7, -4.05468],
			"faces": {
				"north": {"uv": [0, 0, 1, 7], "texture": "#0"},
				"east": {"uv": [0, 0, 1, 7], "texture": "#0"},
				"south": {"uv": [0, 0, 1, 7], "texture": "#2"},
				"west": {"uv": [0, 0, 1, 7], "texture": "#0"},
				"up": {"uv": [0, 0, 1, 7], "texture": "#0"},
				"down": {"uv": [0, 0, 1, 7], "texture": "#0"}
			}
		},
		{
			"from": [-3.94532, 0, 19.05468],
			"to": [0.05468, 7, 20.05468],
			"faces": {
				"north": {"uv": [0, 0, 1, 7], "texture": "#2"},
				"east": {"uv": [0, 0, 1, 7], "rotation": 180, "texture": "#0"},
				"south": {"uv": [0, 0, 1, 7], "rotation": 180, "texture": "#0"},
				"west": {"uv": [0, 0, 1, 7], "rotation": 180, "texture": "#0"},
				"up": {"uv": [0, 0, 1, 7], "texture": "#0"},
				"down": {"uv": [0, 0, 1, 7], "texture": "#0"}
			}
		},
		{
			"from": [-3.94423, 5.61, -5.31577],
			"to": [0.13577, 6.375, -4.29577],
			"faces": {
				"north": {"uv": [0, 0, 1, 0.75], "texture": "#1"},
				"east": {"uv": [0, 0, 1, 0.75], "texture": "#1"},
				"south": {"uv": [0, 0, 1, 0.75], "texture": "#1"},
				"west": {"uv": [0, 0, 1, 0.75], "texture": "#1"},
				"up": {"uv": [0, 0, 1, 0.75], "texture": "#1"},
				"down": {"uv": [0, 0, 1, 0.75], "texture": "#1"}
			}
		},
		{
			"from": [-3.94423, 0.625, 19.29577],
			"to": [0.13577, 1.39, 20.31577],
			"faces": {
				"north": {"uv": [0, 0, 1, 0.75], "rotation": 180, "texture": "#1"},
				"east": {"uv": [0, 0, 1, 0.75], "rotation": 180, "texture": "#1"},
				"south": {"uv": [0, 0, 1, 0.75], "rotation": 180, "texture": "#1"},
				"west": {"uv": [0, 0, 1, 0.75], "rotation": 180, "texture": "#1"},
				"up": {"uv": [0, 0, 1, 0.75], "texture": "#1"},
				"down": {"uv": [0, 0, 1, 0.75], "texture": "#1"}
			}
		},
		{
			"from": [-3.94423, 0.61, -5.31577],
			"to": [0.13577, 1.375, -4.29577],
			"faces": {
				"north": {"uv": [0, 0, 1, 0.75], "texture": "#1"},
				"east": {"uv": [0, 0, 1, 0.75], "texture": "#1"},
				"south": {"uv": [0, 0, 1, 0.75], "texture": "#1"},
				"west": {"uv": [0, 0, 1, 0.75], "texture": "#1"},
				"up": {"uv": [0, 0, 1, 0.75], "texture": "#1"},
				"down": {"uv": [0, 0, 1, 0.75], "texture": "#1"}
			}
		},
		{
			"from": [-3.94423, 5.625, 19.29577],
			"to": [0.13577, 6.39, 20.31577],
			"faces": {
				"north": {"uv": [0, 0, 1, 0.75], "rotation": 180, "texture": "#1"},
				"east": {"uv": [0, 0, 1, 0.75], "rotation": 180, "texture": "#1"},
				"south": {"uv": [0, 0, 1, 0.75], "rotation": 180, "texture": "#1"},
				"west": {"uv": [0, 0, 1, 0.75], "rotation": 180, "texture": "#1"},
				"up": {"uv": [0, 0, 1, 0.75], "texture": "#1"},
				"down": {"uv": [0, 0, 1, 0.75], "texture": "#1"}
			}
		},
		{
			"from": [-3.94532, 7, -5.05468],
			"to": [0.05468, 8, -4.05468],
			"faces": {
				"north": {"uv": [0, 0, 1, 1], "texture": "#0"},
				"east": {"uv": [0, 0, 1, 1], "texture": "#0"},
				"south": {"uv": [0, 0, 1, 1], "texture": "#0"},
				"west": {"uv": [0, 0, 1, 1], "texture": "#0"},
				"up": {"uv": [0, 0, 1, 1], "texture": "#0"},
				"down": {"uv": [0, 0, 1, 1], "texture": "#0"}
			}
		},
		{
			"from": [-3.94532, 10, -5.05468],
			"to": [0.05468, 11, -4.05468],
			"faces": {
				"north": {"uv": [0, 0, 1, 1], "texture": "#0"},
				"east": {"uv": [0, 0, 1, 1], "texture": "#0"},
				"south": {"uv": [0, 0, 1, 1], "texture": "#0"},
				"west": {"uv": [0, 0, 1, 1], "texture": "#0"},
				"up": {"uv": [0, 0, 1, 1], "texture": "#0"},
				"down": {"uv": [0, 0, 1, 1], "texture": "#0"}
			}
		},
		{
			"from": [-0.94532, 8, -5.05468],
			"to": [0.05468, 10, -4.05468],
			"faces": {
				"north": {"uv": [0, 0, 1, 2], "texture": "#0"},
				"east": {"uv": [0, 0, 1, 2], "texture": "#0"},
				"south": {"uv": [0, 0, 1, 2], "texture": "#0"},
				"west": {"uv": [0, 0, 1, 2], "texture": "#0"},
				"up": {"uv": [0, 0, 1, 2], "texture": "#0"},
				"down": {"uv": [0, 0, 1, 2], "texture": "#0"}
			}
		},
		{
			"from": [-3.94532, 8, -5.05468],
			"to": [-2.94532, 10, -4.05468],
			"faces": {
				"north": {"uv": [0, 0, 1, 2], "texture": "#0"},
				"east": {"uv": [0, 0, 1, 2], "texture": "#0"},
				"south": {"uv": [0, 0, 1, 2], "texture": "#0"},
				"west": {"uv": [0, 0, 1, 2], "texture": "#0"},
				"up": {"uv": [0, 0, 1, 2], "texture": "#0"},
				"down": {"uv": [0, 0, 1, 2], "texture": "#0"}
			}
		},
		{
			"from": [-2.70231, 0, -7.19438],
			"to": [1.29769, 7, -6.19438],
			"rotation": {"angle": -22.5, "axis": "y", "origin": [-6.70231, 8, 0.80562]},
			"faces": {
				"north": {"uv": [0, 0, 1, 7], "texture": "#0"},
				"east": {"uv": [0, 0, 1, 7], "texture": "#0"},
				"south": {"uv": [0, 0, 1, 7], "texture": "#2"},
				"west": {"uv": [0, 0, 1, 7], "texture": "#0"},
				"up": {"uv": [0, 0, 1, 7], "texture": "#0"},
				"down": {"uv": [0, 0, 1, 7], "texture": "#0"}
			}
		},
		{
			"from": [-2.70231, 0, 21.19438],
			"to": [1.29769, 7, 22.19438],
			"rotation": {"angle": 22.5, "axis": "y", "origin": [-6.70231, -1, 14.19438]},
			"faces": {
				"north": {"uv": [0, 0, 1, 7], "texture": "#2"},
				"east": {"uv": [0, 0, 1, 7], "rotation": 180, "texture": "#0"},
				"south": {"uv": [0, 0, 1, 7], "rotation": 180, "texture": "#0"},
				"west": {"uv": [0, 0, 1, 7], "rotation": 180, "texture": "#0"},
				"up": {"uv": [0, 0, 1, 7], "texture": "#0"},
				"down": {"uv": [0, 0, 1, 7], "texture": "#0"}
			}
		},
		{
			"from": [-2.67635, 5.61, -7.49826],
			"to": [1.40365, 6.375, -6.47826],
			"rotation": {"angle": -22.5, "axis": "y", "origin": [-6.75635, 8.16, 0.66174]},
			"faces": {
				"north": {"uv": [0, 0, 1, 0.75], "texture": "#1"},
				"east": {"uv": [0, 0, 1, 0.75], "texture": "#1"},
				"south": {"uv": [0, 0, 1, 0.75], "texture": "#1"},
				"west": {"uv": [0, 0, 1, 0.75], "texture": "#1"},
				"up": {"uv": [0, 0, 1, 0.75], "texture": "#1"},
				"down": {"uv": [0, 0, 1, 0.75], "texture": "#1"}
			}
		},
		{
			"from": [-2.67635, 0.625, 21.47826],
			"to": [1.40365, 1.39, 22.49826],
			"rotation": {"angle": 22.5, "axis": "y", "origin": [-6.75635, -1.16, 14.33826]},
			"faces": {
				"north": {"uv": [0, 0, 1, 0.75], "rotation": 180, "texture": "#1"},
				"east": {"uv": [0, 0, 1, 0.75], "rotation": 180, "texture": "#1"},
				"south": {"uv": [0, 0, 1, 0.75], "rotation": 180, "texture": "#1"},
				"west": {"uv": [0, 0, 1, 0.75], "rotation": 180, "texture": "#1"},
				"up": {"uv": [0, 0, 1, 0.75], "texture": "#1"},
				"down": {"uv": [0, 0, 1, 0.75], "texture": "#1"}
			}
		},
		{
			"from": [-2.67635, 0.61, -7.49826],
			"to": [1.40365, 1.375, -6.47826],
			"rotation": {"angle": -22.5, "axis": "y", "origin": [-6.75635, 3.16, 0.66174]},
			"faces": {
				"north": {"uv": [0, 0, 1, 0.75], "texture": "#1"},
				"east": {"uv": [0, 0, 1, 0.75], "texture": "#1"},
				"south": {"uv": [0, 0, 1, 0.75], "texture": "#1"},
				"west": {"uv": [0, 0, 1, 0.75], "texture": "#1"},
				"up": {"uv": [0, 0, 1, 0.75], "texture": "#1"},
				"down": {"uv": [0, 0, 1, 0.75], "texture": "#1"}
			}
		},
		{
			"from": [-2.67635, 5.625, 21.47826],
			"to": [1.40365, 6.39, 22.49826],
			"rotation": {"angle": 22.5, "axis": "y", "origin": [-6.75635, 3.84, 14.33826]},
			"faces": {
				"north": {"uv": [0, 0, 1, 0.75], "rotation": 180, "texture": "#1"},
				"east": {"uv": [0, 0, 1, 0.75], "rotation": 180, "texture": "#1"},
				"south": {"uv": [0, 0, 1, 0.75], "rotation": 180, "texture": "#1"},
				"west": {"uv": [0, 0, 1, 0.75], "rotation": 180, "texture": "#1"},
				"up": {"uv": [0, 0, 1, 0.75], "texture": "#1"},
				"down": {"uv": [0, 0, 1, 0.75], "texture": "#1"}
			}
		},
		{
			"from": [-0.73508, 0, -8.69552],
			"to": [3.26492, 7, -7.69552],
			"rotation": {"angle": -45, "axis": "y", "origin": [-4.73508, 8, -0.69552]},
			"faces": {
				"north": {"uv": [0, 0, 1, 7], "texture": "#0"},
				"east": {"uv": [0, 0, 1, 7], "texture": "#0"},
				"south": {"uv": [0, 0, 1, 7], "texture": "#2"},
				"west": {"uv": [0, 0, 1, 7], "texture": "#0"},
				"up": {"uv": [0, 0, 1, 7], "texture": "#0"},
				"down": {"uv": [0, 0, 1, 7], "texture": "#0"}
			}
		},
		{
			"from": [-0.73508, 0, 22.69552],
			"to": [3.26492, 7, 23.69552],
			"rotation": {"angle": 45, "axis": "y", "origin": [-4.73508, -1, 15.69552]},
			"faces": {
				"north": {"uv": [0, 0, 1, 7], "texture": "#2"},
				"east": {"uv": [0, 0, 1, 7], "rotation": 180, "texture": "#0"},
				"south": {"uv": [0, 0, 1, 7], "rotation": 180, "texture": "#0"},
				"west": {"uv": [0, 0, 1, 7], "rotation": 180, "texture": "#0"},
				"up": {"uv": [0, 0, 1, 7], "texture": "#0"},
				"down": {"uv": [0, 0, 1, 7], "texture": "#0"}
			}
		},
		{
			"from": [-0.66979, 5.61, -9.02943],
			"to": [3.41021, 6.375, -8.00943],
			"rotation": {"angle": -45, "axis": "y", "origin": [-4.74979, 8.16, -0.86943]},
			"faces": {
				"north": {"uv": [0, 0, 1, 0.75], "texture": "#1"},
				"east": {"uv": [0, 0, 1, 0.75], "texture": "#1"},
				"south": {"uv": [0, 0, 1, 0.75], "texture": "#1"},
				"west": {"uv": [0, 0, 1, 0.75], "texture": "#1"},
				"up": {"uv": [0, 0, 1, 0.75], "texture": "#1"},
				"down": {"uv": [0, 0, 1, 0.75], "texture": "#1"}
			}
		},
		{
			"from": [-0.66979, 0.625, 23.00943],
			"to": [3.41021, 1.39, 24.02943],
			"rotation": {"angle": 45, "axis": "y", "origin": [-4.74979, -1.16, 15.86943]},
			"faces": {
				"north": {"uv": [0, 0, 1, 0.75], "rotation": 180, "texture": "#1"},
				"east": {"uv": [0, 0, 1, 0.75], "rotation": 180, "texture": "#1"},
				"south": {"uv": [0, 0, 1, 0.75], "rotation": 180, "texture": "#1"},
				"west": {"uv": [0, 0, 1, 0.75], "rotation": 180, "texture": "#1"},
				"up": {"uv": [0, 0, 1, 0.75], "texture": "#1"},
				"down": {"uv": [0, 0, 1, 0.75], "texture": "#1"}
			}
		},
		{
			"from": [-0.66979, 0.61, -9.02943],
			"to": [3.41021, 1.375, -8.00943],
			"rotation": {"angle": -45, "axis": "y", "origin": [-4.74979, 3.16, -0.86943]},
			"faces": {
				"north": {"uv": [0, 0, 1, 0.75], "texture": "#1"},
				"east": {"uv": [0, 0, 1, 0.75], "texture": "#1"},
				"south": {"uv": [0, 0, 1, 0.75], "texture": "#1"},
				"west": {"uv": [0, 0, 1, 0.75], "texture": "#1"},
				"up": {"uv": [0, 0, 1, 0.75], "texture": "#1"},
				"down": {"uv": [0, 0, 1, 0.75], "texture": "#1"}
			}
		},
		{
			"from": [-0.66979, 5.625, 23.00943],
			"to": [3.41021, 6.39, 24.02943],
			"rotation": {"angle": 45, "axis": "y", "origin": [-4.74979, 3.84, 15.86943]},
			"faces": {
				"north": {"uv": [0, 0, 1, 0.75], "rotation": 180, "texture": "#1"},
				"east": {"uv": [0, 0, 1, 0.75], "rotation": 180, "texture": "#1"},
				"south": {"uv": [0, 0, 1, 0.75], "rotation": 180, "texture": "#1"},
				"west": {"uv": [0, 0, 1, 0.75], "rotation": 180, "texture": "#1"},
				"up": {"uv": [0, 0, 1, 0.75], "texture": "#1"},
				"down": {"uv": [0, 0, 1, 0.75], "texture": "#1"}
			}
		},
		{
			"from": [4.65685, 0, 2.67043],
			"to": [5.65685, 7, 6.67043],
			"rotation": {"angle": 22.5, "axis": "y", "origin": [-2.34315, 8, -1.32957]},
			"faces": {
				"north": {"uv": [0, 0, 4, 7], "texture": "#0"},
				"east": {"uv": [0, 0, 4, 7], "texture": "#0"},
				"south": {"uv": [0, 0, 4, 7], "texture": "#0"},
				"west": {"uv": [0, 0, 1, 7], "texture": "#2"},
				"up": {"uv": [0, 0, 4, 7], "texture": "#0"},
				"down": {"uv": [0, 0, 4, 7], "texture": "#0"}
			}
		},
		{
			"from": [4.65685, 0, 8.32957],
			"to": [5.65685, 7, 12.32957],
			"rotation": {"angle": -22.5, "axis": "y", "origin": [-2.34315, -1, 16.32957]},
			"faces": {
				"north": {"uv": [0, 0, 4, 7], "rotation": 180, "texture": "#0"},
				"east": {"uv": [0, 0, 4, 7], "rotation": 180, "texture": "#0"},
				"south": {"uv": [0, 0, 4, 7], "rotation": 180, "texture": "#0"},
				"west": {"uv": [0, 0, 1, 7], "texture": "#2"},
				"up": {"uv": [0, 0, 4, 7], "texture": "#0"},
				"down": {"uv": [0, 0, 4, 7], "texture": "#0"}
			}
		},
		{
			"from": [4.82999, 5.61, 2.56384],
			"to": [5.84999, 6.375, 6.64384],
			"rotation": {"angle": 22.5, "axis": "y", "origin": [-2.31001, 8.16, -1.51616]},
			"faces": {
				"north": {"uv": [0, 0, 4, 0.75], "texture": "#1"},
				"east": {"uv": [0, 0, 4, 0.75], "texture": "#1"},
				"south": {"uv": [0, 0, 4, 0.75], "texture": "#1"},
				"west": {"uv": [0, 0, 4, 0.75], "texture": "#1"},
				"up": {"uv": [0, 0, 4, 0.75], "texture": "#1"},
				"down": {"uv": [0, 0, 4, 0.75], "texture": "#1"}
			}
		},
		{
			"from": [4.82999, 0.625, 8.35616],
			"to": [5.84999, 1.39, 12.43616],
			"rotation": {"angle": -22.5, "axis": "y", "origin": [-2.31001, -1.16, 16.51616]},
			"faces": {
				"north": {"uv": [0, 0, 4, 0.75], "rotation": 180, "texture": "#1"},
				"east": {"uv": [0, 0, 4, 0.75], "rotation": 180, "texture": "#1"},
				"south": {"uv": [0, 0, 4, 0.75], "rotation": 180, "texture": "#1"},
				"west": {"uv": [0, 0, 4, 0.75], "rotation": 180, "texture": "#1"},
				"up": {"uv": [0, 0, 4, 0.75], "texture": "#1"},
				"down": {"uv": [0, 0, 4, 0.75], "texture": "#1"}
			}
		},
		{
			"from": [4.82999, 0.61, 2.56384],
			"to": [5.84999, 1.375, 6.64384],
			"rotation": {"angle": 22.5, "axis": "y", "origin": [-2.31001, 3.16, -1.51616]},
			"faces": {
				"north": {"uv": [0, 0, 4, 0.75], "texture": "#1"},
				"east": {"uv": [0, 0, 4, 0.75], "texture": "#1"},
				"south": {"uv": [0, 0, 4, 0.75], "texture": "#1"},
				"west": {"uv": [0, 0, 4, 0.75], "texture": "#1"},
				"up": {"uv": [0, 0, 4, 0.75], "texture": "#1"},
				"down": {"uv": [0, 0, 4, 0.75], "texture": "#1"}
			}
		},
		{
			"from": [4.82999, 5.625, 8.35616],
			"to": [5.84999, 6.39, 12.43616],
			"rotation": {"angle": -22.5, "axis": "y", "origin": [-2.31001, 3.84, 16.51616]},
			"faces": {
				"north": {"uv": [0, 0, 4, 0.75], "rotation": 180, "texture": "#1"},
				"east": {"uv": [0, 0, 4, 0.75], "rotation": 180, "texture": "#1"},
				"south": {"uv": [0, 0, 4, 0.75], "rotation": 180, "texture": "#1"},
				"west": {"uv": [0, 0, 4, 0.75], "rotation": 180, "texture": "#1"},
				"up": {"uv": [0, 0, 4, 0.75], "texture": "#1"},
				"down": {"uv": [0, 0, 4, 0.75], "texture": "#1"}
			}
		}
	],
	"display": {
		"gui": {
			"rotation": [24, 169, 0],
			"translation": [0, 2, 0],
			"scale": [0.44, 0.66, 0.75]
		},
		"head": {
			"scale": [2.56, 3.22, 3]
		}
	}
}