{
	"credit": "Texture Par Rémi P. , Reproduction/Vole/Reprise Interdite ! AstérixCraft est sous copyright",
	"textures": {
		"0": "block/black_concrete",
		"1": "block/blue_terracotta",
		"2": "block/brown_shulker_box",
		"4": "block/gray_shulker_box",
		"5": "block/andesite",
		"6": "block/light_gray_concrete",
		"7": "block/dispenser_front_vertical",
		"8": "block/observer_back",
		"9": "block/coal_block",
		"particle": "block/black_concrete"
	},
	"elements": [
		{
			"name": "hexadecagon",
			"from": [-1.75, 7.5, 17.20435],
			"to": [-0.25, 9, 18.79565],
			"rotation": {"angle": -22.5, "axis": "x", "origin": [-0.5, 3, 18]},
			"faces": {
				"north": {"uv": [5, 7, 7.5, 7.5], "texture": "#4"},
				"east": {"uv": [5, 7, 7.5, 7.5], "texture": "#4"},
				"south": {"uv": [5, 7, 7.5, 7.5], "texture": "#4"},
				"west": {"uv": [5, 7, 7.5, 7.5], "texture": "#4"},
				"up": {"uv": [5, 7, 7.5, 7.5], "texture": "#4"},
				"down": {"uv": [5, 7, 7.5, 7.5], "texture": "#4"}
			}
		},
		{
			"name": "hexadecagon",
			"from": [15.5, 7.5, 17.20435],
			"to": [17, 9, 18.79565],
			"rotation": {"angle": -22.5, "axis": "x", "origin": [16.75, 3, 18]},
			"faces": {
				"north": {"uv": [5, 7, 7.5, 7.5], "texture": "#4"},
				"east": {"uv": [5, 7, 7.5, 7.5], "texture": "#4"},
				"south": {"uv": [5, 7, 7.5, 7.5], "texture": "#4"},
				"west": {"uv": [5, 7, 7.5, 7.5], "texture": "#4"},
				"up": {"uv": [5, 7, 7.5, 7.5], "texture": "#4"},
				"down": {"uv": [5, 7, 7.5, 7.5], "texture": "#4"}
			}
		},
		{
			"name": "hexadecagon",
			"from": [-1.75, 7.5, 17.67362],
			"to": [-0.25, 9, 19.26492],
			"rotation": {"angle": 22.5, "axis": "x", "origin": [-0.5, 3, 18.46927]},
			"faces": {
				"north": {"uv": [5, 7, 7.5, 7.5], "texture": "#4"},
				"east": {"uv": [5, 7, 7.5, 7.5], "texture": "#4"},
				"south": {"uv": [5, 7, 7.5, 7.5], "texture": "#4"},
				"west": {"uv": [5, 7, 7.5, 7.5], "texture": "#4"},
				"up": {"uv": [5, 7, 7.5, 7.5], "texture": "#4"},
				"down": {"uv": [5, 7, 7.5, 7.5], "texture": "#4"}
			}
		},
		{
			"name": "hexadecagon",
			"from": [15.5, 7.5, 17.67362],
			"to": [17, 9, 19.26492],
			"rotation": {"angle": 22.5, "axis": "x", "origin": [16.75, 3, 18.46927]},
			"faces": {
				"north": {"uv": [5, 7, 7.5, 7.5], "texture": "#4"},
				"east": {"uv": [5, 7, 7.5, 7.5], "texture": "#4"},
				"south": {"uv": [5, 7, 7.5, 7.5], "texture": "#4"},
				"west": {"uv": [5, 7, 7.5, 7.5], "texture": "#4"},
				"up": {"uv": [5, 7, 7.5, 7.5], "texture": "#4"},
				"down": {"uv": [5, 7, 7.5, 7.5], "texture": "#4"}
			}
		},
		{
			"name": "hexadecagon",
			"from": [-1.75, 7.34776, 16.43898],
			"to": [-0.25, 8.84776, 20.03028],
			"faces": {
				"north": {"uv": [5, 7, 7.5, 7.5], "texture": "#4"},
				"east": {"uv": [5, 7, 7.5, 7.5], "texture": "#4"},
				"south": {"uv": [5, 7, 7.5, 7.5], "texture": "#4"},
				"west": {"uv": [5, 7, 7.5, 7.5], "texture": "#4"},
				"up": {"uv": [5, 7, 7.5, 7.5], "texture": "#4"},
				"down": {"uv": [5, 7, 7.5, 7.5], "texture": "#4"}
			}
		},
		{
			"name": "hexadecagon",
			"from": [15.5, 7.34776, 16.43898],
			"to": [17, 8.84776, 20.03028],
			"faces": {
				"north": {"uv": [5, 7, 7.5, 7.5], "texture": "#4"},
				"east": {"uv": [5, 7, 7.5, 7.5], "texture": "#4"},
				"south": {"uv": [5, 7, 7.5, 7.5], "texture": "#4"},
				"west": {"uv": [5, 7, 7.5, 7.5], "texture": "#4"},
				"up": {"uv": [5, 7, 7.5, 7.5], "texture": "#4"},
				"down": {"uv": [5, 7, 7.5, 7.5], "texture": "#4"}
			}
		},
		{
			"name": "hexadecagon",
			"from": [-1.75, 7.93355, 11.8532],
			"to": [-0.25, 9.43355, 19.4445],
			"rotation": {"angle": -45, "axis": "x", "origin": [-0.5, 3.43355, 18.64885]},
			"faces": {
				"north": {"uv": [5, 7, 7.5, 7.5], "texture": "#4"},
				"east": {"uv": [5, 7, 7.5, 7.5], "texture": "#4"},
				"south": {"uv": [5, 7, 7.5, 7.5], "texture": "#4"},
				"west": {"uv": [5, 7, 7.5, 7.5], "texture": "#4"},
				"up": {"uv": [5, 7, 7.5, 7.5], "texture": "#4"},
				"down": {"uv": [5, 7, 7.5, 7.5], "texture": "#4"}
			}
		},
		{
			"name": "hexadecagon",
			"from": [-1.75, 1.93355, 1.1032],
			"to": [-0.25, 3.43355, 10.6945],
			"faces": {
				"north": {"uv": [5, 7, 7.5, 7.5], "texture": "#4"},
				"east": {"uv": [5, 7, 7.5, 7.5], "texture": "#4"},
				"south": {"uv": [5, 7, 7.5, 7.5], "texture": "#4"},
				"west": {"uv": [5, 7, 7.5, 7.5], "texture": "#4"},
				"up": {"uv": [5, 7, 7.5, 7.5], "texture": "#4"},
				"down": {"uv": [5, 7, 7.5, 7.5], "texture": "#4"}
			}
		},
		{
			"name": "hexadecagon",
			"from": [-0.25, 1.93355, 1.1032],
			"to": [0, 4.43355, 10.6945],
			"faces": {
				"north": {"uv": [5, 7, 7.5, 7.5], "texture": "#0"},
				"east": {"uv": [5, 7, 7.5, 7.5], "texture": "#0"},
				"south": {"uv": [5, 7, 7.5, 7.5], "texture": "#0"},
				"west": {"uv": [5, 7, 7.5, 7.5], "texture": "#0"},
				"up": {"uv": [5, 7, 7.5, 7.5], "texture": "#0"},
				"down": {"uv": [5, 7, 7.5, 7.5], "texture": "#0"}
			}
		},
		{
			"name": "hexadecagon",
			"from": [15.25, 1.93355, 1.1032],
			"to": [15.5, 4.43355, 10.6945],
			"faces": {
				"north": {"uv": [5, 7, 7.5, 7.5], "texture": "#0"},
				"east": {"uv": [5, 7, 7.5, 7.5], "texture": "#0"},
				"south": {"uv": [5, 7, 7.5, 7.5], "texture": "#0"},
				"west": {"uv": [5, 7, 7.5, 7.5], "texture": "#0"},
				"up": {"uv": [5, 7, 7.5, 7.5], "texture": "#0"},
				"down": {"uv": [5, 7, 7.5, 7.5], "texture": "#0"}
			}
		},
		{
			"name": "hexadecagon",
			"from": [15.25, 4.43355, 5.1032],
			"to": [15.5, 9.93355, 7.6945],
			"faces": {
				"north": {"uv": [5, 7, 7.5, 7.5], "texture": "#1"},
				"east": {"uv": [5, 7, 7.5, 7.5], "texture": "#1"},
				"south": {"uv": [5, 7, 7.5, 7.5], "texture": "#1"},
				"west": {"uv": [5, 7, 7.5, 7.5], "texture": "#1"},
				"up": {"uv": [5, 7, 7.5, 7.5], "texture": "#1"},
				"down": {"uv": [5, 7, 7.5, 7.5], "texture": "#1"}
			}
		},
		{
			"name": "hexadecagon",
			"from": [15.25, 4.43355, -3.8968],
			"to": [15.5, 9.93355, -1.3055],
			"faces": {
				"north": {"uv": [5, 7, 7.5, 7.5], "texture": "#1"},
				"east": {"uv": [5, 7, 7.5, 7.5], "texture": "#1"},
				"south": {"uv": [5, 7, 7.5, 7.5], "texture": "#1"},
				"west": {"uv": [5, 7, 7.5, 7.5], "texture": "#1"},
				"up": {"uv": [5, 7, 7.5, 7.5], "texture": "#1"},
				"down": {"uv": [5, 7, 7.5, 7.5], "texture": "#1"}
			}
		},
		{
			"name": "hexadecagon",
			"from": [-0.25, 4.43355, 5.1032],
			"to": [0, 9.93355, 7.6945],
			"faces": {
				"north": {"uv": [5, 7, 7.5, 7.5], "texture": "#1"},
				"east": {"uv": [5, 7, 7.5, 7.5], "texture": "#1"},
				"south": {"uv": [5, 7, 7.5, 7.5], "texture": "#1"},
				"west": {"uv": [5, 7, 7.5, 7.5], "texture": "#1"},
				"up": {"uv": [5, 7, 7.5, 7.5], "texture": "#1"},
				"down": {"uv": [5, 7, 7.5, 7.5], "texture": "#1"}
			}
		},
		{
			"name": "hexadecagon",
			"from": [-0.25, 4.43355, -3.8968],
			"to": [0, 9.93355, -1.3055],
			"faces": {
				"north": {"uv": [5, 7, 7.5, 7.5], "texture": "#1"},
				"east": {"uv": [5, 7, 7.5, 7.5], "texture": "#1"},
				"south": {"uv": [5, 7, 7.5, 7.5], "texture": "#1"},
				"west": {"uv": [5, 7, 7.5, 7.5], "texture": "#1"},
				"up": {"uv": [5, 7, 7.5, 7.5], "texture": "#1"},
				"down": {"uv": [5, 7, 7.5, 7.5], "texture": "#1"}
			}
		},
		{
			"name": "hexadecagon",
			"from": [15.25, 9.93355, 5.1032],
			"to": [15.5, 10.93355, 6.6945],
			"faces": {
				"north": {"uv": [5, 7, 7.5, 7.5], "texture": "#1"},
				"east": {"uv": [5, 7, 7.5, 7.5], "texture": "#1"},
				"south": {"uv": [5, 7, 7.5, 7.5], "texture": "#1"},
				"west": {"uv": [5, 7, 7.5, 7.5], "texture": "#1"},
				"up": {"uv": [5, 7, 7.5, 7.5], "texture": "#1"},
				"down": {"uv": [5, 7, 7.5, 7.5], "texture": "#1"}
			}
		},
		{
			"name": "hexadecagon",
			"from": [15.25, 9.93355, -3.8968],
			"to": [15.5, 10.93355, -2.3055],
			"faces": {
				"north": {"uv": [5, 7, 7.5, 7.5], "texture": "#1"},
				"east": {"uv": [5, 7, 7.5, 7.5], "texture": "#1"},
				"south": {"uv": [5, 7, 7.5, 7.5], "texture": "#1"},
				"west": {"uv": [5, 7, 7.5, 7.5], "texture": "#1"},
				"up": {"uv": [5, 7, 7.5, 7.5], "texture": "#1"},
				"down": {"uv": [5, 7, 7.5, 7.5], "texture": "#1"}
			}
		},
		{
			"name": "hexadecagon",
			"from": [-0.25, 9.93355, 5.1032],
			"to": [0, 10.93355, 6.6945],
			"faces": {
				"north": {"uv": [5, 7, 7.5, 7.5], "texture": "#1"},
				"east": {"uv": [5, 7, 7.5, 7.5], "texture": "#1"},
				"south": {"uv": [5, 7, 7.5, 7.5], "texture": "#1"},
				"west": {"uv": [5, 7, 7.5, 7.5], "texture": "#1"},
				"up": {"uv": [5, 7, 7.5, 7.5], "texture": "#1"},
				"down": {"uv": [5, 7, 7.5, 7.5], "texture": "#1"}
			}
		},
		{
			"name": "hexadecagon",
			"from": [-0.25, 9.93355, -3.8968],
			"to": [0, 10.93355, -2.3055],
			"faces": {
				"north": {"uv": [5, 7, 7.5, 7.5], "texture": "#1"},
				"east": {"uv": [5, 7, 7.5, 7.5], "texture": "#1"},
				"south": {"uv": [5, 7, 7.5, 7.5], "texture": "#1"},
				"west": {"uv": [5, 7, 7.5, 7.5], "texture": "#1"},
				"up": {"uv": [5, 7, 7.5, 7.5], "texture": "#1"},
				"down": {"uv": [5, 7, 7.5, 7.5], "texture": "#1"}
			}
		},
		{
			"name": "hexadecagon",
			"from": [0, 2.68355, 5.1032],
			"to": [15.25, 10.93355, 5.6945],
			"faces": {
				"north": {"uv": [5, 7, 7.5, 7.5], "texture": "#1"},
				"east": {"uv": [5, 7, 7.5, 7.5], "texture": "#1"},
				"south": {"uv": [5, 7, 7.5, 7.5], "texture": "#2"},
				"west": {"uv": [5, 7, 7.5, 7.5], "texture": "#1"},
				"up": {"uv": [5, 7, 7.5, 7.5], "texture": "#1"},
				"down": {"uv": [5, 7, 7.5, 7.5], "texture": "#1"}
			}
		},
		{
			"name": "hexadecagon",
			"from": [0.75, 2.18355, 15.1032],
			"to": [14.5, 10.93355, 15.6945],
			"faces": {
				"north": {"uv": [5, 7, 7.5, 7.5], "texture": "#1"},
				"east": {"uv": [5, 7, 7.5, 7.5], "texture": "#6"},
				"south": {"uv": [5, 7, 7.5, 7.5], "texture": "#1"},
				"west": {"uv": [5, 7, 7.5, 7.5], "texture": "#6"},
				"up": {"uv": [5, 7, 7.5, 7.5], "texture": "#1"},
				"down": {"uv": [5, 7, 7.5, 7.5], "texture": "#1"}
			}
		},
		{
			"name": "hexadecagon",
			"from": [1.25, 11.18355, 15.1032],
			"to": [14, 11.43355, 15.6945],
			"faces": {
				"north": {"uv": [5, 7, 7.5, 7.5], "texture": "#6"},
				"east": {"uv": [5, 7, 7.5, 7.5], "texture": "#6"},
				"south": {"uv": [5, 7, 7.5, 7.5], "texture": "#6"},
				"west": {"uv": [5, 7, 7.5, 7.5], "texture": "#6"},
				"up": {"uv": [5, 7, 7.5, 7.5], "texture": "#6"},
				"down": {"uv": [5, 7, 7.5, 7.5], "texture": "#6"}
			}
		},
		{
			"name": "hexadecagon",
			"from": [1.25, 17.68355, 15.1032],
			"to": [14, 17.93355, 15.6945],
			"faces": {
				"north": {"uv": [5, 7, 7.5, 7.5], "texture": "#6"},
				"east": {"uv": [5, 7, 7.5, 7.5], "texture": "#6"},
				"south": {"uv": [5, 7, 7.5, 7.5], "texture": "#6"},
				"west": {"uv": [5, 7, 7.5, 7.5], "texture": "#6"},
				"up": {"uv": [5, 7, 7.5, 7.5], "texture": "#6"},
				"down": {"uv": [5, 7, 7.5, 7.5], "texture": "#6"}
			}
		},
		{
			"name": "hexadecagon",
			"from": [0.25, 18.68355, -6.8968],
			"to": [15, 19.43355, 14.6945],
			"faces": {
				"north": {"uv": [2.5, 2, 7.5, 7.5], "texture": "#9"},
				"east": {"uv": [2.5, 2, 7.5, 7.5], "texture": "#9"},
				"south": {"uv": [2.5, 2, 7.5, 7.5], "texture": "#9"},
				"west": {"uv": [2.5, 2, 7.5, 7.5], "texture": "#9"},
				"up": {"uv": [2.5, 2, 7.5, 7.5], "texture": "#9"},
				"down": {"uv": [2.5, 2, 7.5, 7.5], "texture": "#9"}
			}
		},
		{
			"name": "hexadecagon",
			"from": [1.25, 10.3879, -5.85115],
			"to": [5.5, 18.97919, -5.10115],
			"faces": {
				"north": {"uv": [2.5, 2, 7.5, 7.5], "rotation": 180, "texture": "#9"},
				"east": {"uv": [2.5, 2, 7.5, 7.5], "rotation": 90, "texture": "#9"},
				"south": {"uv": [2.5, 2, 7.5, 7.5], "texture": "#9"},
				"west": {"uv": [2.5, 2, 7.5, 7.5], "rotation": 270, "texture": "#9"},
				"up": {"uv": [2.5, 2, 7.5, 7.5], "texture": "#9"},
				"down": {"uv": [2.5, 2, 7.5, 7.5], "rotation": 180, "texture": "#9"}
			}
		},
		{
			"name": "hexadecagon",
			"from": [14, 10.3879, -5.85115],
			"to": [14.25, 13.72919, -5.10115],
			"faces": {
				"north": {"uv": [2.5, 2, 7.5, 7.5], "rotation": 180, "texture": "#9"},
				"east": {"uv": [2.5, 2, 7.5, 7.5], "rotation": 90, "texture": "#9"},
				"south": {"uv": [2.5, 2, 7.5, 7.5], "texture": "#9"},
				"west": {"uv": [2.5, 2, 7.5, 7.5], "rotation": 270, "texture": "#9"},
				"up": {"uv": [2.5, 2, 7.5, 7.5], "texture": "#9"},
				"down": {"uv": [2.5, 2, 7.5, 7.5], "rotation": 180, "texture": "#9"}
			}
		},
		{
			"name": "hexadecagon",
			"from": [14, 15.6379, -5.85115],
			"to": [14.25, 18.97919, -5.10115],
			"faces": {
				"north": {"uv": [2.5, 2, 7.5, 7.5], "rotation": 180, "texture": "#9"},
				"east": {"uv": [2.5, 2, 7.5, 7.5], "rotation": 90, "texture": "#9"},
				"south": {"uv": [2.5, 2, 7.5, 7.5], "texture": "#9"},
				"west": {"uv": [2.5, 2, 7.5, 7.5], "rotation": 270, "texture": "#9"},
				"up": {"uv": [2.5, 2, 7.5, 7.5], "texture": "#9"},
				"down": {"uv": [2.5, 2, 7.5, 7.5], "rotation": 180, "texture": "#9"}
			}
		},
		{
			"name": "hexadecagon",
			"from": [1, 10.3879, -5.85115],
			"to": [1.25, 13.72919, -5.10115],
			"faces": {
				"north": {"uv": [2.5, 2, 7.5, 7.5], "rotation": 180, "texture": "#9"},
				"east": {"uv": [2.5, 2, 7.5, 7.5], "rotation": 90, "texture": "#9"},
				"south": {"uv": [2.5, 2, 7.5, 7.5], "texture": "#9"},
				"west": {"uv": [2.5, 2, 7.5, 7.5], "rotation": 270, "texture": "#9"},
				"up": {"uv": [2.5, 2, 7.5, 7.5], "texture": "#9"},
				"down": {"uv": [2.5, 2, 7.5, 7.5], "rotation": 180, "texture": "#9"}
			}
		},
		{
			"name": "hexadecagon",
			"from": [1, 15.6379, -5.85115],
			"to": [1.25, 18.97919, -5.10115],
			"faces": {
				"north": {"uv": [2.5, 2, 7.5, 7.5], "rotation": 180, "texture": "#9"},
				"east": {"uv": [2.5, 2, 7.5, 7.5], "rotation": 90, "texture": "#9"},
				"south": {"uv": [2.5, 2, 7.5, 7.5], "texture": "#9"},
				"west": {"uv": [2.5, 2, 7.5, 7.5], "rotation": 270, "texture": "#9"},
				"up": {"uv": [2.5, 2, 7.5, 7.5], "texture": "#9"},
				"down": {"uv": [2.5, 2, 7.5, 7.5], "rotation": 180, "texture": "#9"}
			}
		},
		{
			"name": "hexadecagon",
			"from": [5.5, 10.3879, -5.85115],
			"to": [9.75, 12.97919, -5.10115],
			"faces": {
				"north": {"uv": [2.5, 2, 7.5, 7.5], "rotation": 180, "texture": "#9"},
				"east": {"uv": [2.5, 2, 7.5, 7.5], "rotation": 90, "texture": "#9"},
				"south": {"uv": [2.5, 2, 7.5, 7.5], "texture": "#9"},
				"west": {"uv": [2.5, 2, 7.5, 7.5], "rotation": 270, "texture": "#9"},
				"up": {"uv": [2.5, 2, 7.5, 7.5], "texture": "#9"},
				"down": {"uv": [2.5, 2, 7.5, 7.5], "rotation": 180, "texture": "#9"}
			}
		},
		{
			"name": "hexadecagon",
			"from": [5.5, 16.1379, -5.85115],
			"to": [9.75, 18.72919, -5.10115],
			"faces": {
				"north": {"uv": [2.5, 2, 7.5, 7.5], "rotation": 180, "texture": "#9"},
				"east": {"uv": [2.5, 2, 7.5, 7.5], "rotation": 90, "texture": "#9"},
				"south": {"uv": [2.5, 2, 7.5, 7.5], "texture": "#9"},
				"west": {"uv": [2.5, 2, 7.5, 7.5], "rotation": 270, "texture": "#9"},
				"up": {"uv": [2.5, 2, 7.5, 7.5], "texture": "#9"},
				"down": {"uv": [2.5, 2, 7.5, 7.5], "rotation": 180, "texture": "#9"}
			}
		},
		{
			"name": "hexadecagon",
			"from": [9.75, 10.3879, -5.85115],
			"to": [14, 18.97919, -5.10115],
			"faces": {
				"north": {"uv": [2.5, 2, 7.5, 7.5], "rotation": 180, "texture": "#9"},
				"east": {"uv": [2.5, 2, 7.5, 7.5], "rotation": 90, "texture": "#9"},
				"south": {"uv": [2.5, 2, 7.5, 7.5], "texture": "#9"},
				"west": {"uv": [2.5, 2, 7.5, 7.5], "rotation": 270, "texture": "#9"},
				"up": {"uv": [2.5, 2, 7.5, 7.5], "texture": "#9"},
				"down": {"uv": [2.5, 2, 7.5, 7.5], "rotation": 180, "texture": "#9"}
			}
		},
		{
			"name": "hexadecagon",
			"from": [1.25, 18.68355, 5.8532],
			"to": [14, 19.43355, 8.4445],
			"rotation": {"angle": 22.5, "axis": "x", "origin": [-16, -2.56645, 9.89885]},
			"faces": {
				"north": {"uv": [2.5, 2, 7.5, 7.5], "texture": "#9"},
				"east": {"uv": [2.5, 2, 7.5, 7.5], "texture": "#9"},
				"south": {"uv": [2.5, 2, 7.5, 7.5], "texture": "#9"},
				"west": {"uv": [2.5, 2, 7.5, 7.5], "texture": "#9"},
				"up": {"uv": [2.5, 2, 7.5, 7.5], "texture": "#9"},
				"down": {"uv": [2.5, 2, 7.5, 7.5], "texture": "#9"}
			}
		},
		{
			"name": "hexadecagon",
			"from": [1, 10.68355, 15.1032],
			"to": [1.25, 17.68355, 15.6945],
			"faces": {
				"north": {"uv": [5, 7, 7.5, 7.5], "texture": "#6"},
				"east": {"uv": [5, 7, 7.5, 7.5], "texture": "#6"},
				"south": {"uv": [5, 7, 7.5, 7.5], "texture": "#6"},
				"west": {"uv": [5, 7, 7.5, 7.5], "texture": "#6"},
				"up": {"uv": [5, 7, 7.5, 7.5], "texture": "#6"},
				"down": {"uv": [5, 7, 7.5, 7.5], "texture": "#6"}
			}
		},
		{
			"name": "hexadecagon",
			"from": [1, 10.68355, 5.1032],
			"to": [1.25, 18.93355, 5.6945],
			"faces": {
				"north": {"uv": [5, 7, 7.5, 7.5], "texture": "#6"},
				"east": {"uv": [5, 7, 7.5, 7.5], "texture": "#6"},
				"south": {"uv": [5, 7, 7.5, 7.5], "texture": "#6"},
				"west": {"uv": [5, 7, 7.5, 7.5], "texture": "#6"},
				"up": {"uv": [5, 7, 7.5, 7.5], "texture": "#6"},
				"down": {"uv": [5, 7, 7.5, 7.5], "texture": "#6"}
			}
		},
		{
			"name": "hexadecagon",
			"from": [1, 10.68355, -3.8968],
			"to": [1.25, 18.93355, -3.3055],
			"faces": {
				"north": {"uv": [5, 7, 7.5, 7.5], "texture": "#6"},
				"east": {"uv": [5, 7, 7.5, 7.5], "texture": "#6"},
				"south": {"uv": [5, 7, 7.5, 7.5], "texture": "#6"},
				"west": {"uv": [5, 7, 7.5, 7.5], "texture": "#6"},
				"up": {"uv": [5, 7, 7.5, 7.5], "texture": "#6"},
				"down": {"uv": [5, 7, 7.5, 7.5], "texture": "#6"}
			}
		},
		{
			"name": "hexadecagon",
			"from": [14, 10.68355, 15.1032],
			"to": [14.25, 17.68355, 15.6945],
			"faces": {
				"north": {"uv": [5, 7, 7.5, 7.5], "texture": "#6"},
				"east": {"uv": [5, 7, 7.5, 7.5], "texture": "#6"},
				"south": {"uv": [5, 7, 7.5, 7.5], "texture": "#6"},
				"west": {"uv": [5, 7, 7.5, 7.5], "texture": "#6"},
				"up": {"uv": [5, 7, 7.5, 7.5], "texture": "#6"},
				"down": {"uv": [5, 7, 7.5, 7.5], "texture": "#6"}
			}
		},
		{
			"name": "hexadecagon",
			"from": [14, 10.68355, 5.1032],
			"to": [14.25, 18.93355, 5.6945],
			"faces": {
				"north": {"uv": [5, 7, 7.5, 7.5], "texture": "#6"},
				"east": {"uv": [5, 7, 7.5, 7.5], "texture": "#6"},
				"south": {"uv": [5, 7, 7.5, 7.5], "texture": "#6"},
				"west": {"uv": [5, 7, 7.5, 7.5], "texture": "#6"},
				"up": {"uv": [5, 7, 7.5, 7.5], "texture": "#6"},
				"down": {"uv": [5, 7, 7.5, 7.5], "texture": "#6"}
			}
		},
		{
			"name": "hexadecagon",
			"from": [14, 10.68355, -3.8968],
			"to": [14.25, 18.93355, -3.3055],
			"faces": {
				"north": {"uv": [5, 7, 7.5, 7.5], "texture": "#6"},
				"east": {"uv": [5, 7, 7.5, 7.5], "texture": "#6"},
				"south": {"uv": [5, 7, 7.5, 7.5], "texture": "#6"},
				"west": {"uv": [5, 7, 7.5, 7.5], "texture": "#6"},
				"up": {"uv": [5, 7, 7.5, 7.5], "texture": "#6"},
				"down": {"uv": [5, 7, 7.5, 7.5], "texture": "#6"}
			}
		},
		{
			"name": "hexadecagon",
			"from": [0, 2.68355, -5.8968],
			"to": [15.25, 10.93355, -3.3055],
			"faces": {
				"north": {"uv": [5, 7, 7.5, 7.5], "texture": "#1"},
				"east": {"uv": [5, 7, 7.5, 7.5], "texture": "#1"},
				"south": {"uv": [5, 7, 7.5, 7.5], "texture": "#2"},
				"west": {"uv": [5, 7, 7.5, 7.5], "texture": "#1"},
				"up": {"uv": [5, 7, 7.5, 7.5], "texture": "#1"},
				"down": {"uv": [5, 7, 7.5, 7.5], "texture": "#1"}
			}
		},
		{
			"name": "hexadecagon",
			"from": [0.5, 2.68355, -6.3968],
			"to": [14.75, 9.93355, -3.8055],
			"faces": {
				"north": {"uv": [5, 7, 7.5, 7.5], "texture": "#1"},
				"east": {"uv": [5, 7, 7.5, 7.5], "texture": "#1"},
				"south": {"uv": [5, 7, 7.5, 7.5], "texture": "#2"},
				"west": {"uv": [5, 7, 7.5, 7.5], "texture": "#1"},
				"up": {"uv": [5, 7, 7.5, 7.5], "texture": "#1"},
				"down": {"uv": [5, 7, 7.5, 7.5], "texture": "#1"}
			}
		},
		{
			"name": "hexadecagon",
			"from": [4.5, 2.68355, -9.3968],
			"to": [10.75, 8.93355, -3.8055],
			"faces": {
				"north": {"uv": [5, 7, 7.5, 7.5], "texture": "#1"},
				"east": {"uv": [5, 7, 7.5, 7.5], "texture": "#1"},
				"south": {"uv": [5, 7, 7.5, 7.5], "texture": "#2"},
				"west": {"uv": [5, 7, 7.5, 7.5], "texture": "#1"},
				"up": {"uv": [5, 7, 7.5, 7.5], "texture": "#1"},
				"down": {"uv": [5, 7, 7.5, 7.5], "texture": "#1"}
			}
		},
		{
			"name": "hexadecagon",
			"from": [4.75, 8.18355, -7.6468],
			"to": [10.5, 9.93355, -3.8055],
			"faces": {
				"north": {"uv": [5, 7, 7.5, 7.5], "texture": "#1"},
				"east": {"uv": [5, 7, 7.5, 7.5], "texture": "#1"},
				"south": {"uv": [5, 7, 7.5, 7.5], "texture": "#2"},
				"west": {"uv": [5, 7, 7.5, 7.5], "texture": "#1"},
				"up": {"uv": [5, 7, 7.5, 7.5], "texture": "#1"},
				"down": {"uv": [5, 7, 7.5, 7.5], "texture": "#1"}
			}
		},
		{
			"name": "hexadecagon",
			"from": [0, 2.68355, 5.1032],
			"to": [15.25, 5.93355, 9.6945],
			"faces": {
				"north": {"uv": [5, 7, 7.5, 7.5], "texture": "#1"},
				"east": {"uv": [5, 7, 7.5, 7.5], "texture": "#1"},
				"south": {"uv": [5, 7, 7.5, 7.5], "texture": "#1"},
				"west": {"uv": [5, 7, 7.5, 7.5], "texture": "#1"},
				"up": {"uv": [5, 7, 7.5, 7.5], "texture": "#2"},
				"down": {"uv": [5, 7, 7.5, 7.5], "texture": "#1"}
			}
		},
		{
			"name": "hexadecagon",
			"from": [0, 2.68355, -3.8968],
			"to": [15.25, 5.93355, 0.6945],
			"faces": {
				"north": {"uv": [5, 7, 7.5, 7.5], "texture": "#1"},
				"east": {"uv": [5, 7, 7.5, 7.5], "texture": "#1"},
				"south": {"uv": [5, 7, 7.5, 7.5], "texture": "#1"},
				"west": {"uv": [5, 7, 7.5, 7.5], "texture": "#1"},
				"up": {"uv": [5, 7, 7.5, 7.5], "texture": "#2"},
				"down": {"uv": [5, 7, 7.5, 7.5], "texture": "#1"}
			}
		},
		{
			"name": "hexadecagon",
			"from": [-1.75, 1.9379, 0.49885],
			"to": [-0.25, 4.52919, 1.99885],
			"faces": {
				"north": {"uv": [5, 7, 7.5, 7.5], "rotation": 180, "texture": "#4"},
				"east": {"uv": [5, 7, 7.5, 7.5], "rotation": 270, "texture": "#4"},
				"south": {"uv": [5, 7, 7.5, 7.5], "texture": "#4"},
				"west": {"uv": [5, 7, 7.5, 7.5], "rotation": 90, "texture": "#4"},
				"up": {"uv": [5, 7, 7.5, 7.5], "rotation": 180, "texture": "#4"},
				"down": {"uv": [5, 7, 7.5, 7.5], "texture": "#4"}
			}
		},
		{
			"name": "hexadecagon",
			"from": [-1.75, 2.17253, 0.65109],
			"to": [-0.25, 4.76383, 2.15109],
			"rotation": {"angle": -22.5, "axis": "x", "origin": [-0.5, 2.96818, -3.84891]},
			"faces": {
				"north": {"uv": [5, 7, 7.5, 7.5], "rotation": 180, "texture": "#4"},
				"east": {"uv": [5, 7, 7.5, 7.5], "rotation": 270, "texture": "#4"},
				"south": {"uv": [5, 7, 7.5, 7.5], "texture": "#4"},
				"west": {"uv": [5, 7, 7.5, 7.5], "rotation": 90, "texture": "#4"},
				"up": {"uv": [5, 7, 7.5, 7.5], "rotation": 180, "texture": "#4"},
				"down": {"uv": [5, 7, 7.5, 7.5], "texture": "#4"}
			}
		},
		{
			"name": "hexadecagon",
			"from": [-1.75, 2.44756, 0.70195],
			"to": [-0.25, 5.03886, 2.20195],
			"rotation": {"angle": -45, "axis": "x", "origin": [-0.5, 3.24321, -3.79805]},
			"faces": {
				"north": {"uv": [5, 7, 7.5, 7.5], "rotation": 180, "texture": "#4"},
				"east": {"uv": [5, 7, 7.5, 7.5], "rotation": 270, "texture": "#4"},
				"south": {"uv": [5, 7, 7.5, 7.5], "texture": "#4"},
				"west": {"uv": [5, 7, 7.5, 7.5], "rotation": 90, "texture": "#4"},
				"up": {"uv": [5, 7, 7.5, 7.5], "rotation": 180, "texture": "#4"},
				"down": {"uv": [5, 7, 7.5, 7.5], "texture": "#4"}
			}
		},
		{
			"name": "hexadecagon",
			"from": [-1.75, 8.01677, -5.65196],
			"to": [-0.25, 9.51677, -3.06066],
			"rotation": {"angle": 22.5, "axis": "x", "origin": [-0.5, 3.51677, -3.85631]},
			"faces": {
				"north": {"uv": [5, 7, 7.5, 7.5], "texture": "#4"},
				"east": {"uv": [5, 7, 7.5, 7.5], "texture": "#4"},
				"south": {"uv": [5, 7, 7.5, 7.5], "texture": "#4"},
				"west": {"uv": [5, 7, 7.5, 7.5], "texture": "#4"},
				"up": {"uv": [5, 7, 7.5, 7.5], "texture": "#4"},
				"down": {"uv": [5, 7, 7.5, 7.5], "texture": "#4"}
			}
		},
		{
			"name": "hexadecagon",
			"from": [-1.75, 8.24722, -5.06047],
			"to": [-0.25, 9.74722, -3.21917],
			"faces": {
				"north": {"uv": [5, 7, 7.5, 7.5], "texture": "#4"},
				"east": {"uv": [5, 7, 7.5, 7.5], "texture": "#4"},
				"south": {"uv": [5, 7, 7.5, 7.5], "texture": "#4"},
				"west": {"uv": [5, 7, 7.5, 7.5], "texture": "#4"},
				"up": {"uv": [5, 7, 7.5, 7.5], "texture": "#4"},
				"down": {"uv": [5, 7, 7.5, 7.5], "texture": "#4"}
			}
		},
		{
			"name": "hexadecagon",
			"from": [-1.75, 8.39946, -4.54511],
			"to": [-0.25, 9.89946, -2.70381],
			"rotation": {"angle": -22.5, "axis": "x", "origin": [-0.5, 3.89946, -3.49946]},
			"faces": {
				"north": {"uv": [5, 7, 7.5, 7.5], "texture": "#4"},
				"east": {"uv": [5, 7, 7.5, 7.5], "texture": "#4"},
				"south": {"uv": [5, 7, 7.5, 7.5], "texture": "#4"},
				"west": {"uv": [5, 7, 7.5, 7.5], "texture": "#4"},
				"up": {"uv": [5, 7, 7.5, 7.5], "texture": "#4"},
				"down": {"uv": [5, 7, 7.5, 7.5], "texture": "#4"}
			}
		},
		{
			"name": "hexadecagon",
			"from": [-1.75, 8.73733, -4.12723],
			"to": [-0.25, 10.23733, -2.28593],
			"rotation": {"angle": -45, "axis": "x", "origin": [-0.5, 4.23733, -3.08158]},
			"faces": {
				"north": {"uv": [5, 7, 7.5, 7.5], "texture": "#4"},
				"east": {"uv": [5, 7, 7.5, 7.5], "texture": "#4"},
				"south": {"uv": [5, 7, 7.5, 7.5], "texture": "#4"},
				"west": {"uv": [5, 7, 7.5, 7.5], "texture": "#4"},
				"up": {"uv": [5, 7, 7.5, 7.5], "texture": "#4"},
				"down": {"uv": [5, 7, 7.5, 7.5], "texture": "#4"}
			}
		},
		{
			"name": "hexadecagon",
			"from": [-2.5, 1.83355, 3.1032],
			"to": [0.5, 2.18355, 10.6945],
			"faces": {
				"north": {"uv": [5, 4, 8.5, 7.5], "texture": "#5"},
				"east": {"uv": [5, 4, 8.5, 7.5], "texture": "#5"},
				"south": {"uv": [5, 4, 8.5, 7.5], "texture": "#5"},
				"west": {"uv": [5, 4, 8.5, 7.5], "texture": "#5"},
				"up": {"uv": [5, 4, 8.5, 7.5], "texture": "#5"},
				"down": {"uv": [5, 4, 8.5, 7.5], "texture": "#5"}
			}
		},
		{
			"name": "hexadecagon",
			"from": [0.5, 1.93355, -1.8968],
			"to": [14.75, 2.18355, 15.6945],
			"faces": {
				"north": {"uv": [5, 4, 8.5, 7.5], "texture": "#5"},
				"east": {"uv": [5, 4, 8.5, 7.5], "texture": "#5"},
				"south": {"uv": [5, 4, 8.5, 7.5], "texture": "#5"},
				"west": {"uv": [5, 4, 8.5, 7.5], "texture": "#5"},
				"up": {"uv": [5, 4, 8.5, 7.5], "texture": "#5"},
				"down": {"uv": [5, 4, 8.5, 7.5], "texture": "#5"}
			}
		},
		{
			"name": "hexadecagon",
			"from": [15.5, 7.93355, 11.8532],
			"to": [17, 9.43355, 19.4445],
			"rotation": {"angle": -45, "axis": "x", "origin": [16.75, 3.43355, 18.64885]},
			"faces": {
				"north": {"uv": [5, 7, 7.5, 7.5], "texture": "#4"},
				"east": {"uv": [5, 7, 7.5, 7.5], "texture": "#4"},
				"south": {"uv": [5, 7, 7.5, 7.5], "texture": "#4"},
				"west": {"uv": [5, 7, 7.5, 7.5], "texture": "#4"},
				"up": {"uv": [5, 7, 7.5, 7.5], "texture": "#4"},
				"down": {"uv": [5, 7, 7.5, 7.5], "texture": "#4"}
			}
		},
		{
			"name": "hexadecagon",
			"from": [15.5, 1.93355, 1.1032],
			"to": [17, 3.43355, 10.6945],
			"faces": {
				"north": {"uv": [5, 7, 7.5, 7.5], "texture": "#4"},
				"east": {"uv": [5, 7, 7.5, 7.5], "texture": "#4"},
				"south": {"uv": [5, 7, 7.5, 7.5], "texture": "#4"},
				"west": {"uv": [5, 7, 7.5, 7.5], "texture": "#4"},
				"up": {"uv": [5, 7, 7.5, 7.5], "texture": "#4"},
				"down": {"uv": [5, 7, 7.5, 7.5], "texture": "#4"}
			}
		},
		{
			"name": "hexadecagon",
			"from": [15.5, 1.9379, 0.49885],
			"to": [17, 4.52919, 1.99885],
			"faces": {
				"north": {"uv": [5, 7, 7.5, 7.5], "rotation": 180, "texture": "#4"},
				"east": {"uv": [5, 7, 7.5, 7.5], "rotation": 270, "texture": "#4"},
				"south": {"uv": [5, 7, 7.5, 7.5], "texture": "#4"},
				"west": {"uv": [5, 7, 7.5, 7.5], "rotation": 90, "texture": "#4"},
				"up": {"uv": [5, 7, 7.5, 7.5], "rotation": 180, "texture": "#4"},
				"down": {"uv": [5, 7, 7.5, 7.5], "texture": "#4"}
			}
		},
		{
			"name": "hexadecagon",
			"from": [15.5, 2.17253, 0.65109],
			"to": [17, 4.76383, 2.15109],
			"rotation": {"angle": -22.5, "axis": "x", "origin": [-0.5, 2.96818, -3.84891]},
			"faces": {
				"north": {"uv": [5, 7, 7.5, 7.5], "rotation": 180, "texture": "#4"},
				"east": {"uv": [5, 7, 7.5, 7.5], "rotation": 270, "texture": "#4"},
				"south": {"uv": [5, 7, 7.5, 7.5], "texture": "#4"},
				"west": {"uv": [5, 7, 7.5, 7.5], "rotation": 90, "texture": "#4"},
				"up": {"uv": [5, 7, 7.5, 7.5], "rotation": 180, "texture": "#4"},
				"down": {"uv": [5, 7, 7.5, 7.5], "texture": "#4"}
			}
		},
		{
			"name": "hexadecagon",
			"from": [15.5, 2.44756, 0.70195],
			"to": [17, 5.03886, 2.20195],
			"rotation": {"angle": -45, "axis": "x", "origin": [-0.5, 3.24321, -3.79805]},
			"faces": {
				"north": {"uv": [5, 7, 7.5, 7.5], "rotation": 180, "texture": "#4"},
				"east": {"uv": [5, 7, 7.5, 7.5], "rotation": 270, "texture": "#4"},
				"south": {"uv": [5, 7, 7.5, 7.5], "texture": "#4"},
				"west": {"uv": [5, 7, 7.5, 7.5], "rotation": 90, "texture": "#4"},
				"up": {"uv": [5, 7, 7.5, 7.5], "rotation": 180, "texture": "#4"},
				"down": {"uv": [5, 7, 7.5, 7.5], "texture": "#4"}
			}
		},
		{
			"name": "hexadecagon",
			"from": [15.5, 8.01677, -5.65196],
			"to": [17, 9.51677, -3.06066],
			"rotation": {"angle": 22.5, "axis": "x", "origin": [-0.5, 3.51677, -3.85631]},
			"faces": {
				"north": {"uv": [5, 7, 7.5, 7.5], "texture": "#4"},
				"east": {"uv": [5, 7, 7.5, 7.5], "texture": "#4"},
				"south": {"uv": [5, 7, 7.5, 7.5], "texture": "#4"},
				"west": {"uv": [5, 7, 7.5, 7.5], "texture": "#4"},
				"up": {"uv": [5, 7, 7.5, 7.5], "texture": "#4"},
				"down": {"uv": [5, 7, 7.5, 7.5], "texture": "#4"}
			}
		},
		{
			"name": "hexadecagon",
			"from": [15.5, 8.24722, -5.06047],
			"to": [17, 9.74722, -3.21917],
			"faces": {
				"north": {"uv": [5, 7, 7.5, 7.5], "texture": "#4"},
				"east": {"uv": [5, 7, 7.5, 7.5], "texture": "#4"},
				"south": {"uv": [5, 7, 7.5, 7.5], "texture": "#4"},
				"west": {"uv": [5, 7, 7.5, 7.5], "texture": "#4"},
				"up": {"uv": [5, 7, 7.5, 7.5], "texture": "#4"},
				"down": {"uv": [5, 7, 7.5, 7.5], "texture": "#4"}
			}
		},
		{
			"name": "hexadecagon",
			"from": [15.5, 8.39946, -4.54511],
			"to": [17, 9.89946, -2.70381],
			"rotation": {"angle": -22.5, "axis": "x", "origin": [-0.5, 3.89946, -3.49946]},
			"faces": {
				"north": {"uv": [5, 7, 7.5, 7.5], "texture": "#4"},
				"east": {"uv": [5, 7, 7.5, 7.5], "texture": "#4"},
				"south": {"uv": [5, 7, 7.5, 7.5], "texture": "#4"},
				"west": {"uv": [5, 7, 7.5, 7.5], "texture": "#4"},
				"up": {"uv": [5, 7, 7.5, 7.5], "texture": "#4"},
				"down": {"uv": [5, 7, 7.5, 7.5], "texture": "#4"}
			}
		},
		{
			"name": "hexadecagon",
			"from": [15.5, 8.73733, -4.12723],
			"to": [17, 10.23733, -2.28593],
			"rotation": {"angle": -45, "axis": "x", "origin": [-0.5, 4.23733, -3.08158]},
			"faces": {
				"north": {"uv": [5, 7, 7.5, 7.5], "texture": "#4"},
				"east": {"uv": [5, 7, 7.5, 7.5], "texture": "#4"},
				"south": {"uv": [5, 7, 7.5, 7.5], "texture": "#4"},
				"west": {"uv": [5, 7, 7.5, 7.5], "texture": "#4"},
				"up": {"uv": [5, 7, 7.5, 7.5], "texture": "#4"},
				"down": {"uv": [5, 7, 7.5, 7.5], "texture": "#4"}
			}
		},
		{
			"name": "hexadecagon",
			"from": [14.75, 1.83355, 3.1032],
			"to": [17.75, 2.18355, 10.6945],
			"faces": {
				"north": {"uv": [5, 4, 8.5, 7.5], "texture": "#5"},
				"east": {"uv": [5, 4, 8.5, 7.5], "texture": "#5"},
				"south": {"uv": [5, 4, 8.5, 7.5], "texture": "#5"},
				"west": {"uv": [5, 4, 8.5, 7.5], "texture": "#5"},
				"up": {"uv": [5, 4, 8.5, 7.5], "texture": "#5"},
				"down": {"uv": [5, 4, 8.5, 7.5], "texture": "#5"}
			}
		},
		{
			"name": "hexadecagon",
			"from": [1.35, 2.55, 18.35435],
			"to": [1.85, 3.45, 23.19565],
			"faces": {
				"north": {"uv": [0, 0, 1, 1], "texture": "#0"},
				"east": {"uv": [0, 0, 1, 1], "texture": "#0"},
				"south": {"uv": [0, 0, 1, 1], "texture": "#0"},
				"west": {"uv": [0, 0, 1, 1], "texture": "#0"},
				"up": {"uv": [0, 0, 1, 1], "texture": "#0"},
				"down": {"uv": [0, 0, 1, 1], "texture": "#0"}
			}
		},
		{
			"name": "hexadecagon",
			"from": [1.35, 2.05, 23.19565],
			"to": [14.35, 3.95, 23.44565],
			"faces": {
				"north": {"uv": [0, 0, 1, 1], "texture": "#0"},
				"east": {"uv": [0, 0, 1, 1], "texture": "#0"},
				"south": {"uv": [0, 0, 1, 1], "texture": "#0"},
				"west": {"uv": [0, 0, 1, 1], "texture": "#0"},
				"up": {"uv": [0, 0, 1, 1], "texture": "#0"},
				"down": {"uv": [0, 0, 1, 1], "texture": "#0"}
			}
		},
		{
			"name": "hexadecagon",
			"from": [12.40686, 2.05, 24.31814],
			"to": [13.90686, 3.95, 24.56814],
			"rotation": {"angle": 22.5, "axis": "y", "origin": [10.55686, 3, 19.12249]},
			"faces": {
				"north": {"uv": [0, 0, 1, 1], "texture": "#0"},
				"east": {"uv": [0, 0, 1, 1], "texture": "#0"},
				"south": {"uv": [0, 0, 1, 1], "texture": "#0"},
				"west": {"uv": [0, 0, 1, 1], "texture": "#0"},
				"up": {"uv": [0, 0, 1, 1], "texture": "#0"},
				"down": {"uv": [0, 0, 1, 1], "texture": "#0"}
			}
		},
		{
			"name": "hexadecagon",
			"from": [2.1509, 2.05, 22.51953],
			"to": [3.6509, 3.95, 22.76953],
			"rotation": {"angle": -22.5, "axis": "y", "origin": [0.8009, 3, 17.32388]},
			"faces": {
				"north": {"uv": [0, 0, 1, 1], "texture": "#0"},
				"east": {"uv": [0, 0, 1, 1], "texture": "#0"},
				"south": {"uv": [0, 0, 1, 1], "texture": "#0"},
				"west": {"uv": [0, 0, 1, 1], "texture": "#0"},
				"up": {"uv": [0, 0, 1, 1], "texture": "#0"},
				"down": {"uv": [0, 0, 1, 1], "texture": "#0"}
			}
		},
		{
			"name": "hexadecagon",
			"from": [13.85, 2.55, 18.35435],
			"to": [14.35, 3.45, 23.19565],
			"faces": {
				"north": {"uv": [0, 0, 1, 1], "texture": "#0"},
				"east": {"uv": [0, 0, 1, 1], "texture": "#0"},
				"south": {"uv": [0, 0, 1, 1], "texture": "#0"},
				"west": {"uv": [0, 0, 1, 1], "texture": "#0"},
				"up": {"uv": [0, 0, 1, 1], "texture": "#0"},
				"down": {"uv": [0, 0, 1, 1], "texture": "#0"}
			}
		},
		{
			"name": "hexadecagon",
			"from": [7.23618, 6.91, 15.76],
			"to": [8.76382, 9.84, 20.24],
			"rotation": {"angle": -45, "axis": "z", "origin": [8, 6, 16]},
			"faces": {
				"north": {"uv": [0, 0, 1, 1], "texture": "#1"},
				"east": {"uv": [0, 0, 1, 1], "texture": "#1"},
				"south": {"uv": [0, 0, 1, 1], "texture": "#1"},
				"west": {"uv": [0, 0, 1, 1], "texture": "#1"},
				"up": {"uv": [0, 0, 1, 1], "texture": "#1"},
				"down": {"uv": [0, 0, 1, 1], "texture": "#1"}
			}
		},
		{
			"name": "hexadecagon",
			"from": [7.23618, 8.91, 20.26],
			"to": [8.76382, 9.84, 20.49],
			"rotation": {"angle": -45, "axis": "z", "origin": [8, 6, 16.25]},
			"faces": {
				"north": {"uv": [0, 0, 1, 1], "texture": "#6"},
				"east": {"uv": [0, 0, 1, 1], "texture": "#6"},
				"south": {"uv": [0, 0, 1, 1], "texture": "#6"},
				"west": {"uv": [0, 0, 1, 1], "texture": "#6"},
				"up": {"uv": [0, 0, 1, 1], "texture": "#6"},
				"down": {"uv": [0, 0, 1, 1], "texture": "#6"}
			}
		},
		{
			"name": "hexadecagon",
			"from": [7.23618, 6.66, 15.76],
			"to": [8.76382, 9.84, 20.24],
			"rotation": {"angle": -22.5, "axis": "z", "origin": [8, 6, 16]},
			"faces": {
				"north": {"uv": [0, 0, 1, 1], "texture": "#1"},
				"east": {"uv": [0, 0, 1, 1], "texture": "#1"},
				"south": {"uv": [0, 0, 1, 1], "texture": "#1"},
				"west": {"uv": [0, 0, 1, 1], "texture": "#1"},
				"up": {"uv": [0, 0, 1, 1], "texture": "#1"},
				"down": {"uv": [0, 0, 1, 1], "texture": "#1"}
			}
		},
		{
			"name": "hexadecagon",
			"from": [7.23618, 8.91, 20.26],
			"to": [8.76382, 9.84, 20.49],
			"rotation": {"angle": -22.5, "axis": "z", "origin": [8, 6, 16.25]},
			"faces": {
				"north": {"uv": [0, 0, 1, 1], "texture": "#6"},
				"east": {"uv": [0, 0, 1, 1], "texture": "#6"},
				"south": {"uv": [0, 0, 1, 1], "texture": "#6"},
				"west": {"uv": [0, 0, 1, 1], "texture": "#6"},
				"up": {"uv": [0, 0, 1, 1], "texture": "#6"},
				"down": {"uv": [0, 0, 1, 1], "texture": "#6"}
			}
		},
		{
			"name": "hexadecagon",
			"from": [7.23618, 6.41, 15.76],
			"to": [8.76382, 9.84, 20.24],
			"faces": {
				"north": {"uv": [0, 0, 1, 1], "texture": "#1"},
				"east": {"uv": [0, 0, 1, 1], "texture": "#1"},
				"south": {"uv": [0, 0, 1, 1], "texture": "#1"},
				"west": {"uv": [0, 0, 1, 1], "texture": "#1"},
				"up": {"uv": [0, 0, 1, 1], "texture": "#1"},
				"down": {"uv": [0, 0, 1, 1], "texture": "#1"}
			}
		},
		{
			"name": "hexadecagon",
			"from": [7.23618, 8.41, 20.26],
			"to": [8.76382, 9.84, 20.49],
			"faces": {
				"north": {"uv": [0, 0, 1, 1], "texture": "#6"},
				"east": {"uv": [0, 0, 1, 1], "texture": "#6"},
				"south": {"uv": [0, 0, 1, 1], "texture": "#6"},
				"west": {"uv": [0, 0, 1, 1], "texture": "#6"},
				"up": {"uv": [0, 0, 1, 1], "texture": "#6"},
				"down": {"uv": [0, 0, 1, 1], "texture": "#6"}
			}
		},
		{
			"name": "hexadecagon",
			"from": [7.23618, 6.66, 15.76],
			"to": [8.76382, 9.84, 20.24],
			"rotation": {"angle": 22.5, "axis": "z", "origin": [8, 6, 16]},
			"faces": {
				"north": {"uv": [0, 0, 1, 1], "texture": "#1"},
				"east": {"uv": [0, 0, 1, 1], "texture": "#1"},
				"south": {"uv": [0, 0, 1, 1], "texture": "#1"},
				"west": {"uv": [0, 0, 1, 1], "texture": "#1"},
				"up": {"uv": [0, 0, 1, 1], "texture": "#1"},
				"down": {"uv": [0, 0, 1, 1], "texture": "#1"}
			}
		},
		{
			"name": "hexadecagon",
			"from": [7.23618, 8.91, 20.26],
			"to": [8.76382, 9.84, 20.49],
			"rotation": {"angle": 22.5, "axis": "z", "origin": [8, 6, 16.25]},
			"faces": {
				"north": {"uv": [0, 0, 1, 1], "texture": "#6"},
				"east": {"uv": [0, 0, 1, 1], "texture": "#6"},
				"south": {"uv": [0, 0, 1, 1], "texture": "#6"},
				"west": {"uv": [0, 0, 1, 1], "texture": "#6"},
				"up": {"uv": [0, 0, 1, 1], "texture": "#6"},
				"down": {"uv": [0, 0, 1, 1], "texture": "#6"}
			}
		},
		{
			"name": "hexadecagon",
			"from": [7.23618, 7.16, 15.76],
			"to": [8.76382, 9.84, 20.24],
			"rotation": {"angle": 45, "axis": "z", "origin": [8, 6, 16]},
			"faces": {
				"north": {"uv": [0, 0, 1, 1], "texture": "#1"},
				"east": {"uv": [0, 0, 1, 1], "texture": "#1"},
				"south": {"uv": [0, 0, 1, 1], "texture": "#1"},
				"west": {"uv": [0, 0, 1, 1], "texture": "#1"},
				"up": {"uv": [0, 0, 1, 1], "texture": "#1"},
				"down": {"uv": [0, 0, 1, 1], "texture": "#1"}
			}
		},
		{
			"name": "hexadecagon",
			"from": [7.23618, 8.91, 20.26],
			"to": [8.76382, 9.84, 20.49],
			"rotation": {"angle": 45, "axis": "z", "origin": [8, 6, 16.25]},
			"faces": {
				"north": {"uv": [0, 0, 1, 1], "texture": "#6"},
				"east": {"uv": [0, 0, 1, 1], "texture": "#6"},
				"south": {"uv": [0, 0, 1, 1], "texture": "#6"},
				"west": {"uv": [0, 0, 1, 1], "texture": "#6"},
				"up": {"uv": [0, 0, 1, 1], "texture": "#6"},
				"down": {"uv": [0, 0, 1, 1], "texture": "#6"}
			}
		},
		{
			"name": "hexadecagon",
			"from": [4.16, 5.23618, 15.76],
			"to": [6.09, 6.76382, 20.24],
			"rotation": {"angle": -22.5, "axis": "z", "origin": [8, 6, 16]},
			"faces": {
				"north": {"uv": [0, 0, 1, 1], "texture": "#1"},
				"east": {"uv": [0, 0, 1, 1], "texture": "#1"},
				"south": {"uv": [0, 0, 1, 1], "texture": "#1"},
				"west": {"uv": [0, 0, 1, 1], "texture": "#1"},
				"up": {"uv": [0, 0, 1, 1], "texture": "#1"},
				"down": {"uv": [0, 0, 1, 1], "texture": "#1"}
			}
		},
		{
			"name": "hexadecagon",
			"from": [4.16, 5.23618, 20.26],
			"to": [5.09, 6.76382, 20.49],
			"rotation": {"angle": -22.5, "axis": "z", "origin": [8, 6, 16.25]},
			"faces": {
				"north": {"uv": [0, 0, 1, 1], "texture": "#6"},
				"east": {"uv": [0, 0, 1, 1], "texture": "#6"},
				"south": {"uv": [0, 0, 1, 1], "texture": "#6"},
				"west": {"uv": [0, 0, 1, 1], "texture": "#6"},
				"up": {"uv": [0, 0, 1, 1], "texture": "#6"},
				"down": {"uv": [0, 0, 1, 1], "texture": "#6"}
			}
		},
		{
			"name": "hexadecagon",
			"from": [4.16, 3.23618, 15.76],
			"to": [11.84, 6.76382, 20.24],
			"faces": {
				"north": {"uv": [0, 0, 1, 1], "texture": "#1"},
				"east": {"uv": [0, 0, 1, 1], "texture": "#1"},
				"south": {"uv": [0, 0, 10.5, 8.5], "texture": "#5"},
				"west": {"uv": [0, 0, 1, 1], "texture": "#1"},
				"up": {"uv": [0, 0, 1, 1], "texture": "#1"},
				"down": {"uv": [0, 0, 1, 1], "texture": "#1"}
			}
		},
		{
			"name": "hexadecagon",
			"from": [4.16, 3.23618, 20.26],
			"to": [5.09, 6.76382, 20.49],
			"faces": {
				"north": {"uv": [0, 0, 1, 1], "texture": "#6"},
				"east": {"uv": [0, 0, 1, 1], "texture": "#6"},
				"south": {"uv": [0, 0, 1, 1], "texture": "#6"},
				"west": {"uv": [0, 0, 1, 1], "texture": "#6"},
				"up": {"uv": [0, 0, 1, 1], "texture": "#6"},
				"down": {"uv": [0, 0, 1, 1], "texture": "#6"}
			}
		},
		{
			"name": "hexadecagon",
			"from": [3.16, 6.23618, 20.51],
			"to": [12.84, 6.76382, 20.74],
			"faces": {
				"north": {"uv": [0, 0, 1, 1], "texture": "#6"},
				"east": {"uv": [0, 0, 1, 1], "texture": "#6"},
				"south": {"uv": [0, 0, 1, 1], "texture": "#6"},
				"west": {"uv": [0, 0, 1, 1], "texture": "#6"},
				"up": {"uv": [0, 0, 1, 1], "texture": "#6"},
				"down": {"uv": [0, 0, 1, 1], "texture": "#6"}
			}
		},
		{
			"name": "hexadecagon",
			"from": [5.16, 3.73618, 20.51],
			"to": [10.84, 4.76382, 20.74],
			"faces": {
				"north": {"uv": [0, 0, 16, 4], "texture": "#8"},
				"east": {"uv": [0, 0, 16, 4], "texture": "#8"},
				"south": {"uv": [0, 0, 16, 4], "texture": "#8"},
				"west": {"uv": [0, 0, 16, 4], "texture": "#8"},
				"up": {"uv": [0, 0, 16, 4], "texture": "#8"},
				"down": {"uv": [0, 0, 16, 4], "texture": "#8"}
			}
		},
		{
			"name": "hexadecagon",
			"from": [2.66, 6.73618, 19.51],
			"to": [3.84, 7.76382, 20.74],
			"faces": {
				"north": {"uv": [0, 0, 1, 1], "texture": "#7"},
				"east": {"uv": [0, 0, 1, 1], "texture": "#7"},
				"south": {"uv": [0, 0, 16, 16], "texture": "#7"},
				"west": {"uv": [0, 0, 1, 1], "texture": "#7"},
				"up": {"uv": [0, 0, 1, 1], "texture": "#7"},
				"down": {"uv": [0, 0, 1, 1], "texture": "#7"}
			}
		},
		{
			"name": "hexadecagon",
			"from": [12.16, 6.73618, 19.51],
			"to": [13.34, 7.76382, 20.74],
			"faces": {
				"north": {"uv": [0, 0, 1, 1], "texture": "#7"},
				"east": {"uv": [0, 0, 1, 1], "texture": "#7"},
				"south": {"uv": [0, 0, 16, 16], "texture": "#7"},
				"west": {"uv": [0, 0, 1, 1], "texture": "#7"},
				"up": {"uv": [0, 0, 1, 1], "texture": "#7"},
				"down": {"uv": [0, 0, 1, 1], "texture": "#7"}
			}
		},
		{
			"name": "hexadecagon",
			"from": [10.91, 3.23618, 20.26],
			"to": [11.84, 6.76382, 20.49],
			"faces": {
				"north": {"uv": [0, 0, 1, 1], "texture": "#6"},
				"east": {"uv": [0, 0, 1, 1], "texture": "#6"},
				"south": {"uv": [0, 0, 1, 1], "texture": "#6"},
				"west": {"uv": [0, 0, 1, 1], "texture": "#6"},
				"up": {"uv": [0, 0, 1, 1], "texture": "#6"},
				"down": {"uv": [0, 0, 1, 1], "texture": "#6"}
			}
		},
		{
			"name": "hexadecagon",
			"from": [4.16, 3.23618, 15.76],
			"to": [4.84, 6.76382, 20.24],
			"faces": {
				"north": {"uv": [0, 0, 1, 1], "texture": "#1"},
				"east": {"uv": [0, 0, 1, 1], "texture": "#1"},
				"south": {"uv": [0, 0, 1, 1], "texture": "#1"},
				"west": {"uv": [0, 0, 1, 1], "texture": "#1"},
				"up": {"uv": [0, 0, 1, 1], "texture": "#1"},
				"down": {"uv": [0, 0, 1, 1], "texture": "#1"}
			}
		},
		{
			"name": "hexadecagon",
			"from": [9.91, 5.23618, 15.76],
			"to": [11.84, 6.76382, 20.24],
			"rotation": {"angle": 22.5, "axis": "z", "origin": [8, 6, 16]},
			"faces": {
				"north": {"uv": [0, 0, 1, 1], "texture": "#1"},
				"east": {"uv": [0, 0, 1, 1], "texture": "#1"},
				"south": {"uv": [0, 0, 1, 1], "texture": "#1"},
				"west": {"uv": [0, 0, 1, 1], "texture": "#1"},
				"up": {"uv": [0, 0, 1, 1], "texture": "#1"},
				"down": {"uv": [0, 0, 1, 1], "texture": "#1"}
			}
		},
		{
			"name": "hexadecagon",
			"from": [10.91, 5.23618, 20.26],
			"to": [11.84, 6.76382, 20.49],
			"rotation": {"angle": 22.5, "axis": "z", "origin": [8, 6, 16.25]},
			"faces": {
				"north": {"uv": [0, 0, 1, 1], "texture": "#6"},
				"east": {"uv": [0, 0, 1, 1], "texture": "#6"},
				"south": {"uv": [0, 0, 1, 1], "texture": "#6"},
				"west": {"uv": [0, 0, 1, 1], "texture": "#6"},
				"up": {"uv": [0, 0, 1, 1], "texture": "#6"},
				"down": {"uv": [0, 0, 1, 1], "texture": "#6"}
			}
		},
		{
			"name": "remi",
			"from": [10, 7, 13],
			"to": [11, 8, 16],
			"faces": {
				"north": {"uv": [0, 0, 1, 1], "texture": "#0"},
				"east": {"uv": [0, 0, 1, 1], "texture": "#0"},
				"south": {"uv": [0, 0, 1, 1], "texture": "#0"},
				"west": {"uv": [0, 0, 1, 1], "texture": "#0"},
				"up": {"uv": [0, 0, 1, 1], "texture": "#0"},
				"down": {"uv": [0, 0, 1, 1], "texture": "#0"}
			}
		},
		{
			"name": "remi",
			"from": [9.5, 8.55, 13],
			"to": [11.5, 8.8, 13.25],
			"faces": {
				"north": {"uv": [0, 0, 1, 1], "texture": "#9"},
				"east": {"uv": [0, 0, 1, 1], "texture": "#9"},
				"south": {"uv": [0, 0, 1, 1], "texture": "#9"},
				"west": {"uv": [0, 0, 1, 1], "texture": "#9"},
				"up": {"uv": [0, 0, 1, 1], "texture": "#9"},
				"down": {"uv": [0, 0, 1, 1], "texture": "#9"}
			}
		},
		{
			"name": "remi",
			"from": [9.5, 7.35, 13.1],
			"to": [11.5, 7.6, 13.35],
			"faces": {
				"north": {"uv": [0, 0, 1, 1], "texture": "#9"},
				"east": {"uv": [0, 0, 1, 1], "texture": "#9"},
				"south": {"uv": [0, 0, 1, 1], "texture": "#9"},
				"west": {"uv": [0, 0, 1, 1], "texture": "#9"},
				"up": {"uv": [0, 0, 1, 1], "texture": "#9"},
				"down": {"uv": [0, 0, 1, 1], "texture": "#9"}
			}
		},
		{
			"name": "remi",
			"from": [9.38002, 6.61084, 13],
			"to": [9.63002, 8.61084, 13.25],
			"faces": {
				"north": {"uv": [0, 0, 1, 1], "rotation": 90, "texture": "#9"},
				"east": {"uv": [0, 0, 1, 1], "rotation": 90, "texture": "#9"},
				"south": {"uv": [0, 0, 1, 1], "rotation": 90, "texture": "#9"},
				"west": {"uv": [0, 0, 1, 1], "rotation": 90, "texture": "#9"},
				"up": {"uv": [0, 0, 1, 1], "rotation": 90, "texture": "#9"},
				"down": {"uv": [0, 0, 1, 1], "rotation": 90, "texture": "#9"}
			}
		},
		{
			"name": "remi",
			"from": [9.55, 6.45, 13],
			"to": [11.45, 6.7, 13.25],
			"faces": {
				"north": {"uv": [0, 0, 1, 1], "texture": "#0"},
				"east": {"uv": [0, 0, 1, 1], "texture": "#0"},
				"south": {"uv": [0, 0, 1, 1], "texture": "#0"},
				"west": {"uv": [0, 0, 1, 1], "texture": "#0"},
				"up": {"uv": [0, 0, 1, 1], "texture": "#0"},
				"down": {"uv": [0, 0, 1, 1], "texture": "#0"}
			}
		},
		{
			"name": "remi",
			"from": [11.38002, 6.61084, 13],
			"to": [11.63002, 8.61084, 13.25],
			"faces": {
				"north": {"uv": [0, 0, 1, 1], "rotation": 90, "texture": "#9"},
				"east": {"uv": [0, 0, 1, 1], "rotation": 90, "texture": "#9"},
				"south": {"uv": [0, 0, 1, 1], "rotation": 90, "texture": "#9"},
				"west": {"uv": [0, 0, 1, 1], "rotation": 90, "texture": "#9"},
				"up": {"uv": [0, 0, 1, 1], "rotation": 90, "texture": "#9"},
				"down": {"uv": [0, 0, 1, 1], "rotation": 90, "texture": "#9"}
			}
		}
	],
	"display": {
		"gui": {
			"rotation": [11, -19, 0],
			"translation": [-0.25, -1.25, 0],
			"scale": [0.62, 0.62, 0.62]
		},
		"head": {
			"translation": [0, -16.5, 0],
			"scale": [2.95, 3, 2.92]
		}
	},
	"groups": [
		{
			"name": "roue",
			"origin": [8, 8, 8],
			"children": []
		},
		{
			"name": "hexadecagon",
			"origin": [8, 8, 8],
			"children": [0, 1, 2, 3, 4, 5, 6, 7, 8, 9, 10, 11, 12, 13, 14, 15, 16, 17, 18, 19, 20, 21, 22, 23, 24, 25, 26, 27, 28, 29, 30, 31, 32, 33, 34, 35, 36, 37, 38, 39, 40, 41, 42, 43, 44, 45, 46, 47, 48, 49, 50, 51, 52, 53, 54, 55, 56, 57, 58, 59, 60, 61, 62, 63, 64, 65, 66, 67]
		},
		{
			"name": "hexadecagon",
			"origin": [8, 8, 8],
			"children": []
		},
		{
			"name": "hexadecagon",
			"origin": [8, 8, 8],
			"children": [68, 69, 70, 71, 72, 73, 74, 75, 76, 77, 78, 79, 80, 81, 82, 83, 84, 85, 86, 87, 88, 89]
		}, 90, 91, 92, 93, 94, 95]
}