{
	"credit": "Made by Remi",
	"textures": {
		"11": "block/orange_concrete",
		"anvil_base": "block/anvil",
		"particle": "block/comparator"
	},
	"elements": [
		{
			"from": [14.708, 3.04886, 4.97687],
			"to": [15.592, 4.60886, 5.28887],
			"rotation": {"angle": -45, "axis": "x", "origin": [15.54, 8.19686, 1.38887]},
			"faces": {
				"north": {"uv": [3, 12, 16, 13], "texture": "#11"},
				"east": {"uv": [3, 12, 16, 13], "texture": "#11"},
				"south": {"uv": [3, 12, 16, 13], "texture": "#11"},
				"west": {"uv": [3, 12, 16, 13], "texture": "#11"},
				"up": {"uv": [3, 12, 16, 13], "texture": "#11"},
				"down": {"uv": [3, 12, 16, 13], "texture": "#11"}
			}
		},
		{
			"from": [14.708, 4.60886, 2.63687],
			"to": [15.592, 4.86886, 5.28887],
			"rotation": {"angle": -45, "axis": "x", "origin": [15.54, 8.19686, 1.38887]},
			"faces": {
				"north": {"uv": [3, 12, 16, 13], "texture": "#11"},
				"east": {"uv": [3, 12, 16, 13], "texture": "#11"},
				"south": {"uv": [3, 12, 16, 13], "texture": "#11"},
				"west": {"uv": [3, 12, 16, 13], "texture": "#11"},
				"up": {"uv": [3, 12, 16, 13], "texture": "#11"},
				"down": {"uv": [3, 12, 16, 13], "texture": "#11"}
			}
		},
		{
			"from": [14.708, 3.04886, 2.63687],
			"to": [15.592, 4.60886, 2.94887],
			"rotation": {"angle": -45, "axis": "x", "origin": [15.54, 8.19686, 1.38887]},
			"faces": {
				"north": {"uv": [3, 12, 16, 13], "texture": "#11"},
				"east": {"uv": [3, 12, 16, 13], "texture": "#11"},
				"south": {"uv": [3, 12, 16, 13], "texture": "#11"},
				"west": {"uv": [3, 12, 16, 13], "texture": "#11"},
				"up": {"uv": [3, 12, 16, 13], "texture": "#11"},
				"down": {"uv": [3, 12, 16, 13], "texture": "#11"}
			}
		},
		{
			"from": [14.708, 2.78886, 2.63687],
			"to": [15.592, 3.04886, 5.28887],
			"rotation": {"angle": -45, "axis": "x", "origin": [15.54, 8.19686, 1.38887]},
			"faces": {
				"north": {"uv": [3, 12, 16, 13], "texture": "#11"},
				"east": {"uv": [3, 12, 16, 13], "texture": "#11"},
				"south": {"uv": [3, 12, 16, 13], "texture": "#11"},
				"west": {"uv": [3, 12, 16, 13], "texture": "#11"},
				"up": {"uv": [3, 12, 16, 13], "texture": "#11"},
				"down": {"uv": [3, 12, 16, 13], "texture": "#11"}
			}
		},
		{
			"from": [14.708, 3.30886, -1.52313],
			"to": [15.592, 4.34886, 8.40887],
			"rotation": {"angle": -45, "axis": "x", "origin": [15.54, 8.19686, 1.38887]},
			"faces": {
				"north": {"uv": [3, 12, 16, 13], "texture": "#11"},
				"east": {"uv": [3, 12, 16, 13], "texture": "#11"},
				"south": {"uv": [3, 12, 16, 13], "texture": "#11"},
				"west": {"uv": [3, 12, 16, 13], "texture": "#11"},
				"up": {"uv": [3, 12, 16, 13], "texture": "#11"},
				"down": {"uv": [3, 12, 16, 13], "texture": "#11"}
			}
		},
		{
			"from": [8.728, 9.0982, 9.85371],
			"to": [14.032, 10.6998, 11.20571],
			"rotation": {"angle": 0, "axis": "y", "origin": [0, 0.22252, -14.73429]},
			"faces": {
				"north": {"uv": [3, 12, 16, 13], "texture": "#anvil_base"},
				"east": {"uv": [3, 12, 16, 13], "texture": "#anvil_base"},
				"south": {"uv": [3, 12, 16, 13], "texture": "#anvil_base"},
				"west": {"uv": [3, 12, 16, 13], "texture": "#anvil_base"},
				"up": {"uv": [3, 12, 16, 13], "texture": "#anvil_base"},
				"down": {"uv": [3, 12, 16, 13], "texture": "#anvil_base"}
			}
		},
		{
			"from": [14.708, 9.3582, 9.07371],
			"to": [15.592, 10.4398, 10.94571],
			"rotation": {"angle": 0, "axis": "y", "origin": [0, 0.22252, -14.73429]},
			"faces": {
				"north": {"uv": [3, 12, 16, 13], "texture": "#11"},
				"east": {"uv": [3, 12, 16, 13], "texture": "#11"},
				"south": {"uv": [3, 12, 16, 13], "texture": "#11"},
				"west": {"uv": [3, 12, 16, 13], "texture": "#11"},
				"up": {"uv": [3, 12, 16, 13], "texture": "#11"},
				"down": {"uv": [3, 12, 16, 13], "texture": "#11"}
			}
		},
		{
			"from": [1.968, 9.0982, 9.85371],
			"to": [7.272, 10.6998, 11.20571],
			"rotation": {"angle": 0, "axis": "y", "origin": [0, 0.22252, -14.73429]},
			"faces": {
				"north": {"uv": [3, 12, 16, 13], "texture": "#anvil_base"},
				"east": {"uv": [3, 12, 16, 13], "texture": "#anvil_base"},
				"south": {"uv": [3, 12, 16, 13], "texture": "#anvil_base"},
				"west": {"uv": [3, 12, 16, 13], "texture": "#anvil_base"},
				"up": {"uv": [3, 12, 16, 13], "texture": "#anvil_base"},
				"down": {"uv": [3, 12, 16, 13], "texture": "#anvil_base"}
			}
		},
		{
			"from": [0.408, 9.3582, 9.07371],
			"to": [1.292, 10.4398, 10.94571],
			"rotation": {"angle": 0, "axis": "y", "origin": [0, 0.22252, -14.73429]},
			"faces": {
				"north": {"uv": [3, 12, 16, 13], "texture": "#11"},
				"east": {"uv": [3, 12, 16, 13], "texture": "#11"},
				"south": {"uv": [3, 12, 16, 13], "texture": "#11"},
				"west": {"uv": [3, 12, 16, 13], "texture": "#11"},
				"up": {"uv": [3, 12, 16, 13], "texture": "#11"},
				"down": {"uv": [3, 12, 16, 13], "texture": "#11"}
			}
		},
		{
			"from": [1.308, 9.3582, 10.11371],
			"to": [2.072, 10.4398, 10.94571],
			"rotation": {"angle": 0, "axis": "y", "origin": [0, 0.22252, -14.73429]},
			"faces": {
				"north": {"uv": [3, 12, 16, 13], "texture": "#11"},
				"east": {"uv": [3, 12, 16, 13], "texture": "#11"},
				"south": {"uv": [3, 12, 16, 13], "texture": "#11"},
				"west": {"uv": [3, 12, 16, 13], "texture": "#11"},
				"up": {"uv": [3, 12, 16, 13], "texture": "#11"},
				"down": {"uv": [3, 12, 16, 13], "texture": "#11"}
			}
		},
		{
			"from": [13.928, 9.3582, 10.11371],
			"to": [14.692, 10.4398, 10.94571],
			"rotation": {"angle": 0, "axis": "y", "origin": [16, 0.22252, -14.73429]},
			"faces": {
				"north": {"uv": [16, 12, 3, 13], "texture": "#11"},
				"east": {"uv": [16, 12, 3, 13], "texture": "#11"},
				"south": {"uv": [16, 12, 3, 13], "texture": "#11"},
				"west": {"uv": [16, 12, 3, 13], "texture": "#11"},
				"up": {"uv": [16, 12, 3, 13], "texture": "#11"},
				"down": {"uv": [16, 12, 3, 13], "texture": "#11"}
			}
		},
		{
			"from": [0.408, 3.30886, -1.52313],
			"to": [1.292, 4.34886, 8.40887],
			"rotation": {"angle": -45, "axis": "x", "origin": [1.24, 8.19686, 1.38887]},
			"faces": {
				"north": {"uv": [3, 12, 16, 13], "texture": "#11"},
				"east": {"uv": [3, 12, 16, 13], "texture": "#11"},
				"south": {"uv": [3, 12, 16, 13], "texture": "#11"},
				"west": {"uv": [3, 12, 16, 13], "texture": "#11"},
				"up": {"uv": [3, 12, 16, 13], "texture": "#11"},
				"down": {"uv": [3, 12, 16, 13], "texture": "#11"}
			}
		},
		{
			"from": [0.408, 3.04886, 4.97687],
			"to": [1.292, 4.60886, 5.28887],
			"rotation": {"angle": -45, "axis": "x", "origin": [1.24, 8.19686, 1.38887]},
			"faces": {
				"north": {"uv": [3, 12, 16, 13], "texture": "#11"},
				"east": {"uv": [3, 12, 16, 13], "texture": "#11"},
				"south": {"uv": [3, 12, 16, 13], "texture": "#11"},
				"west": {"uv": [3, 12, 16, 13], "texture": "#11"},
				"up": {"uv": [3, 12, 16, 13], "texture": "#11"},
				"down": {"uv": [3, 12, 16, 13], "texture": "#11"}
			}
		},
		{
			"from": [0.408, 4.60886, 2.63687],
			"to": [1.292, 4.86886, 5.28887],
			"rotation": {"angle": -45, "axis": "x", "origin": [1.24, 8.19686, 1.38887]},
			"faces": {
				"north": {"uv": [3, 12, 16, 13], "texture": "#11"},
				"east": {"uv": [3, 12, 16, 13], "texture": "#11"},
				"south": {"uv": [3, 12, 16, 13], "texture": "#11"},
				"west": {"uv": [3, 12, 16, 13], "texture": "#11"},
				"up": {"uv": [3, 12, 16, 13], "texture": "#11"},
				"down": {"uv": [3, 12, 16, 13], "texture": "#11"}
			}
		},
		{
			"from": [0.408, 2.78886, 2.63687],
			"to": [1.292, 3.04886, 5.28887],
			"rotation": {"angle": -45, "axis": "x", "origin": [1.24, 8.19686, 1.38887]},
			"faces": {
				"north": {"uv": [3, 12, 16, 13], "texture": "#11"},
				"east": {"uv": [3, 12, 16, 13], "texture": "#11"},
				"south": {"uv": [3, 12, 16, 13], "texture": "#11"},
				"west": {"uv": [3, 12, 16, 13], "texture": "#11"},
				"up": {"uv": [3, 12, 16, 13], "texture": "#11"},
				"down": {"uv": [3, 12, 16, 13], "texture": "#11"}
			}
		},
		{
			"from": [0.408, 3.04886, 2.63687],
			"to": [1.292, 4.60886, 2.94887],
			"rotation": {"angle": -45, "axis": "x", "origin": [1.24, 8.19686, 1.38887]},
			"faces": {
				"north": {"uv": [3, 12, 16, 13], "texture": "#11"},
				"east": {"uv": [3, 12, 16, 13], "texture": "#11"},
				"south": {"uv": [3, 12, 16, 13], "texture": "#11"},
				"west": {"uv": [3, 12, 16, 13], "texture": "#11"},
				"up": {"uv": [3, 12, 16, 13], "texture": "#11"},
				"down": {"uv": [3, 12, 16, 13], "texture": "#11"}
			}
		}
	],
	"display": {
		"gui": {
			"rotation": [31, 151, 0],
			"translation": [-0.5, -1, 0],
			"scale": [0.375, 0.375, 0.375]
		},
		"head": {
			"translation": [0, 3.5, 11.75],
			"scale": [2.1, 2.1, 2.1]
		},
		"fixed": {
			"rotation": [-2, 86, -32],
			"translation": [-4.5, 0, -5],
			"scale": [0.58, 0.58, 0.58]
		}
	},
	"groups": [
		{
			"name": "rouepe",
			"origin": [8, 8, 8],
			"color": 0,
			"nbt": "{}",
			"children": [
				{
					"name": "lapis_ore",
					"origin": [8, 8, 8],
					"color": 0,
					"nbt": "{}",
					"children": [
						{
							"name": "rouedef",
							"origin": [8, 8, 8],
							"color": 0,
							"nbt": "{}",
							"children": []
						}
					]
				}
			]
		},
		{
			"name": "rouepe2",
			"origin": [8, 8, 8],
			"color": 0,
			"nbt": "{}",
			"children": [
				{
					"name": "lapis_ore",
					"origin": [8, 8, 8],
					"color": 0,
					"nbt": "{}",
					"children": [
						{
							"name": "rouedef",
							"origin": [8, 8, 8],
							"color": 0,
							"nbt": "{}",
							"children": []
						}
					]
				}
			]
		},
		{
			"name": "avant",
			"origin": [8, 8, 8],
			"color": 0,
			"nbt": "{}",
			"children": [
				{
					"name": "group",
					"origin": [1.24, 8, -0.18],
					"color": 0,
					"nbt": "{}",
					"children": [0, 1, 2, 3, 4, 5, 6, 7, 8, 9, 10, 11, 12, 13, 14, 15]
				}
			]
		},
		{
			"name": "avantpe",
			"origin": [8, 8, 8],
			"color": 0,
			"nbt": "{}",
			"children": [
				{
					"name": "rouepe",
					"origin": [8, 8, 8],
					"color": 0,
					"nbt": "{}",
					"children": [
						{
							"name": "lapis_ore",
							"origin": [8, 8, 8],
							"color": 0,
							"nbt": "{}",
							"children": [
								{
									"name": "rouedef",
									"origin": [8, 8, 8],
									"color": 0,
									"nbt": "{}",
									"children": []
								}
							]
						}
					]
				},
				{
					"name": "rouepe2",
					"origin": [8, 8, 8],
					"color": 0,
					"nbt": "{}",
					"children": [
						{
							"name": "lapis_ore",
							"origin": [8, 8, 8],
							"color": 0,
							"nbt": "{}",
							"children": [
								{
									"name": "rouedef",
									"origin": [8, 8, 8],
									"color": 0,
									"nbt": "{}",
									"children": []
								}
							]
						}
					]
				},
				{
					"name": "avant",
					"origin": [8, 8, 8],
					"color": 0,
					"nbt": "{}",
					"children": []
				}
			]
		}
	]
}