{
	"credit": "Made with Blockbench",
	"textures": {
		"0": "block/coal_block",
		"1": "block/quartz_block_bottom",
		"2": "block/cut_red_sandstone",
		"3": "block/yellow_terracotta",
		"4": "block/cyan_concrete",
		"particle": "block/coal_block"
	},
	"elements": [
		{
			"from": [-8, -6, 15],
			"to": [6, 2, 15.5],
			"faces": {
				"north": {"uv": [0, 0, 14, 5], "texture": "#0"},
				"east": {"uv": [0, 0, 14, 5], "rotation": 270, "texture": "#0"},
				"south": {"uv": [0, 0, 14, 5], "rotation": 270, "texture": "#0"},
				"west": {"uv": [0, 0, 14, 5], "rotation": 270, "texture": "#0"},
				"up": {"uv": [0, 0, 14, 5], "rotation": 270, "texture": "#0"},
				"down": {"uv": [0, 0, 14, 5], "rotation": 270, "texture": "#0"}
			}
		},
		{
			"from": [-8, -7.25, 8.75],
			"to": [6, -4, 15.5],
			"faces": {
				"north": {"uv": [0, 0, 14, 5], "texture": "#0"},
				"east": {"uv": [0, 0, 14, 5], "rotation": 270, "texture": "#0"},
				"south": {"uv": [0, 0, 14, 5], "rotation": 270, "texture": "#1"},
				"west": {"uv": [0, 0, 14, 5], "rotation": 270, "texture": "#0"},
				"up": {"uv": [0, 0, 14, 5], "rotation": 270, "texture": "#0"},
				"down": {"uv": [0, 0, 14, 5], "rotation": 270, "texture": "#0"}
			}
		},
		{
			"from": [-8, -6.75, 15.45],
			"to": [6, 2, 16],
			"faces": {
				"north": {"uv": [0, 0, 14, 5], "rotation": 270, "texture": "#1"},
				"east": {"uv": [0, 0, 14, 5], "rotation": 270, "texture": "#1"},
				"south": {"uv": [0, 0, 14, 5], "rotation": 270, "texture": "#1"},
				"west": {"uv": [0, 0, 14, 5], "rotation": 270, "texture": "#1"},
				"up": {"uv": [0, 0, 14, 5], "rotation": 270, "texture": "#1"},
				"down": {"uv": [0, 0, 14, 5], "rotation": 270, "texture": "#1"}
			}
		},
		{
			"from": [-8, -7.75, -0.3],
			"to": [6, -7.25, 15.5],
			"faces": {
				"north": {"uv": [0, 0, 14, 5], "rotation": 270, "texture": "#1"},
				"east": {"uv": [0, 0, 14, 5], "rotation": 270, "texture": "#1"},
				"south": {"uv": [0, 0, 14, 5], "rotation": 270, "texture": "#1"},
				"west": {"uv": [0, 0, 14, 5], "rotation": 270, "texture": "#1"},
				"up": {"uv": [0, 0, 14, 5], "rotation": 270, "texture": "#1"},
				"down": {"uv": [0, 0, 14, 5], "rotation": 270, "texture": "#1"}
			}
		},
		{
			"from": [-8, -0.25, -0.3],
			"to": [6, 0.25, 1.75],
			"faces": {
				"north": {"uv": [0, 0, 14, 5], "rotation": 270, "texture": "#1"},
				"east": {"uv": [0, 0, 14, 5], "rotation": 270, "texture": "#1"},
				"south": {"uv": [0, 0, 14, 5], "rotation": 270, "texture": "#1"},
				"west": {"uv": [0, 0, 14, 5], "rotation": 270, "texture": "#1"},
				"up": {"uv": [0, 0, 14, 5], "rotation": 270, "texture": "#1"},
				"down": {"uv": [0, 0, 14, 5], "rotation": 270, "texture": "#1"}
			}
		},
		{
			"from": [-7.1, -7.75, -1.7],
			"to": [5.1, -7.25, -0.3],
			"faces": {
				"north": {"uv": [0, 0, 14, 5], "rotation": 270, "texture": "#1"},
				"east": {"uv": [0, 0, 14, 5], "rotation": 270, "texture": "#1"},
				"south": {"uv": [0, 0, 14, 5], "rotation": 270, "texture": "#1"},
				"west": {"uv": [0, 0, 14, 5], "rotation": 270, "texture": "#1"},
				"up": {"uv": [0, 0, 14, 5], "rotation": 270, "texture": "#1"},
				"down": {"uv": [0, 0, 14, 5], "rotation": 270, "texture": "#1"}
			}
		},
		{
			"from": [-7.1, -0.25, -1.7],
			"to": [5.1, 0.25, -0.3],
			"faces": {
				"north": {"uv": [0, 0, 14, 5], "rotation": 270, "texture": "#1"},
				"east": {"uv": [0, 0, 14, 5], "rotation": 270, "texture": "#1"},
				"south": {"uv": [0, 0, 14, 5], "rotation": 270, "texture": "#1"},
				"west": {"uv": [0, 0, 14, 5], "rotation": 270, "texture": "#1"},
				"up": {"uv": [0, 0, 14, 5], "rotation": 270, "texture": "#1"},
				"down": {"uv": [0, 0, 14, 5], "rotation": 270, "texture": "#1"}
			}
		},
		{
			"from": [-5.85, -7.75, -3.1],
			"to": [3.85, -7.25, -0.3],
			"faces": {
				"north": {"uv": [0, 0, 14, 5], "rotation": 270, "texture": "#1"},
				"east": {"uv": [0, 0, 14, 5], "rotation": 270, "texture": "#1"},
				"south": {"uv": [0, 0, 14, 5], "rotation": 270, "texture": "#1"},
				"west": {"uv": [0, 0, 14, 5], "rotation": 270, "texture": "#1"},
				"up": {"uv": [0, 0, 14, 5], "rotation": 270, "texture": "#1"},
				"down": {"uv": [0, 0, 14, 5], "rotation": 270, "texture": "#1"}
			}
		},
		{
			"from": [-5.85, -0.25, -3.1],
			"to": [3.85, 0.25, -1.7],
			"faces": {
				"north": {"uv": [0, 0, 14, 5], "rotation": 270, "texture": "#1"},
				"east": {"uv": [0, 0, 14, 5], "rotation": 270, "texture": "#1"},
				"south": {"uv": [0, 0, 14, 5], "rotation": 270, "texture": "#1"},
				"west": {"uv": [0, 0, 14, 5], "rotation": 270, "texture": "#1"},
				"up": {"uv": [0, 0, 14, 5], "rotation": 270, "texture": "#1"},
				"down": {"uv": [0, 0, 14, 5], "rotation": 270, "texture": "#1"}
			}
		},
		{
			"from": [-4.05, -7.75, -4.1],
			"to": [1.95, -7.25, -3.1],
			"faces": {
				"north": {"uv": [0, 0, 14, 5], "rotation": 270, "texture": "#1"},
				"east": {"uv": [0, 0, 14, 5], "rotation": 270, "texture": "#1"},
				"south": {"uv": [0, 0, 14, 5], "rotation": 270, "texture": "#1"},
				"west": {"uv": [0, 0, 14, 5], "rotation": 270, "texture": "#1"},
				"up": {"uv": [0, 0, 14, 5], "rotation": 270, "texture": "#1"},
				"down": {"uv": [0, 0, 14, 5], "rotation": 270, "texture": "#1"}
			}
		},
		{
			"from": [-8, 2, 15.45],
			"to": [6, 2.1, 16],
			"faces": {
				"north": {"uv": [1.5, 5.5, 15.5, 10.5], "rotation": 270, "texture": "#2"},
				"east": {"uv": [1.5, 5.5, 15.5, 10.5], "rotation": 270, "texture": "#2"},
				"south": {"uv": [1.5, 5.5, 15.5, 10.5], "rotation": 270, "texture": "#2"},
				"west": {"uv": [1.5, 5.5, 15.5, 10.5], "rotation": 270, "texture": "#2"},
				"up": {"uv": [1.5, 5.5, 15.5, 10.5], "rotation": 270, "texture": "#2"},
				"down": {"uv": [1.5, 5.5, 15.5, 10.5], "rotation": 270, "texture": "#2"}
			}
		},
		{
			"from": [5, -6, 13],
			"to": [6, 2, 15],
			"faces": {
				"north": {"uv": [0, 0, 14, 5], "texture": "#0"},
				"east": {"uv": [0, 0, 14, 5], "rotation": 270, "texture": "#0"},
				"south": {"uv": [0, 0, 14, 5], "rotation": 270, "texture": "#0"},
				"west": {"uv": [0, 0, 14, 5], "rotation": 270, "texture": "#0"},
				"up": {"uv": [0, 0, 14, 5], "rotation": 270, "texture": "#0"},
				"down": {"uv": [0, 0, 14, 5], "rotation": 270, "texture": "#0"}
			}
		},
		{
			"from": [6, -7.75, 13],
			"to": [7, 2, 16],
			"faces": {
				"north": {"uv": [0, 0, 14, 5], "rotation": 270, "texture": "#1"},
				"east": {"uv": [0, 0, 14, 5], "rotation": 270, "texture": "#1"},
				"south": {"uv": [0, 0, 14, 5], "rotation": 270, "texture": "#1"},
				"west": {"uv": [0, 0, 14, 5], "rotation": 270, "texture": "#1"},
				"up": {"uv": [0, 0, 14, 5], "rotation": 270, "texture": "#1"},
				"down": {"uv": [0, 0, 14, 5], "rotation": 270, "texture": "#1"}
			}
		},
		{
			"from": [-9, -7.75, 13],
			"to": [-8, 2, 16],
			"faces": {
				"north": {"uv": [0, 0, 14, 5], "rotation": 270, "texture": "#1"},
				"east": {"uv": [0, 0, 14, 5], "rotation": 270, "texture": "#1"},
				"south": {"uv": [0, 0, 14, 5], "rotation": 270, "texture": "#1"},
				"west": {"uv": [0, 0, 14, 5], "rotation": 270, "texture": "#1"},
				"up": {"uv": [0, 0, 14, 5], "rotation": 270, "texture": "#1"},
				"down": {"uv": [0, 0, 14, 5], "rotation": 270, "texture": "#1"}
			}
		},
		{
			"from": [6.1, -7.65, 1.7],
			"to": [7.1, -6, 15.9],
			"faces": {
				"north": {"uv": [0, 0, 14, 5], "rotation": 270, "texture": "#2"},
				"east": {"uv": [0, 0, 14, 5], "rotation": 270, "texture": "#2"},
				"south": {"uv": [0, 0, 14, 5], "rotation": 270, "texture": "#2"},
				"west": {"uv": [0, 0, 14, 5], "rotation": 270, "texture": "#2"},
				"up": {"uv": [0, 0, 14, 5], "rotation": 270, "texture": "#2"},
				"down": {"uv": [0, 0, 14, 5], "rotation": 270, "texture": "#2"}
			}
		},
		{
			"from": [-9.1, -7.65, 1.7],
			"to": [-8.1, -6, 15.9],
			"faces": {
				"north": {"uv": [0, 0, 14, 5], "rotation": 270, "texture": "#2"},
				"east": {"uv": [0, 0, 14, 5], "rotation": 270, "texture": "#2"},
				"south": {"uv": [0, 0, 14, 5], "rotation": 270, "texture": "#2"},
				"west": {"uv": [0, 0, 14, 5], "rotation": 270, "texture": "#2"},
				"up": {"uv": [0, 0, 14, 5], "rotation": 270, "texture": "#2"},
				"down": {"uv": [0, 0, 14, 5], "rotation": 270, "texture": "#2"}
			}
		},
		{
			"from": [6, 2, 12.9],
			"to": [7, 2.1, 16],
			"faces": {
				"north": {"uv": [0, 0, 14, 5], "rotation": 270, "texture": "#2"},
				"east": {"uv": [0, 0, 14, 5], "rotation": 270, "texture": "#2"},
				"south": {"uv": [0, 0, 14, 5], "rotation": 270, "texture": "#2"},
				"west": {"uv": [0, 0, 14, 5], "rotation": 270, "texture": "#2"},
				"up": {"uv": [0, 0, 14, 5], "rotation": 270, "texture": "#2"},
				"down": {"uv": [0, 0, 14, 5], "rotation": 270, "texture": "#2"}
			}
		},
		{
			"from": [5.9, -0.65, 1.75],
			"to": [7.1, 0.05, 6.05],
			"faces": {
				"north": {"uv": [0, 0, 14, 5], "rotation": 270, "texture": "#2"},
				"east": {"uv": [0, 0, 14, 5], "rotation": 270, "texture": "#2"},
				"south": {"uv": [0, 0, 14, 5], "rotation": 270, "texture": "#2"},
				"west": {"uv": [0, 0, 14, 5], "rotation": 270, "texture": "#2"},
				"up": {"uv": [0, 0, 14, 5], "rotation": 270, "texture": "#2"},
				"down": {"uv": [0, 0, 14, 5], "rotation": 270, "texture": "#2"}
			}
		},
		{
			"from": [6.1, -2.65, 1.65],
			"to": [7.1, -1.95, 6.05],
			"faces": {
				"north": {"uv": [0, 0, 14, 5], "rotation": 270, "texture": "#2"},
				"east": {"uv": [0, 0, 14, 5], "rotation": 270, "texture": "#2"},
				"south": {"uv": [0, 0, 14, 5], "rotation": 270, "texture": "#2"},
				"west": {"uv": [0, 0, 14, 5], "rotation": 270, "texture": "#2"},
				"up": {"uv": [0, 0, 14, 5], "rotation": 270, "texture": "#2"},
				"down": {"uv": [0, 0, 14, 5], "rotation": 270, "texture": "#2"}
			}
		},
		{
			"from": [6.1, -2.65, 8.95],
			"to": [7.1, -1.95, 16.35],
			"faces": {
				"north": {"uv": [0, 0, 14, 5], "rotation": 270, "texture": "#2"},
				"east": {"uv": [0, 0, 14, 5], "rotation": 270, "texture": "#2"},
				"south": {"uv": [0, 0, 14, 5], "rotation": 270, "texture": "#2"},
				"west": {"uv": [0, 0, 14, 5], "rotation": 270, "texture": "#2"},
				"up": {"uv": [0, 0, 14, 5], "rotation": 270, "texture": "#2"},
				"down": {"uv": [0, 0, 14, 5], "rotation": 270, "texture": "#2"}
			}
		},
		{
			"from": [-9, 2, 12.9],
			"to": [-8, 2.1, 16],
			"faces": {
				"north": {"uv": [0, 0, 14, 5], "rotation": 270, "texture": "#2"},
				"east": {"uv": [0, 0, 14, 5], "rotation": 270, "texture": "#2"},
				"south": {"uv": [0, 0, 14, 5], "rotation": 270, "texture": "#2"},
				"west": {"uv": [0, 0, 14, 5], "rotation": 270, "texture": "#2"},
				"up": {"uv": [0, 0, 14, 5], "rotation": 270, "texture": "#2"},
				"down": {"uv": [0, 0, 14, 5], "rotation": 270, "texture": "#2"}
			}
		},
		{
			"from": [-9.1, -0.55, 1.75],
			"to": [-7.9, 0.15, 6.05],
			"faces": {
				"north": {"uv": [0, 0, 14, 5], "rotation": 270, "texture": "#2"},
				"east": {"uv": [0, 0, 14, 5], "rotation": 270, "texture": "#2"},
				"south": {"uv": [0, 0, 14, 5], "rotation": 270, "texture": "#2"},
				"west": {"uv": [0, 0, 14, 5], "rotation": 270, "texture": "#2"},
				"up": {"uv": [0, 0, 14, 5], "rotation": 270, "texture": "#2"},
				"down": {"uv": [0, 0, 14, 5], "rotation": 270, "texture": "#2"}
			}
		},
		{
			"from": [-9.1, -2.65, 1.65],
			"to": [-8.1, -1.95, 6.05],
			"faces": {
				"north": {"uv": [0, 0, 14, 5], "rotation": 270, "texture": "#2"},
				"east": {"uv": [0, 0, 14, 5], "rotation": 270, "texture": "#2"},
				"south": {"uv": [0, 0, 14, 5], "rotation": 270, "texture": "#2"},
				"west": {"uv": [0, 0, 14, 5], "rotation": 270, "texture": "#2"},
				"up": {"uv": [0, 0, 14, 5], "rotation": 270, "texture": "#2"},
				"down": {"uv": [0, 0, 14, 5], "rotation": 270, "texture": "#2"}
			}
		},
		{
			"from": [-9.1, -2.65, 8.95],
			"to": [-8.1, -1.95, 16.35],
			"faces": {
				"north": {"uv": [0, 0, 14, 5], "rotation": 270, "texture": "#2"},
				"east": {"uv": [0, 0, 14, 5], "rotation": 270, "texture": "#2"},
				"south": {"uv": [0, 0, 14, 5], "rotation": 270, "texture": "#2"},
				"west": {"uv": [0, 0, 14, 5], "rotation": 270, "texture": "#2"},
				"up": {"uv": [0, 0, 14, 5], "rotation": 270, "texture": "#2"},
				"down": {"uv": [0, 0, 14, 5], "rotation": 270, "texture": "#2"}
			}
		},
		{
			"from": [-8.4, -2.05, 15.95],
			"to": [6.2, -1.35, 16.35],
			"faces": {
				"north": {"uv": [0, 0, 14, 5], "rotation": 270, "texture": "#2"},
				"east": {"uv": [0, 0, 14, 5], "rotation": 270, "texture": "#2"},
				"south": {"uv": [0, 0, 14, 5], "rotation": 270, "texture": "#2"},
				"west": {"uv": [0, 0, 14, 5], "rotation": 270, "texture": "#2"},
				"up": {"uv": [0, 0, 14, 5], "rotation": 270, "texture": "#2"},
				"down": {"uv": [0, 0, 14, 5], "rotation": 270, "texture": "#2"}
			}
		},
		{
			"from": [6, -0.75962, 8.35382],
			"to": [7, 0.24038, 12.65382],
			"rotation": {"angle": -22.5, "axis": "x", "origin": [0, 1.99038, 8.40382]},
			"faces": {
				"north": {"uv": [0, 0, 14, 5], "rotation": 270, "texture": "#1"},
				"east": {"uv": [0, 0, 14, 5], "rotation": 270, "texture": "#1"},
				"south": {"uv": [0, 0, 14, 5], "rotation": 270, "texture": "#1"},
				"west": {"uv": [0, 0, 14, 5], "rotation": 270, "texture": "#1"},
				"up": {"uv": [0, 0, 14, 5], "rotation": 270, "texture": "#1"},
				"down": {"uv": [0, 0, 14, 5], "rotation": 270, "texture": "#1"}
			}
		},
		{
			"from": [-9, -0.75962, 8.35382],
			"to": [-8, 0.24038, 12.65382],
			"rotation": {"angle": -22.5, "axis": "x", "origin": [-15, 1.99038, 8.40382]},
			"faces": {
				"north": {"uv": [0, 0, 14, 5], "rotation": 270, "texture": "#1"},
				"east": {"uv": [0, 0, 14, 5], "rotation": 270, "texture": "#1"},
				"south": {"uv": [0, 0, 14, 5], "rotation": 270, "texture": "#1"},
				"west": {"uv": [0, 0, 14, 5], "rotation": 270, "texture": "#1"},
				"up": {"uv": [0, 0, 14, 5], "rotation": 270, "texture": "#1"},
				"down": {"uv": [0, 0, 14, 5], "rotation": 270, "texture": "#1"}
			}
		},
		{
			"from": [6, 0.24038, 8.25382],
			"to": [7, 0.34038, 12.65382],
			"rotation": {"angle": -22.5, "axis": "x", "origin": [0, 1.99038, 8.40382]},
			"faces": {
				"north": {"uv": [0, 0, 14, 5], "rotation": 270, "texture": "#2"},
				"east": {"uv": [0, 0, 14, 5], "rotation": 270, "texture": "#2"},
				"south": {"uv": [0, 0, 14, 5], "rotation": 270, "texture": "#2"},
				"west": {"uv": [0, 0, 14, 5], "rotation": 270, "texture": "#2"},
				"up": {"uv": [0, 0, 14, 5], "rotation": 270, "texture": "#2"},
				"down": {"uv": [0, 0, 14, 5], "rotation": 270, "texture": "#2"}
			}
		},
		{
			"from": [-9, 0.24038, 8.25382],
			"to": [-8, 0.34038, 12.65382],
			"rotation": {"angle": -22.5, "axis": "x", "origin": [-15, 1.99038, 8.40382]},
			"faces": {
				"north": {"uv": [0, 0, 14, 5], "rotation": 270, "texture": "#2"},
				"east": {"uv": [0, 0, 14, 5], "rotation": 270, "texture": "#2"},
				"south": {"uv": [0, 0, 14, 5], "rotation": 270, "texture": "#2"},
				"west": {"uv": [0, 0, 14, 5], "rotation": 270, "texture": "#2"},
				"up": {"uv": [0, 0, 14, 5], "rotation": 270, "texture": "#2"},
				"down": {"uv": [0, 0, 14, 5], "rotation": 270, "texture": "#2"}
			}
		},
		{
			"from": [-8, -6, 13],
			"to": [-7, 2, 15],
			"faces": {
				"north": {"uv": [0, 0, 14, 5], "texture": "#0"},
				"east": {"uv": [0, 0, 14, 5], "rotation": 270, "texture": "#0"},
				"south": {"uv": [0, 0, 14, 5], "rotation": 270, "texture": "#0"},
				"west": {"uv": [0, 0, 14, 5], "rotation": 270, "texture": "#0"},
				"up": {"uv": [0, 0, 14, 5], "rotation": 270, "texture": "#0"},
				"down": {"uv": [0, 0, 14, 5], "rotation": 270, "texture": "#0"}
			}
		},
		{
			"from": [5, -6, 11],
			"to": [6, 1, 13],
			"faces": {
				"north": {"uv": [0, 0, 14, 5], "texture": "#0"},
				"east": {"uv": [0, 0, 14, 5], "rotation": 270, "texture": "#0"},
				"south": {"uv": [0, 0, 14, 5], "rotation": 270, "texture": "#0"},
				"west": {"uv": [0, 0, 14, 5], "rotation": 270, "texture": "#0"},
				"up": {"uv": [0, 0, 14, 5], "rotation": 270, "texture": "#0"},
				"down": {"uv": [0, 0, 14, 5], "rotation": 270, "texture": "#0"}
			}
		},
		{
			"from": [6, -7.75, 11],
			"to": [7, 1, 13],
			"faces": {
				"north": {"uv": [0, 0, 14, 5], "rotation": 270, "texture": "#1"},
				"east": {"uv": [0, 0, 14, 5], "rotation": 270, "texture": "#1"},
				"south": {"uv": [0, 0, 14, 5], "rotation": 270, "texture": "#1"},
				"west": {"uv": [0, 0, 14, 5], "rotation": 270, "texture": "#1"},
				"up": {"uv": [0, 0, 14, 5], "rotation": 270, "texture": "#1"},
				"down": {"uv": [0, 0, 14, 5], "rotation": 270, "texture": "#1"}
			}
		},
		{
			"from": [-9, -7.75, 11],
			"to": [-8, 1, 13],
			"faces": {
				"north": {"uv": [0, 0, 14, 5], "rotation": 270, "texture": "#1"},
				"east": {"uv": [0, 0, 14, 5], "rotation": 270, "texture": "#1"},
				"south": {"uv": [0, 0, 14, 5], "rotation": 270, "texture": "#1"},
				"west": {"uv": [0, 0, 14, 5], "rotation": 270, "texture": "#1"},
				"up": {"uv": [0, 0, 14, 5], "rotation": 270, "texture": "#1"},
				"down": {"uv": [0, 0, 14, 5], "rotation": 270, "texture": "#1"}
			}
		},
		{
			"from": [-8, -6, 11],
			"to": [-7, 1, 13],
			"faces": {
				"north": {"uv": [0, 0, 14, 5], "texture": "#0"},
				"east": {"uv": [0, 0, 14, 5], "rotation": 270, "texture": "#0"},
				"south": {"uv": [0, 0, 14, 5], "rotation": 270, "texture": "#0"},
				"west": {"uv": [0, 0, 14, 5], "rotation": 270, "texture": "#0"},
				"up": {"uv": [0, 0, 14, 5], "rotation": 270, "texture": "#0"},
				"down": {"uv": [0, 0, 14, 5], "rotation": 270, "texture": "#0"}
			}
		},
		{
			"from": [5, -6, 9],
			"to": [6, 0, 11],
			"faces": {
				"north": {"uv": [0, 0, 14, 5], "texture": "#0"},
				"east": {"uv": [0, 0, 14, 5], "rotation": 270, "texture": "#0"},
				"south": {"uv": [0, 0, 14, 5], "rotation": 270, "texture": "#0"},
				"west": {"uv": [0, 0, 14, 5], "rotation": 270, "texture": "#0"},
				"up": {"uv": [0, 0, 14, 5], "rotation": 270, "texture": "#0"},
				"down": {"uv": [0, 0, 14, 5], "rotation": 270, "texture": "#0"}
			}
		},
		{
			"from": [6, -7.75, 9],
			"to": [7, 0.35, 11],
			"faces": {
				"north": {"uv": [0, 0, 14, 5], "rotation": 270, "texture": "#1"},
				"east": {"uv": [0, 0, 14, 5], "rotation": 270, "texture": "#1"},
				"south": {"uv": [0, 0, 14, 5], "rotation": 270, "texture": "#1"},
				"west": {"uv": [0, 0, 14, 5], "rotation": 270, "texture": "#1"},
				"up": {"uv": [0, 0, 14, 5], "rotation": 270, "texture": "#1"},
				"down": {"uv": [0, 0, 14, 5], "rotation": 270, "texture": "#1"}
			}
		},
		{
			"from": [6, -7.75, 1.75],
			"to": [7, -0.15, 6],
			"faces": {
				"north": {"uv": [0, 0, 14, 5], "rotation": 270, "texture": "#1"},
				"east": {"uv": [0, 0, 14, 5], "rotation": 270, "texture": "#1"},
				"south": {"uv": [0, 0, 14, 5], "rotation": 270, "texture": "#1"},
				"west": {"uv": [0, 0, 14, 5], "rotation": 270, "texture": "#1"},
				"up": {"uv": [0, 0, 14, 5], "rotation": 270, "texture": "#1"},
				"down": {"uv": [0, 0, 14, 5], "rotation": 270, "texture": "#1"}
			}
		},
		{
			"from": [6.2, -7.25, 5.25],
			"to": [32, -4.4, 9.5],
			"faces": {
				"north": {"uv": [0, 0, 14, 5], "rotation": 270, "texture": "#4"},
				"east": {"uv": [0, 0, 14, 5], "rotation": 270, "texture": "#4"},
				"south": {"uv": [0, 0, 14, 5], "rotation": 270, "texture": "#4"},
				"west": {"uv": [0, 0, 14, 5], "rotation": 270, "texture": "#4"},
				"up": {"uv": [0, 0, 14, 5], "rotation": 270, "texture": "#4"},
				"down": {"uv": [0, 0, 14, 5], "rotation": 270, "texture": "#4"}
			}
		},
		{
			"from": [-9, -7.75, 1.75],
			"to": [7, 0.05, 2],
			"faces": {
				"north": {"uv": [0, 0, 14, 5], "rotation": 270, "texture": "#1"},
				"east": {"uv": [0, 0, 14, 5], "rotation": 270, "texture": "#1"},
				"south": {"uv": [0, 0, 14, 5], "rotation": 270, "texture": "#1"},
				"west": {"uv": [0, 0, 14, 5], "rotation": 270, "texture": "#1"},
				"up": {"uv": [0, 0, 14, 5], "rotation": 270, "texture": "#1"},
				"down": {"uv": [0, 0, 14, 5], "rotation": 270, "texture": "#1"}
			}
		},
		{
			"from": [8.90506, -7.75, 1.10474],
			"to": [9.90506, -0.15, 4.35474],
			"rotation": {"angle": 22.5, "axis": "y", "origin": [1.90506, 2, 10.35474]},
			"faces": {
				"north": {"uv": [0, 0, 14, 5], "rotation": 270, "texture": "#1"},
				"east": {"uv": [0, 0, 14, 5], "rotation": 270, "texture": "#1"},
				"south": {"uv": [0, 0, 14, 5], "rotation": 270, "texture": "#1"},
				"west": {"uv": [0, 0, 14, 5], "rotation": 270, "texture": "#1"},
				"up": {"uv": [0, 0, 14, 5], "rotation": 270, "texture": "#1"},
				"down": {"uv": [0, 0, 14, 5], "rotation": 270, "texture": "#1"}
			}
		},
		{
			"from": [8.90506, -7.65, 1.10474],
			"to": [10.00506, -5.95, 4.35474],
			"rotation": {"angle": 22.5, "axis": "y", "origin": [1.90506, 2, 10.35474]},
			"faces": {
				"north": {"uv": [0, 0, 14, 5], "rotation": 270, "texture": "#2"},
				"east": {"uv": [0, 0, 14, 5], "rotation": 270, "texture": "#2"},
				"south": {"uv": [0, 0, 14, 5], "rotation": 270, "texture": "#2"},
				"west": {"uv": [0, 0, 14, 5], "rotation": 270, "texture": "#2"},
				"up": {"uv": [0, 0, 14, 5], "rotation": 270, "texture": "#2"},
				"down": {"uv": [0, 0, 14, 5], "rotation": 270, "texture": "#2"}
			}
		},
		{
			"from": [9.10317, -2.583, 0.96684],
			"to": [10.12317, -1.969, 4.28184],
			"rotation": {"angle": 22.5, "axis": "y", "origin": [1.96317, 2.16, 10.40184]},
			"faces": {
				"north": {"uv": [0, 0, 14, 5], "rotation": 270, "texture": "#2"},
				"east": {"uv": [0, 0, 14, 5], "rotation": 270, "texture": "#2"},
				"south": {"uv": [0, 0, 14, 5], "rotation": 270, "texture": "#2"},
				"west": {"uv": [0, 0, 14, 5], "rotation": 270, "texture": "#2"},
				"up": {"uv": [0, 0, 14, 5], "rotation": 270, "texture": "#2"},
				"down": {"uv": [0, 0, 14, 5], "rotation": 270, "texture": "#2"}
			}
		},
		{
			"from": [8.80506, -0.25, 1.10474],
			"to": [10.00506, 0.45, 4.35474],
			"rotation": {"angle": 22.5, "axis": "y", "origin": [1.90506, 2.4, 10.35474]},
			"faces": {
				"north": {"uv": [0, 0, 14, 5], "rotation": 270, "texture": "#2"},
				"east": {"uv": [0, 0, 14, 5], "rotation": 270, "texture": "#2"},
				"south": {"uv": [0, 0, 14, 5], "rotation": 270, "texture": "#2"},
				"west": {"uv": [0, 0, 14, 5], "rotation": 270, "texture": "#2"},
				"up": {"uv": [0, 0, 14, 5], "rotation": 270, "texture": "#2"},
				"down": {"uv": [0, 0, 14, 5], "rotation": 270, "texture": "#2"}
			}
		},
		{
			"from": [-12.57476, -7.75, 0.97153],
			"to": [-11.57476, -0.15, 4.22153],
			"rotation": {"angle": -22.5, "axis": "y", "origin": [-4.57476, 2, 11.97153]},
			"faces": {
				"north": {"uv": [0, 0, 14, 5], "rotation": 270, "texture": "#1"},
				"east": {"uv": [0, 0, 14, 5], "rotation": 270, "texture": "#1"},
				"south": {"uv": [0, 0, 14, 5], "rotation": 270, "texture": "#1"},
				"west": {"uv": [0, 0, 14, 5], "rotation": 270, "texture": "#1"},
				"up": {"uv": [0, 0, 14, 5], "rotation": 90, "texture": "#1"},
				"down": {"uv": [0, 0, 14, 5], "rotation": 90, "texture": "#1"}
			}
		},
		{
			"from": [-12.67476, -7.65, 0.97153],
			"to": [-11.67476, -5.95, 4.22153],
			"rotation": {"angle": -22.5, "axis": "y", "origin": [-4.57476, 2, 11.97153]},
			"faces": {
				"north": {"uv": [0, 0, 14, 5], "rotation": 270, "texture": "#2"},
				"east": {"uv": [0, 0, 14, 5], "rotation": 270, "texture": "#2"},
				"south": {"uv": [0, 0, 14, 5], "rotation": 270, "texture": "#2"},
				"west": {"uv": [0, 0, 14, 5], "rotation": 270, "texture": "#2"},
				"up": {"uv": [0, 0, 14, 5], "rotation": 270, "texture": "#2"},
				"down": {"uv": [0, 0, 14, 5], "rotation": 270, "texture": "#2"}
			}
		},
		{
			"from": [-12.80626, -2.583, 0.83096],
			"to": [-11.78626, -1.969, 4.14596],
			"rotation": {"angle": -22.5, "axis": "y", "origin": [-4.64626, 2.16, 12.05096]},
			"faces": {
				"north": {"uv": [0, 0, 14, 5], "rotation": 270, "texture": "#2"},
				"east": {"uv": [0, 0, 14, 5], "rotation": 270, "texture": "#2"},
				"south": {"uv": [0, 0, 14, 5], "rotation": 270, "texture": "#2"},
				"west": {"uv": [0, 0, 14, 5], "rotation": 270, "texture": "#2"},
				"up": {"uv": [0, 0, 14, 5], "rotation": 270, "texture": "#2"},
				"down": {"uv": [0, 0, 14, 5], "rotation": 270, "texture": "#2"}
			}
		},
		{
			"from": [-12.67476, -0.25, 0.97153],
			"to": [-11.57476, 0.45, 4.22153],
			"rotation": {"angle": -22.5, "axis": "y", "origin": [-4.57476, 2.4, 11.97153]},
			"faces": {
				"north": {"uv": [0, 0, 14, 5], "rotation": 270, "texture": "#2"},
				"east": {"uv": [0, 0, 14, 5], "rotation": 270, "texture": "#2"},
				"south": {"uv": [0, 0, 14, 5], "rotation": 270, "texture": "#2"},
				"west": {"uv": [0, 0, 14, 5], "rotation": 270, "texture": "#2"},
				"up": {"uv": [0, 0, 14, 5], "rotation": 270, "texture": "#2"},
				"down": {"uv": [0, 0, 14, 5], "rotation": 270, "texture": "#2"}
			}
		},
		{
			"from": [-15.5795, -7.75, -1.11568],
			"to": [-14.5795, -0.15, 2.13432],
			"rotation": {"angle": -45, "axis": "y", "origin": [-7.5795, 2, 9.88432]},
			"faces": {
				"north": {"uv": [0, 0, 14, 5], "rotation": 270, "texture": "#1"},
				"east": {"uv": [0, 0, 14, 5], "rotation": 270, "texture": "#1"},
				"south": {"uv": [0, 0, 14, 5], "rotation": 270, "texture": "#1"},
				"west": {"uv": [0, 0, 14, 5], "rotation": 270, "texture": "#1"},
				"up": {"uv": [0, 0, 14, 5], "rotation": 90, "texture": "#1"},
				"down": {"uv": [0, 0, 14, 5], "rotation": 90, "texture": "#1"}
			}
		},
		{
			"from": [-15.6795, -7.65, -1.11568],
			"to": [-14.6795, -5.95, 2.13432],
			"rotation": {"angle": -45, "axis": "y", "origin": [-7.5795, 2, 9.88432]},
			"faces": {
				"north": {"uv": [0, 0, 14, 5], "rotation": 270, "texture": "#2"},
				"east": {"uv": [0, 0, 14, 5], "rotation": 270, "texture": "#2"},
				"south": {"uv": [0, 0, 14, 5], "rotation": 270, "texture": "#2"},
				"west": {"uv": [0, 0, 14, 5], "rotation": 270, "texture": "#2"},
				"up": {"uv": [0, 0, 14, 5], "rotation": 270, "texture": "#2"},
				"down": {"uv": [0, 0, 14, 5], "rotation": 270, "texture": "#2"}
			}
		},
		{
			"from": [-15.87109, -2.583, -1.29799],
			"to": [-14.85109, -1.969, 2.01701],
			"rotation": {"angle": -45, "axis": "y", "origin": [-7.71109, 2.16, 9.92201]},
			"faces": {
				"north": {"uv": [0, 0, 14, 5], "rotation": 270, "texture": "#2"},
				"east": {"uv": [0, 0, 14, 5], "rotation": 270, "texture": "#2"},
				"south": {"uv": [0, 0, 14, 5], "rotation": 270, "texture": "#2"},
				"west": {"uv": [0, 0, 14, 5], "rotation": 270, "texture": "#2"},
				"up": {"uv": [0, 0, 14, 5], "rotation": 270, "texture": "#2"},
				"down": {"uv": [0, 0, 14, 5], "rotation": 270, "texture": "#2"}
			}
		},
		{
			"from": [-15.6795, -0.25, -1.11568],
			"to": [-14.5795, 0.45, 2.13432],
			"rotation": {"angle": -45, "axis": "y", "origin": [-7.5795, 2.4, 9.88432]},
			"faces": {
				"north": {"uv": [0, 0, 14, 5], "rotation": 270, "texture": "#2"},
				"east": {"uv": [0, 0, 14, 5], "rotation": 270, "texture": "#2"},
				"south": {"uv": [0, 0, 14, 5], "rotation": 270, "texture": "#2"},
				"west": {"uv": [0, 0, 14, 5], "rotation": 270, "texture": "#2"},
				"up": {"uv": [0, 0, 14, 5], "rotation": 270, "texture": "#2"},
				"down": {"uv": [0, 0, 14, 5], "rotation": 270, "texture": "#2"}
			}
		},
		{
			"from": [-1.80678, -7.75, -1.19387],
			"to": [1.44322, -0.15, -0.19387],
			"rotation": {"angle": 22.5, "axis": "y", "origin": [-9.55678, 2, 6.80613]},
			"faces": {
				"north": {"uv": [0, 0, 14, 5], "rotation": 270, "texture": "#1"},
				"east": {"uv": [0, 0, 14, 5], "rotation": 270, "texture": "#1"},
				"south": {"uv": [0, 0, 14, 5], "rotation": 270, "texture": "#1"},
				"west": {"uv": [0, 0, 14, 5], "rotation": 270, "texture": "#1"},
				"up": {"uv": [0, 0, 14, 5], "rotation": 180, "texture": "#1"},
				"down": {"uv": [0, 0, 14, 5], "texture": "#1"}
			}
		},
		{
			"from": [-1.80678, -7.65, -1.29387],
			"to": [1.44322, -5.95, -0.19387],
			"rotation": {"angle": 22.5, "axis": "y", "origin": [-9.55678, 2, 6.80613]},
			"faces": {
				"north": {"uv": [0, 0, 14, 5], "rotation": 270, "texture": "#2"},
				"east": {"uv": [0, 0, 14, 5], "rotation": 270, "texture": "#2"},
				"south": {"uv": [0, 0, 14, 5], "rotation": 270, "texture": "#2"},
				"west": {"uv": [0, 0, 14, 5], "rotation": 270, "texture": "#2"},
				"up": {"uv": [0, 0, 14, 5], "rotation": 270, "texture": "#2"},
				"down": {"uv": [0, 0, 14, 5], "rotation": 270, "texture": "#2"}
			}
		},
		{
			"from": [-1.82292, -2.583, -1.37775],
			"to": [1.49208, -1.969, -0.35775],
			"rotation": {"angle": 22.5, "axis": "y", "origin": [-9.72792, 2.16, 6.78225]},
			"faces": {
				"north": {"uv": [0, 0, 14, 5], "rotation": 270, "texture": "#2"},
				"east": {"uv": [0, 0, 14, 5], "rotation": 270, "texture": "#2"},
				"south": {"uv": [0, 0, 14, 5], "rotation": 270, "texture": "#2"},
				"west": {"uv": [0, 0, 14, 5], "rotation": 270, "texture": "#2"},
				"up": {"uv": [0, 0, 14, 5], "rotation": 270, "texture": "#2"},
				"down": {"uv": [0, 0, 14, 5], "rotation": 270, "texture": "#2"}
			}
		},
		{
			"from": [-1.80678, -0.25, -1.29387],
			"to": [1.44322, 0.45, -0.19387],
			"rotation": {"angle": 22.5, "axis": "y", "origin": [-9.55678, 2.4, 6.80613]},
			"faces": {
				"north": {"uv": [0, 0, 14, 5], "rotation": 270, "texture": "#2"},
				"east": {"uv": [0, 0, 14, 5], "rotation": 270, "texture": "#2"},
				"south": {"uv": [0, 0, 14, 5], "rotation": 270, "texture": "#2"},
				"west": {"uv": [0, 0, 14, 5], "rotation": 270, "texture": "#2"},
				"up": {"uv": [0, 0, 14, 5], "rotation": 270, "texture": "#2"},
				"down": {"uv": [0, 0, 14, 5], "rotation": 270, "texture": "#2"}
			}
		},
		{
			"from": [-2.45557, -7.75, -4.79443],
			"to": [0.49443, -0.15, -3.79443],
			"faces": {
				"north": {"uv": [0, 0, 14, 5], "rotation": 270, "texture": "#1"},
				"east": {"uv": [0, 0, 14, 5], "rotation": 270, "texture": "#1"},
				"south": {"uv": [0, 0, 14, 5], "rotation": 270, "texture": "#1"},
				"west": {"uv": [0, 0, 14, 5], "rotation": 270, "texture": "#1"},
				"up": {"uv": [0, 0, 14, 5], "rotation": 180, "texture": "#1"},
				"down": {"uv": [0, 0, 14, 5], "texture": "#1"}
			}
		},
		{
			"from": [-3.45557, -1.75, -4.04443],
			"to": [1.49443, 0.25, -3.04443],
			"faces": {
				"north": {"uv": [0, 0, 14, 5], "rotation": 270, "texture": "#1"},
				"east": {"uv": [0, 0, 14, 5], "rotation": 270, "texture": "#1"},
				"south": {"uv": [0, 0, 14, 5], "rotation": 270, "texture": "#1"},
				"west": {"uv": [0, 0, 14, 5], "rotation": 270, "texture": "#1"},
				"up": {"uv": [0, 0, 14, 5], "rotation": 180, "texture": "#1"},
				"down": {"uv": [0, 0, 14, 5], "texture": "#1"}
			}
		},
		{
			"from": [-2.45557, -7.75, -5.79443],
			"to": [0.49443, -1.15, -4.79443],
			"faces": {
				"north": {"uv": [0, 0, 14, 5], "texture": "#2"},
				"east": {"uv": [0, 0, 14, 5], "texture": "#2"},
				"south": {"uv": [0, 0, 14, 5], "texture": "#2"},
				"west": {"uv": [0, 0, 14, 5], "texture": "#2"},
				"up": {"uv": [0, 0, 14, 5], "texture": "#2"},
				"down": {"uv": [0, 0, 14, 5], "texture": "#2"}
			}
		},
		{
			"from": [-2.45557, -5.85378, -3.64693],
			"to": [0.49443, -3.65378, -2.64693],
			"rotation": {"angle": 22.5, "axis": "x", "origin": [-10.20557, 1.89622, 7.10307]},
			"faces": {
				"north": {"uv": [0, 0, 14, 5], "texture": "#2"},
				"east": {"uv": [0, 0, 14, 5], "texture": "#2"},
				"south": {"uv": [0, 0, 14, 5], "texture": "#2"},
				"west": {"uv": [0, 0, 14, 5], "texture": "#2"},
				"up": {"uv": [0, 0, 14, 5], "texture": "#2"},
				"down": {"uv": [0, 0, 14, 5], "texture": "#2"}
			}
		},
		{
			"from": [-1.475, -0.35378, -1.89693],
			"to": [-0.525, 22.84622, -0.89693],
			"faces": {
				"north": {"uv": [0, 0, 14, 5], "texture": "#2"},
				"east": {"uv": [0, 0, 14, 5], "texture": "#2"},
				"south": {"uv": [0, 0, 14, 5], "texture": "#2"},
				"west": {"uv": [0, 0, 14, 5], "texture": "#2"},
				"up": {"uv": [0, 0, 14, 5], "texture": "#2"},
				"down": {"uv": [0, 0, 14, 5], "texture": "#2"}
			}
		},
		{
			"from": [-4.475, 18.39622, -1.99693],
			"to": [2.475, 18.84622, -1.49693],
			"faces": {
				"north": {"uv": [0, 0, 14, 5], "texture": "#2"},
				"east": {"uv": [0, 0, 14, 5], "texture": "#2"},
				"south": {"uv": [0, 0, 14, 5], "texture": "#2"},
				"west": {"uv": [0, 0, 14, 5], "texture": "#2"},
				"up": {"uv": [0, 0, 14, 5], "texture": "#2"},
				"down": {"uv": [0, 0, 14, 5], "texture": "#2"}
			}
		},
		{
			"from": [-3.475, 7.24622, -3.09693],
			"to": [1.575, 18.34622, -2.89693],
			"faces": {
				"north": {"uv": [0, 0, 14, 5], "texture": "#3"},
				"east": {"uv": [0, 0, 14, 5], "texture": "#3"},
				"south": {"uv": [0, 0, 14, 5], "texture": "#3"},
				"west": {"uv": [0, 0, 14, 5], "texture": "#3"},
				"up": {"uv": [0, 0, 14, 5], "texture": "#3"},
				"down": {"uv": [0, 0, 14, 5], "texture": "#3"}
			}
		},
		{
			"from": [-2.475, 8.64622, -2.89693],
			"to": [0.575, 18.34622, -1.89693],
			"faces": {
				"north": {"uv": [0, 0, 14, 5], "texture": "#3"},
				"east": {"uv": [0, 0, 14, 5], "texture": "#3"},
				"south": {"uv": [0, 0, 14, 5], "texture": "#3"},
				"west": {"uv": [0, 0, 14, 5], "texture": "#3"},
				"up": {"uv": [0, 0, 14, 5], "texture": "#3"},
				"down": {"uv": [0, 0, 14, 5], "texture": "#3"}
			}
		},
		{
			"from": [3.425, 7.24622, -2.89693],
			"to": [4.475, 11.04622, -1.89693],
			"faces": {
				"north": {"uv": [0, 0, 14, 5], "texture": "#3"},
				"east": {"uv": [0, 0, 14, 5], "texture": "#3"},
				"south": {"uv": [0, 0, 14, 5], "texture": "#3"},
				"west": {"uv": [0, 0, 14, 5], "texture": "#3"},
				"up": {"uv": [0, 0, 14, 5], "texture": "#3"},
				"down": {"uv": [0, 0, 14, 5], "texture": "#3"}
			}
		},
		{
			"from": [-6.325, 7.24622, -2.89693],
			"to": [-5.475, 11.04622, -1.89693],
			"faces": {
				"north": {"uv": [0, 0, 14, 5], "texture": "#3"},
				"east": {"uv": [0, 0, 14, 5], "texture": "#3"},
				"south": {"uv": [0, 0, 14, 5], "texture": "#3"},
				"west": {"uv": [0, 0, 14, 5], "texture": "#3"},
				"up": {"uv": [0, 0, 14, 5], "texture": "#3"},
				"down": {"uv": [0, 0, 14, 5], "texture": "#3"}
			}
		},
		{
			"from": [3.425, 14.24622, -2.89693],
			"to": [4.475, 18.29622, -1.89693],
			"faces": {
				"north": {"uv": [0, 0, 14, 5], "texture": "#3"},
				"east": {"uv": [0, 0, 14, 5], "texture": "#3"},
				"south": {"uv": [0, 0, 14, 5], "texture": "#3"},
				"west": {"uv": [0, 0, 14, 5], "texture": "#3"},
				"up": {"uv": [0, 0, 14, 5], "texture": "#3"},
				"down": {"uv": [0, 0, 14, 5], "texture": "#3"}
			}
		},
		{
			"from": [-6.325, 14.24622, -2.89693],
			"to": [-5.475, 18.29622, -1.89693],
			"faces": {
				"north": {"uv": [0, 0, 14, 5], "texture": "#3"},
				"east": {"uv": [0, 0, 14, 5], "texture": "#3"},
				"south": {"uv": [0, 0, 14, 5], "texture": "#3"},
				"west": {"uv": [0, 0, 14, 5], "texture": "#3"},
				"up": {"uv": [0, 0, 14, 5], "texture": "#3"},
				"down": {"uv": [0, 0, 14, 5], "texture": "#3"}
			}
		},
		{
			"from": [-4.325, 15.24622, -2.99693],
			"to": [-3.275, 17.29622, -2.09693],
			"faces": {
				"north": {"uv": [0, 0, 14, 5], "texture": "#3"},
				"east": {"uv": [0, 0, 14, 5], "texture": "#3"},
				"south": {"uv": [0, 0, 14, 5], "texture": "#3"},
				"west": {"uv": [0, 0, 14, 5], "texture": "#3"},
				"up": {"uv": [0, 0, 14, 5], "texture": "#3"},
				"down": {"uv": [0, 0, 14, 5], "texture": "#3"}
			}
		},
		{
			"from": [1.575, 15.24622, -2.99693],
			"to": [2.625, 17.29622, -2.09693],
			"faces": {
				"north": {"uv": [0, 0, 14, 5], "texture": "#3"},
				"east": {"uv": [0, 0, 14, 5], "texture": "#3"},
				"south": {"uv": [0, 0, 14, 5], "texture": "#3"},
				"west": {"uv": [0, 0, 14, 5], "texture": "#3"},
				"up": {"uv": [0, 0, 14, 5], "texture": "#3"},
				"down": {"uv": [0, 0, 14, 5], "texture": "#3"}
			}
		},
		{
			"from": [-4.325, 8.24622, -2.99693],
			"to": [-3.275, 10.29622, -2.39693],
			"faces": {
				"north": {"uv": [0, 0, 14, 5], "texture": "#3"},
				"east": {"uv": [0, 0, 14, 5], "texture": "#3"},
				"south": {"uv": [0, 0, 14, 5], "texture": "#3"},
				"west": {"uv": [0, 0, 14, 5], "texture": "#3"},
				"up": {"uv": [0, 0, 14, 5], "texture": "#3"},
				"down": {"uv": [0, 0, 14, 5], "texture": "#3"}
			}
		},
		{
			"from": [1.575, 8.24622, -2.99693],
			"to": [2.625, 10.29622, -2.39693],
			"faces": {
				"north": {"uv": [0, 0, 14, 5], "texture": "#3"},
				"east": {"uv": [0, 0, 14, 5], "texture": "#3"},
				"south": {"uv": [0, 0, 14, 5], "texture": "#3"},
				"west": {"uv": [0, 0, 14, 5], "texture": "#3"},
				"up": {"uv": [0, 0, 14, 5], "texture": "#3"},
				"down": {"uv": [0, 0, 14, 5], "texture": "#3"}
			}
		},
		{
			"from": [-5.475, 6.24622, -2.89693],
			"to": [-2.425, 18.99622, -1.89693],
			"faces": {
				"north": {"uv": [0, 0, 14, 5], "texture": "#3"},
				"east": {"uv": [0, 0, 14, 5], "texture": "#3"},
				"south": {"uv": [0, 0, 14, 5], "texture": "#3"},
				"west": {"uv": [0, 0, 14, 5], "texture": "#3"},
				"up": {"uv": [0, 0, 14, 5], "texture": "#3"},
				"down": {"uv": [0, 0, 14, 5], "texture": "#3"}
			}
		},
		{
			"from": [0.525, 6.24622, -2.89693],
			"to": [3.475, 18.99622, -1.89693],
			"faces": {
				"north": {"uv": [0, 0, 14, 5], "texture": "#3"},
				"east": {"uv": [0, 0, 14, 5], "texture": "#3"},
				"south": {"uv": [0, 0, 14, 5], "texture": "#3"},
				"west": {"uv": [0, 0, 14, 5], "texture": "#3"},
				"up": {"uv": [0, 0, 14, 5], "texture": "#3"},
				"down": {"uv": [0, 0, 14, 5], "texture": "#3"}
			}
		},
		{
			"from": [-1.475, -8.10378, 9.60307],
			"to": [-0.525, 0.49622, 10.60307],
			"rotation": {"angle": 45, "axis": "x", "origin": [-5.725, 1.89622, 7.10307]},
			"faces": {
				"north": {"uv": [0, 0, 14, 5], "texture": "#2"},
				"east": {"uv": [0, 0, 14, 5], "texture": "#2"},
				"south": {"uv": [0, 0, 14, 5], "texture": "#2"},
				"west": {"uv": [0, 0, 14, 5], "texture": "#2"},
				"up": {"uv": [0, 0, 14, 5], "texture": "#2"},
				"down": {"uv": [0, 0, 14, 5], "texture": "#2"}
			}
		},
		{
			"from": [-6.725, 0.39622, 9.60307],
			"to": [4.725, 1.09622, 10.60307],
			"rotation": {"angle": 45, "axis": "x", "origin": [-0.725, 1.89622, 7.10307]},
			"faces": {
				"north": {"uv": [0, 0, 14, 5], "texture": "#2"},
				"east": {"uv": [0, 0, 14, 5], "texture": "#0"},
				"south": {"uv": [0, 0, 14, 5], "texture": "#2"},
				"west": {"uv": [0, 0, 14, 5], "texture": "#0"},
				"up": {"uv": [0, 0, 14, 5], "texture": "#2"},
				"down": {"uv": [0, 0, 14, 5], "texture": "#2"}
			}
		},
		{
			"from": [-6.725, 0.14622, 9.85307],
			"to": [4.725, 1.34622, 10.35307],
			"rotation": {"angle": 45, "axis": "x", "origin": [-0.725, 1.89622, 7.10307]},
			"faces": {
				"north": {"uv": [0, 0, 14, 5], "texture": "#2"},
				"east": {"uv": [0, 0, 14, 5], "texture": "#0"},
				"south": {"uv": [0, 0, 14, 5], "texture": "#2"},
				"west": {"uv": [0, 0, 14, 5], "texture": "#0"},
				"up": {"uv": [0, 0, 14, 5], "texture": "#2"},
				"down": {"uv": [0, 0, 14, 5], "texture": "#2"}
			}
		},
		{
			"from": [11.24207, -7.75, -0.60311],
			"to": [12.34207, -0.15, 2.64689],
			"rotation": {"angle": 45, "axis": "y", "origin": [4.34207, 2, 8.64689]},
			"faces": {
				"north": {"uv": [0, 0, 14, 5], "rotation": 270, "texture": "#1"},
				"east": {"uv": [0, 0, 14, 5], "rotation": 270, "texture": "#1"},
				"south": {"uv": [0, 0, 14, 5], "rotation": 270, "texture": "#1"},
				"west": {"uv": [0, 0, 14, 5], "rotation": 270, "texture": "#1"},
				"up": {"uv": [0, 0, 14, 5], "rotation": 270, "texture": "#1"},
				"down": {"uv": [0, 0, 14, 5], "rotation": 270, "texture": "#1"}
			}
		},
		{
			"from": [11.34207, -7.65, -0.60311],
			"to": [12.44207, -5.95, 2.64689],
			"rotation": {"angle": 45, "axis": "y", "origin": [4.34207, 2, 8.64689]},
			"faces": {
				"north": {"uv": [0, 0, 14, 5], "rotation": 270, "texture": "#2"},
				"east": {"uv": [0, 0, 14, 5], "rotation": 270, "texture": "#2"},
				"south": {"uv": [0, 0, 14, 5], "rotation": 270, "texture": "#2"},
				"west": {"uv": [0, 0, 14, 5], "rotation": 270, "texture": "#2"},
				"up": {"uv": [0, 0, 14, 5], "rotation": 270, "texture": "#2"},
				"down": {"uv": [0, 0, 14, 5], "rotation": 270, "texture": "#2"}
			}
		},
		{
			"from": [11.48691, -2.583, -0.77518],
			"to": [12.60891, -1.969, 2.53982],
			"rotation": {"angle": 45, "axis": "y", "origin": [4.44891, 2.16, 8.65982]},
			"faces": {
				"north": {"uv": [0, 0, 14, 5], "rotation": 270, "texture": "#2"},
				"east": {"uv": [0, 0, 14, 5], "rotation": 270, "texture": "#2"},
				"south": {"uv": [0, 0, 14, 5], "rotation": 270, "texture": "#2"},
				"west": {"uv": [0, 0, 14, 5], "rotation": 270, "texture": "#2"},
				"up": {"uv": [0, 0, 14, 5], "rotation": 270, "texture": "#2"},
				"down": {"uv": [0, 0, 14, 5], "rotation": 270, "texture": "#2"}
			}
		},
		{
			"from": [11.34207, -0.25, -0.60311],
			"to": [12.44207, 0.45, 2.64689],
			"rotation": {"angle": 45, "axis": "y", "origin": [4.34207, 2.4, 8.64689]},
			"faces": {
				"north": {"uv": [0, 0, 14, 5], "rotation": 270, "texture": "#2"},
				"east": {"uv": [0, 0, 14, 5], "rotation": 270, "texture": "#2"},
				"south": {"uv": [0, 0, 14, 5], "rotation": 270, "texture": "#2"},
				"west": {"uv": [0, 0, 14, 5], "rotation": 270, "texture": "#2"},
				"up": {"uv": [0, 0, 14, 5], "rotation": 270, "texture": "#2"},
				"down": {"uv": [0, 0, 14, 5], "rotation": 270, "texture": "#2"}
			}
		},
		{
			"from": [-3.31001, -7.75, -1.86357],
			"to": [-0.06001, -0.15, -0.86357],
			"rotation": {"angle": -22.5, "axis": "y", "origin": [5.93999, 2, 6.13643]},
			"faces": {
				"north": {"uv": [0, 0, 14, 5], "rotation": 270, "texture": "#1"},
				"east": {"uv": [0, 0, 14, 5], "rotation": 270, "texture": "#1"},
				"south": {"uv": [0, 0, 14, 5], "rotation": 270, "texture": "#1"},
				"west": {"uv": [0, 0, 14, 5], "rotation": 270, "texture": "#1"},
				"up": {"uv": [0, 0, 14, 5], "rotation": 180, "texture": "#1"},
				"down": {"uv": [0, 0, 14, 5], "texture": "#1"}
			}
		},
		{
			"from": [-3.31001, -7.65, -1.96357],
			"to": [-0.06001, -5.95, -0.96357],
			"rotation": {"angle": -22.5, "axis": "y", "origin": [5.93999, 2, 6.13643]},
			"faces": {
				"north": {"uv": [0, 0, 14, 5], "rotation": 270, "texture": "#2"},
				"east": {"uv": [0, 0, 14, 5], "rotation": 270, "texture": "#2"},
				"south": {"uv": [0, 0, 14, 5], "rotation": 270, "texture": "#2"},
				"west": {"uv": [0, 0, 14, 5], "rotation": 270, "texture": "#2"},
				"up": {"uv": [0, 0, 14, 5], "rotation": 270, "texture": "#2"},
				"down": {"uv": [0, 0, 14, 5], "rotation": 270, "texture": "#2"}
			}
		},
		{
			"from": [-3.35621, -2.583, -2.06084],
			"to": [-0.04121, -1.969, -1.04084],
			"rotation": {"angle": -22.5, "axis": "y", "origin": [6.07879, 2.16, 6.09916]},
			"faces": {
				"north": {"uv": [0, 0, 14, 5], "rotation": 270, "texture": "#2"},
				"east": {"uv": [0, 0, 14, 5], "rotation": 270, "texture": "#2"},
				"south": {"uv": [0, 0, 14, 5], "rotation": 270, "texture": "#2"},
				"west": {"uv": [0, 0, 14, 5], "rotation": 270, "texture": "#2"},
				"up": {"uv": [0, 0, 14, 5], "rotation": 270, "texture": "#2"},
				"down": {"uv": [0, 0, 14, 5], "rotation": 270, "texture": "#2"}
			}
		},
		{
			"from": [-3.31001, -0.25, -1.96357],
			"to": [-0.06001, 0.45, -0.86357],
			"rotation": {"angle": -22.5, "axis": "y", "origin": [5.93999, 2.4, 6.13643]},
			"faces": {
				"north": {"uv": [0, 0, 14, 5], "rotation": 270, "texture": "#2"},
				"east": {"uv": [0, 0, 14, 5], "rotation": 270, "texture": "#2"},
				"south": {"uv": [0, 0, 14, 5], "rotation": 270, "texture": "#2"},
				"west": {"uv": [0, 0, 14, 5], "rotation": 270, "texture": "#2"},
				"up": {"uv": [0, 0, 14, 5], "rotation": 270, "texture": "#2"},
				"down": {"uv": [0, 0, 14, 5], "rotation": 270, "texture": "#2"}
			}
		},
		{
			"from": [-9, -7.75, 1.75],
			"to": [-8, -0.15, 6],
			"faces": {
				"north": {"uv": [0, 0, 14, 5], "rotation": 270, "texture": "#1"},
				"east": {"uv": [0, 0, 14, 5], "rotation": 270, "texture": "#1"},
				"south": {"uv": [0, 0, 14, 5], "rotation": 270, "texture": "#1"},
				"west": {"uv": [0, 0, 14, 5], "rotation": 270, "texture": "#1"},
				"up": {"uv": [0, 0, 14, 5], "rotation": 270, "texture": "#1"},
				"down": {"uv": [0, 0, 14, 5], "rotation": 270, "texture": "#1"}
			}
		},
		{
			"from": [6, -7.75, 6],
			"to": [7, -4.15, 9],
			"faces": {
				"north": {"uv": [0, 0, 14, 5], "rotation": 270, "texture": "#1"},
				"east": {"uv": [0, 0, 14, 5], "rotation": 270, "texture": "#1"},
				"south": {"uv": [0, 0, 14, 5], "rotation": 270, "texture": "#1"},
				"west": {"uv": [0, 0, 14, 5], "rotation": 270, "texture": "#1"},
				"up": {"uv": [0, 0, 14, 5], "rotation": 270, "texture": "#1"},
				"down": {"uv": [0, 0, 14, 5], "rotation": 270, "texture": "#1"}
			}
		},
		{
			"from": [-9, -7.75, 6],
			"to": [-8, -4.15, 9],
			"faces": {
				"north": {"uv": [0, 0, 14, 5], "rotation": 270, "texture": "#1"},
				"east": {"uv": [0, 0, 14, 5], "rotation": 270, "texture": "#1"},
				"south": {"uv": [0, 0, 14, 5], "rotation": 270, "texture": "#1"},
				"west": {"uv": [0, 0, 14, 5], "rotation": 270, "texture": "#1"},
				"up": {"uv": [0, 0, 14, 5], "rotation": 270, "texture": "#1"},
				"down": {"uv": [0, 0, 14, 5], "rotation": 270, "texture": "#1"}
			}
		},
		{
			"from": [6, -4.2, 8.8],
			"to": [7, -3.55, 9],
			"faces": {
				"north": {"uv": [0, 0, 14, 5], "rotation": 270, "texture": "#1"},
				"east": {"uv": [0, 0, 14, 5], "rotation": 270, "texture": "#1"},
				"south": {"uv": [0, 0, 14, 5], "rotation": 270, "texture": "#1"},
				"west": {"uv": [0, 0, 14, 5], "rotation": 270, "texture": "#1"},
				"up": {"uv": [0, 0, 14, 5], "rotation": 270, "texture": "#1"},
				"down": {"uv": [0, 0, 14, 5], "rotation": 270, "texture": "#1"}
			}
		},
		{
			"from": [-9, -4.2, 8.8],
			"to": [-8, -3.55, 9],
			"faces": {
				"north": {"uv": [0, 0, 14, 5], "rotation": 270, "texture": "#1"},
				"east": {"uv": [0, 0, 14, 5], "rotation": 270, "texture": "#1"},
				"south": {"uv": [0, 0, 14, 5], "rotation": 270, "texture": "#1"},
				"west": {"uv": [0, 0, 14, 5], "rotation": 270, "texture": "#1"},
				"up": {"uv": [0, 0, 14, 5], "rotation": 270, "texture": "#1"},
				"down": {"uv": [0, 0, 14, 5], "rotation": 270, "texture": "#1"}
			}
		},
		{
			"from": [6, -3, 8.9],
			"to": [7, 0.35, 9],
			"faces": {
				"north": {"uv": [0, 0, 14, 5], "rotation": 270, "texture": "#2"},
				"east": {"uv": [0, 0, 14, 5], "rotation": 270, "texture": "#2"},
				"south": {"uv": [0, 0, 14, 5], "rotation": 270, "texture": "#2"},
				"west": {"uv": [0, 0, 14, 5], "rotation": 270, "texture": "#2"},
				"up": {"uv": [0, 0, 14, 5], "rotation": 270, "texture": "#2"},
				"down": {"uv": [0, 0, 14, 5], "rotation": 270, "texture": "#2"}
			}
		},
		{
			"from": [-9, -3, 8.9],
			"to": [-8, 0.35, 9],
			"faces": {
				"north": {"uv": [0, 0, 14, 5], "rotation": 270, "texture": "#2"},
				"east": {"uv": [0, 0, 14, 5], "rotation": 270, "texture": "#2"},
				"south": {"uv": [0, 0, 14, 5], "rotation": 270, "texture": "#2"},
				"west": {"uv": [0, 0, 14, 5], "rotation": 270, "texture": "#2"},
				"up": {"uv": [0, 0, 14, 5], "rotation": 270, "texture": "#2"},
				"down": {"uv": [0, 0, 14, 5], "rotation": 270, "texture": "#2"}
			}
		},
		{
			"from": [6, -3, 5.9836],
			"to": [7, -0.15, 6.0836],
			"faces": {
				"north": {"uv": [0, 0, 14, 5], "rotation": 270, "texture": "#2"},
				"east": {"uv": [0, 0, 14, 5], "rotation": 270, "texture": "#2"},
				"south": {"uv": [0, 0, 14, 5], "rotation": 270, "texture": "#2"},
				"west": {"uv": [0, 0, 14, 5], "rotation": 270, "texture": "#2"},
				"up": {"uv": [0, 0, 14, 5], "rotation": 270, "texture": "#2"},
				"down": {"uv": [0, 0, 14, 5], "rotation": 270, "texture": "#2"}
			}
		},
		{
			"from": [-9, -3, 5.9836],
			"to": [-8, -0.15, 6.0836],
			"faces": {
				"north": {"uv": [0, 0, 14, 5], "rotation": 270, "texture": "#2"},
				"east": {"uv": [0, 0, 14, 5], "rotation": 270, "texture": "#2"},
				"south": {"uv": [0, 0, 14, 5], "rotation": 270, "texture": "#2"},
				"west": {"uv": [0, 0, 14, 5], "rotation": 270, "texture": "#2"},
				"up": {"uv": [0, 0, 14, 5], "rotation": 270, "texture": "#2"},
				"down": {"uv": [0, 0, 14, 5], "rotation": 270, "texture": "#2"}
			}
		},
		{
			"from": [6, -3.49516, 10.37291],
			"to": [7, -2.89516, 10.47291],
			"rotation": {"angle": 22.5, "axis": "x", "origin": [0, 0.75484, 9.47291]},
			"faces": {
				"north": {"uv": [0, 0, 14, 5], "rotation": 270, "texture": "#2"},
				"east": {"uv": [0, 0, 14, 5], "rotation": 270, "texture": "#2"},
				"south": {"uv": [0, 0, 14, 5], "rotation": 270, "texture": "#2"},
				"west": {"uv": [0, 0, 14, 5], "rotation": 270, "texture": "#2"},
				"up": {"uv": [0, 0, 14, 5], "rotation": 270, "texture": "#2"},
				"down": {"uv": [0, 0, 14, 5], "rotation": 270, "texture": "#2"}
			}
		},
		{
			"from": [-9, -3.49516, 10.37291],
			"to": [-8, -2.89516, 10.47291],
			"rotation": {"angle": 22.5, "axis": "x", "origin": [-15, 0.75484, 9.47291]},
			"faces": {
				"north": {"uv": [0, 0, 14, 5], "rotation": 270, "texture": "#2"},
				"east": {"uv": [0, 0, 14, 5], "rotation": 270, "texture": "#2"},
				"south": {"uv": [0, 0, 14, 5], "rotation": 270, "texture": "#2"},
				"west": {"uv": [0, 0, 14, 5], "rotation": 270, "texture": "#2"},
				"up": {"uv": [0, 0, 14, 5], "rotation": 270, "texture": "#2"},
				"down": {"uv": [0, 0, 14, 5], "rotation": 270, "texture": "#2"}
			}
		},
		{
			"from": [6, -3.49516, 10.47291],
			"to": [7, -2.89516, 10.77291],
			"rotation": {"angle": 22.5, "axis": "x", "origin": [0, 0.75484, 9.47291]},
			"faces": {
				"north": {"uv": [0, 0, 14, 5], "rotation": 270, "texture": "#1"},
				"east": {"uv": [0, 0, 14, 5], "rotation": 270, "texture": "#1"},
				"south": {"uv": [0, 0, 14, 5], "rotation": 270, "texture": "#1"},
				"west": {"uv": [0, 0, 14, 5], "rotation": 270, "texture": "#1"},
				"up": {"uv": [0, 0, 14, 5], "rotation": 270, "texture": "#1"},
				"down": {"uv": [0, 0, 14, 5], "rotation": 270, "texture": "#1"}
			}
		},
		{
			"from": [-9, -3.49516, 10.47291],
			"to": [-8, -2.89516, 10.77291],
			"rotation": {"angle": 22.5, "axis": "x", "origin": [-15, 0.75484, 9.47291]},
			"faces": {
				"north": {"uv": [0, 0, 14, 5], "rotation": 270, "texture": "#1"},
				"east": {"uv": [0, 0, 14, 5], "rotation": 270, "texture": "#1"},
				"south": {"uv": [0, 0, 14, 5], "rotation": 270, "texture": "#1"},
				"west": {"uv": [0, 0, 14, 5], "rotation": 270, "texture": "#1"},
				"up": {"uv": [0, 0, 14, 5], "rotation": 270, "texture": "#1"},
				"down": {"uv": [0, 0, 14, 5], "rotation": 270, "texture": "#1"}
			}
		},
		{
			"from": [6, -2.44114, 7.41003],
			"to": [7, -2.34114, 8.01003],
			"rotation": {"angle": -22.5, "axis": "x", "origin": [0, -2.36502, 12.04271]},
			"faces": {
				"north": {"uv": [0, 0, 14, 5], "rotation": 90, "texture": "#2"},
				"east": {"uv": [0, 0, 14, 5], "rotation": 180, "texture": "#2"},
				"south": {"uv": [0, 0, 14, 5], "rotation": 270, "texture": "#2"},
				"west": {"uv": [0, 0, 14, 5], "texture": "#2"},
				"up": {"uv": [0, 0, 14, 5], "rotation": 90, "texture": "#2"},
				"down": {"uv": [0, 0, 14, 5], "rotation": 270, "texture": "#2"}
			}
		},
		{
			"from": [-9, -2.44114, 7.41003],
			"to": [-8, -2.34114, 8.01003],
			"rotation": {"angle": -22.5, "axis": "x", "origin": [-15, -2.36502, 12.04271]},
			"faces": {
				"north": {"uv": [0, 0, 14, 5], "rotation": 90, "texture": "#2"},
				"east": {"uv": [0, 0, 14, 5], "rotation": 180, "texture": "#2"},
				"south": {"uv": [0, 0, 14, 5], "rotation": 270, "texture": "#2"},
				"west": {"uv": [0, 0, 14, 5], "texture": "#2"},
				"up": {"uv": [0, 0, 14, 5], "rotation": 90, "texture": "#2"},
				"down": {"uv": [0, 0, 14, 5], "rotation": 270, "texture": "#2"}
			}
		},
		{
			"from": [6, -2.74114, 7.41003],
			"to": [7, -2.44114, 8.01003],
			"rotation": {"angle": -22.5, "axis": "x", "origin": [0, -2.36502, 12.04271]},
			"faces": {
				"north": {"uv": [0, 0, 14, 5], "rotation": 180, "texture": "#1"},
				"east": {"uv": [0, 0, 14, 5], "rotation": 180, "texture": "#1"},
				"south": {"uv": [0, 0, 14, 5], "rotation": 180, "texture": "#1"},
				"west": {"uv": [0, 0, 14, 5], "rotation": 180, "texture": "#1"},
				"up": {"uv": [0, 0, 14, 5], "rotation": 180, "texture": "#1"},
				"down": {"uv": [0, 0, 14, 5], "rotation": 180, "texture": "#1"}
			}
		},
		{
			"from": [-9, -2.74114, 7.41003],
			"to": [-8, -2.44114, 8.01003],
			"rotation": {"angle": -22.5, "axis": "x", "origin": [-15, -2.36502, 12.04271]},
			"faces": {
				"north": {"uv": [0, 0, 14, 5], "rotation": 180, "texture": "#1"},
				"east": {"uv": [0, 0, 14, 5], "rotation": 180, "texture": "#1"},
				"south": {"uv": [0, 0, 14, 5], "rotation": 180, "texture": "#1"},
				"west": {"uv": [0, 0, 14, 5], "rotation": 180, "texture": "#1"},
				"up": {"uv": [0, 0, 14, 5], "rotation": 180, "texture": "#1"},
				"down": {"uv": [0, 0, 14, 5], "rotation": 180, "texture": "#1"}
			}
		},
		{
			"from": [6, -4.51628, 11.54422],
			"to": [7, -3.91628, 11.64422],
			"rotation": {"angle": 45, "axis": "x", "origin": [0, -0.26628, 10.64422]},
			"faces": {
				"north": {"uv": [0, 0, 14, 5], "rotation": 270, "texture": "#2"},
				"east": {"uv": [0, 0, 14, 5], "rotation": 270, "texture": "#2"},
				"south": {"uv": [0, 0, 14, 5], "rotation": 270, "texture": "#2"},
				"west": {"uv": [0, 0, 14, 5], "rotation": 270, "texture": "#2"},
				"up": {"uv": [0, 0, 14, 5], "rotation": 270, "texture": "#2"},
				"down": {"uv": [0, 0, 14, 5], "rotation": 270, "texture": "#2"}
			}
		},
		{
			"from": [-9, -4.51628, 11.54422],
			"to": [-8, -3.91628, 11.64422],
			"rotation": {"angle": 45, "axis": "x", "origin": [-15, -0.26628, 10.64422]},
			"faces": {
				"north": {"uv": [0, 0, 14, 5], "rotation": 270, "texture": "#2"},
				"east": {"uv": [0, 0, 14, 5], "rotation": 270, "texture": "#2"},
				"south": {"uv": [0, 0, 14, 5], "rotation": 270, "texture": "#2"},
				"west": {"uv": [0, 0, 14, 5], "rotation": 270, "texture": "#2"},
				"up": {"uv": [0, 0, 14, 5], "rotation": 270, "texture": "#2"},
				"down": {"uv": [0, 0, 14, 5], "rotation": 270, "texture": "#2"}
			}
		},
		{
			"from": [6, -4.71628, 11.64422],
			"to": [7, -3.81628, 12.14422],
			"rotation": {"angle": 45, "axis": "x", "origin": [0, -0.26628, 10.64422]},
			"faces": {
				"north": {"uv": [0, 0, 14, 5], "rotation": 270, "texture": "#1"},
				"east": {"uv": [0, 0, 14, 5], "rotation": 270, "texture": "#1"},
				"south": {"uv": [0, 0, 14, 5], "rotation": 270, "texture": "#1"},
				"west": {"uv": [0, 0, 14, 5], "rotation": 270, "texture": "#1"},
				"up": {"uv": [0, 0, 14, 5], "rotation": 270, "texture": "#1"},
				"down": {"uv": [0, 0, 14, 5], "rotation": 270, "texture": "#1"}
			}
		},
		{
			"from": [-9, -4.71628, 11.64422],
			"to": [-8, -3.81628, 12.14422],
			"rotation": {"angle": 45, "axis": "x", "origin": [-15, -0.26628, 10.64422]},
			"faces": {
				"north": {"uv": [0, 0, 14, 5], "rotation": 270, "texture": "#1"},
				"east": {"uv": [0, 0, 14, 5], "rotation": 270, "texture": "#1"},
				"south": {"uv": [0, 0, 14, 5], "rotation": 270, "texture": "#1"},
				"west": {"uv": [0, 0, 14, 5], "rotation": 270, "texture": "#1"},
				"up": {"uv": [0, 0, 14, 5], "rotation": 270, "texture": "#1"},
				"down": {"uv": [0, 0, 14, 5], "rotation": 270, "texture": "#1"}
			}
		},
		{
			"from": [6, -4.2082, 7.1918],
			"to": [7, -4.1082, 7.7918],
			"faces": {
				"north": {"uv": [0, 0, 14, 5], "rotation": 90, "texture": "#2"},
				"east": {"uv": [0, 0, 14, 5], "rotation": 180, "texture": "#2"},
				"south": {"uv": [0, 0, 14, 5], "rotation": 270, "texture": "#2"},
				"west": {"uv": [0, 0, 14, 5], "texture": "#2"},
				"up": {"uv": [0, 0, 14, 5], "rotation": 90, "texture": "#2"},
				"down": {"uv": [0, 0, 14, 5], "rotation": 270, "texture": "#2"}
			}
		},
		{
			"from": [-9, -4.2082, 7.1918],
			"to": [-8, -4.1082, 7.7918],
			"faces": {
				"north": {"uv": [0, 0, 14, 5], "rotation": 90, "texture": "#2"},
				"east": {"uv": [0, 0, 14, 5], "rotation": 180, "texture": "#2"},
				"south": {"uv": [0, 0, 14, 5], "rotation": 270, "texture": "#2"},
				"west": {"uv": [0, 0, 14, 5], "texture": "#2"},
				"up": {"uv": [0, 0, 14, 5], "rotation": 90, "texture": "#2"},
				"down": {"uv": [0, 0, 14, 5], "rotation": 270, "texture": "#2"}
			}
		},
		{
			"from": [6, -5.97526, 6.97357],
			"to": [7, -5.87526, 7.57357],
			"rotation": {"angle": 22.5, "axis": "x", "origin": [0, -4.13208, 11.82448]},
			"faces": {
				"north": {"uv": [0, 0, 14, 5], "rotation": 90, "texture": "#2"},
				"east": {"uv": [0, 0, 14, 5], "rotation": 180, "texture": "#2"},
				"south": {"uv": [0, 0, 14, 5], "rotation": 270, "texture": "#2"},
				"west": {"uv": [0, 0, 14, 5], "texture": "#2"},
				"up": {"uv": [0, 0, 14, 5], "rotation": 90, "texture": "#2"},
				"down": {"uv": [0, 0, 14, 5], "rotation": 270, "texture": "#2"}
			}
		},
		{
			"from": [-9, -5.97526, 6.97357],
			"to": [-8, -5.87526, 7.57357],
			"rotation": {"angle": 22.5, "axis": "x", "origin": [-15, -4.13208, 11.82448]},
			"faces": {
				"north": {"uv": [0, 0, 14, 5], "rotation": 90, "texture": "#2"},
				"east": {"uv": [0, 0, 14, 5], "rotation": 180, "texture": "#2"},
				"south": {"uv": [0, 0, 14, 5], "rotation": 270, "texture": "#2"},
				"west": {"uv": [0, 0, 14, 5], "texture": "#2"},
				"up": {"uv": [0, 0, 14, 5], "rotation": 90, "texture": "#2"},
				"down": {"uv": [0, 0, 14, 5], "rotation": 270, "texture": "#2"}
			}
		},
		{
			"from": [6, -6.27526, 6.27357],
			"to": [7, -5.97526, 7.57357],
			"rotation": {"angle": 22.5, "axis": "x", "origin": [0, -4.13208, 11.82448]},
			"faces": {
				"north": {"uv": [0, 0, 14, 5], "rotation": 180, "texture": "#1"},
				"east": {"uv": [0, 0, 14, 5], "rotation": 180, "texture": "#1"},
				"south": {"uv": [0, 0, 14, 5], "rotation": 180, "texture": "#1"},
				"west": {"uv": [0, 0, 14, 5], "rotation": 180, "texture": "#1"},
				"up": {"uv": [0, 0, 14, 5], "rotation": 180, "texture": "#1"},
				"down": {"uv": [0, 0, 14, 5], "rotation": 180, "texture": "#1"}
			}
		},
		{
			"from": [-9, -6.27526, 6.27357],
			"to": [-8, -5.97526, 7.57357],
			"rotation": {"angle": 22.5, "axis": "x", "origin": [-15, -4.13208, 11.82448]},
			"faces": {
				"north": {"uv": [0, 0, 14, 5], "rotation": 180, "texture": "#1"},
				"east": {"uv": [0, 0, 14, 5], "rotation": 180, "texture": "#1"},
				"south": {"uv": [0, 0, 14, 5], "rotation": 180, "texture": "#1"},
				"west": {"uv": [0, 0, 14, 5], "rotation": 180, "texture": "#1"},
				"up": {"uv": [0, 0, 14, 5], "rotation": 180, "texture": "#1"},
				"down": {"uv": [0, 0, 14, 5], "rotation": 180, "texture": "#1"}
			}
		},
		{
			"from": [6, -8.2314, 5.80284],
			"to": [7, -8.1314, 6.40284],
			"rotation": {"angle": 45, "axis": "x", "origin": [0, -6.38822, 11.65375]},
			"faces": {
				"north": {"uv": [0, 0, 14, 5], "rotation": 90, "texture": "#2"},
				"east": {"uv": [0, 0, 14, 5], "rotation": 180, "texture": "#2"},
				"south": {"uv": [0, 0, 14, 5], "rotation": 270, "texture": "#2"},
				"west": {"uv": [0, 0, 14, 5], "texture": "#2"},
				"up": {"uv": [0, 0, 14, 5], "rotation": 90, "texture": "#2"},
				"down": {"uv": [0, 0, 14, 5], "rotation": 270, "texture": "#2"}
			}
		},
		{
			"from": [-9, -8.2314, 5.80284],
			"to": [-8, -8.1314, 6.40284],
			"rotation": {"angle": 45, "axis": "x", "origin": [-15, -6.38822, 11.65375]},
			"faces": {
				"north": {"uv": [0, 0, 14, 5], "rotation": 90, "texture": "#2"},
				"east": {"uv": [0, 0, 14, 5], "rotation": 180, "texture": "#2"},
				"south": {"uv": [0, 0, 14, 5], "rotation": 270, "texture": "#2"},
				"west": {"uv": [0, 0, 14, 5], "texture": "#2"},
				"up": {"uv": [0, 0, 14, 5], "rotation": 90, "texture": "#2"},
				"down": {"uv": [0, 0, 14, 5], "rotation": 270, "texture": "#2"}
			}
		},
		{
			"from": [6, -8.8314, 5.80284],
			"to": [7, -8.2314, 6.40284],
			"rotation": {"angle": 45, "axis": "x", "origin": [0, -6.38822, 11.65375]},
			"faces": {
				"north": {"uv": [0, 0, 14, 5], "rotation": 180, "texture": "#1"},
				"east": {"uv": [0, 0, 14, 5], "rotation": 180, "texture": "#1"},
				"south": {"uv": [0, 0, 14, 5], "rotation": 180, "texture": "#1"},
				"west": {"uv": [0, 0, 14, 5], "rotation": 180, "texture": "#1"},
				"up": {"uv": [0, 0, 14, 5], "rotation": 180, "texture": "#1"},
				"down": {"uv": [0, 0, 14, 5], "rotation": 180, "texture": "#1"}
			}
		},
		{
			"from": [-9, -8.8314, 5.80284],
			"to": [-8, -8.2314, 6.40284],
			"rotation": {"angle": 45, "axis": "x", "origin": [-15, -6.38822, 11.65375]},
			"faces": {
				"north": {"uv": [0, 0, 14, 5], "rotation": 180, "texture": "#1"},
				"east": {"uv": [0, 0, 14, 5], "rotation": 180, "texture": "#1"},
				"south": {"uv": [0, 0, 14, 5], "rotation": 180, "texture": "#1"},
				"west": {"uv": [0, 0, 14, 5], "rotation": 180, "texture": "#1"},
				"up": {"uv": [0, 0, 14, 5], "rotation": 180, "texture": "#1"},
				"down": {"uv": [0, 0, 14, 5], "rotation": 180, "texture": "#1"}
			}
		},
		{
			"from": [6, -2.44927, 8.08234],
			"to": [7, -1.84927, 8.18234],
			"rotation": {"angle": -22.5, "axis": "x", "origin": [0, -7.70018, 9.92552]},
			"faces": {
				"north": {"uv": [0, 0, 14, 5], "rotation": 90, "texture": "#2"},
				"east": {"uv": [0, 0, 14, 5], "rotation": 90, "texture": "#2"},
				"south": {"uv": [0, 0, 14, 5], "rotation": 90, "texture": "#2"},
				"west": {"uv": [0, 0, 14, 5], "rotation": 90, "texture": "#2"},
				"up": {"uv": [0, 0, 14, 5], "rotation": 270, "texture": "#2"},
				"down": {"uv": [0, 0, 14, 5], "rotation": 270, "texture": "#2"}
			}
		},
		{
			"from": [-9, -2.44927, 8.08234],
			"to": [-8, -1.84927, 8.18234],
			"rotation": {"angle": -22.5, "axis": "x", "origin": [-15, -7.70018, 9.92552]},
			"faces": {
				"north": {"uv": [0, 0, 14, 5], "rotation": 90, "texture": "#2"},
				"east": {"uv": [0, 0, 14, 5], "rotation": 90, "texture": "#2"},
				"south": {"uv": [0, 0, 14, 5], "rotation": 90, "texture": "#2"},
				"west": {"uv": [0, 0, 14, 5], "rotation": 90, "texture": "#2"},
				"up": {"uv": [0, 0, 14, 5], "rotation": 270, "texture": "#2"},
				"down": {"uv": [0, 0, 14, 5], "rotation": 270, "texture": "#2"}
			}
		},
		{
			"from": [6, -2.64927, 7.78234],
			"to": [7, -1.84927, 8.08234],
			"rotation": {"angle": -22.5, "axis": "x", "origin": [0, -7.70018, 9.92552]},
			"faces": {
				"north": {"uv": [0, 0, 14, 5], "rotation": 270, "texture": "#1"},
				"east": {"uv": [0, 0, 14, 5], "rotation": 270, "texture": "#1"},
				"south": {"uv": [0, 0, 14, 5], "rotation": 270, "texture": "#1"},
				"west": {"uv": [0, 0, 14, 5], "rotation": 270, "texture": "#1"},
				"up": {"uv": [0, 0, 14, 5], "rotation": 270, "texture": "#1"},
				"down": {"uv": [0, 0, 14, 5], "rotation": 270, "texture": "#1"}
			}
		},
		{
			"from": [-9, -2.64927, 7.78234],
			"to": [-8, -1.84927, 8.08234],
			"rotation": {"angle": -22.5, "axis": "x", "origin": [-15, -7.70018, 9.92552]},
			"faces": {
				"north": {"uv": [0, 0, 14, 5], "rotation": 270, "texture": "#1"},
				"east": {"uv": [0, 0, 14, 5], "rotation": 270, "texture": "#1"},
				"south": {"uv": [0, 0, 14, 5], "rotation": 270, "texture": "#1"},
				"west": {"uv": [0, 0, 14, 5], "rotation": 270, "texture": "#1"},
				"up": {"uv": [0, 0, 14, 5], "rotation": 270, "texture": "#1"},
				"down": {"uv": [0, 0, 14, 5], "rotation": 270, "texture": "#1"}
			}
		},
		{
			"from": [-9, -7.75, 9],
			"to": [-8, 0.35, 11],
			"faces": {
				"north": {"uv": [0, 0, 14, 5], "rotation": 270, "texture": "#1"},
				"east": {"uv": [0, 0, 14, 5], "rotation": 270, "texture": "#1"},
				"south": {"uv": [0, 0, 14, 5], "rotation": 270, "texture": "#1"},
				"west": {"uv": [0, 0, 14, 5], "rotation": 270, "texture": "#1"},
				"up": {"uv": [0, 0, 14, 5], "rotation": 270, "texture": "#1"},
				"down": {"uv": [0, 0, 14, 5], "rotation": 270, "texture": "#1"}
			}
		},
		{
			"from": [-8, -6, 9],
			"to": [-7, 0, 11],
			"faces": {
				"north": {"uv": [0, 0, 14, 5], "texture": "#0"},
				"east": {"uv": [0, 0, 14, 5], "rotation": 270, "texture": "#0"},
				"south": {"uv": [0, 0, 14, 5], "rotation": 270, "texture": "#0"},
				"west": {"uv": [0, 0, 14, 5], "rotation": 270, "texture": "#0"},
				"up": {"uv": [0, 0, 14, 5], "rotation": 270, "texture": "#0"},
				"down": {"uv": [0, 0, 14, 5], "rotation": 270, "texture": "#0"}
			}
		}
	],
	"display": {
		"gui": {
			"rotation": [26, 167, 0],
			"translation": [0, 4.25, 0],
			"scale": [0.52, 0.52, 0.52]
		},
		"head": {
			"translation": [22.25, 4, -10.75],
			"scale": [2.39, 2.58, 2.47]
		}
	}
}