{
	"credit": "Texture Par Rémi P. , Reproduction/Vole/Reprise Interdite ! AstérixCraft est sous copyright",
	"textures": {
		"1": "block/oak_planks",
		"2": "block/bone_block_side",
		"3": "block/light_gray_concrete",
		"4": "block/black_concrete",
		"5": "block/cobblestone",
		"6": "block/brown_concrete",
		"7": "block/cauldron_inner"
	},
	"elements": [
		{
			"from": [0, 0, 0],
			"to": [16, 1, 17.5],
			"faces": {
				"north": {"uv": [0, 0, 16, 1], "texture": "#3"},
				"east": {"uv": [0, 0, 16, 1], "texture": "#3"},
				"south": {"uv": [0, 0, 16, 1], "texture": "#3"},
				"west": {"uv": [0, 0, 16, 1], "texture": "#3"},
				"up": {"uv": [0, 0, 16, 16], "texture": "#7"},
				"down": {"uv": [0, 0, 16, 1], "texture": "#3"}
			}
		},
		{
			"from": [14.75, 1, 0],
			"to": [15.75, 4.25, 17.5],
			"faces": {
				"north": {"uv": [0, 0, 16, 4.5], "texture": "#1"},
				"east": {"uv": [0, 0, 16, 4.5], "texture": "#1"},
				"south": {"uv": [0, 0, 16, 4.5], "texture": "#1"},
				"west": {"uv": [0, 0, 16, 4.5], "texture": "#1"},
				"up": {"uv": [0, 0, 16, 4.5], "texture": "#1"},
				"down": {"uv": [0, 0, 16, 4.5], "texture": "#1"}
			}
		},
		{
			"from": [12.75, 1.5, 0],
			"to": [13.75, 4.75, 1.25],
			"rotation": {"angle": 22.5, "axis": "z", "origin": [8, 8, 8]},
			"faces": {
				"north": {"uv": [0, 0, 16, 4.5], "texture": "#1"},
				"east": {"uv": [0, 0, 16, 4.5], "texture": "#1"},
				"south": {"uv": [0, 0, 16, 4.5], "texture": "#1"},
				"west": {"uv": [0, 0, 16, 4.5], "texture": "#1"},
				"up": {"uv": [0, 0, 16, 4.5], "texture": "#1"},
				"down": {"uv": [0, 0, 16, 4.5], "texture": "#1"}
			}
		},
		{
			"from": [12.75, 1.5, 12],
			"to": [13.75, 4.75, 17.5],
			"rotation": {"angle": 22.5, "axis": "z", "origin": [8, 8, 8]},
			"faces": {
				"north": {"uv": [0, 0, 16, 4.5], "texture": "#1"},
				"east": {"uv": [0, 0, 16, 4.5], "texture": "#1"},
				"south": {"uv": [0, 0, 16, 4.5], "texture": "#1"},
				"west": {"uv": [0, 0, 16, 4.5], "texture": "#6"},
				"up": {"uv": [0, 0, 16, 4.5], "texture": "#1"},
				"down": {"uv": [0, 0, 16, 4.5], "texture": "#1"}
			}
		},
		{
			"from": [14.75, 4.25, 3],
			"to": [15.75, 4.75, 12],
			"faces": {
				"north": {"uv": [0, 0, 16, 4.5], "texture": "#2"},
				"east": {"uv": [0, 0, 16, 4.5], "texture": "#2"},
				"south": {"uv": [0, 0, 16, 4.5], "texture": "#2"},
				"west": {"uv": [0, 0, 16, 4.5], "texture": "#2"},
				"up": {"uv": [0, 0, 16, 4.5], "texture": "#2"},
				"down": {"uv": [0, 0, 16, 4.5], "texture": "#2"}
			}
		},
		{
			"from": [12.75, 1.75, 11],
			"to": [13.75, 4.75, 12],
			"rotation": {"angle": 22.5, "axis": "z", "origin": [8, 8, 8]},
			"faces": {
				"north": {"uv": [0, 0, 16, 4.5], "texture": "#2"},
				"east": {"uv": [0, 0, 16, 4.5], "texture": "#2"},
				"south": {"uv": [0, 0, 16, 4.5], "texture": "#2"},
				"west": {"uv": [0, 0, 16, 4.5], "texture": "#2"},
				"up": {"uv": [0, 0, 16, 4.5], "texture": "#2"},
				"down": {"uv": [0, 0, 16, 4.5], "texture": "#2"}
			}
		},
		{
			"from": [2.25, 4.75, 11.25],
			"to": [3.25, 5.25, 17.5],
			"rotation": {"angle": -22.5, "axis": "z", "origin": [8, 8, 8]},
			"faces": {
				"north": {"uv": [0, 0, 16, 4.5], "texture": "#2"},
				"east": {"uv": [0, 0, 16, 4.5], "texture": "#2"},
				"south": {"uv": [0, 0, 16, 4.5], "texture": "#2"},
				"west": {"uv": [0, 0, 16, 4.5], "texture": "#2"},
				"up": {"uv": [0, 0, 16, 4.5], "texture": "#2"},
				"down": {"uv": [0, 0, 16, 4.5], "texture": "#2"}
			}
		},
		{
			"from": [14.75, 4.25, 3],
			"to": [15.75, 4.75, 12],
			"faces": {
				"north": {"uv": [0, 0, 16, 4.5], "texture": "#2"},
				"east": {"uv": [0, 0, 16, 4.5], "texture": "#2"},
				"south": {"uv": [0, 0, 16, 4.5], "texture": "#2"},
				"west": {"uv": [0, 0, 16, 4.5], "texture": "#2"},
				"up": {"uv": [0, 0, 16, 4.5], "texture": "#2"},
				"down": {"uv": [0, 0, 16, 4.5], "texture": "#2"}
			}
		},
		{
			"from": [14.75, 2.75, 3.75],
			"to": [15.75, 3.25, 5.25],
			"rotation": {"angle": 22.5, "axis": "x", "origin": [8, 8, 8]},
			"faces": {
				"north": {"uv": [0, 0, 16, 4.5], "texture": "#2"},
				"east": {"uv": [0, 0, 16, 4.5], "texture": "#2"},
				"south": {"uv": [0, 0, 16, 4.5], "texture": "#2"},
				"west": {"uv": [0, 0, 16, 4.5], "texture": "#2"},
				"up": {"uv": [0, 0, 16, 4.5], "texture": "#2"},
				"down": {"uv": [0, 0, 16, 4.5], "texture": "#2"}
			}
		},
		{
			"from": [14.75, 2.75, 3.75],
			"to": [15.75, 3.25, 5.25],
			"rotation": {"angle": 22.5, "axis": "x", "origin": [8, 8, 8]},
			"faces": {
				"north": {"uv": [0, 0, 16, 4.5], "texture": "#2"},
				"east": {"uv": [0, 0, 16, 4.5], "texture": "#2"},
				"south": {"uv": [0, 0, 16, 4.5], "texture": "#2"},
				"west": {"uv": [0, 0, 16, 4.5], "texture": "#2"},
				"up": {"uv": [0, 0, 16, 4.5], "texture": "#2"},
				"down": {"uv": [0, 0, 16, 4.5], "texture": "#2"}
			}
		},
		{
			"from": [14.75, 1.5, 5],
			"to": [15.75, 2, 6.25],
			"rotation": {"angle": 45, "axis": "x", "origin": [8, 8, 8]},
			"faces": {
				"north": {"uv": [0, 0, 16, 4.5], "texture": "#2"},
				"east": {"uv": [0, 0, 16, 4.5], "texture": "#2"},
				"south": {"uv": [0, 0, 16, 4.5], "texture": "#2"},
				"west": {"uv": [0, 0, 16, 4.5], "texture": "#2"},
				"up": {"uv": [0, 0, 16, 4.5], "texture": "#2"},
				"down": {"uv": [0, 0, 16, 4.5], "texture": "#2"}
			}
		},
		{
			"from": [14.75, 1.75, 5],
			"to": [15.75, 2, 6.5],
			"rotation": {"angle": 45, "axis": "x", "origin": [8, 8, 8]},
			"faces": {
				"north": {"uv": [0, 0, 16, 4.5], "texture": "#2"},
				"east": {"uv": [0, 0, 16, 4.5], "texture": "#2"},
				"south": {"uv": [0, 0, 16, 4.5], "texture": "#2"},
				"west": {"uv": [0, 0, 16, 4.5], "texture": "#2"},
				"up": {"uv": [0, 0, 16, 4.5], "texture": "#2"},
				"down": {"uv": [0, 0, 16, 4.5], "texture": "#2"}
			}
		},
		{
			"from": [13, 2.75, 1.25],
			"to": [14.25, 4.75, 1.75],
			"rotation": {"angle": 22.5, "axis": "z", "origin": [8, 8, 8]},
			"faces": {
				"north": {"uv": [0, 0, 16, 4.5], "texture": "#2"},
				"east": {"uv": [0, 0, 16, 4.5], "texture": "#2"},
				"south": {"uv": [0, 0, 16, 4.5], "texture": "#2"},
				"west": {"uv": [0, 0, 16, 4.5], "texture": "#2"},
				"up": {"uv": [0, 0, 16, 4.5], "texture": "#2"},
				"down": {"uv": [0, 0, 16, 4.5], "texture": "#2"}
			}
		},
		{
			"from": [12.75, 1.5, 1.25],
			"to": [13.75, 2.25, 3],
			"rotation": {"angle": 22.5, "axis": "z", "origin": [8, 8, 8]},
			"faces": {
				"north": {"uv": [0, 0, 16, 4.5], "texture": "#1"},
				"east": {"uv": [0, 0, 16, 4.5], "texture": "#1"},
				"south": {"uv": [0, 0, 16, 4.5], "texture": "#1"},
				"west": {"uv": [0, 0, 16, 4.5], "texture": "#1"},
				"up": {"uv": [0, 0, 16, 4.5], "texture": "#1"},
				"down": {"uv": [0, 0, 16, 4.5], "texture": "#1"}
			}
		},
		{
			"from": [12.75, 2.25, 1.25],
			"to": [13.75, 3, 2],
			"rotation": {"angle": 22.5, "axis": "z", "origin": [8, 8, 8]},
			"faces": {
				"north": {"uv": [0, 0, 16, 4.5], "texture": "#1"},
				"east": {"uv": [0, 0, 16, 4.5], "texture": "#1"},
				"south": {"uv": [0, 0, 16, 4.5], "texture": "#1"},
				"west": {"uv": [0, 0, 16, 4.5], "texture": "#1"},
				"up": {"uv": [0, 0, 16, 4.5], "texture": "#1"},
				"down": {"uv": [0, 0, 16, 4.5], "texture": "#1"}
			}
		},
		{
			"from": [0.25, 1, 0],
			"to": [1.25, 4.25, 17.5],
			"faces": {
				"north": {"uv": [0, 0, 16, 4.5], "texture": "#1"},
				"east": {"uv": [0, 0, 16, 4.5], "texture": "#1"},
				"south": {"uv": [0, 0, 16, 4.5], "texture": "#1"},
				"west": {"uv": [0, 0, 16, 4.5], "texture": "#1"},
				"up": {"uv": [0, 0, 16, 4.5], "texture": "#1"},
				"down": {"uv": [0, 0, 16, 4.5], "texture": "#1"}
			}
		},
		{
			"from": [0.25, 4.25, 3],
			"to": [1.25, 4.75, 12],
			"faces": {
				"north": {"uv": [0, 0, 16, 4.5], "texture": "#2"},
				"east": {"uv": [0, 0, 16, 4.5], "texture": "#2"},
				"south": {"uv": [0, 0, 16, 4.5], "texture": "#2"},
				"west": {"uv": [0, 0, 16, 4.5], "texture": "#2"},
				"up": {"uv": [0, 0, 16, 4.5], "texture": "#2"},
				"down": {"uv": [0, 0, 16, 4.5], "texture": "#2"}
			}
		},
		{
			"from": [0.25, 2.75, 3.75],
			"to": [1.25, 3.25, 5.25],
			"rotation": {"angle": 22.5, "axis": "x", "origin": [-6.5, 8, 8]},
			"faces": {
				"north": {"uv": [0, 0, 16, 4.5], "texture": "#2"},
				"east": {"uv": [0, 0, 16, 4.5], "texture": "#2"},
				"south": {"uv": [0, 0, 16, 4.5], "texture": "#2"},
				"west": {"uv": [0, 0, 16, 4.5], "texture": "#2"},
				"up": {"uv": [0, 0, 16, 4.5], "texture": "#2"},
				"down": {"uv": [0, 0, 16, 4.5], "texture": "#2"}
			}
		},
		{
			"from": [0.25, 1.5, 5],
			"to": [1.25, 2, 6.25],
			"rotation": {"angle": 45, "axis": "x", "origin": [-6.5, 8, 8]},
			"faces": {
				"north": {"uv": [0, 0, 16, 4.5], "texture": "#2"},
				"east": {"uv": [0, 0, 16, 4.5], "texture": "#2"},
				"south": {"uv": [0, 0, 16, 4.5], "texture": "#2"},
				"west": {"uv": [0, 0, 16, 4.5], "texture": "#2"},
				"up": {"uv": [0, 0, 16, 4.5], "texture": "#2"},
				"down": {"uv": [0, 0, 16, 4.5], "texture": "#2"}
			}
		},
		{
			"from": [2.25, 1.5, 12],
			"to": [3.25, 4.75, 17.5],
			"rotation": {"angle": -22.5, "axis": "z", "origin": [8, 8, 8]},
			"faces": {
				"north": {"uv": [0, 0, 16, 4.5], "texture": "#1"},
				"east": {"uv": [0, 0, 16, 4.5], "texture": "#6"},
				"south": {"uv": [0, 0, 16, 4.5], "texture": "#1"},
				"west": {"uv": [0, 0, 16, 4.5], "texture": "#1"},
				"up": {"uv": [0, 0, 16, 4.5], "texture": "#1"},
				"down": {"uv": [0, 0, 16, 4.5], "texture": "#1"}
			}
		},
		{
			"from": [2.25, 2.25, 1.25],
			"to": [3.25, 3, 2],
			"rotation": {"angle": -22.5, "axis": "z", "origin": [8, 8, 8]},
			"faces": {
				"north": {"uv": [0, 0, 16, 4.5], "texture": "#1"},
				"east": {"uv": [0, 0, 16, 4.5], "texture": "#1"},
				"south": {"uv": [0, 0, 16, 4.5], "texture": "#1"},
				"west": {"uv": [0, 0, 16, 4.5], "texture": "#1"},
				"up": {"uv": [0, 0, 16, 4.5], "texture": "#1"},
				"down": {"uv": [0, 0, 16, 4.5], "texture": "#1"}
			}
		},
		{
			"from": [2.25, 1.5, 1.25],
			"to": [3.25, 2.25, 3],
			"rotation": {"angle": -22.5, "axis": "z", "origin": [8, 8, 8]},
			"faces": {
				"north": {"uv": [0, 0, 16, 4.5], "texture": "#1"},
				"east": {"uv": [0, 0, 16, 4.5], "texture": "#1"},
				"south": {"uv": [0, 0, 16, 4.5], "texture": "#1"},
				"west": {"uv": [0, 0, 16, 4.5], "texture": "#1"},
				"up": {"uv": [0, 0, 16, 4.5], "texture": "#1"},
				"down": {"uv": [0, 0, 16, 4.5], "texture": "#1"}
			}
		},
		{
			"from": [1.75, 2.75, 1.25],
			"to": [3, 4.75, 1.75],
			"rotation": {"angle": -22.5, "axis": "z", "origin": [8, 8, 8]},
			"faces": {
				"north": {"uv": [0, 0, 16, 4.5], "texture": "#2"},
				"east": {"uv": [0, 0, 16, 4.5], "texture": "#2"},
				"south": {"uv": [0, 0, 16, 4.5], "texture": "#2"},
				"west": {"uv": [0, 0, 16, 4.5], "texture": "#2"},
				"up": {"uv": [0, 0, 16, 4.5], "texture": "#2"},
				"down": {"uv": [0, 0, 16, 4.5], "texture": "#2"}
			}
		},
		{
			"from": [2.25, 1.5, 0],
			"to": [3.25, 4.75, 1.25],
			"rotation": {"angle": -22.5, "axis": "z", "origin": [8, 8, 8]},
			"faces": {
				"north": {"uv": [0, 0, 16, 4.5], "texture": "#1"},
				"east": {"uv": [0, 0, 16, 4.5], "texture": "#1"},
				"south": {"uv": [0, 0, 16, 4.5], "texture": "#1"},
				"west": {"uv": [0, 0, 16, 4.5], "texture": "#1"},
				"up": {"uv": [0, 0, 16, 4.5], "texture": "#1"},
				"down": {"uv": [0, 0, 16, 4.5], "texture": "#1"}
			}
		},
		{
			"from": [0, 1, -0.25],
			"to": [16, 6.75, 0.75],
			"faces": {
				"north": {"uv": [0, 0, 16, 4.5], "texture": "#1"},
				"east": {"uv": [0, 0, 16, 4.5], "texture": "#3"},
				"south": {"uv": [0, 0, 16, 4.5], "texture": "#1"},
				"west": {"uv": [0, 0, 16, 4.5], "texture": "#3"},
				"up": {"uv": [0, 0, 16, 4.5], "texture": "#3"},
				"down": {"uv": [0, 0, 16, 4.5], "texture": "#1"}
			}
		},
		{
			"from": [1, 6.75, -0.25],
			"to": [15, 7.25, 0.75],
			"faces": {
				"north": {"uv": [0, 0, 16, 1], "texture": "#1"},
				"east": {"uv": [0, 0, 16, 4.5], "texture": "#3"},
				"south": {"uv": [0, 0, 16, 4.5], "texture": "#1"},
				"west": {"uv": [0, 0, 16, 4.5], "texture": "#3"},
				"up": {"uv": [0, 0, 16, 4.5], "texture": "#3"},
				"down": {"uv": [0, 0, 16, 4.5], "texture": "#1"}
			}
		},
		{
			"from": [12.75, 4.75, 11.25],
			"to": [13.75, 5.25, 17.5],
			"rotation": {"angle": 22.5, "axis": "z", "origin": [8, 8, 8]},
			"faces": {
				"north": {"uv": [0, 0, 16, 4.5], "texture": "#2"},
				"east": {"uv": [0, 0, 16, 4.5], "texture": "#2"},
				"south": {"uv": [0, 0, 16, 4.5], "texture": "#2"},
				"west": {"uv": [0, 0, 16, 4.5], "texture": "#2"},
				"up": {"uv": [0, 0, 16, 4.5], "texture": "#2"},
				"down": {"uv": [0, 0, 16, 4.5], "texture": "#2"}
			}
		},
		{
			"from": [2.25, 1.75, 11],
			"to": [3.25, 4.75, 12],
			"rotation": {"angle": -22.5, "axis": "z", "origin": [8, 8, 8]},
			"faces": {
				"north": {"uv": [0, 0, 16, 4.5], "texture": "#2"},
				"east": {"uv": [0, 0, 16, 4.5], "texture": "#2"},
				"south": {"uv": [0, 0, 16, 4.5], "texture": "#2"},
				"west": {"uv": [0, 0, 16, 4.5], "texture": "#2"},
				"up": {"uv": [0, 0, 16, 4.5], "texture": "#2"},
				"down": {"uv": [0, 0, 16, 4.5], "texture": "#2"}
			}
		},
		{
			"from": [0, 1, 16.25],
			"to": [16, 4.25, 17.25],
			"faces": {
				"north": {"uv": [0, 0, 16, 4.5], "texture": "#1"},
				"east": {"uv": [0, 0, 16, 4.5], "texture": "#3"},
				"south": {"uv": [0, 0, 16, 4.5], "texture": "#1"},
				"west": {"uv": [0, 0, 16, 4.5], "texture": "#3"},
				"up": {"uv": [0, 0, 16, 4.5], "texture": "#3"},
				"down": {"uv": [0, 0, 16, 4.5], "texture": "#1"}
			}
		},
		{
			"from": [1.75, 4.25, 16.25],
			"to": [14.25, 8.25, 17.25],
			"faces": {
				"north": {"uv": [0, 0, 16, 4.5], "texture": "#1"},
				"east": {"uv": [0, 0, 16, 4.5], "texture": "#3"},
				"south": {"uv": [0, 0, 16, 4.5], "texture": "#1"},
				"west": {"uv": [0, 0, 16, 4.5], "texture": "#3"},
				"up": {"uv": [0, 0, 16, 4.5], "texture": "#3"},
				"down": {"uv": [0, 0, 16, 4.5], "texture": "#1"}
			}
		},
		{
			"from": [1.25, 4.25, 16.25],
			"to": [1.75, 5.25, 17.25],
			"faces": {
				"north": {"uv": [0, 0, 16, 4.5], "texture": "#1"},
				"east": {"uv": [0, 0, 16, 4.5], "texture": "#3"},
				"south": {"uv": [0, 0, 16, 4.5], "texture": "#1"},
				"west": {"uv": [0, 0, 16, 4.5], "texture": "#3"},
				"up": {"uv": [0, 0, 16, 4.5], "texture": "#3"},
				"down": {"uv": [0, 0, 16, 4.5], "texture": "#1"}
			}
		},
		{
			"from": [12.75, 1.5, 16.25],
			"to": [14, 4.75, 17.25],
			"rotation": {"angle": 22.5, "axis": "z", "origin": [8, 8, 8]},
			"faces": {
				"north": {"uv": [0, 0, 16, 4.5], "texture": "#3"},
				"east": {"uv": [0, 0, 16, 4.5], "texture": "#3"},
				"south": {"uv": [0, 0, 16, 4.5], "texture": "#3"},
				"west": {"uv": [0, 0, 16, 4.5], "texture": "#3"},
				"up": {"uv": [0, 0, 16, 4.5], "texture": "#3"},
				"down": {"uv": [0, 0, 16, 4.5], "texture": "#3"}
			}
		},
		{
			"from": [2, 1.5, 16.25],
			"to": [3.25, 4.75, 17.25],
			"rotation": {"angle": -22.5, "axis": "z", "origin": [8, 8, 8]},
			"faces": {
				"north": {"uv": [0, 0, 16, 4.5], "texture": "#3"},
				"east": {"uv": [0, 0, 16, 4.5], "texture": "#3"},
				"south": {"uv": [0, 0, 16, 4.5], "texture": "#3"},
				"west": {"uv": [0, 0, 16, 4.5], "texture": "#3"},
				"up": {"uv": [0, 0, 16, 4.5], "texture": "#3"},
				"down": {"uv": [0, 0, 16, 4.5], "texture": "#3"}
			}
		},
		{
			"from": [13.5, 2.25, 0.25],
			"to": [13.75, 8, 0.5],
			"faces": {
				"north": {"uv": [0, 0, 16, 4.5], "texture": "#4"},
				"east": {"uv": [0, 0, 16, 4.5], "texture": "#4"},
				"south": {"uv": [0, 0, 16, 4.5], "texture": "#4"},
				"west": {"uv": [0, 0, 16, 4.5], "texture": "#4"},
				"up": {"uv": [0, 0, 16, 4.5], "texture": "#4"},
				"down": {"uv": [0, 0, 16, 4.5], "texture": "#4"}
			}
		},
		{
			"from": [2.25, 2.25, 0.25],
			"to": [2.5, 8, 0.5],
			"faces": {
				"north": {"uv": [0, 0, 16, 4.5], "texture": "#4"},
				"east": {"uv": [0, 0, 16, 4.5], "texture": "#4"},
				"south": {"uv": [0, 0, 16, 4.5], "texture": "#4"},
				"west": {"uv": [0, 0, 16, 4.5], "texture": "#4"},
				"up": {"uv": [0, 0, 16, 4.5], "texture": "#4"},
				"down": {"uv": [0, 0, 16, 4.5], "texture": "#4"}
			}
		},
		{
			"from": [2.25, 7.75, 0.25],
			"to": [13.75, 8, 0.5],
			"faces": {
				"north": {"uv": [0, 0, 16, 4.5], "texture": "#4"},
				"east": {"uv": [0, 0, 16, 4.5], "texture": "#4"},
				"south": {"uv": [0, 0, 16, 4.5], "texture": "#4"},
				"west": {"uv": [0, 0, 16, 4.5], "texture": "#4"},
				"up": {"uv": [0, 0, 16, 4.5], "texture": "#4"},
				"down": {"uv": [0, 0, 16, 4.5], "texture": "#4"}
			}
		},
		{
			"from": [14.25, 4.25, 16.25],
			"to": [14.75, 5.25, 17.25],
			"faces": {
				"north": {"uv": [0, 0, 16, 4.5], "texture": "#1"},
				"east": {"uv": [0, 0, 16, 4.5], "texture": "#3"},
				"south": {"uv": [0, 0, 16, 4.5], "texture": "#1"},
				"west": {"uv": [0, 0, 16, 4.5], "texture": "#3"},
				"up": {"uv": [0, 0, 16, 4.5], "texture": "#3"},
				"down": {"uv": [0, 0, 16, 4.5], "texture": "#1"}
			}
		},
		{
			"from": [15.84, 0.405, 15.35],
			"to": [16.085, 0.895, 15.84],
			"faces": {
				"north": {"uv": [0, 0, 16, 1], "texture": "#3"},
				"east": {"uv": [0, 0, 16, 1], "texture": "#3"},
				"south": {"uv": [0, 0, 16, 1], "texture": "#3"},
				"west": {"uv": [0, 0, 16, 1], "texture": "#3"},
				"up": {"uv": [0, 0, 16, 1], "texture": "#3"},
				"down": {"uv": [0, 0, 16, 1], "texture": "#3"}
			}
		},
		{
			"from": [15.84, 0.405, 12.35],
			"to": [16.085, 0.895, 12.84],
			"faces": {
				"north": {"uv": [0, 0, 16, 1], "texture": "#3"},
				"east": {"uv": [0, 0, 16, 1], "texture": "#3"},
				"south": {"uv": [0, 0, 16, 1], "texture": "#3"},
				"west": {"uv": [0, 0, 16, 1], "texture": "#3"},
				"up": {"uv": [0, 0, 16, 1], "texture": "#3"},
				"down": {"uv": [0, 0, 16, 1], "texture": "#3"}
			}
		},
		{
			"from": [15.84, 0.405, 9.35],
			"to": [16.085, 0.895, 9.84],
			"faces": {
				"north": {"uv": [0, 0, 16, 1], "texture": "#3"},
				"east": {"uv": [0, 0, 16, 1], "texture": "#3"},
				"south": {"uv": [0, 0, 16, 1], "texture": "#3"},
				"west": {"uv": [0, 0, 16, 1], "texture": "#3"},
				"up": {"uv": [0, 0, 16, 1], "texture": "#3"},
				"down": {"uv": [0, 0, 16, 1], "texture": "#3"}
			}
		},
		{
			"from": [15.84, 0.405, 6.35],
			"to": [16.085, 0.895, 6.84],
			"faces": {
				"north": {"uv": [0, 0, 16, 1], "texture": "#3"},
				"east": {"uv": [0, 0, 16, 1], "texture": "#3"},
				"south": {"uv": [0, 0, 16, 1], "texture": "#3"},
				"west": {"uv": [0, 0, 16, 1], "texture": "#3"},
				"up": {"uv": [0, 0, 16, 1], "texture": "#3"},
				"down": {"uv": [0, 0, 16, 1], "texture": "#3"}
			}
		},
		{
			"from": [15.84, 0.405, 3.35],
			"to": [16.085, 0.895, 3.84],
			"faces": {
				"north": {"uv": [0, 0, 16, 1], "texture": "#3"},
				"east": {"uv": [0, 0, 16, 1], "texture": "#3"},
				"south": {"uv": [0, 0, 16, 1], "texture": "#3"},
				"west": {"uv": [0, 0, 16, 1], "texture": "#3"},
				"up": {"uv": [0, 0, 16, 1], "texture": "#3"},
				"down": {"uv": [0, 0, 16, 1], "texture": "#3"}
			}
		},
		{
			"from": [15.84, 0.405, 0.35],
			"to": [16.085, 0.895, 0.84],
			"faces": {
				"north": {"uv": [0, 0, 16, 1], "texture": "#3"},
				"east": {"uv": [0, 0, 16, 1], "texture": "#3"},
				"south": {"uv": [0, 0, 16, 1], "texture": "#3"},
				"west": {"uv": [0, 0, 16, 1], "texture": "#3"},
				"up": {"uv": [0, 0, 16, 1], "texture": "#3"},
				"down": {"uv": [0, 0, 16, 1], "texture": "#3"}
			}
		},
		{
			"from": [-0.16, 0.405, 3.35],
			"to": [0.085, 0.895, 3.84],
			"faces": {
				"north": {"uv": [0, 0, 16, 1], "texture": "#3"},
				"east": {"uv": [0, 0, 16, 1], "texture": "#3"},
				"south": {"uv": [0, 0, 16, 1], "texture": "#3"},
				"west": {"uv": [0, 0, 16, 1], "texture": "#3"},
				"up": {"uv": [0, 0, 16, 1], "texture": "#3"},
				"down": {"uv": [0, 0, 16, 1], "texture": "#3"}
			}
		},
		{
			"from": [-0.16, 0.405, 6.35],
			"to": [0.085, 0.895, 6.84],
			"faces": {
				"north": {"uv": [0, 0, 16, 1], "texture": "#3"},
				"east": {"uv": [0, 0, 16, 1], "texture": "#3"},
				"south": {"uv": [0, 0, 16, 1], "texture": "#3"},
				"west": {"uv": [0, 0, 16, 1], "texture": "#3"},
				"up": {"uv": [0, 0, 16, 1], "texture": "#3"},
				"down": {"uv": [0, 0, 16, 1], "texture": "#3"}
			}
		},
		{
			"from": [-0.16, 0.405, 9.35],
			"to": [0.085, 0.895, 9.84],
			"faces": {
				"north": {"uv": [0, 0, 16, 1], "texture": "#3"},
				"east": {"uv": [0, 0, 16, 1], "texture": "#3"},
				"south": {"uv": [0, 0, 16, 1], "texture": "#3"},
				"west": {"uv": [0, 0, 16, 1], "texture": "#3"},
				"up": {"uv": [0, 0, 16, 1], "texture": "#3"},
				"down": {"uv": [0, 0, 16, 1], "texture": "#3"}
			}
		},
		{
			"from": [-0.16, 0.405, 12.35],
			"to": [0.085, 0.895, 12.84],
			"faces": {
				"north": {"uv": [0, 0, 16, 1], "texture": "#3"},
				"east": {"uv": [0, 0, 16, 1], "texture": "#3"},
				"south": {"uv": [0, 0, 16, 1], "texture": "#3"},
				"west": {"uv": [0, 0, 16, 1], "texture": "#3"},
				"up": {"uv": [0, 0, 16, 1], "texture": "#3"},
				"down": {"uv": [0, 0, 16, 1], "texture": "#3"}
			}
		},
		{
			"from": [-0.16, 0.405, 15.35],
			"to": [0.085, 0.895, 15.84],
			"faces": {
				"north": {"uv": [0, 0, 16, 1], "texture": "#3"},
				"east": {"uv": [0, 0, 16, 1], "texture": "#3"},
				"south": {"uv": [0, 0, 16, 1], "texture": "#3"},
				"west": {"uv": [0, 0, 16, 1], "texture": "#3"},
				"up": {"uv": [0, 0, 16, 1], "texture": "#3"},
				"down": {"uv": [0, 0, 16, 1], "texture": "#3"}
			}
		},
		{
			"from": [-0.16, 0.405, 0.35],
			"to": [0.085, 0.895, 0.84],
			"faces": {
				"north": {"uv": [0, 0, 16, 1], "texture": "#3"},
				"east": {"uv": [0, 0, 16, 1], "texture": "#3"},
				"south": {"uv": [0, 0, 16, 1], "texture": "#3"},
				"west": {"uv": [0, 0, 16, 1], "texture": "#3"},
				"up": {"uv": [0, 0, 16, 1], "texture": "#3"},
				"down": {"uv": [0, 0, 16, 1], "texture": "#3"}
			}
		},
		{
			"from": [11.84, -3.345, 7.85],
			"to": [12.085, -2.355, 10.09],
			"rotation": {"angle": 22.5, "axis": "z", "origin": [8, 8, 8]},
			"faces": {
				"north": {"uv": [0, 0, 16, 9], "texture": "#5"},
				"east": {"uv": [0, 0, 16, 9], "texture": "#5"},
				"south": {"uv": [0, 0, 16, 9], "texture": "#5"},
				"west": {"uv": [0, 0, 16, 9], "texture": "#5"},
				"up": {"uv": [0, 0, 16, 9], "texture": "#5"},
				"down": {"uv": [0, 0, 16, 9], "texture": "#5"}
			}
		},
		{
			"from": [4.34, -3.095, 7.85],
			"to": [4.585, -2.105, 10.09],
			"rotation": {"angle": -22.5, "axis": "z", "origin": [8, 8, 8]},
			"faces": {
				"north": {"uv": [0, 0, 16, 9], "texture": "#5"},
				"east": {"uv": [0, 0, 16, 9], "texture": "#5"},
				"south": {"uv": [0, 0, 16, 9], "texture": "#5"},
				"west": {"uv": [0, 0, 16, 9], "texture": "#5"},
				"up": {"uv": [0, 0, 16, 9], "texture": "#5"},
				"down": {"uv": [0, 0, 16, 9], "texture": "#5"}
			}
		},
		{
			"from": [0.34, -1.595, 7.35],
			"to": [0.585, -0.855, 10.59],
			"faces": {
				"north": {"uv": [0, 0, 16, 9], "texture": "#5"},
				"east": {"uv": [0, 0, 16, 9], "texture": "#5"},
				"south": {"uv": [0, 0, 16, 9], "texture": "#5"},
				"west": {"uv": [0, 0, 16, 9], "texture": "#5"},
				"up": {"uv": [0, 0, 16, 9], "texture": "#5"},
				"down": {"uv": [0, 0, 16, 9], "texture": "#5"}
			}
		},
		{
			"from": [15.84, -1.595, 7.35],
			"to": [16.085, -0.855, 10.59],
			"faces": {
				"north": {"uv": [0, 0, 16, 9], "texture": "#5"},
				"east": {"uv": [0, 0, 16, 9], "texture": "#5"},
				"south": {"uv": [0, 0, 16, 9], "texture": "#5"},
				"west": {"uv": [0, 0, 16, 9], "texture": "#5"},
				"up": {"uv": [0, 0, 16, 9], "texture": "#5"},
				"down": {"uv": [0, 0, 16, 9], "texture": "#5"}
			}
		},
		{
			"from": [15.59, -1.845, 7.6],
			"to": [15.84, -0.845, 8.6],
			"faces": {
				"north": {"uv": [0, 0, 16, 9], "texture": "#4"},
				"east": {"uv": [0, 0, 16, 9], "texture": "#4"},
				"south": {"uv": [0, 0, 16, 9], "texture": "#4"},
				"west": {"uv": [0, 0, 16, 9], "texture": "#4"},
				"up": {"uv": [0, 0, 16, 9], "texture": "#4"},
				"down": {"uv": [0, 0, 16, 9], "texture": "#4"}
			}
		},
		{
			"from": [15.59, -1.845, 9.1],
			"to": [15.84, -0.845, 10.1],
			"faces": {
				"north": {"uv": [0, 0, 16, 9], "texture": "#4"},
				"east": {"uv": [0, 0, 16, 9], "texture": "#4"},
				"south": {"uv": [0, 0, 16, 9], "texture": "#4"},
				"west": {"uv": [0, 0, 16, 9], "texture": "#4"},
				"up": {"uv": [0, 0, 16, 9], "texture": "#4"},
				"down": {"uv": [0, 0, 16, 9], "texture": "#4"}
			}
		},
		{
			"from": [0.59, -1.845, 7.6],
			"to": [0.84, -0.845, 8.6],
			"faces": {
				"north": {"uv": [0, 0, 16, 9], "texture": "#4"},
				"east": {"uv": [0, 0, 16, 9], "texture": "#4"},
				"south": {"uv": [0, 0, 16, 9], "texture": "#4"},
				"west": {"uv": [0, 0, 16, 9], "texture": "#4"},
				"up": {"uv": [0, 0, 16, 9], "texture": "#4"},
				"down": {"uv": [0, 0, 16, 9], "texture": "#4"}
			}
		},
		{
			"from": [0.59, -1.845, 9.1],
			"to": [0.84, -0.845, 10.1],
			"faces": {
				"north": {"uv": [0, 0, 16, 9], "texture": "#4"},
				"east": {"uv": [0, 0, 16, 9], "texture": "#4"},
				"south": {"uv": [0, 0, 16, 9], "texture": "#4"},
				"west": {"uv": [0, 0, 16, 9], "texture": "#4"},
				"up": {"uv": [0, 0, 16, 9], "texture": "#4"},
				"down": {"uv": [0, 0, 16, 9], "texture": "#4"}
			}
		},
		{
			"from": [0.5, 1, 11.5],
			"to": [15.5, 3.25, 16.25],
			"faces": {
				"north": {"uv": [0, 0, 16, 4.5], "texture": "#6"},
				"east": {"uv": [0, 0, 16, 4.5], "texture": "#6"},
				"south": {"uv": [0, 0, 16, 4.5], "texture": "#6"},
				"west": {"uv": [0, 0, 16, 4.5], "texture": "#6"},
				"up": {"uv": [0, 0, 16, 4.5], "texture": "#6"},
				"down": {"uv": [0, 0, 16, 4.5], "texture": "#6"}
			}
		},
		{
			"from": [1.5, 1, 15.25],
			"to": [14.5, 7, 16.25],
			"faces": {
				"north": {"uv": [0, 0, 16, 4.5], "texture": "#6"},
				"east": {"uv": [0, 0, 16, 4.5], "texture": "#6"},
				"south": {"uv": [0, 0, 16, 4.5], "texture": "#6"},
				"west": {"uv": [0, 0, 16, 4.5], "texture": "#6"},
				"up": {"uv": [0, 0, 16, 4.5], "texture": "#6"},
				"down": {"uv": [0, 0, 16, 4.5], "texture": "#6"}
			}
		},
		{
			"from": [2.25, 5.25, -1],
			"to": [2.8, 5.7, 7.55],
			"rotation": {"angle": -22.5, "axis": "x", "origin": [8, 7.75, 8]},
			"faces": {
				"north": {"uv": [0, 0, 16, 4.5], "rotation": 180, "texture": "#3"},
				"east": {"uv": [0, 0, 16, 4.5], "rotation": 270, "texture": "#3"},
				"south": {"uv": [0, 0, 16, 4.5], "texture": "#3"},
				"west": {"uv": [0, 0, 16, 4.5], "rotation": 90, "texture": "#3"},
				"up": {"uv": [0, 0, 16, 4.5], "rotation": 180, "texture": "#3"},
				"down": {"uv": [0, 0, 16, 4.5], "texture": "#3"}
			}
		},
		{
			"from": [13.15, 5.25, -1],
			"to": [13.7, 5.7, 7.55],
			"rotation": {"angle": -22.5, "axis": "x", "origin": [8, 7.75, 8]},
			"faces": {
				"north": {"uv": [0, 0, 16, 4.5], "rotation": 180, "texture": "#3"},
				"east": {"uv": [0, 0, 16, 4.5], "rotation": 270, "texture": "#3"},
				"south": {"uv": [0, 0, 16, 4.5], "texture": "#3"},
				"west": {"uv": [0, 0, 16, 4.5], "rotation": 90, "texture": "#3"},
				"up": {"uv": [0, 0, 16, 4.5], "rotation": 180, "texture": "#3"},
				"down": {"uv": [0, 0, 16, 4.5], "texture": "#3"}
			}
		},
		{
			"from": [2.5, 5.25, 7.35],
			"to": [13.45, 5.7, 7.8],
			"rotation": {"angle": -22.5, "axis": "x", "origin": [8, 7.75, 8]},
			"faces": {
				"north": {"uv": [0, 0, 16, 4.5], "rotation": 180, "texture": "#3"},
				"east": {"uv": [0, 0, 16, 4.5], "rotation": 270, "texture": "#3"},
				"south": {"uv": [0, 0, 16, 4.5], "texture": "#3"},
				"west": {"uv": [0, 0, 16, 4.5], "rotation": 90, "texture": "#3"},
				"up": {"uv": [0, 0, 16, 4.5], "rotation": 180, "texture": "#3"},
				"down": {"uv": [0, 0, 16, 4.5], "texture": "#3"}
			}
		}
	],
	"display": {
		"head": {
			"translation": [0, -2, -9.25],
			"scale": [2.19, 4, 2.21]
		}
	}
}