{
	"credit": "Made with Blockbench",
	"textures": {
		"0": "block/traint2z",
		"1": "block/anvil",
		"2": "block/roue",
		"3": "block/inoxplaque",
		"4": "block/black_terracotta",
		"5": "block/stone_slab_top",
		"6": "block/light_gray_concrete",
		"particle": "block/traint2z"
	},
	"elements": [
		{
			"from": [4, 0, 0],
			"to": [12, 1, 1],
			"rotation": {"angle": 0, "axis": "y", "origin": [4, 0, 0]},
			"faces": {
				"north": {"uv": [14.02381, 3.2381, 14.5, 3.66667], "texture": "#0"},
				"east": {"uv": [14.02381, 3.2381, 14.5, 3.66667], "texture": "#0"},
				"south": {"uv": [14.02381, 3.2381, 14.5, 3.66667], "texture": "#0"},
				"west": {"uv": [14.02381, 3.2381, 14.5, 3.66667], "texture": "#0"},
				"up": {"uv": [14.02381, 3.2381, 14.5, 3.66667], "texture": "#0"},
				"down": {"uv": [14.02381, 3.2381, 14.5, 3.66667], "texture": "#0"}
			}
		},
		{
			"from": [4, -0.9, -0.6],
			"to": [12, 0.6, -0.4],
			"rotation": {"angle": 0, "axis": "y", "origin": [4, 0, 0]},
			"faces": {
				"north": {"uv": [14.02381, 3.2381, 14.5, 3.66667], "texture": "#1"},
				"east": {"uv": [14.02381, 3.2381, 14.5, 3.66667], "texture": "#1"},
				"south": {"uv": [14.02381, 3.2381, 14.5, 3.66667], "texture": "#1"},
				"west": {"uv": [14.02381, 3.2381, 14.5, 3.66667], "texture": "#1"},
				"up": {"uv": [14.02381, 3.2381, 14.5, 3.66667], "texture": "#1"},
				"down": {"uv": [14.02381, 3.2381, 14.5, 3.66667], "texture": "#1"}
			}
		},
		{
			"from": [5, 0.6, -0.6],
			"to": [11, 1.1, -0.4],
			"rotation": {"angle": 0, "axis": "y", "origin": [4, 0, 0]},
			"faces": {
				"north": {"uv": [14.02381, 3.2381, 14.5, 3.66667], "texture": "#1"},
				"east": {"uv": [14.02381, 3.2381, 14.5, 3.66667], "texture": "#1"},
				"south": {"uv": [14.02381, 3.2381, 14.5, 3.66667], "texture": "#1"},
				"west": {"uv": [14.02381, 3.2381, 14.5, 3.66667], "texture": "#1"},
				"up": {"uv": [14.02381, 3.2381, 14.5, 3.66667], "texture": "#1"},
				"down": {"uv": [14.02381, 3.2381, 14.5, 3.66667], "texture": "#1"}
			}
		},
		{
			"from": [5, -1.4, -0.6],
			"to": [11, -0.9, -0.4],
			"rotation": {"angle": 0, "axis": "y", "origin": [4, 0, 0]},
			"faces": {
				"north": {"uv": [14.02381, 3.2381, 14.5, 3.66667], "texture": "#1"},
				"east": {"uv": [14.02381, 3.2381, 14.5, 3.66667], "texture": "#1"},
				"south": {"uv": [14.02381, 3.2381, 14.5, 3.66667], "texture": "#1"},
				"west": {"uv": [14.02381, 3.2381, 14.5, 3.66667], "texture": "#1"},
				"up": {"uv": [14.02381, 3.2381, 14.5, 3.66667], "texture": "#1"},
				"down": {"uv": [14.02381, 3.2381, 14.5, 3.66667], "texture": "#1"}
			}
		},
		{
			"from": [7.5, -0.3, -0.4],
			"to": [8.5, 0.2, 1.9],
			"rotation": {"angle": 0, "axis": "y", "origin": [9.5, 0, 0]},
			"faces": {
				"north": {"uv": [14.5, 3.2381, 14.02381, 3.66667], "texture": "#1"},
				"east": {"uv": [14.5, 3.2381, 14.02381, 3.66667], "texture": "#1"},
				"south": {"uv": [14.5, 3.2381, 14.02381, 3.66667], "texture": "#1"},
				"west": {"uv": [14.5, 3.2381, 14.02381, 3.66667], "texture": "#1"},
				"up": {"uv": [14.5, 3.2381, 14.02381, 3.66667], "texture": "#1"},
				"down": {"uv": [14.5, 3.2381, 14.02381, 3.66667], "texture": "#1"}
			}
		},
		{
			"from": [4, 1, -0.25],
			"to": [12, 4, 1.25],
			"rotation": {"angle": 0, "axis": "y", "origin": [4, 0, 0.75]},
			"faces": {
				"north": {"uv": [14.02381, 3.2381, 14.5, 3.66667], "texture": "#0"},
				"east": {"uv": [14.02381, 3.2381, 14.5, 3.66667], "texture": "#0"},
				"south": {"uv": [14.02381, 3.2381, 14.5, 3.66667], "texture": "#0"},
				"west": {"uv": [14.02381, 3.2381, 14.5, 3.66667], "texture": "#0"},
				"up": {"uv": [14.02381, 3.2381, 14.5, 3.66667], "texture": "#0"},
				"down": {"uv": [14.02381, 3.2381, 14.5, 3.66667], "texture": "#0"}
			}
		},
		{
			"from": [4, 3.69448, 0.28596],
			"to": [12, 6.69448, 2.28596],
			"rotation": {"angle": 22.5, "axis": "x", "origin": [8, 5.19448, 0.78596]},
			"faces": {
				"north": {"uv": [14.02381, 3.2381, 14.5, 3.66667], "texture": "#0"},
				"east": {"uv": [14.02381, 3.2381, 14.5, 3.66667], "texture": "#0"},
				"south": {"uv": [14.02381, 3.2381, 14.5, 3.66667], "texture": "#0"},
				"west": {"uv": [14.02381, 3.2381, 14.5, 3.66667], "texture": "#0"},
				"up": {"uv": [14.02381, 3.2381, 14.5, 3.66667], "texture": "#0"},
				"down": {"uv": [14.02381, 3.2381, 14.5, 3.66667], "texture": "#0"}
			}
		},
		{
			"from": [4, 5.62519, 1.66582],
			"to": [12, 8.12519, 3.66582],
			"rotation": {"angle": 45, "axis": "x", "origin": [8, 7.12519, 2.66582]},
			"faces": {
				"north": {"uv": [14.02381, 3.2381, 14.5, 3.66667], "texture": "#0"},
				"east": {"uv": [14.02381, 3.2381, 14.5, 3.66667], "texture": "#0"},
				"south": {"uv": [14.02381, 3.2381, 14.5, 3.66667], "texture": "#0"},
				"west": {"uv": [14.02381, 3.2381, 14.5, 3.66667], "texture": "#0"},
				"up": {"uv": [14.02381, 3.2381, 14.5, 3.66667], "texture": "#0"},
				"down": {"uv": [14.02381, 3.2381, 14.5, 3.66667], "texture": "#0"}
			}
		},
		{
			"from": [4, 7.09388, 2.95335],
			"to": [12, 9.09388, 4.65335],
			"rotation": {"angle": -22.5, "axis": "x", "origin": [8, 8.09388, 4.20335]},
			"faces": {
				"north": {"uv": [14.02381, 3.2381, 14.5, 3.66667], "rotation": 180, "texture": "#0"},
				"east": {"uv": [14.02381, 3.2381, 14.5, 3.66667], "rotation": 270, "texture": "#0"},
				"south": {"uv": [14.02381, 3.2381, 14.5, 3.66667], "texture": "#0"},
				"west": {"uv": [14.02381, 3.2381, 14.5, 3.66667], "rotation": 90, "texture": "#0"},
				"up": {"uv": [14.02381, 3.2381, 14.5, 3.66667], "rotation": 180, "texture": "#0"},
				"down": {"uv": [14.02381, 3.2381, 14.5, 3.66667], "texture": "#0"}
			}
		},
		{
			"from": [4, 8.58997, 4.23641],
			"to": [12, 9.18997, 12.33641],
			"rotation": {"angle": 0, "axis": "x", "origin": [8, 8.18997, 5.48641]},
			"faces": {
				"north": {"uv": [14.02381, 3.2381, 14.5, 3.66667], "rotation": 180, "texture": "#0"},
				"east": {"uv": [14.02381, 3.2381, 14.5, 3.66667], "rotation": 270, "texture": "#0"},
				"south": {"uv": [14.02381, 3.2381, 14.5, 3.66667], "texture": "#0"},
				"west": {"uv": [14.02381, 3.2381, 14.5, 3.66667], "rotation": 90, "texture": "#0"},
				"up": {"uv": [14.02381, 3.2381, 14.5, 3.66667], "rotation": 180, "texture": "#0"},
				"down": {"uv": [14.02381, 3.2381, 14.5, 3.66667], "texture": "#0"}
			}
		},
		{
			"from": [11.5412, 8.1834, 4.23641],
			"to": [13.6412, 8.8834, 12.33641],
			"rotation": {"angle": -22.5, "axis": "z", "origin": [12.5412, 7.8834, 8.08641]},
			"faces": {
				"north": {"uv": [14.02381, 3.2381, 14.5, 3.66667], "rotation": 180, "texture": "#0"},
				"east": {"uv": [14.02381, 3.2381, 14.5, 3.66667], "rotation": 270, "texture": "#0"},
				"south": {"uv": [14.02381, 3.2381, 14.5, 3.66667], "texture": "#0"},
				"west": {"uv": [14.02381, 3.2381, 14.5, 3.66667], "rotation": 90, "texture": "#0"},
				"up": {"uv": [14.02381, 3.2381, 14.5, 3.66667], "rotation": 180, "texture": "#0"},
				"down": {"uv": [14.02381, 3.2381, 14.5, 3.66667], "texture": "#0"}
			}
		},
		{
			"from": [2.3588, 8.1834, 4.23641],
			"to": [4.4588, 8.8834, 12.33641],
			"rotation": {"angle": 22.5, "axis": "z", "origin": [3.4588, 7.8834, 8.08641]},
			"faces": {
				"north": {"uv": [14.5, 3.2381, 14.02381, 3.66667], "rotation": 180, "texture": "#0"},
				"east": {"uv": [14.02381, 3.66667, 14.5, 3.2381], "rotation": 90, "texture": "#0"},
				"south": {"uv": [14.5, 3.2381, 14.02381, 3.66667], "texture": "#0"},
				"west": {"uv": [14.02381, 3.66667, 14.5, 3.2381], "rotation": 270, "texture": "#0"},
				"up": {"uv": [14.5, 3.2381, 14.02381, 3.66667], "rotation": 180, "texture": "#0"},
				"down": {"uv": [14.5, 3.2381, 14.02381, 3.66667], "texture": "#0"}
			}
		},
		{
			"from": [1, 5.62519, 1.56582],
			"to": [15, 8.12519, 1.66582],
			"rotation": {"angle": 45, "axis": "x", "origin": [8, 7.12519, 2.66582]},
			"faces": {
				"north": {"uv": [2.11905, 13.69048, 16, 15.35714], "texture": "#0"}
			}
		},
		{
			"from": [1, 6.01837, 0.34518],
			"to": [15, 6.91837, 0.44518],
			"rotation": {"angle": 22.5, "axis": "x", "origin": [8, 5.66837, 0.39518]},
			"faces": {
				"north": {"uv": [2.11905, 15.35714, 16, 16], "texture": "#0"}
			}
		},
		{
			"from": [1, 9.37496, 2.44297],
			"to": [15, 9.47496, 4.14297],
			"rotation": {"angle": -22.5, "axis": "x", "origin": [8, 9.42496, 4.69297]},
			"faces": {
				"up": {"uv": [16, 13.69048, 2.11905, 11.45238], "texture": "#0"}
			}
		},
		{
			"from": [1, 1, 0.5],
			"to": [15, 4, 2],
			"rotation": {"angle": 0, "axis": "y", "origin": [4, 0, 1.5]},
			"faces": {
				"north": {"uv": [14.02381, 3.2381, 14.5, 3.66667], "texture": "#0"},
				"east": {"uv": [14.02381, 3.2381, 14.5, 3.66667], "texture": "#0"},
				"south": {"uv": [14.02381, 3.2381, 14.5, 3.66667], "texture": "#0"},
				"west": {"uv": [14.02381, 3.2381, 14.5, 3.66667], "texture": "#0"},
				"up": {"uv": [14.02381, 3.2381, 14.5, 3.66667], "texture": "#0"},
				"down": {"uv": [14.02381, 3.2381, 14.5, 3.66667], "texture": "#0"}
			}
		},
		{
			"from": [1, 3.69448, 1.03596],
			"to": [15, 6.69448, 3.03596],
			"rotation": {"angle": 22.5, "axis": "x", "origin": [8, 5.19448, 1.53596]},
			"faces": {
				"north": {"uv": [14.02381, 3.2381, 14.5, 3.66667], "texture": "#0"},
				"east": {"uv": [14.02381, 3.2381, 14.5, 3.66667], "texture": "#0"},
				"south": {"uv": [14.02381, 3.2381, 14.5, 3.66667], "texture": "#0"},
				"west": {"uv": [14.02381, 3.2381, 14.5, 3.66667], "texture": "#0"},
				"up": {"uv": [14.02381, 3.2381, 14.5, 3.66667], "texture": "#0"},
				"down": {"uv": [14.02381, 3.2381, 14.5, 3.66667], "texture": "#0"}
			}
		},
		{
			"from": [1, 5.62519, 2.41582],
			"to": [15, 8.12519, 4.41582],
			"rotation": {"angle": 45, "axis": "x", "origin": [8, 7.12519, 3.41582]},
			"faces": {
				"north": {"uv": [14.02381, 3.2381, 14.5, 3.66667], "texture": "#0"},
				"east": {"uv": [14.02381, 3.2381, 14.5, 3.66667], "texture": "#0"},
				"south": {"uv": [14.02381, 3.2381, 14.5, 3.66667], "texture": "#0"},
				"west": {"uv": [14.02381, 3.2381, 14.5, 3.66667], "texture": "#0"},
				"up": {"uv": [14.02381, 3.2381, 14.5, 3.66667], "texture": "#0"},
				"down": {"uv": [14.02381, 3.2381, 14.5, 3.66667], "texture": "#0"}
			}
		},
		{
			"from": [4, 6.53941, 2.66582],
			"to": [12, 8.53941, 3.41582],
			"rotation": {"angle": 0, "axis": "x", "origin": [8, 7.53941, 2.56582]},
			"faces": {
				"north": {"uv": [14.02381, 3.2381, 14.5, 3.66667], "rotation": 180, "texture": "#0"},
				"east": {"uv": [14.02381, 3.2381, 14.5, 3.66667], "rotation": 270, "texture": "#0"},
				"south": {"uv": [14.02381, 3.2381, 14.5, 3.66667], "texture": "#0"},
				"west": {"uv": [14.02381, 3.2381, 14.5, 3.66667], "rotation": 90, "texture": "#0"},
				"up": {"uv": [14.02381, 3.2381, 14.5, 3.66667], "rotation": 180, "texture": "#0"},
				"down": {"uv": [14.02381, 3.2381, 14.5, 3.66667], "texture": "#0"}
			}
		},
		{
			"from": [1, 0, 1],
			"to": [15, 0.9, 2],
			"rotation": {"angle": 0, "axis": "y", "origin": [4, 0, 0]},
			"faces": {
				"north": {"uv": [14.02381, 3.2381, 14.5, 3.66667], "texture": "#0"},
				"east": {"uv": [14.02381, 3.2381, 14.5, 3.66667], "texture": "#0"},
				"south": {"uv": [14.02381, 3.2381, 14.5, 3.66667], "texture": "#0"},
				"west": {"uv": [14.02381, 3.2381, 14.5, 3.66667], "texture": "#0"},
				"up": {"uv": [14.02381, 3.2381, 14.5, 3.66667], "texture": "#0"},
				"down": {"uv": [14.02381, 3.2381, 14.5, 3.66667], "texture": "#0"}
			}
		},
		{
			"from": [1, 7.43941, 3.41582],
			"to": [15, 8.53941, 4.51582],
			"rotation": {"angle": 0, "axis": "y", "origin": [4, 0.13941, -0.08418]},
			"faces": {
				"north": {"uv": [14.02381, 3.2381, 14.5, 3.66667], "texture": "#0"},
				"east": {"uv": [14.02381, 3.2381, 14.5, 3.66667], "texture": "#0"},
				"south": {"uv": [14.02381, 3.2381, 14.5, 3.66667], "texture": "#0"},
				"west": {"uv": [14.02381, 3.2381, 14.5, 3.66667], "texture": "#0"},
				"up": {"uv": [14.02381, 3.2381, 14.5, 3.66667], "texture": "#0"},
				"down": {"uv": [14.02381, 3.2381, 14.5, 3.66667], "texture": "#0"}
			}
		},
		{
			"from": [0, 7.43941, 4.51582],
			"to": [16, 8.53941, 12.21582],
			"rotation": {"angle": 0, "axis": "y", "origin": [4, 0.13941, 1.01582]},
			"faces": {
				"north": {"uv": [14.02381, 3.2381, 14.5, 3.66667], "texture": "#0"},
				"east": {"uv": [14.02381, 3.2381, 14.5, 3.66667], "texture": "#0"},
				"south": {"uv": [14.02381, 3.2381, 14.5, 3.66667], "texture": "#0"},
				"west": {"uv": [14.02381, 3.2381, 14.5, 3.66667], "texture": "#0"},
				"up": {"uv": [14.02381, 3.2381, 14.5, 3.66667], "texture": "#0"},
				"down": {"uv": [14.02381, 3.2381, 14.5, 3.66667], "texture": "#0"}
			}
		},
		{
			"from": [13.6, 7.23941, 9.36582],
			"to": [17.9, 8.73941, 11.31582],
			"rotation": {"angle": 0, "axis": "y", "origin": [4, 0.13941, 1.81582]},
			"faces": {
				"north": {"uv": [13.61905, 5.38095, 14.19048, 6.09524], "texture": "#0"},
				"east": {"uv": [13.61905, 5.38095, 14.19048, 6.09524], "texture": "#0"},
				"south": {"uv": [13.61905, 5.38095, 14.19048, 6.09524], "texture": "#0"},
				"west": {"uv": [13.61905, 5.38095, 14.19048, 6.09524], "texture": "#0"},
				"up": {"uv": [13.61905, 5.38095, 14.19048, 6.09524], "texture": "#0"},
				"down": {"uv": [13.61905, 5.38095, 14.19048, 6.09524], "texture": "#0"}
			}
		},
		{
			"from": [3.95, 8.78997, 10.36582],
			"to": [12.05, 9.38997, 12.31582],
			"rotation": {"angle": 0, "axis": "y", "origin": [4.75, -1.01003, 1.81582]},
			"faces": {
				"north": {"uv": [13.61905, 5.38095, 14.19048, 6.09524], "texture": "#0"},
				"east": {"uv": [13.61905, 5.38095, 14.19048, 6.09524], "texture": "#0"},
				"south": {"uv": [13.61905, 5.38095, 14.19048, 6.09524], "texture": "#0"},
				"west": {"uv": [13.61905, 5.38095, 14.19048, 6.09524], "texture": "#0"},
				"up": {"uv": [13.61905, 5.38095, 14.19048, 6.09524], "texture": "#0"},
				"down": {"uv": [13.61905, 5.38095, 14.19048, 6.09524], "texture": "#0"}
			}
		},
		{
			"from": [11.94505, 8.96588, 10.36582],
			"to": [13.64505, 9.56588, 12.31582],
			"rotation": {"angle": -22.5, "axis": "z", "origin": [11.54505, 9.26588, 11.29082]},
			"faces": {
				"north": {"uv": [13.61905, 5.38095, 14.19048, 6.09524], "texture": "#0"},
				"east": {"uv": [13.61905, 5.38095, 14.19048, 6.09524], "texture": "#0"},
				"south": {"uv": [13.61905, 5.38095, 14.19048, 6.09524], "texture": "#0"},
				"west": {"uv": [13.61905, 5.38095, 14.19048, 6.09524], "texture": "#0"},
				"up": {"uv": [13.61905, 5.38095, 14.19048, 6.09524], "texture": "#0"},
				"down": {"uv": [13.61905, 5.38095, 14.19048, 6.09524], "texture": "#0"}
			}
		},
		{
			"from": [2.35495, 8.96588, 10.36582],
			"to": [4.05495, 9.56588, 12.31582],
			"rotation": {"angle": 22.5, "axis": "z", "origin": [4.45495, 9.26588, 11.29082]},
			"faces": {
				"north": {"uv": [14.19048, 5.38095, 13.61905, 6.09524], "texture": "#0"},
				"east": {"uv": [14.19048, 5.38095, 13.61905, 6.09524], "texture": "#0"},
				"south": {"uv": [14.19048, 5.38095, 13.61905, 6.09524], "texture": "#0"},
				"west": {"uv": [14.19048, 5.38095, 13.61905, 6.09524], "texture": "#0"},
				"up": {"uv": [14.19048, 5.38095, 13.61905, 6.09524], "texture": "#0"},
				"down": {"uv": [14.19048, 5.38095, 13.61905, 6.09524], "texture": "#0"}
			}
		},
		{
			"from": [-1.9, 7.23941, 9.36582],
			"to": [2.4, 8.73941, 11.31582],
			"rotation": {"angle": 0, "axis": "y", "origin": [12, 0.13941, 1.81582]},
			"faces": {
				"north": {"uv": [14.19048, 5.38095, 13.61905, 6.09524], "texture": "#0"},
				"east": {"uv": [14.19048, 5.38095, 13.61905, 6.09524], "texture": "#0"},
				"south": {"uv": [14.19048, 5.38095, 13.61905, 6.09524], "texture": "#0"},
				"west": {"uv": [14.19048, 5.38095, 13.61905, 6.09524], "texture": "#0"},
				"up": {"uv": [14.19048, 5.38095, 13.61905, 6.09524], "texture": "#0"},
				"down": {"uv": [14.19048, 5.38095, 13.61905, 6.09524], "texture": "#0"}
			}
		},
		{
			"from": [0, 5.62519, 3.51582],
			"to": [16, 8.12519, 5.51582],
			"rotation": {"angle": 45, "axis": "x", "origin": [8, 7.12519, 4.51582]},
			"faces": {
				"north": {"uv": [14.02381, 3.2381, 14.5, 3.66667], "texture": "#0"},
				"east": {"uv": [14.02381, 3.2381, 14.5, 3.66667], "texture": "#0"},
				"south": {"uv": [14.02381, 3.2381, 14.5, 3.66667], "texture": "#0"},
				"west": {"uv": [14.02381, 3.2381, 14.5, 3.66667], "texture": "#0"},
				"up": {"uv": [14.02381, 3.2381, 14.5, 3.66667], "texture": "#0"},
				"down": {"uv": [14.02381, 3.2381, 14.5, 3.66667], "texture": "#0"}
			}
		},
		{
			"from": [0, 3.69448, 2.13596],
			"to": [16, 6.69448, 4.13596],
			"rotation": {"angle": 22.5, "axis": "x", "origin": [8, 5.19448, 2.63596]},
			"faces": {
				"north": {"uv": [14.02381, 3.2381, 14.5, 3.66667], "texture": "#0"},
				"east": {"uv": [14.02381, 3.2381, 14.5, 3.66667], "texture": "#0"},
				"south": {"uv": [14.02381, 3.2381, 14.5, 3.66667], "texture": "#0"},
				"west": {"uv": [14.02381, 3.2381, 14.5, 3.66667], "texture": "#0"},
				"up": {"uv": [14.02381, 3.2381, 14.5, 3.66667], "texture": "#0"},
				"down": {"uv": [14.02381, 3.2381, 14.5, 3.66667], "texture": "#0"}
			}
		},
		{
			"from": [0, 1, 1.6],
			"to": [16, 4, 3.1],
			"rotation": {"angle": 0, "axis": "y", "origin": [4, 0, 2.6]},
			"faces": {
				"north": {"uv": [14.02381, 3.2381, 14.5, 3.66667], "texture": "#0"},
				"east": {"uv": [14.02381, 3.2381, 14.5, 3.66667], "texture": "#0"},
				"south": {"uv": [14.02381, 3.2381, 14.5, 3.66667], "texture": "#0"},
				"west": {"uv": [14.02381, 3.2381, 14.5, 3.66667], "texture": "#0"},
				"up": {"uv": [14.02381, 3.2381, 14.5, 3.66667], "texture": "#0"},
				"down": {"uv": [14.02381, 3.2381, 14.5, 3.66667], "texture": "#0"}
			}
		},
		{
			"from": [-1, 7.3, 7],
			"to": [17, 8.3, 11.7],
			"rotation": {"angle": 0, "axis": "y", "origin": [4, 0, 0]},
			"faces": {
				"north": {"uv": [14.02381, 3.2381, 14.5, 3.66667], "texture": "#0"},
				"east": {"uv": [14.02381, 3.2381, 14.5, 3.66667], "texture": "#0"},
				"south": {"uv": [14.02381, 3.2381, 14.5, 3.66667], "texture": "#0"},
				"west": {"uv": [14.02381, 3.2381, 14.5, 3.66667], "texture": "#0"},
				"up": {"uv": [14.02381, 3.2381, 14.5, 3.66667], "texture": "#0"},
				"down": {"uv": [14.02381, 3.2381, 14.5, 3.66667], "texture": "#0"}
			}
		},
		{
			"from": [-1, 7.1, 5],
			"to": [17, 8.1, 8.7],
			"rotation": {"angle": 0, "axis": "y", "origin": [4, 0, 0]},
			"faces": {
				"north": {"uv": [14.02381, 3.2381, 14.5, 3.66667], "texture": "#0"},
				"east": {"uv": [14.02381, 3.2381, 14.5, 3.66667], "texture": "#0"},
				"south": {"uv": [14.02381, 3.2381, 14.5, 3.66667], "texture": "#0"},
				"west": {"uv": [14.02381, 3.2381, 14.5, 3.66667], "texture": "#0"},
				"up": {"uv": [14.02381, 3.2381, 14.5, 3.66667], "texture": "#0"},
				"down": {"uv": [14.02381, 3.2381, 14.5, 3.66667], "texture": "#0"}
			}
		},
		{
			"from": [-1, 0.9, 3.7],
			"to": [17, 7.3, 6.7],
			"rotation": {"angle": 0, "axis": "y", "origin": [4, 0, 0]},
			"faces": {
				"north": {"uv": [14.02381, 3.2381, 14.5, 3.66667], "texture": "#0"},
				"east": {"uv": [14.02381, 3.2381, 14.5, 3.66667], "texture": "#0"},
				"south": {"uv": [14.02381, 3.2381, 14.5, 3.66667], "texture": "#0"},
				"west": {"uv": [14.02381, 3.2381, 14.5, 3.66667], "texture": "#0"},
				"up": {"uv": [14.02381, 3.2381, 14.5, 3.66667], "texture": "#0"},
				"down": {"uv": [14.02381, 3.2381, 14.5, 3.66667], "texture": "#0"}
			}
		},
		{
			"from": [-1.7, 3.7, 5.7],
			"to": [17.7, 7.1, 8.4],
			"rotation": {"angle": 0, "axis": "y", "origin": [3.8, 0, 0]},
			"faces": {
				"north": {"uv": [14.02381, 3.2381, 14.5, 3.66667], "texture": "#0"},
				"east": {"uv": [14.02381, 3.2381, 14.5, 3.66667], "texture": "#0"},
				"south": {"uv": [14.02381, 3.2381, 14.5, 3.66667], "texture": "#0"},
				"west": {"uv": [14.02381, 3.2381, 14.5, 3.66667], "texture": "#0"},
				"up": {"uv": [14.02381, 3.2381, 14.5, 3.66667], "texture": "#0"},
				"down": {"uv": [14.02381, 3.2381, 14.5, 3.66667], "texture": "#0"}
			}
		},
		{
			"from": [-1.45, 0.8, 4.7],
			"to": [17.4, 4.1, 7.4],
			"rotation": {"angle": 0, "axis": "y", "origin": [3.8, 0, 0]},
			"faces": {
				"north": {"uv": [14.02381, 3.2381, 14.5, 3.66667], "texture": "#0"},
				"east": {"uv": [14.02381, 3.2381, 14.5, 3.66667], "texture": "#0"},
				"south": {"uv": [14.02381, 3.2381, 14.5, 3.66667], "texture": "#0"},
				"west": {"uv": [14.02381, 3.2381, 14.5, 3.66667], "texture": "#0"},
				"up": {"uv": [14.02381, 3.2381, 14.5, 3.66667], "texture": "#0"},
				"down": {"uv": [14.02381, 3.2381, 14.5, 3.66667], "texture": "#0"}
			}
		},
		{
			"from": [-1.225, 0.9, 7.4],
			"to": [17.225, 0.91, 22.9],
			"rotation": {"angle": 0, "axis": "y", "origin": [3.825, 0, 0]},
			"faces": {
				"north": {"uv": [0, 0, 16, 16], "texture": "#3"},
				"east": {"uv": [0, 0, 16, 16], "texture": "#3"},
				"south": {"uv": [0, 0, 16, 16], "texture": "#3"},
				"west": {"uv": [0, 0, 16, 16], "texture": "#3"},
				"up": {"uv": [0, 0, 16, 16], "texture": "#3"},
				"down": {"uv": [0, 0, 16, 16], "texture": "#1"}
			}
		},
		{
			"from": [-1.95, 3.7, 8.4],
			"to": [0.95, 7.3, 13.1],
			"rotation": {"angle": 0, "axis": "y", "origin": [3.75, 0, 0]},
			"faces": {
				"north": {"uv": [14.02381, 3.2381, 14.5, 3.66667], "texture": "#0"},
				"east": {"uv": [14.02381, 3.2381, 14.5, 3.66667], "texture": "#0"},
				"south": {"uv": [14.02381, 3.2381, 14.5, 3.66667], "texture": "#0"},
				"west": {"uv": [14.02381, 3.2381, 14.5, 3.66667], "texture": "#0"},
				"up": {"uv": [14.02381, 3.2381, 14.5, 3.66667], "texture": "#0"},
				"down": {"uv": [14.02381, 3.2381, 14.5, 3.66667], "texture": "#0"}
			}
		},
		{
			"from": [2.55, 3.7, 24.9],
			"to": [5.45, 7.3, 26.6],
			"rotation": {"angle": 22.5, "axis": "x", "origin": [4, 5.5, 26.75]},
			"faces": {
				"north": {"uv": [14.02381, 3.2381, 14.5, 3.66667], "texture": "#0"},
				"east": {"uv": [14.02381, 3.2381, 14.5, 3.66667], "texture": "#0"},
				"south": {"uv": [14.02381, 3.2381, 14.5, 3.66667], "texture": "#0"},
				"west": {"uv": [14.02381, 3.2381, 14.5, 3.66667], "texture": "#0"},
				"up": {"uv": [14.02381, 3.2381, 14.5, 3.66667], "texture": "#0"},
				"down": {"uv": [14.02381, 3.2381, 14.5, 3.66667], "texture": "#0"}
			}
		},
		{
			"from": [2.55, 7.22039, 25.60025],
			"to": [5.45, 9.52039, 27.30025],
			"rotation": {"angle": 0, "axis": "x", "origin": [4, 3.02039, 27.45025]},
			"faces": {
				"north": {"uv": [14.02381, 3.2381, 14.5, 3.66667], "texture": "#0"},
				"east": {"uv": [14.02381, 3.2381, 14.5, 3.66667], "texture": "#0"},
				"south": {"uv": [14.02381, 3.2381, 14.5, 3.66667], "texture": "#0"},
				"west": {"uv": [14.02381, 3.2381, 14.5, 3.66667], "texture": "#0"},
				"up": {"uv": [14.02381, 3.2381, 14.5, 3.66667], "texture": "#0"},
				"down": {"uv": [14.02381, 3.2381, 14.5, 3.66667], "texture": "#0"}
			}
		},
		{
			"from": [1.55, 7.22039, 25.20025],
			"to": [14.45, 10.52039, 27.15025],
			"rotation": {"angle": 0, "axis": "x", "origin": [4, 3.02039, 27.45025]},
			"faces": {
				"north": {"uv": [14.02381, 3.2381, 14.5, 3.66667], "texture": "#4"},
				"east": {"uv": [14.02381, 3.2381, 14.5, 3.66667], "texture": "#4"},
				"south": {"uv": [14.02381, 3.2381, 14.5, 3.66667], "texture": "#4"},
				"west": {"uv": [14.02381, 3.2381, 14.5, 3.66667], "texture": "#4"},
				"up": {"uv": [14.02381, 3.2381, 14.5, 3.66667], "texture": "#4"},
				"down": {"uv": [14.02381, 3.2381, 14.5, 3.66667], "texture": "#4"}
			}
		},
		{
			"from": [-0.25, -0.07516, 26.6333],
			"to": [16.15, 7.02484, 28.5833],
			"rotation": {"angle": 22.5, "axis": "x", "origin": [8, 10.72484, 28.3583]},
			"faces": {
				"north": {"uv": [14.02381, 3.2381, 14.5, 3.66667], "texture": "#4"},
				"east": {"uv": [14.02381, 3.2381, 14.5, 3.66667], "texture": "#4"},
				"south": {"uv": [14.02381, 3.2381, 14.5, 3.66667], "texture": "#4"},
				"west": {"uv": [14.02381, 3.2381, 14.5, 3.66667], "texture": "#4"},
				"up": {"uv": [14.02381, 3.2381, 14.5, 3.66667], "texture": "#4"},
				"down": {"uv": [14.02381, 3.2381, 14.5, 3.66667], "texture": "#4"}
			}
		},
		{
			"from": [10.55, 7.22039, 25.60025],
			"to": [13.45, 9.52039, 27.30025],
			"rotation": {"angle": 0, "axis": "x", "origin": [12, 3.02039, 27.45025]},
			"faces": {
				"north": {"uv": [14.5, 3.2381, 14.02381, 3.66667], "texture": "#0"},
				"east": {"uv": [14.5, 3.2381, 14.02381, 3.66667], "texture": "#0"},
				"south": {"uv": [14.5, 3.2381, 14.02381, 3.66667], "texture": "#0"},
				"west": {"uv": [14.5, 3.2381, 14.02381, 3.66667], "texture": "#0"},
				"up": {"uv": [14.5, 3.2381, 14.02381, 3.66667], "texture": "#0"},
				"down": {"uv": [14.5, 3.2381, 14.02381, 3.66667], "texture": "#0"}
			}
		},
		{
			"from": [9.85, 7.22039, 24.60025],
			"to": [13.15, 12.82039, 25.30025],
			"rotation": {"angle": 0, "axis": "x", "origin": [11.5, 3.02039, 27.45025]},
			"faces": {
				"north": {"uv": [0, 0, 16, 16], "texture": "#1"},
				"east": {"uv": [0, 0, 16, 16], "texture": "#1"},
				"south": {"uv": [0, 0, 16, 16], "texture": "#1"},
				"west": {"uv": [0, 0, 16, 16], "texture": "#1"},
				"up": {"uv": [0, 0, 16, 16], "texture": "#1"},
				"down": {"uv": [0, 0, 16, 16], "texture": "#1"}
			}
		},
		{
			"from": [9.85, 2.9294, 23.74672],
			"to": [13.15, 7.5294, 24.44672],
			"rotation": {"angle": 22.5, "axis": "x", "origin": [7.5, 5.2294, 24.09672]},
			"faces": {
				"north": {"uv": [0, 0, 16, 16], "texture": "#1"},
				"east": {"uv": [0, 0, 16, 16], "texture": "#1"},
				"south": {"uv": [0, 0, 16, 16], "texture": "#1"},
				"west": {"uv": [0, 0, 16, 16], "texture": "#1"},
				"up": {"uv": [0, 0, 16, 16], "texture": "#1"},
				"down": {"uv": [0, 0, 16, 16], "texture": "#1"}
			}
		},
		{
			"from": [13.15, 7.22039, 24.30025],
			"to": [13.95, 12.32039, 25.00025],
			"rotation": {"angle": 0, "axis": "x", "origin": [11.5, 3.02039, 27.15025]},
			"faces": {
				"north": {"uv": [0, 0, 16, 16], "texture": "#1"},
				"east": {"uv": [0, 0, 16, 16], "texture": "#1"},
				"south": {"uv": [0, 0, 16, 16], "texture": "#1"},
				"west": {"uv": [0, 0, 16, 16], "texture": "#1"},
				"up": {"uv": [0, 0, 16, 16], "texture": "#1"},
				"down": {"uv": [0, 0, 16, 16], "texture": "#1"}
			}
		},
		{
			"from": [9.05, 7.22039, 24.30025],
			"to": [9.85, 12.32039, 25.00025],
			"rotation": {"angle": 0, "axis": "x", "origin": [11.5, 3.02039, 27.15025]},
			"faces": {
				"north": {"uv": [0, 0, 16, 16], "texture": "#1"},
				"east": {"uv": [0, 0, 16, 16], "texture": "#1"},
				"south": {"uv": [0, 0, 16, 16], "texture": "#1"},
				"west": {"uv": [0, 0, 16, 16], "texture": "#1"},
				"up": {"uv": [0, 0, 16, 16], "texture": "#1"},
				"down": {"uv": [0, 0, 16, 16], "texture": "#1"}
			}
		},
		{
			"from": [13.15, 2.9294, 23.44672],
			"to": [13.95, 7.5294, 24.14672],
			"rotation": {"angle": 22.5, "axis": "x", "origin": [7.5, 5.2294, 23.79672]},
			"faces": {
				"north": {"uv": [0, 0, 16, 16], "texture": "#1"},
				"east": {"uv": [0, 0, 16, 16], "texture": "#1"},
				"south": {"uv": [0, 0, 16, 16], "texture": "#1"},
				"west": {"uv": [0, 0, 16, 16], "texture": "#1"},
				"up": {"uv": [0, 0, 16, 16], "texture": "#1"},
				"down": {"uv": [0, 0, 16, 16], "texture": "#1"}
			}
		},
		{
			"from": [9.05, 2.9294, 23.44672],
			"to": [9.85, 7.5294, 24.14672],
			"rotation": {"angle": 22.5, "axis": "x", "origin": [3.4, 5.2294, 23.79672]},
			"faces": {
				"north": {"uv": [0, 0, 16, 16], "texture": "#1"},
				"east": {"uv": [0, 0, 16, 16], "texture": "#1"},
				"south": {"uv": [0, 0, 16, 16], "texture": "#1"},
				"west": {"uv": [0, 0, 16, 16], "texture": "#1"},
				"up": {"uv": [0, 0, 16, 16], "texture": "#1"},
				"down": {"uv": [0, 0, 16, 16], "texture": "#1"}
			}
		},
		{
			"from": [7, 0.9294, 22.64672],
			"to": [9, 7.5294, 24.34672],
			"rotation": {"angle": 22.5, "axis": "x", "origin": [3.35, 5.2294, 23.99672]},
			"faces": {
				"north": {"uv": [0, 0, 16, 16], "texture": "#1"},
				"east": {"uv": [0, 0, 16, 16], "texture": "#1"},
				"south": {"uv": [0, 0, 16, 16], "texture": "#1"},
				"west": {"uv": [0, 0, 16, 16], "texture": "#1"},
				"up": {"uv": [0, 0, 16, 16], "texture": "#1"},
				"down": {"uv": [0, 0, 16, 16], "texture": "#1"}
			}
		},
		{
			"from": [7.1, 7.22039, 23.50025],
			"to": [8.9, 11.82039, 25.60025],
			"rotation": {"angle": 0, "axis": "x", "origin": [8, 9.52039, 24.35025]},
			"faces": {
				"north": {"uv": [0, 0, 16, 16], "texture": "#1"},
				"east": {"uv": [0, 0, 16, 16], "texture": "#1"},
				"south": {"uv": [0, 0, 16, 16], "texture": "#1"},
				"west": {"uv": [0, 0, 16, 16], "texture": "#1"},
				"up": {"uv": [0, 0, 16, 16], "texture": "#1"},
				"down": {"uv": [0, 0, 16, 16], "texture": "#1"}
			}
		},
		{
			"from": [13.95, 7.22039, 23.90025],
			"to": [14.75, 11.82039, 24.60025],
			"rotation": {"angle": 0, "axis": "x", "origin": [12.3, 3.02039, 26.75025]},
			"faces": {
				"north": {"uv": [0, 0, 16, 16], "texture": "#1"},
				"east": {"uv": [0, 0, 16, 16], "texture": "#1"},
				"south": {"uv": [0, 0, 16, 16], "texture": "#1"},
				"west": {"uv": [0, 0, 16, 16], "texture": "#1"},
				"up": {"uv": [0, 0, 16, 16], "texture": "#1"},
				"down": {"uv": [0, 0, 16, 16], "texture": "#1"}
			}
		},
		{
			"from": [13.95, 2.9294, 23.04672],
			"to": [14.75, 7.5294, 23.74672],
			"rotation": {"angle": 22.5, "axis": "x", "origin": [8.3, 5.2294, 23.39672]},
			"faces": {
				"north": {"uv": [0, 0, 16, 16], "texture": "#1"},
				"east": {"uv": [0, 0, 16, 16], "texture": "#1"},
				"south": {"uv": [0, 0, 16, 16], "texture": "#1"},
				"west": {"uv": [0, 0, 16, 16], "texture": "#1"},
				"up": {"uv": [0, 0, 16, 16], "texture": "#1"},
				"down": {"uv": [0, 0, 16, 16], "texture": "#1"}
			}
		},
		{
			"from": [6.15, 7.22039, 24.30025],
			"to": [6.95, 12.32039, 25.00025],
			"rotation": {"angle": 0, "axis": "x", "origin": [4.5, 3.02039, 27.15025]},
			"faces": {
				"north": {"uv": [16, 0, 0, 16], "texture": "#1"},
				"east": {"uv": [16, 0, 0, 16], "texture": "#1"},
				"south": {"uv": [16, 0, 0, 16], "texture": "#1"},
				"west": {"uv": [16, 0, 0, 16], "texture": "#1"},
				"up": {"uv": [16, 0, 0, 16], "texture": "#1"},
				"down": {"uv": [16, 0, 0, 16], "texture": "#1"}
			}
		},
		{
			"from": [2.85, 7.22039, 24.60025],
			"to": [6.15, 12.82039, 25.30025],
			"rotation": {"angle": 0, "axis": "x", "origin": [4.5, 3.02039, 27.45025]},
			"faces": {
				"north": {"uv": [16, 0, 0, 16], "texture": "#1"},
				"east": {"uv": [16, 0, 0, 16], "texture": "#1"},
				"south": {"uv": [16, 0, 0, 16], "texture": "#1"},
				"west": {"uv": [16, 0, 0, 16], "texture": "#1"},
				"up": {"uv": [16, 0, 0, 16], "texture": "#1"},
				"down": {"uv": [16, 0, 0, 16], "texture": "#1"}
			}
		},
		{
			"from": [2.05, 7.22039, 24.30025],
			"to": [2.85, 12.32039, 25.00025],
			"rotation": {"angle": 0, "axis": "x", "origin": [4.5, 3.02039, 27.15025]},
			"faces": {
				"north": {"uv": [16, 0, 0, 16], "texture": "#1"},
				"east": {"uv": [16, 0, 0, 16], "texture": "#1"},
				"south": {"uv": [16, 0, 0, 16], "texture": "#1"},
				"west": {"uv": [16, 0, 0, 16], "texture": "#1"},
				"up": {"uv": [16, 0, 0, 16], "texture": "#1"},
				"down": {"uv": [16, 0, 0, 16], "texture": "#1"}
			}
		},
		{
			"from": [1.25, 7.22039, 23.90025],
			"to": [2.05, 11.82039, 24.60025],
			"rotation": {"angle": 0, "axis": "x", "origin": [3.7, 3.02039, 26.75025]},
			"faces": {
				"north": {"uv": [16, 0, 0, 16], "texture": "#1"},
				"east": {"uv": [16, 0, 0, 16], "texture": "#1"},
				"south": {"uv": [16, 0, 0, 16], "texture": "#1"},
				"west": {"uv": [16, 0, 0, 16], "texture": "#1"},
				"up": {"uv": [16, 0, 0, 16], "texture": "#1"},
				"down": {"uv": [16, 0, 0, 16], "texture": "#1"}
			}
		},
		{
			"from": [2.85, 2.9294, 23.74672],
			"to": [6.15, 7.5294, 24.44672],
			"rotation": {"angle": 22.5, "axis": "x", "origin": [8.5, 5.2294, 24.09672]},
			"faces": {
				"north": {"uv": [16, 0, 0, 16], "texture": "#1"},
				"east": {"uv": [16, 0, 0, 16], "texture": "#1"},
				"south": {"uv": [16, 0, 0, 16], "texture": "#1"},
				"west": {"uv": [16, 0, 0, 16], "texture": "#1"},
				"up": {"uv": [16, 0, 0, 16], "texture": "#1"},
				"down": {"uv": [16, 0, 0, 16], "texture": "#1"}
			}
		},
		{
			"from": [8.6, 1.3794, 19.29672],
			"to": [14.4, 3.0794, 23.89672],
			"rotation": {"angle": 22.5, "axis": "x", "origin": [8, 5.2294, 24.09672]},
			"faces": {
				"north": {"uv": [0, 0, 16, 16], "rotation": 180, "texture": "#1"},
				"east": {"uv": [0, 0, 16, 16], "rotation": 90, "texture": "#1"},
				"south": {"uv": [0, 0, 16, 16], "texture": "#1"},
				"west": {"uv": [0, 0, 16, 16], "rotation": 270, "texture": "#1"},
				"up": {"uv": [0, 0, 16, 16], "texture": "#1"},
				"down": {"uv": [0, 0, 16, 16], "rotation": 180, "texture": "#1"}
			}
		},
		{
			"from": [1.6, 1.3794, 19.29672],
			"to": [7.4, 3.0794, 23.89672],
			"rotation": {"angle": 22.5, "axis": "x", "origin": [8, 5.2294, 24.09672]},
			"faces": {
				"north": {"uv": [16, 0, 0, 16], "rotation": 180, "texture": "#1"},
				"east": {"uv": [0, 16, 16, 0], "rotation": 270, "texture": "#1"},
				"south": {"uv": [16, 0, 0, 16], "texture": "#1"},
				"west": {"uv": [0, 16, 16, 0], "rotation": 90, "texture": "#1"},
				"up": {"uv": [16, 0, 0, 16], "texture": "#1"},
				"down": {"uv": [16, 0, 0, 16], "rotation": 180, "texture": "#1"}
			}
		},
		{
			"from": [6.15, 2.9294, 23.44672],
			"to": [6.95, 7.5294, 24.14672],
			"rotation": {"angle": 22.5, "axis": "x", "origin": [12.6, 5.2294, 23.79672]},
			"faces": {
				"north": {"uv": [16, 0, 0, 16], "texture": "#1"},
				"east": {"uv": [16, 0, 0, 16], "texture": "#1"},
				"south": {"uv": [16, 0, 0, 16], "texture": "#1"},
				"west": {"uv": [16, 0, 0, 16], "texture": "#1"},
				"up": {"uv": [16, 0, 0, 16], "texture": "#1"},
				"down": {"uv": [16, 0, 0, 16], "texture": "#1"}
			}
		},
		{
			"from": [1.25, 2.9294, 23.04672],
			"to": [2.05, 7.5294, 23.74672],
			"rotation": {"angle": 22.5, "axis": "x", "origin": [7.7, 5.2294, 23.39672]},
			"faces": {
				"north": {"uv": [16, 0, 0, 16], "texture": "#1"},
				"east": {"uv": [16, 0, 0, 16], "texture": "#1"},
				"south": {"uv": [16, 0, 0, 16], "texture": "#1"},
				"west": {"uv": [16, 0, 0, 16], "texture": "#1"},
				"up": {"uv": [16, 0, 0, 16], "texture": "#1"},
				"down": {"uv": [16, 0, 0, 16], "texture": "#1"}
			}
		},
		{
			"from": [2.05, 2.9294, 23.44672],
			"to": [2.85, 7.5294, 24.14672],
			"rotation": {"angle": 22.5, "axis": "x", "origin": [8.5, 5.2294, 23.79672]},
			"faces": {
				"north": {"uv": [16, 0, 0, 16], "texture": "#1"},
				"east": {"uv": [16, 0, 0, 16], "texture": "#1"},
				"south": {"uv": [16, 0, 0, 16], "texture": "#1"},
				"west": {"uv": [16, 0, 0, 16], "texture": "#1"},
				"up": {"uv": [16, 0, 0, 16], "texture": "#1"},
				"down": {"uv": [16, 0, 0, 16], "texture": "#1"}
			}
		},
		{
			"from": [13.85, 6.32039, 26.80025],
			"to": [15.85, 7.82039, 27.30025],
			"rotation": {"angle": 0, "axis": "x", "origin": [12, 3.02039, 27.45025]},
			"faces": {
				"north": {"uv": [0, 0, 16, 16], "texture": "#1"},
				"east": {"uv": [0, 0, 16, 16], "texture": "#1"},
				"south": {"uv": [0, 0, 16, 16], "texture": "#1"},
				"west": {"uv": [0, 0, 16, 16], "texture": "#1"},
				"up": {"uv": [0, 0, 16, 16], "texture": "#1"},
				"down": {"uv": [0, 0, 16, 16], "texture": "#1"}
			}
		},
		{
			"from": [14.85, 6.82039, 25.20025],
			"to": [16.85, 8.32039, 26.80025],
			"rotation": {"angle": 0, "axis": "x", "origin": [12, 3.02039, 27.45025]},
			"faces": {
				"north": {"uv": [0, 0, 16, 16], "texture": "#1"},
				"east": {"uv": [0, 0, 16, 16], "texture": "#1"},
				"south": {"uv": [0, 0, 16, 16], "texture": "#1"},
				"west": {"uv": [0, 0, 16, 16], "texture": "#1"},
				"up": {"uv": [0, 0, 16, 16], "texture": "#1"},
				"down": {"uv": [0, 0, 16, 16], "texture": "#1"}
			}
		},
		{
			"from": [15.25, 7.52039, 23.60025],
			"to": [17.25, 9.02039, 25.20025],
			"rotation": {"angle": 0, "axis": "x", "origin": [12, 3.02039, 27.45025]},
			"faces": {
				"north": {"uv": [0, 0, 16, 16], "texture": "#1"},
				"east": {"uv": [0, 0, 16, 16], "texture": "#1"},
				"south": {"uv": [0, 0, 16, 16], "texture": "#1"},
				"west": {"uv": [0, 0, 16, 16], "texture": "#1"},
				"up": {"uv": [0, 0, 16, 16], "texture": "#1"},
				"down": {"uv": [0, 0, 16, 16], "texture": "#1"}
			}
		},
		{
			"from": [0.15, 6.32039, 26.80025],
			"to": [2.15, 7.82039, 27.30025],
			"rotation": {"angle": 0, "axis": "x", "origin": [4, 3.02039, 27.45025]},
			"faces": {
				"north": {"uv": [16, 0, 0, 16], "texture": "#1"},
				"east": {"uv": [16, 0, 0, 16], "texture": "#1"},
				"south": {"uv": [16, 0, 0, 16], "texture": "#1"},
				"west": {"uv": [16, 0, 0, 16], "texture": "#1"},
				"up": {"uv": [16, 0, 0, 16], "texture": "#1"},
				"down": {"uv": [16, 0, 0, 16], "texture": "#1"}
			}
		},
		{
			"from": [-0.85, 6.82039, 25.20025],
			"to": [1.15, 8.32039, 26.80025],
			"rotation": {"angle": 0, "axis": "x", "origin": [4, 3.02039, 27.45025]},
			"faces": {
				"north": {"uv": [16, 0, 0, 16], "texture": "#1"},
				"east": {"uv": [16, 0, 0, 16], "texture": "#1"},
				"south": {"uv": [16, 0, 0, 16], "texture": "#1"},
				"west": {"uv": [16, 0, 0, 16], "texture": "#1"},
				"up": {"uv": [16, 0, 0, 16], "texture": "#1"},
				"down": {"uv": [16, 0, 0, 16], "texture": "#1"}
			}
		},
		{
			"from": [-1.25, 7.52039, 23.60025],
			"to": [0.75, 9.02039, 25.20025],
			"rotation": {"angle": 0, "axis": "x", "origin": [4, 3.02039, 27.45025]},
			"faces": {
				"north": {"uv": [16, 0, 0, 16], "texture": "#1"},
				"east": {"uv": [16, 0, 0, 16], "texture": "#1"},
				"south": {"uv": [16, 0, 0, 16], "texture": "#1"},
				"west": {"uv": [16, 0, 0, 16], "texture": "#1"},
				"up": {"uv": [16, 0, 0, 16], "texture": "#1"},
				"down": {"uv": [16, 0, 0, 16], "texture": "#1"}
			}
		},
		{
			"from": [10.55, 3.7, 24.9],
			"to": [13.45, 7.3, 26.6],
			"rotation": {"angle": 22.5, "axis": "x", "origin": [12, 5.5, 26.75]},
			"faces": {
				"north": {"uv": [14.5, 3.2381, 14.02381, 3.66667], "texture": "#0"},
				"east": {"uv": [14.5, 3.2381, 14.02381, 3.66667], "texture": "#0"},
				"south": {"uv": [14.5, 3.2381, 14.02381, 3.66667], "texture": "#0"},
				"west": {"uv": [14.5, 3.2381, 14.02381, 3.66667], "texture": "#0"},
				"up": {"uv": [14.5, 3.2381, 14.02381, 3.66667], "texture": "#0"},
				"down": {"uv": [14.5, 3.2381, 14.02381, 3.66667], "texture": "#0"}
			}
		},
		{
			"from": [0.55, 9.52039, 25.60025],
			"to": [15.45, 11.52039, 27.30025],
			"rotation": {"angle": 0, "axis": "x", "origin": [4, 3.02039, 27.45025]},
			"faces": {
				"north": {"uv": [14.02381, 3.2381, 14.5, 3.66667], "texture": "#4"},
				"east": {"uv": [14.02381, 3.2381, 14.5, 3.66667], "texture": "#0"},
				"south": {"uv": [14.02381, 3.2381, 14.5, 3.66667], "texture": "#0"},
				"west": {"uv": [14.02381, 3.2381, 14.5, 3.66667], "texture": "#0"},
				"up": {"uv": [14.02381, 3.2381, 14.5, 3.66667], "texture": "#0"},
				"down": {"uv": [14.02381, 3.2381, 14.5, 3.66667], "texture": "#0"}
			}
		},
		{
			"from": [-1.0486, 9.52039, 25.28227],
			"to": [0.9514, 11.92039, 26.98227],
			"rotation": {"angle": -22.5, "axis": "y", "origin": [-0.0486, 11.52039, 26.13227]},
			"faces": {
				"north": {"uv": [14.02381, 3.2381, 14.5, 3.66667], "texture": "#4"},
				"east": {"uv": [14.02381, 3.2381, 14.5, 3.66667], "texture": "#0"},
				"south": {"uv": [14.02381, 3.2381, 14.5, 3.66667], "texture": "#0"},
				"west": {"uv": [14.02381, 3.2381, 14.5, 3.66667], "texture": "#0"},
				"up": {"uv": [14.02381, 3.2381, 14.5, 3.66667], "texture": "#0"},
				"down": {"uv": [14.02381, 3.2381, 14.5, 3.66667], "texture": "#0"}
			}
		},
		{
			"from": [-2.40383, 9.52039, 24.37673],
			"to": [-0.50383, 12.52039, 26.07673],
			"rotation": {"angle": -45, "axis": "y", "origin": [-1.40383, 11.52039, 25.22673]},
			"faces": {
				"north": {"uv": [14.02381, 3.2381, 14.5, 3.66667], "texture": "#4"},
				"east": {"uv": [14.02381, 3.2381, 14.5, 3.66667], "texture": "#0"},
				"south": {"uv": [14.02381, 3.2381, 14.5, 3.66667], "texture": "#0"},
				"west": {"uv": [14.02381, 3.2381, 14.5, 3.66667], "texture": "#0"},
				"up": {"uv": [14.02381, 3.2381, 14.5, 3.66667], "texture": "#0"},
				"down": {"uv": [14.02381, 3.2381, 14.5, 3.66667], "texture": "#0"}
			}
		},
		{
			"from": [16.40383, 9.52039, 24.37673],
			"to": [18.10383, 12.52039, 26.07673],
			"rotation": {"angle": 45, "axis": "y", "origin": [17.40383, 11.52039, 25.22673]},
			"faces": {
				"north": {"uv": [14.5, 3.2381, 14.02381, 3.66667], "texture": "#4"},
				"east": {"uv": [14.5, 3.2381, 14.02381, 3.66667], "texture": "#0"},
				"south": {"uv": [14.5, 3.2381, 14.02381, 3.66667], "texture": "#0"},
				"west": {"uv": [14.5, 3.2381, 14.02381, 3.66667], "texture": "#0"},
				"up": {"uv": [14.5, 3.2381, 14.02381, 3.66667], "texture": "#0"},
				"down": {"uv": [14.5, 3.2381, 14.02381, 3.66667], "texture": "#0"}
			}
		},
		{
			"from": [15.0486, 9.52039, 25.28227],
			"to": [17.0486, 11.92039, 26.98227],
			"rotation": {"angle": 22.5, "axis": "y", "origin": [16.0486, 11.52039, 26.13227]},
			"faces": {
				"north": {"uv": [14.5, 3.2381, 14.02381, 3.66667], "texture": "#4"},
				"east": {"uv": [14.5, 3.2381, 14.02381, 3.66667], "texture": "#0"},
				"south": {"uv": [14.5, 3.2381, 14.02381, 3.66667], "texture": "#0"},
				"west": {"uv": [14.5, 3.2381, 14.02381, 3.66667], "texture": "#0"},
				"up": {"uv": [14.5, 3.2381, 14.02381, 3.66667], "texture": "#0"},
				"down": {"uv": [14.5, 3.2381, 14.02381, 3.66667], "texture": "#0"}
			}
		},
		{
			"from": [0.55, 0.82039, 20.30025],
			"to": [15.45, 3.32039, 24.00025],
			"rotation": {"angle": 0, "axis": "x", "origin": [4, 3.02039, 27.45025]},
			"faces": {
				"north": {"uv": [14.02381, 3.2381, 14.5, 3.66667], "texture": "#4"},
				"east": {"uv": [14.02381, 3.2381, 14.5, 3.66667], "texture": "#4"},
				"south": {"uv": [14.02381, 3.2381, 14.5, 3.66667], "texture": "#4"},
				"west": {"uv": [14.02381, 3.2381, 14.5, 3.66667], "texture": "#4"},
				"up": {"uv": [14.02381, 3.2381, 14.5, 3.66667], "texture": "#4"},
				"down": {"uv": [14.02381, 3.2381, 14.5, 3.66667], "texture": "#4"}
			}
		},
		{
			"from": [-1.85, 0.8, 7.4],
			"to": [0.85, 4.1, 13.1],
			"rotation": {"angle": 0, "axis": "y", "origin": [3.65, 0, 0]},
			"faces": {
				"north": {"uv": [14.02381, 3.2381, 14.5, 3.66667], "texture": "#0"},
				"east": {"uv": [14.02381, 3.2381, 14.5, 3.66667], "texture": "#0"},
				"south": {"uv": [14.02381, 3.2381, 14.5, 3.66667], "texture": "#0"},
				"west": {"uv": [14.02381, 3.2381, 14.5, 3.66667], "texture": "#0"},
				"up": {"uv": [14.02381, 3.2381, 14.5, 3.66667], "texture": "#0"},
				"down": {"uv": [14.02381, 3.2381, 14.5, 3.66667], "texture": "#0"}
			}
		},
		{
			"from": [15.05, 3.7, 8.4],
			"to": [17.95, 7.3, 13.1],
			"rotation": {"angle": 0, "axis": "y", "origin": [12.25, 0, 0]},
			"faces": {
				"north": {"uv": [14.02381, 3.2381, 14.5, 3.66667], "texture": "#0"},
				"east": {"uv": [14.02381, 3.2381, 14.5, 3.66667], "texture": "#0"},
				"south": {"uv": [14.02381, 3.2381, 14.5, 3.66667], "texture": "#0"},
				"west": {"uv": [14.02381, 3.2381, 14.5, 3.66667], "texture": "#0"},
				"up": {"uv": [14.02381, 3.2381, 14.5, 3.66667], "texture": "#0"},
				"down": {"uv": [14.02381, 3.2381, 14.5, 3.66667], "texture": "#0"}
			}
		},
		{
			"from": [15.15, 0.8, 7.4],
			"to": [17.85, 4.1, 13.1],
			"rotation": {"angle": 0, "axis": "y", "origin": [12.35, 0, 0]},
			"faces": {
				"north": {"uv": [14.02381, 3.2381, 14.5, 3.66667], "texture": "#0"},
				"east": {"uv": [14.02381, 3.2381, 14.5, 3.66667], "texture": "#0"},
				"south": {"uv": [14.02381, 3.2381, 14.5, 3.66667], "texture": "#0"},
				"west": {"uv": [14.02381, 3.2381, 14.5, 3.66667], "texture": "#0"},
				"up": {"uv": [14.02381, 3.2381, 14.5, 3.66667], "texture": "#0"},
				"down": {"uv": [14.02381, 3.2381, 14.5, 3.66667], "texture": "#0"}
			}
		},
		{
			"from": [16.15, 0.8, 13.1],
			"to": [17.35, 4.1, 17.6],
			"rotation": {"angle": 0, "axis": "y", "origin": [12.35, 0, 0]},
			"faces": {
				"north": {"uv": [12.3119, 1.2619, 15.57619, 2.55714], "texture": "#0"},
				"east": {"uv": [12.3119, 1.2619, 15.57619, 2.55714], "texture": "#0"},
				"south": {"uv": [12.3119, 1.2619, 15.57619, 2.55714], "texture": "#0"},
				"west": {"uv": [12.3119, 1.2619, 15.57619, 2.55714], "texture": "#0"},
				"up": {"uv": [12.3119, 1.2619, 15.57619, 2.55714], "texture": "#0"},
				"down": {"uv": [12.3119, 1.2619, 15.57619, 2.55714], "texture": "#0"}
			}
		},
		{
			"from": [16.15, 0.8, 17.75],
			"to": [17.35, 4.1, 23.75],
			"rotation": {"angle": 0, "axis": "y", "origin": [12.35, 0, -1.6]},
			"faces": {
				"north": {"uv": [12.3119, 1.2619, 15.57619, 2.55714], "texture": "#0"},
				"east": {"uv": [15.57619, 1.2619, 14.62143, 2.55714], "texture": "#0"},
				"south": {"uv": [12.3119, 1.2619, 15.57619, 2.55714], "texture": "#0"},
				"west": {"uv": [12.3119, 1.2619, 15.57619, 2.55714], "texture": "#0"},
				"up": {"uv": [12.3119, 1.2619, 15.57619, 2.55714], "texture": "#0"},
				"down": {"uv": [12.3119, 1.2619, 15.57619, 2.55714], "texture": "#0"}
			}
		},
		{
			"from": [16.25, 0.51247, 23.19553],
			"to": [17.25, 3.81247, 25.19553],
			"rotation": {"angle": 22.5, "axis": "x", "origin": [16.75, 2.56247, 24.19553]},
			"faces": {
				"north": {"uv": [12.3119, 1.2619, 15.57619, 2.55714], "texture": "#0"},
				"east": {"uv": [12.3119, 1.2619, 15.57619, 2.55714], "texture": "#0"},
				"south": {"uv": [12.3119, 1.2619, 15.57619, 2.55714], "texture": "#0"},
				"west": {"uv": [12.3119, 1.2619, 15.57619, 2.55714], "texture": "#0"},
				"up": {"uv": [12.3119, 1.2619, 15.57619, 2.55714], "texture": "#0"},
				"down": {"uv": [12.3119, 1.2619, 15.57619, 2.55714], "texture": "#0"}
			}
		},
		{
			"from": [-1.35, 0.8, 13.1],
			"to": [-0.15, 4.1, 17.6],
			"rotation": {"angle": 0, "axis": "y", "origin": [3.65, 0, 0]},
			"faces": {
				"north": {"uv": [15.57619, 1.2619, 12.3119, 2.55714], "texture": "#0"},
				"east": {"uv": [15.57619, 1.2619, 12.3119, 2.55714], "texture": "#0"},
				"south": {"uv": [15.57619, 1.2619, 12.3119, 2.55714], "texture": "#0"},
				"west": {"uv": [15.57619, 1.2619, 12.3119, 2.55714], "texture": "#0"},
				"up": {"uv": [15.57619, 1.2619, 12.3119, 2.55714], "texture": "#0"},
				"down": {"uv": [15.57619, 1.2619, 12.3119, 2.55714], "texture": "#0"}
			}
		},
		{
			"from": [-1.35, 0.8, 17.75],
			"to": [-0.15, 4.1, 23.75],
			"rotation": {"angle": 0, "axis": "y", "origin": [3.65, 0, -1.6]},
			"faces": {
				"north": {"uv": [15.57619, 1.2619, 12.3119, 2.55714], "texture": "#0"},
				"east": {"uv": [15.57619, 1.2619, 12.3119, 2.55714], "texture": "#0"},
				"south": {"uv": [15.57619, 1.2619, 12.3119, 2.55714], "texture": "#0"},
				"west": {"uv": [14.62143, 1.2619, 15.57619, 2.55714], "texture": "#0"},
				"up": {"uv": [15.57619, 1.2619, 12.3119, 2.55714], "texture": "#0"},
				"down": {"uv": [15.57619, 1.2619, 12.3119, 2.55714], "texture": "#0"}
			}
		},
		{
			"from": [-0.4, 2.95, 18.75],
			"to": [0.1, 5.2, 24.75],
			"rotation": {"angle": 0, "axis": "y", "origin": [3.65, 0, -1.6]},
			"faces": {
				"north": {"uv": [15.57619, 1.2619, 12.3119, 2.55714], "texture": "#1"},
				"east": {"uv": [15.57619, 1.2619, 12.3119, 2.55714], "texture": "#1"},
				"south": {"uv": [15.57619, 1.2619, 12.3119, 2.55714], "texture": "#1"},
				"west": {"uv": [15.57619, 1.2619, 12.3119, 2.55714], "texture": "#1"},
				"up": {"uv": [15.57619, 1.2619, 12.3119, 2.55714], "texture": "#1"},
				"down": {"uv": [15.57619, 1.2619, 12.3119, 2.55714], "texture": "#1"}
			}
		},
		{
			"from": [-0.4, 5.2, 18.65],
			"to": [0.1, 6.85, 23.75],
			"rotation": {"angle": 0, "axis": "y", "origin": [3.65, 0.05, -1.6]},
			"faces": {
				"north": {"uv": [15.57619, 1.2619, 12.3119, 2.55714], "texture": "#1"},
				"east": {"uv": [15.57619, 1.2619, 12.3119, 2.55714], "texture": "#1"},
				"south": {"uv": [15.57619, 1.2619, 12.3119, 2.55714], "texture": "#1"},
				"west": {"uv": [15.57619, 1.2619, 12.3119, 2.55714], "texture": "#1"},
				"up": {"uv": [15.57619, 1.2619, 12.3119, 2.55714], "texture": "#1"},
				"down": {"uv": [15.57619, 1.2619, 12.3119, 2.55714], "texture": "#1"}
			}
		},
		{
			"from": [15.9, 2.95, 18.75],
			"to": [16.4, 5.2, 24.75],
			"rotation": {"angle": 0, "axis": "y", "origin": [12.35, 0, -1.6]},
			"faces": {
				"north": {"uv": [12.3119, 1.2619, 15.57619, 2.55714], "texture": "#1"},
				"east": {"uv": [12.3119, 1.2619, 15.57619, 2.55714], "texture": "#1"},
				"south": {"uv": [12.3119, 1.2619, 15.57619, 2.55714], "texture": "#1"},
				"west": {"uv": [12.3119, 1.2619, 15.57619, 2.55714], "texture": "#1"},
				"up": {"uv": [12.3119, 1.2619, 15.57619, 2.55714], "texture": "#1"},
				"down": {"uv": [12.3119, 1.2619, 15.57619, 2.55714], "texture": "#1"}
			}
		},
		{
			"from": [15.9, 5.2, 18.65],
			"to": [16.4, 6.85, 23.75],
			"rotation": {"angle": 0, "axis": "y", "origin": [12.35, 0.05, -1.6]},
			"faces": {
				"north": {"uv": [12.3119, 1.2619, 15.57619, 2.55714], "texture": "#1"},
				"east": {"uv": [12.3119, 1.2619, 15.57619, 2.55714], "texture": "#1"},
				"south": {"uv": [12.3119, 1.2619, 15.57619, 2.55714], "texture": "#1"},
				"west": {"uv": [12.3119, 1.2619, 15.57619, 2.55714], "texture": "#1"},
				"up": {"uv": [12.3119, 1.2619, 15.57619, 2.55714], "texture": "#1"},
				"down": {"uv": [12.3119, 1.2619, 15.57619, 2.55714], "texture": "#1"}
			}
		},
		{
			"from": [-0.4, 6.85, 19.25],
			"to": [0.1, 7.45, 22.75],
			"rotation": {"angle": 0, "axis": "y", "origin": [3.65, 0.05, -1.6]},
			"faces": {
				"north": {"uv": [15.57619, 1.2619, 12.3119, 2.55714], "texture": "#1"},
				"east": {"uv": [15.57619, 1.2619, 12.3119, 2.55714], "texture": "#1"},
				"south": {"uv": [15.57619, 1.2619, 12.3119, 2.55714], "texture": "#1"},
				"west": {"uv": [15.57619, 1.2619, 12.3119, 2.55714], "texture": "#1"},
				"up": {"uv": [15.57619, 1.2619, 12.3119, 2.55714], "texture": "#1"},
				"down": {"uv": [15.57619, 1.2619, 12.3119, 2.55714], "texture": "#1"}
			}
		},
		{
			"from": [15.9, 6.85, 19.25],
			"to": [16.4, 7.45, 22.75],
			"rotation": {"angle": 0, "axis": "y", "origin": [12.35, 0.05, -1.6]},
			"faces": {
				"north": {"uv": [12.3119, 1.2619, 15.57619, 2.55714], "texture": "#1"},
				"east": {"uv": [12.3119, 1.2619, 15.57619, 2.55714], "texture": "#1"},
				"south": {"uv": [12.3119, 1.2619, 15.57619, 2.55714], "texture": "#1"},
				"west": {"uv": [12.3119, 1.2619, 15.57619, 2.55714], "texture": "#1"},
				"up": {"uv": [12.3119, 1.2619, 15.57619, 2.55714], "texture": "#1"},
				"down": {"uv": [12.3119, 1.2619, 15.57619, 2.55714], "texture": "#1"}
			}
		},
		{
			"from": [-1.25, 0.51247, 23.19553],
			"to": [-0.25, 3.81247, 25.19553],
			"rotation": {"angle": 22.5, "axis": "x", "origin": [-0.75, 2.56247, 24.19553]},
			"faces": {
				"north": {"uv": [15.57619, 1.2619, 12.3119, 2.55714], "texture": "#0"},
				"east": {"uv": [15.57619, 1.2619, 12.3119, 2.55714], "texture": "#0"},
				"south": {"uv": [15.57619, 1.2619, 12.3119, 2.55714], "texture": "#0"},
				"west": {"uv": [15.57619, 1.2619, 12.3119, 2.55714], "texture": "#0"},
				"up": {"uv": [15.57619, 1.2619, 12.3119, 2.55714], "texture": "#0"},
				"down": {"uv": [15.57619, 1.2619, 12.3119, 2.55714], "texture": "#0"}
			}
		},
		{
			"from": [0, 0, 2],
			"to": [16, 3.8, 4.7],
			"rotation": {"angle": 0, "axis": "y", "origin": [4, 0, 0]},
			"faces": {
				"north": {"uv": [14.02381, 3.2381, 14.5, 3.66667], "texture": "#0"},
				"east": {"uv": [14.02381, 3.2381, 14.5, 3.66667], "texture": "#0"},
				"south": {"uv": [14.02381, 3.2381, 14.5, 3.66667], "texture": "#0"},
				"west": {"uv": [14.02381, 3.2381, 14.5, 3.66667], "texture": "#0"},
				"up": {"uv": [14.02381, 3.2381, 14.5, 3.66667], "texture": "#0"},
				"down": {"uv": [14.02381, 3.2381, 14.5, 3.66667], "texture": "#0"}
			}
		},
		{
			"from": [17.4, 0.5, 6],
			"to": [18, 9, 15],
			"faces": {
				"east": {"uv": [16, 4.92857, 12.92857, 9.85714], "texture": "#0"}
			}
		},
		{
			"from": [17.26976, 0.5, 1.24525],
			"to": [17.86976, 9, 6.14525],
			"rotation": {"angle": 22.5, "axis": "y", "origin": [17.56976, 5.25, 5.74525]},
			"faces": {
				"east": {"uv": [12.92857, 4.92857, 10.78571, 9.85714], "texture": "#0"}
			}
		},
		{
			"from": [13.88031, 0.5, 0.25271],
			"to": [14.48031, 9, 2.40271],
			"rotation": {"angle": 45, "axis": "y", "origin": [14.18031, 4.75, -0.04729]},
			"faces": {
				"east": {"uv": [10.78571, 4.92857, 9.71429, 9.85714], "texture": "#0"}
			}
		},
		{
			"from": [-2, 0.5, 6],
			"to": [-1.4, 9, 15],
			"rotation": {"angle": 0, "axis": "y", "origin": [16, 0, 0]},
			"faces": {
				"west": {"uv": [12.92857, 4.92857, 16, 9.85714], "texture": "#0"}
			}
		},
		{
			"from": [-1.86976, 0.5, 1.24525],
			"to": [-1.26976, 9, 6.14525],
			"rotation": {"angle": -22.5, "axis": "y", "origin": [-1.56976, 5.25, 5.74525]},
			"faces": {
				"west": {"uv": [10.78571, 4.92857, 12.92857, 9.85714], "texture": "#0"}
			}
		},
		{
			"from": [1.51969, 0.5, 0.25271],
			"to": [2.11969, 9, 2.40271],
			"rotation": {"angle": -45, "axis": "y", "origin": [1.81969, 4.75, -0.04729]},
			"faces": {
				"west": {"uv": [9.71429, 4.92857, 10.78571, 9.85714], "texture": "#0"}
			}
		},
		{
			"from": [5.4, 9.48997, 7.91582],
			"to": [10.6, 9.53997, 12.96582],
			"rotation": {"angle": 0, "axis": "x", "origin": [8, 9.36497, 10.44082]},
			"faces": {
				"up": {"uv": [6.78571, 7.97619, 0.21429, 1.38095], "texture": "#0"},
				"down": {"uv": [0.21429, 1.38095, 6.78571, 7.97619], "texture": "#0"}
			}
		},
		{
			"from": [5.4, 9.38997, 7.91582],
			"to": [10.6, 9.43997, 12.96582],
			"rotation": {"angle": 0, "axis": "x", "origin": [8, 9.36497, 10.44082]},
			"faces": {
				"up": {"uv": [6.78571, 7.97619, 0.21429, 1.38095], "texture": "#0"},
				"down": {"uv": [0.21429, 1.38095, 6.78571, 7.97619], "texture": "#0"}
			}
		},
		{
			"from": [5.4, 9.28997, 7.91582],
			"to": [10.6, 9.33997, 12.96582],
			"rotation": {"angle": 0, "axis": "x", "origin": [8, 9.36497, 10.44082]},
			"faces": {
				"up": {"uv": [6.78571, 7.97619, 0.21429, 1.38095], "texture": "#0"},
				"down": {"uv": [0.21429, 1.38095, 6.78571, 7.97619], "texture": "#0"}
			}
		},
		{
			"from": [5.4, 9.18997, 7.91582],
			"to": [10.6, 9.23997, 12.96582],
			"rotation": {"angle": 0, "axis": "x", "origin": [8, 9.36497, 10.44082]},
			"faces": {
				"up": {"uv": [6.78571, 7.97619, 0.21429, 1.38095], "texture": "#0"},
				"down": {"uv": [0.21429, 1.38095, 6.78571, 7.97619], "texture": "#0"}
			}
		},
		{
			"from": [17, -0.8, 21],
			"to": [17.1, 1.9, 23.7],
			"rotation": {"angle": 0, "axis": "y", "origin": [16.7, 0.9, 3.1]},
			"faces": {
				"east": {"uv": [16, 0, 0, 16], "texture": "#2"}
			}
		},
		{
			"from": [-1.1, -0.8, 21],
			"to": [-1, 1.9, 23.7],
			"rotation": {"angle": 0, "axis": "y", "origin": [-0.7, 0.9, 3.1]},
			"faces": {
				"west": {"uv": [0, 0, 16, 16], "texture": "#2"}
			}
		},
		{
			"from": [17, -0.8, 3.1],
			"to": [17.1, 1.9, 5.8],
			"rotation": {"angle": 0, "axis": "y", "origin": [16.7, 0.9, 4.6]},
			"faces": {
				"east": {"uv": [16, 0, 0, 16], "texture": "#2"}
			}
		},
		{
			"from": [-1.1, -0.8, 3.1],
			"to": [-1, 1.9, 5.8],
			"rotation": {"angle": 0, "axis": "y", "origin": [-0.7, 0.9, 4.6]},
			"faces": {
				"west": {"uv": [0, 0, 16, 16], "texture": "#2"}
			}
		},
		{
			"from": [17, -3.75, 21.5],
			"to": [17.1, -2.05, 23.2],
			"rotation": {"angle": 0, "axis": "y", "origin": [16.7, 0.9, 3.1]},
			"faces": {
				"east": {"uv": [16, 0, 0, 16], "texture": "#2"}
			}
		},
		{
			"from": [14.8, -1.55, 19.9],
			"to": [16.5, -1.45, 21.6],
			"rotation": {"angle": 0, "axis": "z", "origin": [17.05, -2.9, 22.35]},
			"faces": {
				"up": {"uv": [16, 0, 0, 16], "rotation": 90, "texture": "#2"},
				"down": {"uv": [16, 0, 0, 16], "rotation": 90, "texture": "#2"}
			}
		},
		{
			"from": [14.8, -1.55, 23.2],
			"to": [16.5, -1.45, 24.9],
			"rotation": {"angle": 0, "axis": "z", "origin": [17.05, -2.9, 22.35]},
			"faces": {
				"up": {"uv": [16, 0, 0, 16], "rotation": 90, "texture": "#2"},
				"down": {"uv": [16, 0, 0, 16], "rotation": 90, "texture": "#2"}
			}
		},
		{
			"from": [14.8, -1.55, 1.9],
			"to": [16.5, -1.45, 3.6],
			"rotation": {"angle": 0, "axis": "z", "origin": [17.05, -2.9, 4.35]},
			"faces": {
				"up": {"uv": [16, 0, 0, 16], "rotation": 90, "texture": "#2"},
				"down": {"uv": [16, 0, 0, 16], "rotation": 90, "texture": "#2"}
			}
		},
		{
			"from": [14.8, -1.55, 5.2],
			"to": [16.5, -1.45, 6.9],
			"rotation": {"angle": 0, "axis": "z", "origin": [17.05, -2.9, 4.35]},
			"faces": {
				"up": {"uv": [16, 0, 0, 16], "rotation": 90, "texture": "#2"},
				"down": {"uv": [16, 0, 0, 16], "rotation": 90, "texture": "#2"}
			}
		},
		{
			"from": [-0.5, -1.55, 1.9],
			"to": [1.2, -1.45, 3.6],
			"rotation": {"angle": 0, "axis": "z", "origin": [-1.05, -2.9, 4.35]},
			"faces": {
				"up": {"uv": [16, 16, 0, 0], "rotation": 90, "texture": "#2"},
				"down": {"uv": [16, 16, 0, 0], "rotation": 90, "texture": "#2"}
			}
		},
		{
			"from": [-0.5, -1.55, 5.2],
			"to": [1.2, -1.45, 6.9],
			"rotation": {"angle": 0, "axis": "z", "origin": [-1.05, -2.9, 4.35]},
			"faces": {
				"up": {"uv": [16, 16, 0, 0], "rotation": 90, "texture": "#2"},
				"down": {"uv": [16, 16, 0, 0], "rotation": 90, "texture": "#2"}
			}
		},
		{
			"from": [-0.5, -1.55, 19.9],
			"to": [1.2, -1.45, 21.6],
			"rotation": {"angle": 0, "axis": "z", "origin": [-1.05, -2.9, 22.35]},
			"faces": {
				"up": {"uv": [16, 16, 0, 0], "rotation": 90, "texture": "#2"},
				"down": {"uv": [16, 16, 0, 0], "rotation": 90, "texture": "#2"}
			}
		},
		{
			"from": [-0.5, -1.55, 23.2],
			"to": [1.2, -1.45, 24.9],
			"rotation": {"angle": 0, "axis": "z", "origin": [-1.05, -2.9, 22.35]},
			"faces": {
				"up": {"uv": [16, 16, 0, 0], "rotation": 90, "texture": "#2"},
				"down": {"uv": [16, 16, 0, 0], "rotation": 90, "texture": "#2"}
			}
		},
		{
			"from": [-1.1, -3.75, 21.5],
			"to": [-1, -2.05, 23.2],
			"rotation": {"angle": 0, "axis": "y", "origin": [-0.7, 0.9, 3.1]},
			"faces": {
				"west": {"uv": [0, 0, 16, 16], "texture": "#2"}
			}
		},
		{
			"from": [17, -3.75, 3.6],
			"to": [17.1, -2.05, 5.3],
			"rotation": {"angle": 0, "axis": "y", "origin": [16.7, 0.9, 4.6]},
			"faces": {
				"east": {"uv": [16, 0, 0, 16], "texture": "#2"}
			}
		},
		{
			"from": [-1.1, -3.75, 3.6],
			"to": [-1, -2.05, 5.3],
			"rotation": {"angle": 0, "axis": "y", "origin": [-0.7, 0.9, 4.6]},
			"faces": {
				"west": {"uv": [0, 0, 16, 16], "texture": "#2"}
			}
		},
		{
			"from": [18.21197, 9.42039, 21.42067],
			"to": [18.22197, 13.32039, 25.42067],
			"rotation": {"angle": 0, "axis": "y", "origin": [17.71197, 11.52039, 25.37067]},
			"faces": {
				"east": {"uv": [15.97619, 0, 12.2381, 4.07143], "texture": "#0"},
				"west": {"uv": [12.2381, 0, 15.97619, 4.07143], "texture": "#0"}
			}
		},
		{
			"from": [18.21197, 12.02039, 21.42067],
			"to": [19.07197, 12.62039, 22.02067],
			"rotation": {"angle": 0, "axis": "y", "origin": [17.71197, 11.52039, 25.37067]},
			"faces": {
				"north": {"uv": [0, 0, 16, 16], "texture": "#6"},
				"east": {"uv": [0, 0, 16, 16], "texture": "#6"},
				"south": {"uv": [0, 0, 16, 16], "texture": "#6"},
				"west": {"uv": [0, 0, 16, 16], "texture": "#6"},
				"up": {"uv": [0, 0, 16, 16], "texture": "#6"},
				"down": {"uv": [0, 0, 16, 16], "texture": "#6"}
			}
		},
		{
			"from": [18.78662, 12.10929, 21.42067],
			"to": [19.28662, 12.70929, 22.02067],
			"rotation": {"angle": 45, "axis": "z", "origin": [19.03662, 12.40929, 21.72067]},
			"faces": {
				"north": {"uv": [0, 0, 16, 16], "texture": "#6"},
				"east": {"uv": [0, 0, 16, 16], "texture": "#6"},
				"south": {"uv": [0, 0, 16, 16], "texture": "#6"},
				"west": {"uv": [0, 0, 16, 16], "texture": "#6"},
				"up": {"uv": [0, 0, 16, 16], "texture": "#6"},
				"down": {"uv": [0, 0, 16, 16], "texture": "#6"}
			}
		},
		{
			"from": [18.92553, 12.37394, 21.42067],
			"to": [19.42553, 12.87394, 22.02067],
			"rotation": {"angle": 0, "axis": "z", "origin": [19.17553, 12.27394, 21.72067]},
			"faces": {
				"north": {"uv": [0, 0, 16, 16], "texture": "#6"},
				"east": {"uv": [0, 0, 16, 16], "texture": "#6"},
				"south": {"uv": [0, 0, 16, 16], "texture": "#6"},
				"west": {"uv": [0, 0, 16, 16], "texture": "#6"},
				"up": {"uv": [0, 0, 16, 16], "texture": "#6"},
				"down": {"uv": [0, 0, 16, 16], "texture": "#6"}
			}
		},
		{
			"from": [18.92553, 12.67645, 21.29744],
			"to": [19.42553, 14.17645, 21.89744],
			"rotation": {"angle": 45, "axis": "x", "origin": [19.17553, 12.62645, 21.59744]},
			"faces": {
				"north": {"uv": [0, 0, 16, 16], "texture": "#6"},
				"east": {"uv": [0, 0, 16, 16], "texture": "#6"},
				"south": {"uv": [0, 0, 16, 16], "texture": "#6"},
				"west": {"uv": [0, 0, 16, 16], "texture": "#6"},
				"up": {"uv": [0, 0, 16, 16], "texture": "#6"},
				"down": {"uv": [0, 0, 16, 16], "texture": "#6"}
			}
		},
		{
			"from": [18.92553, 13.64445, 22.53904],
			"to": [19.42553, 14.24445, 23.53904],
			"rotation": {"angle": -22.5, "axis": "x", "origin": [19.17553, 13.94445, 23.28904]},
			"faces": {
				"north": {"uv": [0, 0, 16, 16], "rotation": 180, "texture": "#6"},
				"east": {"uv": [0, 0, 16, 16], "rotation": 180, "texture": "#6"},
				"south": {"uv": [0, 0, 16, 16], "rotation": 180, "texture": "#6"},
				"west": {"uv": [0, 0, 16, 16], "rotation": 180, "texture": "#6"},
				"up": {"uv": [0, 0, 16, 16], "rotation": 180, "texture": "#6"},
				"down": {"uv": [0, 0, 16, 16], "rotation": 180, "texture": "#6"}
			}
		},
		{
			"from": [18.92553, 13.71728, 23.40521],
			"to": [19.42553, 14.31728, 25.40521],
			"rotation": {"angle": 0, "axis": "x", "origin": [19.17553, 14.01728, 23.30521]},
			"faces": {
				"north": {"uv": [0, 0, 16, 16], "rotation": 180, "texture": "#6"},
				"east": {"uv": [0, 0, 16, 16], "rotation": 180, "texture": "#6"},
				"south": {"uv": [0, 0, 16, 16], "rotation": 180, "texture": "#6"},
				"west": {"uv": [0, 0, 16, 16], "rotation": 180, "texture": "#6"},
				"up": {"uv": [0, 0, 16, 16], "rotation": 180, "texture": "#6"},
				"down": {"uv": [0, 0, 16, 16], "rotation": 180, "texture": "#6"}
			}
		},
		{
			"from": [18.84889, 13.71728, 25.29051],
			"to": [19.34889, 14.31728, 25.79051],
			"rotation": {"angle": -22.5, "axis": "y", "origin": [19.09889, 14.01728, 25.54051]},
			"faces": {
				"north": {"uv": [0, 0, 16, 16], "rotation": 180, "texture": "#6"},
				"east": {"uv": [0, 0, 16, 16], "rotation": 180, "texture": "#6"},
				"south": {"uv": [0, 0, 16, 16], "rotation": 180, "texture": "#6"},
				"west": {"uv": [0, 0, 16, 16], "rotation": 180, "texture": "#6"},
				"up": {"uv": [0, 0, 16, 16], "rotation": 180, "texture": "#6"},
				"down": {"uv": [0, 0, 16, 16], "rotation": 180, "texture": "#6"}
			}
		},
		{
			"from": [18.63063, 13.71728, 25.61715],
			"to": [19.13063, 14.31728, 26.11715],
			"rotation": {"angle": -45, "axis": "y", "origin": [18.88063, 14.01728, 25.86715]},
			"faces": {
				"north": {"uv": [0, 0, 16, 16], "rotation": 180, "texture": "#6"},
				"east": {"uv": [0, 0, 16, 16], "rotation": 180, "texture": "#6"},
				"south": {"uv": [0, 0, 16, 16], "rotation": 180, "texture": "#6"},
				"west": {"uv": [0, 0, 16, 16], "rotation": 180, "texture": "#6"},
				"up": {"uv": [0, 0, 16, 16], "rotation": 180, "texture": "#6"},
				"down": {"uv": [0, 0, 16, 16], "rotation": 180, "texture": "#6"}
			}
		},
		{
			"from": [17.22787, 13.71728, 25.45272],
			"to": [18.72787, 14.31728, 25.95272],
			"rotation": {"angle": 22.5, "axis": "y", "origin": [19.47787, 14.01728, 25.70272]},
			"faces": {
				"north": {"uv": [0, 0, 16, 16], "rotation": 90, "texture": "#6"},
				"east": {"uv": [0, 0, 16, 16], "rotation": 90, "texture": "#6"},
				"south": {"uv": [0, 0, 16, 16], "rotation": 90, "texture": "#6"},
				"west": {"uv": [0, 0, 16, 16], "rotation": 90, "texture": "#6"},
				"up": {"uv": [0, 0, 16, 16], "rotation": 90, "texture": "#6"},
				"down": {"uv": [0, 0, 16, 16], "rotation": 90, "texture": "#6"}
			}
		},
		{
			"from": [-2.72787, 13.71728, 25.45272],
			"to": [-1.22787, 14.31728, 25.95272],
			"rotation": {"angle": -22.5, "axis": "y", "origin": [-3.47787, 14.01728, 25.70272]},
			"faces": {
				"north": {"uv": [0, 0, 16, 16], "rotation": 90, "texture": "#6"},
				"east": {"uv": [0, 0, 16, 16], "rotation": 90, "texture": "#6"},
				"south": {"uv": [0, 0, 16, 16], "rotation": 90, "texture": "#6"},
				"west": {"uv": [0, 0, 16, 16], "rotation": 90, "texture": "#6"},
				"up": {"uv": [0, 0, 16, 16], "rotation": 90, "texture": "#6"},
				"down": {"uv": [0, 0, 16, 16], "rotation": 90, "texture": "#6"}
			}
		},
		{
			"from": [-3.13063, 13.71728, 25.61715],
			"to": [-2.63063, 14.31728, 26.11715],
			"rotation": {"angle": 45, "axis": "y", "origin": [-2.88063, 14.01728, 25.86715]},
			"faces": {
				"north": {"uv": [0, 0, 16, 16], "rotation": 180, "texture": "#6"},
				"east": {"uv": [0, 0, 16, 16], "rotation": 180, "texture": "#6"},
				"south": {"uv": [0, 0, 16, 16], "rotation": 180, "texture": "#6"},
				"west": {"uv": [0, 0, 16, 16], "rotation": 180, "texture": "#6"},
				"up": {"uv": [0, 0, 16, 16], "rotation": 180, "texture": "#6"},
				"down": {"uv": [0, 0, 16, 16], "rotation": 180, "texture": "#6"}
			}
		},
		{
			"from": [-3.34889, 13.71728, 25.29051],
			"to": [-2.84889, 14.31728, 25.79051],
			"rotation": {"angle": 22.5, "axis": "y", "origin": [-3.09889, 14.01728, 25.54051]},
			"faces": {
				"north": {"uv": [0, 0, 16, 16], "rotation": 180, "texture": "#6"},
				"east": {"uv": [0, 0, 16, 16], "rotation": 180, "texture": "#6"},
				"south": {"uv": [0, 0, 16, 16], "rotation": 180, "texture": "#6"},
				"west": {"uv": [0, 0, 16, 16], "rotation": 180, "texture": "#6"},
				"up": {"uv": [0, 0, 16, 16], "rotation": 180, "texture": "#6"},
				"down": {"uv": [0, 0, 16, 16], "rotation": 180, "texture": "#6"}
			}
		},
		{
			"from": [-3.42553, 13.71728, 23.40521],
			"to": [-2.92553, 14.31728, 25.40521],
			"rotation": {"angle": 0, "axis": "x", "origin": [-3.17553, 14.01728, 23.30521]},
			"faces": {
				"north": {"uv": [0, 0, 16, 16], "rotation": 180, "texture": "#6"},
				"east": {"uv": [0, 0, 16, 16], "rotation": 180, "texture": "#6"},
				"south": {"uv": [0, 0, 16, 16], "rotation": 180, "texture": "#6"},
				"west": {"uv": [0, 0, 16, 16], "rotation": 180, "texture": "#6"},
				"up": {"uv": [0, 0, 16, 16], "rotation": 180, "texture": "#6"},
				"down": {"uv": [0, 0, 16, 16], "rotation": 180, "texture": "#6"}
			}
		},
		{
			"from": [-3.42553, 13.64445, 22.53904],
			"to": [-2.92553, 14.24445, 23.53904],
			"rotation": {"angle": -22.5, "axis": "x", "origin": [-3.17553, 13.94445, 23.28904]},
			"faces": {
				"north": {"uv": [0, 0, 16, 16], "rotation": 180, "texture": "#6"},
				"east": {"uv": [0, 0, 16, 16], "rotation": 180, "texture": "#6"},
				"south": {"uv": [0, 0, 16, 16], "rotation": 180, "texture": "#6"},
				"west": {"uv": [0, 0, 16, 16], "rotation": 180, "texture": "#6"},
				"up": {"uv": [0, 0, 16, 16], "rotation": 180, "texture": "#6"},
				"down": {"uv": [0, 0, 16, 16], "rotation": 180, "texture": "#6"}
			}
		},
		{
			"from": [-3.42553, 12.67645, 21.29744],
			"to": [-2.92553, 14.17645, 21.89744],
			"rotation": {"angle": 45, "axis": "x", "origin": [-3.17553, 12.62645, 21.59744]},
			"faces": {
				"north": {"uv": [0, 0, 16, 16], "texture": "#6"},
				"east": {"uv": [0, 0, 16, 16], "texture": "#6"},
				"south": {"uv": [0, 0, 16, 16], "texture": "#6"},
				"west": {"uv": [0, 0, 16, 16], "texture": "#6"},
				"up": {"uv": [0, 0, 16, 16], "texture": "#6"},
				"down": {"uv": [0, 0, 16, 16], "texture": "#6"}
			}
		},
		{
			"from": [-3.42553, 12.37394, 21.42067],
			"to": [-2.92553, 12.87394, 22.02067],
			"rotation": {"angle": 0, "axis": "z", "origin": [-3.17553, 12.27394, 21.72067]},
			"faces": {
				"north": {"uv": [0, 0, 16, 16], "texture": "#6"},
				"east": {"uv": [0, 0, 16, 16], "texture": "#6"},
				"south": {"uv": [0, 0, 16, 16], "texture": "#6"},
				"west": {"uv": [0, 0, 16, 16], "texture": "#6"},
				"up": {"uv": [0, 0, 16, 16], "texture": "#6"},
				"down": {"uv": [0, 0, 16, 16], "texture": "#6"}
			}
		},
		{
			"from": [-3.07197, 12.02039, 21.42067],
			"to": [-2.21197, 12.62039, 22.02067],
			"rotation": {"angle": 0, "axis": "y", "origin": [-1.71197, 11.52039, 25.37067]},
			"faces": {
				"north": {"uv": [0, 0, 16, 16], "texture": "#6"},
				"east": {"uv": [0, 0, 16, 16], "texture": "#6"},
				"south": {"uv": [0, 0, 16, 16], "texture": "#6"},
				"west": {"uv": [0, 0, 16, 16], "texture": "#6"},
				"up": {"uv": [0, 0, 16, 16], "texture": "#6"},
				"down": {"uv": [0, 0, 16, 16], "texture": "#6"}
			}
		},
		{
			"from": [-3.28662, 12.10929, 21.42067],
			"to": [-2.78662, 12.70929, 22.02067],
			"rotation": {"angle": -45, "axis": "z", "origin": [-3.03662, 12.40929, 21.72067]},
			"faces": {
				"north": {"uv": [0, 0, 16, 16], "texture": "#6"},
				"east": {"uv": [0, 0, 16, 16], "texture": "#6"},
				"south": {"uv": [0, 0, 16, 16], "texture": "#6"},
				"west": {"uv": [0, 0, 16, 16], "texture": "#6"},
				"up": {"uv": [0, 0, 16, 16], "texture": "#6"},
				"down": {"uv": [0, 0, 16, 16], "texture": "#6"}
			}
		},
		{
			"from": [-1.5, 13.71728, 26.29473],
			"to": [17.5, 14.31728, 26.79473],
			"rotation": {"angle": 0, "axis": "y", "origin": [18.15, 14.01728, 26.54473]},
			"faces": {
				"north": {"uv": [0, 0, 16, 16], "texture": "#6"},
				"east": {"uv": [0, 0, 16, 16], "texture": "#6"},
				"south": {"uv": [0, 0, 16, 16], "texture": "#6"},
				"west": {"uv": [0, 0, 16, 16], "texture": "#6"},
				"up": {"uv": [0, 0, 16, 16], "texture": "#6"},
				"down": {"uv": [0, 0, 16, 16], "texture": "#6"}
			}
		},
		{
			"from": [17.71197, 9.42039, 21.42067],
			"to": [17.72197, 13.32039, 25.42067],
			"rotation": {"angle": 0, "axis": "y", "origin": [17.71197, 11.52039, 25.37067]},
			"faces": {
				"east": {"uv": [15.97619, 0, 12.2381, 4.07143], "texture": "#0"},
				"west": {"uv": [12.2381, 0, 15.97619, 4.07143], "texture": "#4"}
			}
		},
		{
			"from": [18.01197, 9.42039, 21.42067],
			"to": [18.02197, 13.32039, 25.42067],
			"rotation": {"angle": 0, "axis": "y", "origin": [17.71197, 11.52039, 25.37067]},
			"faces": {
				"east": {"uv": [15.97619, 0, 12.2381, 4.07143], "texture": "#0"},
				"west": {"uv": [12.2381, 0, 15.97619, 4.07143], "texture": "#0"}
			}
		},
		{
			"from": [18.11197, 9.42039, 21.42067],
			"to": [18.12197, 13.32039, 25.42067],
			"rotation": {"angle": 0, "axis": "y", "origin": [17.71197, 11.52039, 25.37067]},
			"faces": {
				"east": {"uv": [15.97619, 0, 12.2381, 4.07143], "texture": "#0"},
				"west": {"uv": [12.2381, 0, 15.97619, 4.07143], "texture": "#0"}
			}
		},
		{
			"from": [17.91197, 9.42039, 21.42067],
			"to": [17.92197, 13.32039, 25.42067],
			"rotation": {"angle": 0, "axis": "y", "origin": [17.71197, 11.52039, 25.37067]},
			"faces": {
				"east": {"uv": [15.97619, 0, 12.2381, 4.07143], "texture": "#0"},
				"west": {"uv": [12.2381, 0, 15.97619, 4.07143], "texture": "#0"}
			}
		},
		{
			"from": [17.81197, 9.42039, 21.42067],
			"to": [17.82197, 13.32039, 25.42067],
			"rotation": {"angle": 0, "axis": "y", "origin": [17.71197, 11.52039, 25.37067]},
			"faces": {
				"east": {"uv": [15.97619, 0, 12.2381, 4.07143], "texture": "#0"},
				"west": {"uv": [12.2381, 0, 15.97619, 4.07143], "texture": "#0"}
			}
		},
		{
			"from": [-2.22197, 9.42039, 21.42067],
			"to": [-2.21197, 13.32039, 25.42067],
			"rotation": {"angle": 0, "axis": "y", "origin": [-1.71197, 11.52039, 25.37067]},
			"faces": {
				"east": {"uv": [15.97619, 0, 12.2381, 4.07143], "texture": "#0"},
				"west": {"uv": [12.2381, 0, 15.97619, 4.07143], "texture": "#0"}
			}
		},
		{
			"from": [-1.72197, 9.42039, 21.42067],
			"to": [-1.71197, 13.32039, 25.42067],
			"rotation": {"angle": 0, "axis": "y", "origin": [-1.71197, 11.52039, 25.37067]},
			"faces": {
				"east": {"uv": [15.97619, 0, 12.2381, 4.07143], "texture": "#4"},
				"west": {"uv": [12.2381, 0, 15.97619, 4.07143], "texture": "#0"}
			}
		},
		{
			"from": [-2.02197, 9.42039, 21.42067],
			"to": [-2.01197, 13.32039, 25.42067],
			"rotation": {"angle": 0, "axis": "y", "origin": [-1.71197, 11.52039, 25.37067]},
			"faces": {
				"east": {"uv": [15.97619, 0, 12.2381, 4.07143], "texture": "#0"},
				"west": {"uv": [12.2381, 0, 15.97619, 4.07143], "texture": "#0"}
			}
		},
		{
			"from": [-2.12197, 9.42039, 21.42067],
			"to": [-2.11197, 13.32039, 25.42067],
			"rotation": {"angle": 0, "axis": "y", "origin": [-1.71197, 11.52039, 25.37067]},
			"faces": {
				"east": {"uv": [15.97619, 0, 12.2381, 4.07143], "texture": "#0"},
				"west": {"uv": [12.2381, 0, 15.97619, 4.07143], "texture": "#0"}
			}
		},
		{
			"from": [-1.92197, 9.42039, 21.42067],
			"to": [-1.91197, 13.32039, 25.42067],
			"rotation": {"angle": 0, "axis": "y", "origin": [-1.71197, 11.52039, 25.37067]},
			"faces": {
				"east": {"uv": [15.97619, 0, 12.2381, 4.07143], "texture": "#0"},
				"west": {"uv": [12.2381, 0, 15.97619, 4.07143], "texture": "#0"}
			}
		},
		{
			"from": [-1.82197, 9.42039, 21.42067],
			"to": [-1.81197, 13.32039, 25.42067],
			"rotation": {"angle": 0, "axis": "y", "origin": [-1.71197, 11.52039, 25.37067]},
			"faces": {
				"east": {"uv": [15.97619, 0, 12.2381, 4.07143], "texture": "#0"},
				"west": {"uv": [12.2381, 0, 15.97619, 4.07143], "texture": "#0"}
			}
		},
		{
			"from": [15.35698, -2.24884, 22],
			"to": [16.05698, 1.15116, 22.8],
			"rotation": {"angle": 0, "axis": "z", "origin": [15.70698, 0.50116, 22.4]},
			"faces": {
				"north": {"uv": [12.3119, 1.2619, 15.57619, 2.55714], "texture": "#5"},
				"east": {"uv": [12.3119, 1.2619, 15.57619, 2.55714], "texture": "#5"},
				"south": {"uv": [12.3119, 1.2619, 15.57619, 2.55714], "texture": "#5"},
				"west": {"uv": [12.3119, 1.2619, 15.57619, 2.55714], "texture": "#5"},
				"up": {"uv": [12.3119, 1.2619, 15.57619, 2.55714], "texture": "#5"},
				"down": {"uv": [12.3119, 1.2619, 15.57619, 2.55714], "texture": "#5"}
			}
		},
		{
			"from": [15.35698, -1.64884, 20.7],
			"to": [15.75698, -1.14884, 24.1],
			"rotation": {"angle": 0, "axis": "z", "origin": [15.70698, 0.50116, 22.4]},
			"faces": {
				"north": {"uv": [12.3119, 1.2619, 15.57619, 2.55714], "texture": "#5"},
				"east": {"uv": [12.3119, 1.2619, 15.57619, 2.55714], "texture": "#5"},
				"south": {"uv": [12.3119, 1.2619, 15.57619, 2.55714], "texture": "#5"},
				"west": {"uv": [12.3119, 1.2619, 15.57619, 2.55714], "texture": "#5"},
				"up": {"uv": [12.3119, 1.2619, 15.57619, 2.55714], "texture": "#5"},
				"down": {"uv": [12.3119, 1.2619, 15.57619, 2.55714], "texture": "#5"}
			}
		},
		{
			"from": [15.62496, -2.74071, 22],
			"to": [17.02496, -2.04071, 22.8],
			"rotation": {"angle": -22.5, "axis": "z", "origin": [15.87496, -2.39071, 22.4]},
			"faces": {
				"north": {"uv": [12.3119, 2.55714, 15.57619, 1.2619], "rotation": 90, "texture": "#5"},
				"east": {"uv": [12.3119, 2.55714, 15.57619, 1.2619], "rotation": 270, "texture": "#5"},
				"south": {"uv": [12.3119, 2.55714, 15.57619, 1.2619], "rotation": 270, "texture": "#5"},
				"west": {"uv": [12.3119, 2.55714, 15.57619, 1.2619], "rotation": 270, "texture": "#5"},
				"up": {"uv": [12.3119, 2.55714, 15.57619, 1.2619], "rotation": 270, "texture": "#5"},
				"down": {"uv": [12.3119, 2.55714, 15.57619, 1.2619], "rotation": 270, "texture": "#5"}
			}
		},
		{
			"from": [15.88523, -2.40453, 22],
			"to": [16.58523, -2.00453, 22.8],
			"rotation": {"angle": 22.5, "axis": "z", "origin": [16.23523, -3.45453, 22.4]},
			"faces": {
				"north": {"uv": [12.3119, 2.55714, 15.57619, 1.2619], "texture": "#5"},
				"east": {"uv": [12.3119, 2.55714, 15.57619, 1.2619], "texture": "#5"},
				"south": {"uv": [12.3119, 2.55714, 15.57619, 1.2619], "texture": "#5"},
				"west": {"uv": [12.3119, 2.55714, 15.57619, 1.2619], "texture": "#5"},
				"up": {"uv": [12.3119, 2.55714, 15.57619, 1.2619], "texture": "#5"},
				"down": {"uv": [12.3119, 2.55714, 15.57619, 1.2619], "texture": "#5"}
			}
		},
		{
			"from": [15.75, -1.2, 22],
			"to": [16.45, 0.3, 22.8],
			"rotation": {"angle": -45, "axis": "z", "origin": [16.5, -0.55, 22.4]},
			"faces": {
				"north": {"uv": [12.3119, 1.2619, 15.57619, 2.55714], "texture": "#5"},
				"east": {"uv": [12.3119, 1.2619, 15.57619, 2.55714], "texture": "#5"},
				"south": {"uv": [12.3119, 1.2619, 15.57619, 2.55714], "texture": "#5"},
				"west": {"uv": [12.3119, 1.2619, 15.57619, 2.55714], "texture": "#5"},
				"up": {"uv": [12.3119, 1.2619, 15.57619, 2.55714], "texture": "#5"},
				"down": {"uv": [12.3119, 1.2619, 15.57619, 2.55714], "texture": "#5"}
			}
		},
		{
			"from": [15.75, -1.2, 4],
			"to": [16.45, 0.3, 4.8],
			"rotation": {"angle": -45, "axis": "z", "origin": [16.5, -0.55, 4.4]},
			"faces": {
				"north": {"uv": [12.3119, 1.2619, 15.57619, 2.55714], "texture": "#5"},
				"east": {"uv": [12.3119, 1.2619, 15.57619, 2.55714], "texture": "#5"},
				"south": {"uv": [12.3119, 1.2619, 15.57619, 2.55714], "texture": "#5"},
				"west": {"uv": [12.3119, 1.2619, 15.57619, 2.55714], "texture": "#5"},
				"up": {"uv": [12.3119, 1.2619, 15.57619, 2.55714], "texture": "#5"},
				"down": {"uv": [12.3119, 1.2619, 15.57619, 2.55714], "texture": "#5"}
			}
		},
		{
			"from": [15.35698, -2.24884, 4],
			"to": [16.05698, 1.15116, 4.8],
			"rotation": {"angle": 0, "axis": "z", "origin": [15.70698, 0.50116, 4.4]},
			"faces": {
				"north": {"uv": [12.3119, 1.2619, 15.57619, 2.55714], "texture": "#5"},
				"east": {"uv": [12.3119, 1.2619, 15.57619, 2.55714], "texture": "#5"},
				"south": {"uv": [12.3119, 1.2619, 15.57619, 2.55714], "texture": "#5"},
				"west": {"uv": [12.3119, 1.2619, 15.57619, 2.55714], "texture": "#5"},
				"up": {"uv": [12.3119, 1.2619, 15.57619, 2.55714], "texture": "#5"},
				"down": {"uv": [12.3119, 1.2619, 15.57619, 2.55714], "texture": "#5"}
			}
		},
		{
			"from": [15.35698, -1.64884, 2.7],
			"to": [15.75698, -1.14884, 6.1],
			"rotation": {"angle": 0, "axis": "z", "origin": [15.70698, 0.50116, 4.4]},
			"faces": {
				"north": {"uv": [12.3119, 1.2619, 15.57619, 2.55714], "texture": "#5"},
				"east": {"uv": [12.3119, 1.2619, 15.57619, 2.55714], "texture": "#5"},
				"south": {"uv": [12.3119, 1.2619, 15.57619, 2.55714], "texture": "#5"},
				"west": {"uv": [12.3119, 1.2619, 15.57619, 2.55714], "texture": "#5"},
				"up": {"uv": [12.3119, 1.2619, 15.57619, 2.55714], "texture": "#5"},
				"down": {"uv": [12.3119, 1.2619, 15.57619, 2.55714], "texture": "#5"}
			}
		},
		{
			"from": [15.88523, -2.40453, 4],
			"to": [16.58523, -2.00453, 4.8],
			"rotation": {"angle": 22.5, "axis": "z", "origin": [16.23523, -3.45453, 4.4]},
			"faces": {
				"north": {"uv": [12.3119, 2.55714, 15.57619, 1.2619], "texture": "#5"},
				"east": {"uv": [12.3119, 2.55714, 15.57619, 1.2619], "texture": "#5"},
				"south": {"uv": [12.3119, 2.55714, 15.57619, 1.2619], "texture": "#5"},
				"west": {"uv": [12.3119, 2.55714, 15.57619, 1.2619], "texture": "#5"},
				"up": {"uv": [12.3119, 2.55714, 15.57619, 1.2619], "texture": "#5"},
				"down": {"uv": [12.3119, 2.55714, 15.57619, 1.2619], "texture": "#5"}
			}
		},
		{
			"from": [15.62496, -2.74071, 4],
			"to": [17.02496, -2.04071, 4.8],
			"rotation": {"angle": -22.5, "axis": "z", "origin": [15.87496, -2.39071, 4.4]},
			"faces": {
				"north": {"uv": [12.3119, 2.55714, 15.57619, 1.2619], "rotation": 90, "texture": "#5"},
				"east": {"uv": [12.3119, 2.55714, 15.57619, 1.2619], "rotation": 270, "texture": "#5"},
				"south": {"uv": [12.3119, 2.55714, 15.57619, 1.2619], "rotation": 270, "texture": "#5"},
				"west": {"uv": [12.3119, 2.55714, 15.57619, 1.2619], "rotation": 270, "texture": "#5"},
				"up": {"uv": [12.3119, 2.55714, 15.57619, 1.2619], "rotation": 270, "texture": "#5"},
				"down": {"uv": [12.3119, 2.55714, 15.57619, 1.2619], "rotation": 270, "texture": "#5"}
			}
		},
		{
			"from": [-0.45, -1.2, 4],
			"to": [0.25, 0.3, 4.8],
			"rotation": {"angle": 45, "axis": "z", "origin": [-0.5, -0.55, 4.4]},
			"faces": {
				"north": {"uv": [15.57619, 1.2619, 12.3119, 2.55714], "texture": "#5"},
				"east": {"uv": [15.57619, 1.2619, 12.3119, 2.55714], "texture": "#5"},
				"south": {"uv": [15.57619, 1.2619, 12.3119, 2.55714], "texture": "#5"},
				"west": {"uv": [15.57619, 1.2619, 12.3119, 2.55714], "texture": "#5"},
				"up": {"uv": [15.57619, 1.2619, 12.3119, 2.55714], "texture": "#5"},
				"down": {"uv": [15.57619, 1.2619, 12.3119, 2.55714], "texture": "#5"}
			}
		},
		{
			"from": [-0.05698, -2.24884, 4],
			"to": [0.64302, 1.15116, 4.8],
			"rotation": {"angle": 0, "axis": "z", "origin": [0.29302, 0.50116, 4.4]},
			"faces": {
				"north": {"uv": [15.57619, 1.2619, 12.3119, 2.55714], "texture": "#5"},
				"east": {"uv": [15.57619, 1.2619, 12.3119, 2.55714], "texture": "#5"},
				"south": {"uv": [15.57619, 1.2619, 12.3119, 2.55714], "texture": "#5"},
				"west": {"uv": [15.57619, 1.2619, 12.3119, 2.55714], "texture": "#5"},
				"up": {"uv": [15.57619, 1.2619, 12.3119, 2.55714], "texture": "#5"},
				"down": {"uv": [15.57619, 1.2619, 12.3119, 2.55714], "texture": "#5"}
			}
		},
		{
			"from": [0.24302, -1.64884, 2.7],
			"to": [0.64302, -1.14884, 6.1],
			"rotation": {"angle": 0, "axis": "z", "origin": [0.29302, 0.50116, 4.4]},
			"faces": {
				"north": {"uv": [15.57619, 1.2619, 12.3119, 2.55714], "texture": "#5"},
				"east": {"uv": [15.57619, 1.2619, 12.3119, 2.55714], "texture": "#5"},
				"south": {"uv": [15.57619, 1.2619, 12.3119, 2.55714], "texture": "#5"},
				"west": {"uv": [15.57619, 1.2619, 12.3119, 2.55714], "texture": "#5"},
				"up": {"uv": [15.57619, 1.2619, 12.3119, 2.55714], "texture": "#5"},
				"down": {"uv": [15.57619, 1.2619, 12.3119, 2.55714], "texture": "#5"}
			}
		},
		{
			"from": [-0.58523, -2.40453, 4],
			"to": [0.11477, -2.00453, 4.8],
			"rotation": {"angle": -22.5, "axis": "z", "origin": [-0.23523, -3.45453, 4.4]},
			"faces": {
				"north": {"uv": [15.57619, 2.55714, 12.3119, 1.2619], "texture": "#5"},
				"east": {"uv": [15.57619, 2.55714, 12.3119, 1.2619], "texture": "#5"},
				"south": {"uv": [15.57619, 2.55714, 12.3119, 1.2619], "texture": "#5"},
				"west": {"uv": [15.57619, 2.55714, 12.3119, 1.2619], "texture": "#5"},
				"up": {"uv": [15.57619, 2.55714, 12.3119, 1.2619], "texture": "#5"},
				"down": {"uv": [15.57619, 2.55714, 12.3119, 1.2619], "texture": "#5"}
			}
		},
		{
			"from": [-1.02496, -2.74071, 4],
			"to": [0.37504, -2.04071, 4.8],
			"rotation": {"angle": 22.5, "axis": "z", "origin": [0.12504, -2.39071, 4.4]},
			"faces": {
				"north": {"uv": [12.3119, 1.2619, 15.57619, 2.55714], "rotation": 90, "texture": "#5"},
				"east": {"uv": [12.3119, 1.2619, 15.57619, 2.55714], "rotation": 270, "texture": "#5"},
				"south": {"uv": [12.3119, 1.2619, 15.57619, 2.55714], "rotation": 270, "texture": "#5"},
				"west": {"uv": [12.3119, 1.2619, 15.57619, 2.55714], "rotation": 270, "texture": "#5"},
				"up": {"uv": [12.3119, 1.2619, 15.57619, 2.55714], "rotation": 270, "texture": "#5"},
				"down": {"uv": [12.3119, 1.2619, 15.57619, 2.55714], "rotation": 270, "texture": "#5"}
			}
		},
		{
			"from": [-1.02496, -2.74071, 22],
			"to": [0.37504, -2.04071, 22.8],
			"rotation": {"angle": 22.5, "axis": "z", "origin": [0.12504, -2.39071, 22.4]},
			"faces": {
				"north": {"uv": [12.3119, 1.2619, 15.57619, 2.55714], "rotation": 90, "texture": "#5"},
				"east": {"uv": [12.3119, 1.2619, 15.57619, 2.55714], "rotation": 270, "texture": "#5"},
				"south": {"uv": [12.3119, 1.2619, 15.57619, 2.55714], "rotation": 270, "texture": "#5"},
				"west": {"uv": [12.3119, 1.2619, 15.57619, 2.55714], "rotation": 270, "texture": "#5"},
				"up": {"uv": [12.3119, 1.2619, 15.57619, 2.55714], "rotation": 270, "texture": "#5"},
				"down": {"uv": [12.3119, 1.2619, 15.57619, 2.55714], "rotation": 270, "texture": "#5"}
			}
		},
		{
			"from": [-0.05698, -2.24884, 22],
			"to": [0.64302, 1.15116, 22.8],
			"rotation": {"angle": 0, "axis": "z", "origin": [0.29302, 0.50116, 22.4]},
			"faces": {
				"north": {"uv": [15.57619, 1.2619, 12.3119, 2.55714], "texture": "#5"},
				"east": {"uv": [15.57619, 1.2619, 12.3119, 2.55714], "texture": "#5"},
				"south": {"uv": [15.57619, 1.2619, 12.3119, 2.55714], "texture": "#5"},
				"west": {"uv": [15.57619, 1.2619, 12.3119, 2.55714], "texture": "#5"},
				"up": {"uv": [15.57619, 1.2619, 12.3119, 2.55714], "texture": "#5"},
				"down": {"uv": [15.57619, 1.2619, 12.3119, 2.55714], "texture": "#5"}
			}
		},
		{
			"from": [-0.45, -1.2, 22],
			"to": [0.25, 0.3, 22.8],
			"rotation": {"angle": 45, "axis": "z", "origin": [-0.5, -0.55, 22.4]},
			"faces": {
				"north": {"uv": [15.57619, 1.2619, 12.3119, 2.55714], "texture": "#5"},
				"east": {"uv": [15.57619, 1.2619, 12.3119, 2.55714], "texture": "#5"},
				"south": {"uv": [15.57619, 1.2619, 12.3119, 2.55714], "texture": "#5"},
				"west": {"uv": [15.57619, 1.2619, 12.3119, 2.55714], "texture": "#5"},
				"up": {"uv": [15.57619, 1.2619, 12.3119, 2.55714], "texture": "#5"},
				"down": {"uv": [15.57619, 1.2619, 12.3119, 2.55714], "texture": "#5"}
			}
		},
		{
			"from": [-0.58523, -2.40453, 22],
			"to": [0.11477, -2.00453, 22.8],
			"rotation": {"angle": -22.5, "axis": "z", "origin": [-0.23523, -3.45453, 22.4]},
			"faces": {
				"north": {"uv": [15.57619, 2.55714, 12.3119, 1.2619], "texture": "#5"},
				"east": {"uv": [15.57619, 2.55714, 12.3119, 1.2619], "texture": "#5"},
				"south": {"uv": [15.57619, 2.55714, 12.3119, 1.2619], "texture": "#5"},
				"west": {"uv": [15.57619, 2.55714, 12.3119, 1.2619], "texture": "#5"},
				"up": {"uv": [15.57619, 2.55714, 12.3119, 1.2619], "texture": "#5"},
				"down": {"uv": [15.57619, 2.55714, 12.3119, 1.2619], "texture": "#5"}
			}
		},
		{
			"from": [0.24302, -1.64884, 20.7],
			"to": [0.64302, -1.14884, 24.1],
			"rotation": {"angle": 0, "axis": "z", "origin": [0.29302, 0.50116, 22.4]},
			"faces": {
				"north": {"uv": [15.57619, 1.2619, 12.3119, 2.55714], "texture": "#5"},
				"east": {"uv": [15.57619, 1.2619, 12.3119, 2.55714], "texture": "#5"},
				"south": {"uv": [15.57619, 1.2619, 12.3119, 2.55714], "texture": "#5"},
				"west": {"uv": [15.57619, 1.2619, 12.3119, 2.55714], "texture": "#5"},
				"up": {"uv": [15.57619, 1.2619, 12.3119, 2.55714], "texture": "#5"},
				"down": {"uv": [15.57619, 1.2619, 12.3119, 2.55714], "texture": "#5"}
			}
		}
	],
	"display": {
		"gui": {
			"rotation": [19, 139, 0],
			"translation": [-2.25, 0.25, 0],
			"scale": [0.48, 0.48, 0.48]
		},
		"head": {
			"translation": [0, -8, -13.75],
			"scale": [2.53, 2.53, 2.53]
		}
	},
	"groups": [
		0,
		1,
		2,
		3,
		4,
		5,
		6,
		7,
		8,
		9,
		10,
		11,
		12,
		13,
		14,
		15,
		16,
		17,
		18,
		19,
		20,
		21,
		22,
		23,
		24,
		25,
		26,
		27,
		28,
		29,
		30,
		31,
		32,
		33,
		34,
		35,
		36,
		37,
		38,
		39,
		40,
		41,
		42,
		43,
		44,
		45,
		46,
		47,
		48,
		49,
		50,
		51,
		52,
		53,
		54,
		55,
		56,
		57,
		58,
		59,
		60,
		61,
		62,
		63,
		64,
		65,
		66,
		67,
		68,
		69,
		70,
		71,
		72,
		73,
		74,
		75,
		76,
		77,
		78,
		79,
		80,
		81,
		82,
		83,
		84,
		85,
		86,
		87,
		88,
		89,
		90,
		91,
		92,
		93,
		94,
		95,
		96,
		{
			"name": "tete de Zeus",
			"origin": [8, 9.36497, 10.44082],
			"color": 0,
			"children": [97, 98, 99, 100]
		},
		{
			"name": "Roues",
			"origin": [-0.7, 0.9, 4.6],
			"color": 0,
			"children": [101, 102, 103, 104]
		},
		{
			"name": "Roues",
			"origin": [-0.7, 0.9, 4.6],
			"color": 0,
			"children": [105, 106, 107, 108, 109, 110, 111, 112, 113, 114, 115, 116]
		},
		{
			"name": "coter1",
			"origin": [17.71197, 11.52039, 25.37067],
			"color": 0,
			"children": [117, 118, 119, 120, 121, 122, 123, 124, 125, 126, 127, 128, 129, 130, 131, 132, 133, 134, 135, 136, 137, 138, 139, 140, 141]
		},
		{
			"name": "coter1",
			"origin": [17.71197, 11.52039, 25.37067],
			"color": 0,
			"children": [142, 143, 144, 145, 146, 147]
		},
		{
			"name": "bogie",
			"origin": [16.5, -0.55, 22.4],
			"color": 0,
			"children": [148, 149, 150, 151, 152, 153, 154, 155, 156, 157, 158, 159, 160, 161, 162, 163, 164, 165, 166, 167]
		}
	]
}