{
	"credit": "Made with Blockbench",
	"textures": {
		"1": "block/quartz_block_bottom",
		"2": "block/mushroom_block_inside",
		"3": "block/gold_block",
		"particle": "block/mushroom_block_inside"
	},
	"elements": [
		{
			"from": [1, 0, 4],
			"to": [5, 3, 7],
			"rotation": {"angle": 0, "axis": "y", "origin": [8, 8, 14]},
			"faces": {
				"north": {"uv": [0, 0, 16, 3], "texture": "#1"},
				"east": {"uv": [0, 0, 16, 3], "texture": "#1"},
				"south": {"uv": [0, 0, 16, 3], "texture": "#1"},
				"west": {"uv": [0, 0, 16, 3], "texture": "#1"},
				"up": {"uv": [0, 0, 16, 3], "texture": "#1"},
				"down": {"uv": [0, 0, 16, 3], "texture": "#1"}
			}
		},
		{
			"from": [5, 0.2, 4.2],
			"to": [12, 2.8, 6.8],
			"rotation": {"angle": 0, "axis": "y", "origin": [13, 8, 14]},
			"faces": {
				"north": {"uv": [0, 0, 2, 2], "texture": "#2"},
				"east": {"uv": [0, 0, 2, 2], "texture": "#2"},
				"south": {"uv": [0, 0, 2, 2], "texture": "#2"},
				"west": {"uv": [0, 0, 2, 2], "texture": "#2"},
				"up": {"uv": [0, 0, 2, 2], "texture": "#2"},
				"down": {"uv": [0, 0, 2, 2], "texture": "#2"}
			}
		},
		{
			"from": [10, 0.1, 4.1],
			"to": [11, 2.9, 6.9],
			"rotation": {"angle": 0, "axis": "y", "origin": [13, 8, 14]},
			"faces": {
				"north": {"uv": [0, 0, 2, 2], "texture": "#3"},
				"east": {"uv": [0, 0, 2, 2], "texture": "#3"},
				"south": {"uv": [0, 0, 2, 2], "texture": "#3"},
				"west": {"uv": [0, 0, 2, 2], "texture": "#3"},
				"up": {"uv": [0, 0, 2, 2], "texture": "#3"},
				"down": {"uv": [0, 0, 2, 2], "texture": "#3"}
			}
		}
	],
	"display": {
		"thirdperson_righthand": {
			"rotation": [-90, 0, 90],
			"translation": [-9, 1.5, 3.75],
			"scale": [1.19, 1.45, 1.44]
		},
		"thirdperson_lefthand": {
			"rotation": [-90, 0, -90],
			"translation": [10, 1.5, 3.75],
			"scale": [1.19, 1.45, 1.44]
		},
		"ground": {
			"translation": [0, 7.5, 0],
			"scale": [0.69, 0.7, 0.69]
		},
		"gui": {
			"rotation": [18, 158, 0],
			"translation": [1.25, 11.25, 0],
			"scale": [1.7, 1.7, 1.7]
		},
		"head": {
			"translation": [0, 19.25, 12],
			"scale": [2.11, 2.11, 2.11]
		},
		"fixed": {
			"translation": [0, 8.25, 0]
		}
	}
}