{
	"credit": "Made with Blockbench",
	"textures": {
		"0": "block/light_gray_concrete",
		"1": "block/anvil",
		"particle": "block/light_gray_concrete"
	},
	"elements": [
		{
			"from": [6, 0, 1],
			"to": [7, 1, 15],
			"faces": {
				"north": {"uv": [0, 0, 1, 14], "texture": "#1"},
				"east": {"uv": [0, 0, 1, 14], "texture": "#1"},
				"south": {"uv": [0, 0, 1, 14], "texture": "#1"},
				"west": {"uv": [0, 0, 1, 14], "texture": "#1"},
				"up": {"uv": [0, 0, 1, 14], "texture": "#1"},
				"down": {"uv": [0, 0, 1, 14], "texture": "#1"}
			}
		},
		{
			"from": [1.3, 0, 3.8],
			"to": [2.3, 1, 4.8],
			"rotation": {"angle": -45, "axis": "y", "origin": [8, 8, 8]},
			"faces": {
				"north": {"uv": [0, 0, 1, 1], "texture": "#1"},
				"east": {"uv": [0, 0, 1, 1], "texture": "#1"},
				"south": {"uv": [0, 0, 1, 1], "texture": "#1"},
				"west": {"uv": [0, 0, 1, 1], "texture": "#1"},
				"up": {"uv": [0, 0, 1, 1], "texture": "#1"},
				"down": {"uv": [0, 0, 1, 1], "texture": "#1"}
			}
		},
		{
			"from": [1.3, 0, 11.2],
			"to": [2.3, 1, 12.2],
			"rotation": {"angle": 45, "axis": "y", "origin": [8, 8, 8]},
			"faces": {
				"north": {"uv": [0, 0, 1, 1], "texture": "#1"},
				"east": {"uv": [0, 0, 1, 1], "texture": "#1"},
				"south": {"uv": [0, 0, 1, 1], "texture": "#1"},
				"west": {"uv": [0, 0, 1, 1], "texture": "#1"},
				"up": {"uv": [0, 0, 1, 1], "texture": "#1"},
				"down": {"uv": [0, 0, 1, 1], "texture": "#1"}
			}
		},
		{
			"from": [3, 0, 2],
			"to": [4, 1, 3],
			"rotation": {"angle": -45, "axis": "y", "origin": [8, 8, 8]},
			"faces": {
				"north": {"uv": [0, 0, 1, 1], "rotation": 90, "texture": "#1"},
				"east": {"uv": [0, 0, 1, 1], "rotation": 90, "texture": "#1"},
				"south": {"uv": [0, 0, 1, 1], "rotation": 90, "texture": "#1"},
				"west": {"uv": [0, 0, 1, 1], "rotation": 90, "texture": "#1"},
				"up": {"uv": [0, 0, 1, 1], "rotation": 90, "texture": "#1"},
				"down": {"uv": [0, 0, 1, 1], "rotation": 90, "texture": "#1"}
			}
		},
		{
			"from": [13, 0, 12],
			"to": [14, 1, 13],
			"rotation": {"angle": -45, "axis": "y", "origin": [8, 8, 8]},
			"faces": {
				"north": {"uv": [0, 0, 1, 1], "rotation": 180, "texture": "#1"},
				"east": {"uv": [0, 0, 1, 1], "rotation": 180, "texture": "#1"},
				"south": {"uv": [0, 0, 1, 1], "rotation": 180, "texture": "#1"},
				"west": {"uv": [0, 0, 1, 1], "rotation": 180, "texture": "#1"},
				"up": {"uv": [0, 0, 1, 1], "rotation": 180, "texture": "#1"},
				"down": {"uv": [0, 0, 1, 1], "rotation": 180, "texture": "#1"}
			}
		},
		{
			"from": [5, 0, 0.3],
			"to": [6, 0.5, 15.7],
			"faces": {
				"north": {"uv": [0, 0, 1, 15.4], "texture": "#0"},
				"east": {"uv": [0, 0, 1, 15.4], "texture": "#0"},
				"south": {"uv": [0, 0, 1, 15.4], "texture": "#0"},
				"west": {"uv": [0, 0, 1, 15.4], "texture": "#0"},
				"up": {"uv": [0, 0, 1, 15.4], "texture": "#0"},
				"down": {"uv": [0, 0, 1, 15.4], "texture": "#0"}
			}
		},
		{
			"from": [9, 0, 0.2],
			"to": [10, 0.5, 15.8],
			"faces": {
				"north": {"uv": [0, 0, 1, 15.6], "texture": "#0"},
				"east": {"uv": [0, 0, 1, 15.6], "texture": "#0"},
				"south": {"uv": [0, 0, 1, 15.6], "texture": "#0"},
				"west": {"uv": [0, 0, 1, 15.6], "texture": "#0"},
				"up": {"uv": [0, 0, 1, 15.6], "texture": "#0"},
				"down": {"uv": [0, 0, 1, 15.6], "texture": "#0"}
			}
		},
		{
			"from": [8, 0, 1],
			"to": [9, 1, 15],
			"faces": {
				"north": {"uv": [0, 0, 1, 14], "texture": "#1"},
				"east": {"uv": [0, 0, 1, 14], "texture": "#1"},
				"south": {"uv": [0, 0, 1, 14], "texture": "#1"},
				"west": {"uv": [0, 0, 1, 14], "texture": "#1"},
				"up": {"uv": [0, 0, 1, 14], "texture": "#1"},
				"down": {"uv": [0, 0, 1, 14], "texture": "#1"}
			}
		}
	],
	"display": {
		"head": {
			"translation": [0.75, 9, 0],
			"scale": [2.88, 2.86, 2.88]
		}
	}
}