{
	"credit": "Made with Blockbench",
	"textures": {
		"0": "block/anvil",
		"1": "block/black_concrete_powder",
		"2": "block/yellow_terracotta",
		"3": "block/bamboo_stalk",
		"particle": "block/anvil"
	},
	"elements": [
		{
			"from": [3, -4, 2.75],
			"to": [13, 4, 10.75],
			"rotation": {"angle": 0, "axis": "y", "origin": [16, 8, 10.75]},
			"faces": {
				"north": {"uv": [0, 0, 9, 16], "texture": "#1"},
				"east": {"uv": [0, 0, 10, 4], "texture": "#0"},
				"south": {"uv": [0, 0, 10, 4], "texture": "#0"},
				"west": {"uv": [0, 0, 10, 4], "texture": "#0"},
				"up": {"uv": [0, 0, 9, 16], "texture": "#1"},
				"down": {"uv": [0, 0, 10, 4], "texture": "#0"}
			}
		},
		{
			"from": [3, -4, 10.75],
			"to": [13, 15, 12.75],
			"rotation": {"angle": 0, "axis": "y", "origin": [16, 8, 10.75]},
			"faces": {
				"north": {"uv": [0, 0, 10, 4], "texture": "#0"},
				"east": {"uv": [0, 0, 10, 4], "texture": "#0"},
				"south": {"uv": [0, 0, 10, 4], "texture": "#0"},
				"west": {"uv": [0, 0, 10, 4], "texture": "#0"},
				"up": {"uv": [0, 0, 10, 4], "texture": "#0"},
				"down": {"uv": [0, 0, 10, 4], "texture": "#0"}
			}
		},
		{
			"from": [3.05, 0, 10.35],
			"to": [12.95, 14.6, 10.75],
			"rotation": {"angle": 0, "axis": "y", "origin": [15.65, 8, 10.75]},
			"faces": {
				"north": {"uv": [0, 0, 9, 16], "texture": "#1"},
				"east": {"uv": [0, 0, 9, 16], "texture": "#1"},
				"south": {"uv": [0, 0, 9, 16], "texture": "#1"},
				"west": {"uv": [0, 0, 9, 16], "texture": "#1"},
				"up": {"uv": [0, 0, 9, 16], "texture": "#1"},
				"down": {"uv": [0, 0, 9, 16], "texture": "#1"}
			}
		},
		{
			"from": [13, -4.2, 2.75],
			"to": [16, 9, 11.75],
			"rotation": {"angle": 0, "axis": "y", "origin": [16, 8, 10.75]},
			"faces": {
				"north": {"uv": [0, 0, 10, 4], "texture": "#0"},
				"east": {"uv": [0, 0, 10, 4], "texture": "#0"},
				"south": {"uv": [0, 0, 10, 4], "texture": "#0"},
				"west": {"uv": [0, 0, 10, 4], "texture": "#0"},
				"up": {"uv": [0, 0, 10, 4], "texture": "#0"},
				"down": {"uv": [0, 0, 10, 4], "texture": "#0"}
			}
		},
		{
			"from": [13.5, 9, 3.05],
			"to": [15.8, 9.1, 5.15],
			"rotation": {"angle": 0, "axis": "y", "origin": [16, 8, 10.75]},
			"faces": {
				"north": {"uv": [0, 0, 10, 4], "texture": "#2"},
				"east": {"uv": [0, 0, 10, 4], "texture": "#2"},
				"south": {"uv": [0, 0, 10, 4], "texture": "#2"},
				"west": {"uv": [0, 0, 10, 4], "texture": "#2"},
				"up": {"uv": [0, 0, 10, 4], "texture": "#2"},
				"down": {"uv": [0, 0, 10, 4], "texture": "#2"}
			}
		},
		{
			"from": [14.7, 9, 5.75],
			"to": [15.3, 9.1, 6.45],
			"rotation": {"angle": 0, "axis": "y", "origin": [15.5, 8, 12.55]},
			"faces": {
				"north": {"uv": [15, 0, 16, 1], "texture": "#1"},
				"east": {"uv": [15, 0, 16, 1], "texture": "#1"},
				"south": {"uv": [15, 0, 16, 1], "texture": "#1"},
				"west": {"uv": [15, 0, 16, 1], "texture": "#1"},
				"up": {"uv": [15, 0, 16, 1], "texture": "#1"},
				"down": {"uv": [15, 0, 16, 1], "texture": "#1"}
			}
		},
		{
			"from": [0.7, 9, 5.75],
			"to": [1.3, 9.1, 6.45],
			"rotation": {"angle": 0, "axis": "y", "origin": [0.5, 8, 12.55]},
			"faces": {
				"north": {"uv": [16, 0, 15, 1], "texture": "#1"},
				"east": {"uv": [16, 0, 15, 1], "texture": "#1"},
				"south": {"uv": [16, 0, 15, 1], "texture": "#1"},
				"west": {"uv": [16, 0, 15, 1], "texture": "#1"},
				"up": {"uv": [16, 0, 15, 1], "texture": "#1"},
				"down": {"uv": [16, 0, 15, 1], "texture": "#1"}
			}
		},
		{
			"from": [13.6, 9, 6.85],
			"to": [14.4, 9.1, 7.55],
			"rotation": {"angle": 0, "axis": "y", "origin": [14.6, 8, 13.65]},
			"faces": {
				"north": {"uv": [15, 0, 16, 1], "texture": "#1"},
				"east": {"uv": [15, 0, 16, 1], "texture": "#1"},
				"south": {"uv": [15, 0, 16, 1], "texture": "#1"},
				"west": {"uv": [15, 0, 16, 1], "texture": "#1"},
				"up": {"uv": [15, 0, 16, 1], "texture": "#1"},
				"down": {"uv": [15, 0, 16, 1], "texture": "#1"}
			}
		},
		{
			"from": [1.6, 9, 6.85],
			"to": [2.4, 9.1, 7.55],
			"rotation": {"angle": 0, "axis": "y", "origin": [1.4, 8, 13.65]},
			"faces": {
				"north": {"uv": [16, 0, 15, 1], "texture": "#1"},
				"east": {"uv": [16, 0, 15, 1], "texture": "#1"},
				"south": {"uv": [16, 0, 15, 1], "texture": "#1"},
				"west": {"uv": [16, 0, 15, 1], "texture": "#1"},
				"up": {"uv": [16, 0, 15, 1], "texture": "#1"},
				"down": {"uv": [16, 0, 15, 1], "texture": "#1"}
			}
		},
		{
			"from": [0.2, 9, 3.05],
			"to": [2.5, 9.1, 5.15],
			"rotation": {"angle": 0, "axis": "y", "origin": [0, 8, 10.75]},
			"faces": {
				"north": {"uv": [10, 0, 0, 4], "texture": "#2"},
				"east": {"uv": [10, 0, 0, 4], "texture": "#2"},
				"south": {"uv": [10, 0, 0, 4], "texture": "#2"},
				"west": {"uv": [10, 0, 0, 4], "texture": "#2"},
				"up": {"uv": [10, 0, 0, 4], "texture": "#2"},
				"down": {"uv": [10, 0, 0, 4], "texture": "#2"}
			}
		},
		{
			"from": [0, -4.2, 2.75],
			"to": [3, 9, 11.75],
			"rotation": {"angle": 0, "axis": "y", "origin": [0, 8, 10.75]},
			"faces": {
				"north": {"uv": [10, 0, 0, 4], "texture": "#0"},
				"east": {"uv": [10, 0, 0, 4], "texture": "#0"},
				"south": {"uv": [10, 0, 0, 4], "texture": "#0"},
				"west": {"uv": [10, 0, 0, 4], "texture": "#0"},
				"up": {"uv": [10, 0, 0, 4], "texture": "#0"},
				"down": {"uv": [10, 0, 0, 4], "texture": "#0"}
			}
		},
		{
			"name": "hexadecagon",
			"from": [14.5797, 9.0622, 3.4952],
			"to": [14.8203, 9.3378, 4.7048],
			"rotation": {"angle": -45, "axis": "y", "origin": [14.7, 9.2, 4.1]},
			"faces": {
				"north": {"uv": [3, 0, 4, 1], "texture": "#1"},
				"east": {"uv": [3, 0, 4, 1], "texture": "#1"},
				"south": {"uv": [3, 0, 4, 1], "texture": "#1"},
				"west": {"uv": [3, 0, 4, 1], "texture": "#1"},
				"up": {"uv": [3, 0, 4, 1], "texture": "#1"},
				"down": {"uv": [3, 0, 4, 1], "texture": "#1"}
			}
		},
		{
			"name": "hexadecagon",
			"from": [1.1797, 9.0622, 3.4952],
			"to": [1.4203, 9.3378, 4.7048],
			"rotation": {"angle": 45, "axis": "y", "origin": [1.3, 9.2, 4.1]},
			"faces": {
				"north": {"uv": [4, 0, 3, 1], "texture": "#1"},
				"east": {"uv": [4, 0, 3, 1], "texture": "#1"},
				"south": {"uv": [4, 0, 3, 1], "texture": "#1"},
				"west": {"uv": [4, 0, 3, 1], "texture": "#1"},
				"up": {"uv": [4, 0, 3, 1], "texture": "#1"},
				"down": {"uv": [4, 0, 3, 1], "texture": "#1"}
			}
		},
		{
			"name": "hexadecagon",
			"from": [14.5797, 9.0622, 3.4952],
			"to": [14.8203, 9.3378, 4.7048],
			"rotation": {"angle": -22.5, "axis": "y", "origin": [14.7, 9.2, 4.1]},
			"faces": {
				"north": {"uv": [3, 0, 4, 1], "texture": "#1"},
				"east": {"uv": [3, 0, 4, 1], "texture": "#1"},
				"south": {"uv": [3, 0, 4, 1], "texture": "#1"},
				"west": {"uv": [3, 0, 4, 1], "texture": "#1"},
				"up": {"uv": [3, 0, 4, 1], "texture": "#1"},
				"down": {"uv": [3, 0, 4, 1], "texture": "#1"}
			}
		},
		{
			"name": "hexadecagon",
			"from": [1.1797, 9.0622, 3.4952],
			"to": [1.4203, 9.3378, 4.7048],
			"rotation": {"angle": 22.5, "axis": "y", "origin": [1.3, 9.2, 4.1]},
			"faces": {
				"north": {"uv": [4, 0, 3, 1], "texture": "#1"},
				"east": {"uv": [4, 0, 3, 1], "texture": "#1"},
				"south": {"uv": [4, 0, 3, 1], "texture": "#1"},
				"west": {"uv": [4, 0, 3, 1], "texture": "#1"},
				"up": {"uv": [4, 0, 3, 1], "texture": "#1"},
				"down": {"uv": [4, 0, 3, 1], "texture": "#1"}
			}
		},
		{
			"name": "hexadecagon",
			"from": [14.5797, 9.0622, 3.4952],
			"to": [14.8203, 9.3378, 4.7048],
			"rotation": {"angle": 0, "axis": "y", "origin": [14.7, 9.2, 4.1]},
			"faces": {
				"north": {"uv": [3, 0, 4, 1], "texture": "#1"},
				"east": {"uv": [3, 0, 4, 1], "texture": "#1"},
				"south": {"uv": [3, 0, 4, 1], "texture": "#1"},
				"west": {"uv": [3, 0, 4, 1], "texture": "#1"},
				"up": {"uv": [3, 0, 4, 1], "texture": "#1"},
				"down": {"uv": [3, 0, 4, 1], "texture": "#1"}
			}
		},
		{
			"name": "hexadecagon",
			"from": [1.1797, 9.0622, 3.4952],
			"to": [1.4203, 9.3378, 4.7048],
			"rotation": {"angle": 0, "axis": "y", "origin": [1.3, 9.2, 4.1]},
			"faces": {
				"north": {"uv": [4, 0, 3, 1], "texture": "#1"},
				"east": {"uv": [4, 0, 3, 1], "texture": "#1"},
				"south": {"uv": [4, 0, 3, 1], "texture": "#1"},
				"west": {"uv": [4, 0, 3, 1], "texture": "#1"},
				"up": {"uv": [4, 0, 3, 1], "texture": "#1"},
				"down": {"uv": [4, 0, 3, 1], "texture": "#1"}
			}
		},
		{
			"name": "hexadecagon",
			"from": [14.5797, 9.0622, 3.4952],
			"to": [14.8203, 9.3378, 4.7048],
			"rotation": {"angle": 22.5, "axis": "y", "origin": [14.7, 9.2, 4.1]},
			"faces": {
				"north": {"uv": [3, 0, 4, 1], "texture": "#1"},
				"east": {"uv": [3, 0, 4, 1], "texture": "#1"},
				"south": {"uv": [3, 0, 4, 1], "texture": "#1"},
				"west": {"uv": [3, 0, 4, 1], "texture": "#1"},
				"up": {"uv": [3, 0, 4, 1], "texture": "#1"},
				"down": {"uv": [3, 0, 4, 1], "texture": "#1"}
			}
		},
		{
			"name": "hexadecagon",
			"from": [1.1797, 9.0622, 3.4952],
			"to": [1.4203, 9.3378, 4.7048],
			"rotation": {"angle": -22.5, "axis": "y", "origin": [1.3, 9.2, 4.1]},
			"faces": {
				"north": {"uv": [4, 0, 3, 1], "texture": "#1"},
				"east": {"uv": [4, 0, 3, 1], "texture": "#1"},
				"south": {"uv": [4, 0, 3, 1], "texture": "#1"},
				"west": {"uv": [4, 0, 3, 1], "texture": "#1"},
				"up": {"uv": [4, 0, 3, 1], "texture": "#1"},
				"down": {"uv": [4, 0, 3, 1], "texture": "#1"}
			}
		},
		{
			"name": "hexadecagon",
			"from": [14.5797, 9.0622, 3.4952],
			"to": [14.8203, 9.3378, 4.7048],
			"rotation": {"angle": 45, "axis": "y", "origin": [14.7, 9.2, 4.1]},
			"faces": {
				"north": {"uv": [3, 0, 4, 1], "texture": "#1"},
				"east": {"uv": [3, 0, 4, 1], "texture": "#1"},
				"south": {"uv": [3, 0, 4, 1], "texture": "#1"},
				"west": {"uv": [3, 0, 4, 1], "texture": "#1"},
				"up": {"uv": [3, 0, 4, 1], "texture": "#1"},
				"down": {"uv": [3, 0, 4, 1], "texture": "#1"}
			}
		},
		{
			"name": "hexadecagon",
			"from": [1.1797, 9.0622, 3.4952],
			"to": [1.4203, 9.3378, 4.7048],
			"rotation": {"angle": -45, "axis": "y", "origin": [1.3, 9.2, 4.1]},
			"faces": {
				"north": {"uv": [4, 0, 3, 1], "texture": "#1"},
				"east": {"uv": [4, 0, 3, 1], "texture": "#1"},
				"south": {"uv": [4, 0, 3, 1], "texture": "#1"},
				"west": {"uv": [4, 0, 3, 1], "texture": "#1"},
				"up": {"uv": [4, 0, 3, 1], "texture": "#1"},
				"down": {"uv": [4, 0, 3, 1], "texture": "#1"}
			}
		},
		{
			"name": "hexadecagon",
			"from": [14.0952, 9.0622, 3.9797],
			"to": [15.3048, 9.3378, 4.2203],
			"rotation": {"angle": -22.5, "axis": "y", "origin": [14.7, 9.2, 4.1]},
			"faces": {
				"north": {"uv": [3, 0, 4, 1], "texture": "#1"},
				"east": {"uv": [3, 0, 4, 1], "texture": "#1"},
				"south": {"uv": [3, 0, 4, 1], "texture": "#1"},
				"west": {"uv": [3, 0, 4, 1], "texture": "#1"},
				"up": {"uv": [3, 0, 4, 1], "texture": "#1"},
				"down": {"uv": [3, 0, 4, 1], "texture": "#1"}
			}
		},
		{
			"name": "hexadecagon",
			"from": [0.6952, 9.0622, 3.9797],
			"to": [1.9048, 9.3378, 4.2203],
			"rotation": {"angle": 22.5, "axis": "y", "origin": [1.3, 9.2, 4.1]},
			"faces": {
				"north": {"uv": [4, 0, 3, 1], "texture": "#1"},
				"east": {"uv": [4, 0, 3, 1], "texture": "#1"},
				"south": {"uv": [4, 0, 3, 1], "texture": "#1"},
				"west": {"uv": [4, 0, 3, 1], "texture": "#1"},
				"up": {"uv": [4, 0, 3, 1], "texture": "#1"},
				"down": {"uv": [4, 0, 3, 1], "texture": "#1"}
			}
		},
		{
			"name": "hexadecagon",
			"from": [14.0952, 9.0622, 3.9797],
			"to": [15.3048, 9.3378, 4.2203],
			"rotation": {"angle": 0, "axis": "y", "origin": [14.7, 9.2, 4.1]},
			"faces": {
				"north": {"uv": [3, 0, 4, 1], "texture": "#1"},
				"east": {"uv": [3, 0, 4, 1], "texture": "#1"},
				"south": {"uv": [3, 0, 4, 1], "texture": "#1"},
				"west": {"uv": [3, 0, 4, 1], "texture": "#1"},
				"up": {"uv": [3, 0, 4, 1], "texture": "#1"},
				"down": {"uv": [3, 0, 4, 1], "texture": "#1"}
			}
		},
		{
			"name": "hexadecagon",
			"from": [0.6952, 9.0622, 3.9797],
			"to": [1.9048, 9.3378, 4.2203],
			"rotation": {"angle": 0, "axis": "y", "origin": [1.3, 9.2, 4.1]},
			"faces": {
				"north": {"uv": [4, 0, 3, 1], "texture": "#1"},
				"east": {"uv": [4, 0, 3, 1], "texture": "#1"},
				"south": {"uv": [4, 0, 3, 1], "texture": "#1"},
				"west": {"uv": [4, 0, 3, 1], "texture": "#1"},
				"up": {"uv": [4, 0, 3, 1], "texture": "#1"},
				"down": {"uv": [4, 0, 3, 1], "texture": "#1"}
			}
		},
		{
			"name": "hexadecagon",
			"from": [14.0952, 9.0622, 3.9797],
			"to": [15.3048, 9.3378, 4.2203],
			"rotation": {"angle": 22.5, "axis": "y", "origin": [14.7, 9.2, 4.1]},
			"faces": {
				"north": {"uv": [3, 0, 4, 1], "texture": "#1"},
				"east": {"uv": [3, 0, 4, 1], "texture": "#1"},
				"south": {"uv": [3, 0, 4, 1], "texture": "#1"},
				"west": {"uv": [3, 0, 4, 1], "texture": "#1"},
				"up": {"uv": [3, 0, 4, 1], "texture": "#1"},
				"down": {"uv": [3, 0, 4, 1], "texture": "#1"}
			}
		},
		{
			"name": "hexadecagon",
			"from": [0.6952, 9.0622, 3.9797],
			"to": [1.9048, 9.3378, 4.2203],
			"rotation": {"angle": -22.5, "axis": "y", "origin": [1.3, 9.2, 4.1]},
			"faces": {
				"north": {"uv": [4, 0, 3, 1], "texture": "#1"},
				"east": {"uv": [4, 0, 3, 1], "texture": "#1"},
				"south": {"uv": [4, 0, 3, 1], "texture": "#1"},
				"west": {"uv": [4, 0, 3, 1], "texture": "#1"},
				"up": {"uv": [4, 0, 3, 1], "texture": "#1"},
				"down": {"uv": [4, 0, 3, 1], "texture": "#1"}
			}
		},
		{
			"name": "hexadecagon",
			"from": [14.64697, 10.33926, 3.8334],
			"to": [14.75303, 11.06074, 4.3666],
			"rotation": {"angle": -45, "axis": "y", "origin": [14.7, 9.3, 4.1]},
			"faces": {
				"north": {"uv": [3, 0, 4, 1], "texture": "#1"},
				"east": {"uv": [3, 0, 4, 1], "texture": "#1"},
				"south": {"uv": [3, 0, 4, 1], "texture": "#1"},
				"west": {"uv": [3, 0, 4, 1], "texture": "#1"},
				"up": {"uv": [3, 0, 4, 1], "texture": "#1"},
				"down": {"uv": [3, 0, 4, 1], "texture": "#1"}
			}
		},
		{
			"name": "hexadecagon",
			"from": [1.24697, 10.33926, 3.8334],
			"to": [1.35303, 11.06074, 4.3666],
			"rotation": {"angle": 45, "axis": "y", "origin": [1.3, 9.3, 4.1]},
			"faces": {
				"north": {"uv": [4, 0, 3, 1], "texture": "#1"},
				"east": {"uv": [4, 0, 3, 1], "texture": "#1"},
				"south": {"uv": [4, 0, 3, 1], "texture": "#1"},
				"west": {"uv": [4, 0, 3, 1], "texture": "#1"},
				"up": {"uv": [4, 0, 3, 1], "texture": "#1"},
				"down": {"uv": [4, 0, 3, 1], "texture": "#1"}
			}
		},
		{
			"name": "hexadecagon",
			"from": [14.64697, 10.33926, 3.8334],
			"to": [14.75303, 11.06074, 4.3666],
			"rotation": {"angle": -22.5, "axis": "y", "origin": [14.7, 9.3, 4.1]},
			"faces": {
				"north": {"uv": [3, 0, 4, 1], "texture": "#1"},
				"east": {"uv": [3, 0, 4, 1], "texture": "#1"},
				"south": {"uv": [3, 0, 4, 1], "texture": "#1"},
				"west": {"uv": [3, 0, 4, 1], "texture": "#1"},
				"up": {"uv": [3, 0, 4, 1], "texture": "#1"},
				"down": {"uv": [3, 0, 4, 1], "texture": "#1"}
			}
		},
		{
			"name": "hexadecagon",
			"from": [1.24697, 10.33926, 3.8334],
			"to": [1.35303, 11.06074, 4.3666],
			"rotation": {"angle": 22.5, "axis": "y", "origin": [1.3, 9.3, 4.1]},
			"faces": {
				"north": {"uv": [4, 0, 3, 1], "texture": "#1"},
				"east": {"uv": [4, 0, 3, 1], "texture": "#1"},
				"south": {"uv": [4, 0, 3, 1], "texture": "#1"},
				"west": {"uv": [4, 0, 3, 1], "texture": "#1"},
				"up": {"uv": [4, 0, 3, 1], "texture": "#1"},
				"down": {"uv": [4, 0, 3, 1], "texture": "#1"}
			}
		},
		{
			"name": "hexadecagon",
			"from": [14.64697, 10.33926, 3.8334],
			"to": [14.75303, 11.06074, 4.3666],
			"rotation": {"angle": 0, "axis": "y", "origin": [14.7, 9.3, 4.1]},
			"faces": {
				"north": {"uv": [3, 0, 4, 1], "texture": "#1"},
				"east": {"uv": [3, 0, 4, 1], "texture": "#1"},
				"south": {"uv": [3, 0, 4, 1], "texture": "#1"},
				"west": {"uv": [3, 0, 4, 1], "texture": "#1"},
				"up": {"uv": [3, 0, 4, 1], "texture": "#1"},
				"down": {"uv": [3, 0, 4, 1], "texture": "#1"}
			}
		},
		{
			"name": "hexadecagon",
			"from": [1.24697, 10.33926, 3.8334],
			"to": [1.35303, 11.06074, 4.3666],
			"rotation": {"angle": 0, "axis": "y", "origin": [1.3, 9.3, 4.1]},
			"faces": {
				"north": {"uv": [4, 0, 3, 1], "texture": "#1"},
				"east": {"uv": [4, 0, 3, 1], "texture": "#1"},
				"south": {"uv": [4, 0, 3, 1], "texture": "#1"},
				"west": {"uv": [4, 0, 3, 1], "texture": "#1"},
				"up": {"uv": [4, 0, 3, 1], "texture": "#1"},
				"down": {"uv": [4, 0, 3, 1], "texture": "#1"}
			}
		},
		{
			"name": "hexadecagon",
			"from": [14.64697, 10.33926, 3.8334],
			"to": [14.75303, 11.06074, 4.3666],
			"rotation": {"angle": 22.5, "axis": "y", "origin": [14.7, 9.3, 4.1]},
			"faces": {
				"north": {"uv": [3, 0, 4, 1], "texture": "#1"},
				"east": {"uv": [3, 0, 4, 1], "texture": "#1"},
				"south": {"uv": [3, 0, 4, 1], "texture": "#1"},
				"west": {"uv": [3, 0, 4, 1], "texture": "#1"},
				"up": {"uv": [3, 0, 4, 1], "texture": "#1"},
				"down": {"uv": [3, 0, 4, 1], "texture": "#1"}
			}
		},
		{
			"name": "hexadecagon",
			"from": [1.24697, 10.33926, 3.8334],
			"to": [1.35303, 11.06074, 4.3666],
			"rotation": {"angle": -22.5, "axis": "y", "origin": [1.3, 9.3, 4.1]},
			"faces": {
				"north": {"uv": [4, 0, 3, 1], "texture": "#1"},
				"east": {"uv": [4, 0, 3, 1], "texture": "#1"},
				"south": {"uv": [4, 0, 3, 1], "texture": "#1"},
				"west": {"uv": [4, 0, 3, 1], "texture": "#1"},
				"up": {"uv": [4, 0, 3, 1], "texture": "#1"},
				"down": {"uv": [4, 0, 3, 1], "texture": "#1"}
			}
		},
		{
			"name": "hexadecagon",
			"from": [14.64697, 10.33926, 3.8334],
			"to": [14.75303, 11.06074, 4.3666],
			"rotation": {"angle": 45, "axis": "y", "origin": [14.7, 9.3, 4.1]},
			"faces": {
				"north": {"uv": [3, 0, 4, 1], "texture": "#1"},
				"east": {"uv": [3, 0, 4, 1], "texture": "#1"},
				"south": {"uv": [3, 0, 4, 1], "texture": "#1"},
				"west": {"uv": [3, 0, 4, 1], "texture": "#1"},
				"up": {"uv": [3, 0, 4, 1], "texture": "#1"},
				"down": {"uv": [3, 0, 4, 1], "texture": "#1"}
			}
		},
		{
			"name": "hexadecagon",
			"from": [1.24697, 10.33926, 3.8334],
			"to": [1.35303, 11.06074, 4.3666],
			"rotation": {"angle": -45, "axis": "y", "origin": [1.3, 9.3, 4.1]},
			"faces": {
				"north": {"uv": [4, 0, 3, 1], "texture": "#1"},
				"east": {"uv": [4, 0, 3, 1], "texture": "#1"},
				"south": {"uv": [4, 0, 3, 1], "texture": "#1"},
				"west": {"uv": [4, 0, 3, 1], "texture": "#1"},
				"up": {"uv": [4, 0, 3, 1], "texture": "#1"},
				"down": {"uv": [4, 0, 3, 1], "texture": "#1"}
			}
		},
		{
			"name": "hexadecagon",
			"from": [14.4334, 10.33926, 4.04697],
			"to": [14.9666, 11.06074, 4.15303],
			"rotation": {"angle": -22.5, "axis": "y", "origin": [14.7, 9.3, 4.1]},
			"faces": {
				"north": {"uv": [3, 0, 4, 1], "texture": "#1"},
				"east": {"uv": [3, 0, 4, 1], "texture": "#1"},
				"south": {"uv": [3, 0, 4, 1], "texture": "#1"},
				"west": {"uv": [3, 0, 4, 1], "texture": "#1"},
				"up": {"uv": [3, 0, 4, 1], "texture": "#1"},
				"down": {"uv": [3, 0, 4, 1], "texture": "#1"}
			}
		},
		{
			"name": "hexadecagon",
			"from": [1.0334, 10.33926, 4.04697],
			"to": [1.5666, 11.06074, 4.15303],
			"rotation": {"angle": 22.5, "axis": "y", "origin": [1.3, 9.3, 4.1]},
			"faces": {
				"north": {"uv": [4, 0, 3, 1], "texture": "#1"},
				"east": {"uv": [4, 0, 3, 1], "texture": "#1"},
				"south": {"uv": [4, 0, 3, 1], "texture": "#1"},
				"west": {"uv": [4, 0, 3, 1], "texture": "#1"},
				"up": {"uv": [4, 0, 3, 1], "texture": "#1"},
				"down": {"uv": [4, 0, 3, 1], "texture": "#1"}
			}
		},
		{
			"name": "hexadecagon",
			"from": [14.4334, 10.33926, 4.04697],
			"to": [14.9666, 11.06074, 4.15303],
			"rotation": {"angle": 0, "axis": "y", "origin": [14.7, 9.3, 4.1]},
			"faces": {
				"north": {"uv": [3, 0, 4, 1], "texture": "#1"},
				"east": {"uv": [3, 0, 4, 1], "texture": "#1"},
				"south": {"uv": [3, 0, 4, 1], "texture": "#1"},
				"west": {"uv": [3, 0, 4, 1], "texture": "#1"},
				"up": {"uv": [3, 0, 4, 1], "texture": "#1"},
				"down": {"uv": [3, 0, 4, 1], "texture": "#1"}
			}
		},
		{
			"name": "hexadecagon",
			"from": [1.0334, 10.33926, 4.04697],
			"to": [1.5666, 11.06074, 4.15303],
			"rotation": {"angle": 0, "axis": "y", "origin": [1.3, 9.3, 4.1]},
			"faces": {
				"north": {"uv": [4, 0, 3, 1], "texture": "#1"},
				"east": {"uv": [4, 0, 3, 1], "texture": "#1"},
				"south": {"uv": [4, 0, 3, 1], "texture": "#1"},
				"west": {"uv": [4, 0, 3, 1], "texture": "#1"},
				"up": {"uv": [4, 0, 3, 1], "texture": "#1"},
				"down": {"uv": [4, 0, 3, 1], "texture": "#1"}
			}
		},
		{
			"name": "hexadecagon",
			"from": [14.4334, 10.33926, 4.04697],
			"to": [14.9666, 11.06074, 4.15303],
			"rotation": {"angle": 22.5, "axis": "y", "origin": [14.7, 9.3, 4.1]},
			"faces": {
				"north": {"uv": [3, 0, 4, 1], "texture": "#1"},
				"east": {"uv": [3, 0, 4, 1], "texture": "#1"},
				"south": {"uv": [3, 0, 4, 1], "texture": "#1"},
				"west": {"uv": [3, 0, 4, 1], "texture": "#1"},
				"up": {"uv": [3, 0, 4, 1], "texture": "#1"},
				"down": {"uv": [3, 0, 4, 1], "texture": "#1"}
			}
		},
		{
			"name": "hexadecagon",
			"from": [1.0334, 10.33926, 4.04697],
			"to": [1.5666, 11.06074, 4.15303],
			"rotation": {"angle": -22.5, "axis": "y", "origin": [1.3, 9.3, 4.1]},
			"faces": {
				"north": {"uv": [4, 0, 3, 1], "texture": "#1"},
				"east": {"uv": [4, 0, 3, 1], "texture": "#1"},
				"south": {"uv": [4, 0, 3, 1], "texture": "#1"},
				"west": {"uv": [4, 0, 3, 1], "texture": "#1"},
				"up": {"uv": [4, 0, 3, 1], "texture": "#1"},
				"down": {"uv": [4, 0, 3, 1], "texture": "#1"}
			}
		},
		{
			"name": "hexadecagon",
			"from": [14.66076, 9.26926, 3.90272],
			"to": [14.73924, 11.20926, 4.29728],
			"rotation": {"angle": -45, "axis": "y", "origin": [14.7, 9.44021, 4.1]},
			"faces": {
				"north": {"uv": [3, 0, 4, 1], "texture": "#1"},
				"east": {"uv": [3, 0, 4, 1], "texture": "#1"},
				"south": {"uv": [3, 0, 4, 1], "texture": "#1"},
				"west": {"uv": [3, 0, 4, 1], "texture": "#1"},
				"up": {"uv": [3, 0, 4, 1], "texture": "#1"},
				"down": {"uv": [3, 0, 4, 1], "texture": "#1"}
			}
		},
		{
			"name": "hexadecagon",
			"from": [1.26076, 9.26926, 3.90272],
			"to": [1.33924, 11.20926, 4.29728],
			"rotation": {"angle": 45, "axis": "y", "origin": [1.3, 9.44021, 4.1]},
			"faces": {
				"north": {"uv": [4, 0, 3, 1], "texture": "#1"},
				"east": {"uv": [4, 0, 3, 1], "texture": "#1"},
				"south": {"uv": [4, 0, 3, 1], "texture": "#1"},
				"west": {"uv": [4, 0, 3, 1], "texture": "#1"},
				"up": {"uv": [4, 0, 3, 1], "texture": "#1"},
				"down": {"uv": [4, 0, 3, 1], "texture": "#1"}
			}
		},
		{
			"name": "hexadecagon",
			"from": [14.66076, 9.26926, 3.90272],
			"to": [14.73924, 11.20926, 4.29728],
			"rotation": {"angle": -22.5, "axis": "y", "origin": [14.7, 9.44021, 4.1]},
			"faces": {
				"north": {"uv": [3, 0, 4, 1], "texture": "#1"},
				"east": {"uv": [3, 0, 4, 1], "texture": "#1"},
				"south": {"uv": [3, 0, 4, 1], "texture": "#1"},
				"west": {"uv": [3, 0, 4, 1], "texture": "#1"},
				"up": {"uv": [3, 0, 4, 1], "texture": "#1"},
				"down": {"uv": [3, 0, 4, 1], "texture": "#1"}
			}
		},
		{
			"name": "hexadecagon",
			"from": [1.26076, 9.26926, 3.90272],
			"to": [1.33924, 11.20926, 4.29728],
			"rotation": {"angle": 22.5, "axis": "y", "origin": [1.3, 9.44021, 4.1]},
			"faces": {
				"north": {"uv": [4, 0, 3, 1], "texture": "#1"},
				"east": {"uv": [4, 0, 3, 1], "texture": "#1"},
				"south": {"uv": [4, 0, 3, 1], "texture": "#1"},
				"west": {"uv": [4, 0, 3, 1], "texture": "#1"},
				"up": {"uv": [4, 0, 3, 1], "texture": "#1"},
				"down": {"uv": [4, 0, 3, 1], "texture": "#1"}
			}
		},
		{
			"name": "hexadecagon",
			"from": [14.66076, 9.26926, 3.90272],
			"to": [14.73924, 11.20926, 4.29728],
			"rotation": {"angle": 0, "axis": "y", "origin": [14.7, 9.44021, 4.1]},
			"faces": {
				"north": {"uv": [3, 0, 4, 1], "texture": "#1"},
				"east": {"uv": [3, 0, 4, 1], "texture": "#1"},
				"south": {"uv": [3, 0, 4, 1], "texture": "#1"},
				"west": {"uv": [3, 0, 4, 1], "texture": "#1"},
				"up": {"uv": [3, 0, 4, 1], "texture": "#1"},
				"down": {"uv": [3, 0, 4, 1], "texture": "#1"}
			}
		},
		{
			"name": "hexadecagon",
			"from": [1.26076, 9.26926, 3.90272],
			"to": [1.33924, 11.20926, 4.29728],
			"rotation": {"angle": 0, "axis": "y", "origin": [1.3, 9.44021, 4.1]},
			"faces": {
				"north": {"uv": [4, 0, 3, 1], "texture": "#1"},
				"east": {"uv": [4, 0, 3, 1], "texture": "#1"},
				"south": {"uv": [4, 0, 3, 1], "texture": "#1"},
				"west": {"uv": [4, 0, 3, 1], "texture": "#1"},
				"up": {"uv": [4, 0, 3, 1], "texture": "#1"},
				"down": {"uv": [4, 0, 3, 1], "texture": "#1"}
			}
		},
		{
			"name": "hexadecagon",
			"from": [14.66076, 9.26926, 3.90272],
			"to": [14.73924, 11.20926, 4.29728],
			"rotation": {"angle": 22.5, "axis": "y", "origin": [14.7, 9.44021, 4.1]},
			"faces": {
				"north": {"uv": [3, 0, 4, 1], "texture": "#1"},
				"east": {"uv": [3, 0, 4, 1], "texture": "#1"},
				"south": {"uv": [3, 0, 4, 1], "texture": "#1"},
				"west": {"uv": [3, 0, 4, 1], "texture": "#1"},
				"up": {"uv": [3, 0, 4, 1], "texture": "#1"},
				"down": {"uv": [3, 0, 4, 1], "texture": "#1"}
			}
		},
		{
			"name": "hexadecagon",
			"from": [1.26076, 9.26926, 3.90272],
			"to": [1.33924, 11.20926, 4.29728],
			"rotation": {"angle": -22.5, "axis": "y", "origin": [1.3, 9.44021, 4.1]},
			"faces": {
				"north": {"uv": [4, 0, 3, 1], "texture": "#1"},
				"east": {"uv": [4, 0, 3, 1], "texture": "#1"},
				"south": {"uv": [4, 0, 3, 1], "texture": "#1"},
				"west": {"uv": [4, 0, 3, 1], "texture": "#1"},
				"up": {"uv": [4, 0, 3, 1], "texture": "#1"},
				"down": {"uv": [4, 0, 3, 1], "texture": "#1"}
			}
		},
		{
			"name": "hexadecagon",
			"from": [14.66076, 9.26926, 3.90272],
			"to": [14.73924, 11.20926, 4.29728],
			"rotation": {"angle": 45, "axis": "y", "origin": [14.7, 9.44021, 4.1]},
			"faces": {
				"north": {"uv": [3, 0, 4, 1], "texture": "#1"},
				"east": {"uv": [3, 0, 4, 1], "texture": "#1"},
				"south": {"uv": [3, 0, 4, 1], "texture": "#1"},
				"west": {"uv": [3, 0, 4, 1], "texture": "#1"},
				"up": {"uv": [3, 0, 4, 1], "texture": "#1"},
				"down": {"uv": [3, 0, 4, 1], "texture": "#1"}
			}
		},
		{
			"name": "hexadecagon",
			"from": [1.26076, 9.26926, 3.90272],
			"to": [1.33924, 11.20926, 4.29728],
			"rotation": {"angle": -45, "axis": "y", "origin": [1.3, 9.44021, 4.1]},
			"faces": {
				"north": {"uv": [4, 0, 3, 1], "texture": "#1"},
				"east": {"uv": [4, 0, 3, 1], "texture": "#1"},
				"south": {"uv": [4, 0, 3, 1], "texture": "#1"},
				"west": {"uv": [4, 0, 3, 1], "texture": "#1"},
				"up": {"uv": [4, 0, 3, 1], "texture": "#1"},
				"down": {"uv": [4, 0, 3, 1], "texture": "#1"}
			}
		},
		{
			"name": "hexadecagon",
			"from": [14.50272, 9.26926, 4.06076],
			"to": [14.89728, 11.20926, 4.13924],
			"rotation": {"angle": -22.5, "axis": "y", "origin": [14.7, 9.44021, 4.1]},
			"faces": {
				"north": {"uv": [3, 0, 4, 1], "texture": "#1"},
				"east": {"uv": [3, 0, 4, 1], "texture": "#1"},
				"south": {"uv": [3, 0, 4, 1], "texture": "#1"},
				"west": {"uv": [3, 0, 4, 1], "texture": "#1"},
				"up": {"uv": [3, 0, 4, 1], "texture": "#1"},
				"down": {"uv": [3, 0, 4, 1], "texture": "#1"}
			}
		},
		{
			"name": "hexadecagon",
			"from": [1.10272, 9.26926, 4.06076],
			"to": [1.49728, 11.20926, 4.13924],
			"rotation": {"angle": 22.5, "axis": "y", "origin": [1.3, 9.44021, 4.1]},
			"faces": {
				"north": {"uv": [4, 0, 3, 1], "texture": "#1"},
				"east": {"uv": [4, 0, 3, 1], "texture": "#1"},
				"south": {"uv": [4, 0, 3, 1], "texture": "#1"},
				"west": {"uv": [4, 0, 3, 1], "texture": "#1"},
				"up": {"uv": [4, 0, 3, 1], "texture": "#1"},
				"down": {"uv": [4, 0, 3, 1], "texture": "#1"}
			}
		},
		{
			"name": "hexadecagon",
			"from": [14.50272, 9.26926, 4.06076],
			"to": [14.89728, 11.20926, 4.13924],
			"rotation": {"angle": 0, "axis": "y", "origin": [14.7, 9.44021, 4.1]},
			"faces": {
				"north": {"uv": [3, 0, 4, 1], "texture": "#1"},
				"east": {"uv": [3, 0, 4, 1], "texture": "#1"},
				"south": {"uv": [3, 0, 4, 1], "texture": "#1"},
				"west": {"uv": [3, 0, 4, 1], "texture": "#1"},
				"up": {"uv": [3, 0, 4, 1], "texture": "#1"},
				"down": {"uv": [3, 0, 4, 1], "texture": "#1"}
			}
		},
		{
			"name": "hexadecagon",
			"from": [1.10272, 9.26926, 4.06076],
			"to": [1.49728, 11.20926, 4.13924],
			"rotation": {"angle": 0, "axis": "y", "origin": [1.3, 9.44021, 4.1]},
			"faces": {
				"north": {"uv": [4, 0, 3, 1], "texture": "#1"},
				"east": {"uv": [4, 0, 3, 1], "texture": "#1"},
				"south": {"uv": [4, 0, 3, 1], "texture": "#1"},
				"west": {"uv": [4, 0, 3, 1], "texture": "#1"},
				"up": {"uv": [4, 0, 3, 1], "texture": "#1"},
				"down": {"uv": [4, 0, 3, 1], "texture": "#1"}
			}
		},
		{
			"name": "hexadecagon",
			"from": [14.50272, 9.26926, 4.06076],
			"to": [14.89728, 11.20926, 4.13924],
			"rotation": {"angle": 22.5, "axis": "y", "origin": [14.7, 9.44021, 4.1]},
			"faces": {
				"north": {"uv": [3, 0, 4, 1], "texture": "#1"},
				"east": {"uv": [3, 0, 4, 1], "texture": "#1"},
				"south": {"uv": [3, 0, 4, 1], "texture": "#1"},
				"west": {"uv": [3, 0, 4, 1], "texture": "#1"},
				"up": {"uv": [3, 0, 4, 1], "texture": "#1"},
				"down": {"uv": [3, 0, 4, 1], "texture": "#1"}
			}
		},
		{
			"name": "hexadecagon",
			"from": [1.10272, 9.26926, 4.06076],
			"to": [1.49728, 11.20926, 4.13924],
			"rotation": {"angle": -22.5, "axis": "y", "origin": [1.3, 9.44021, 4.1]},
			"faces": {
				"north": {"uv": [4, 0, 3, 1], "texture": "#1"},
				"east": {"uv": [4, 0, 3, 1], "texture": "#1"},
				"south": {"uv": [4, 0, 3, 1], "texture": "#1"},
				"west": {"uv": [4, 0, 3, 1], "texture": "#1"},
				"up": {"uv": [4, 0, 3, 1], "texture": "#1"},
				"down": {"uv": [4, 0, 3, 1], "texture": "#1"}
			}
		},
		{
			"name": "hexadecagon",
			"from": [13.94653, 9.0832, 6.9312],
			"to": [14.05347, 9.2168, 7.4688],
			"rotation": {"angle": -45, "axis": "y", "origin": [14, 9.2, 7.2]},
			"faces": {
				"north": {"uv": [10, 2, 11, 3], "texture": "#3"},
				"east": {"uv": [10, 2, 11, 3], "texture": "#3"},
				"south": {"uv": [10, 2, 11, 3], "texture": "#3"},
				"west": {"uv": [10, 2, 11, 3], "texture": "#3"},
				"up": {"uv": [10, 2, 11, 3], "texture": "#3"},
				"down": {"uv": [10, 2, 11, 3], "texture": "#3"}
			}
		},
		{
			"name": "hexadecagon",
			"from": [1.94653, 9.0832, 6.9312],
			"to": [2.05347, 9.2168, 7.4688],
			"rotation": {"angle": 45, "axis": "y", "origin": [2, 9.2, 7.2]},
			"faces": {
				"north": {"uv": [11, 2, 10, 3], "texture": "#3"},
				"east": {"uv": [11, 2, 10, 3], "texture": "#3"},
				"south": {"uv": [11, 2, 10, 3], "texture": "#3"},
				"west": {"uv": [11, 2, 10, 3], "texture": "#3"},
				"up": {"uv": [11, 2, 10, 3], "texture": "#3"},
				"down": {"uv": [11, 2, 10, 3], "texture": "#3"}
			}
		},
		{
			"name": "hexadecagon",
			"from": [13.94653, 9.0832, 6.9312],
			"to": [14.05347, 9.2168, 7.4688],
			"rotation": {"angle": -22.5, "axis": "y", "origin": [14, 9.2, 7.2]},
			"faces": {
				"north": {"uv": [10, 2, 11, 3], "texture": "#3"},
				"east": {"uv": [10, 2, 11, 3], "texture": "#3"},
				"south": {"uv": [10, 2, 11, 3], "texture": "#3"},
				"west": {"uv": [10, 2, 11, 3], "texture": "#3"},
				"up": {"uv": [10, 2, 11, 3], "texture": "#3"},
				"down": {"uv": [10, 2, 11, 3], "texture": "#3"}
			}
		},
		{
			"name": "hexadecagon",
			"from": [1.94653, 9.0832, 6.9312],
			"to": [2.05347, 9.2168, 7.4688],
			"rotation": {"angle": 22.5, "axis": "y", "origin": [2, 9.2, 7.2]},
			"faces": {
				"north": {"uv": [11, 2, 10, 3], "texture": "#3"},
				"east": {"uv": [11, 2, 10, 3], "texture": "#3"},
				"south": {"uv": [11, 2, 10, 3], "texture": "#3"},
				"west": {"uv": [11, 2, 10, 3], "texture": "#3"},
				"up": {"uv": [11, 2, 10, 3], "texture": "#3"},
				"down": {"uv": [11, 2, 10, 3], "texture": "#3"}
			}
		},
		{
			"name": "hexadecagon",
			"from": [13.94653, 9.0832, 6.9312],
			"to": [14.05347, 9.2168, 7.4688],
			"rotation": {"angle": 0, "axis": "y", "origin": [14, 9.2, 7.2]},
			"faces": {
				"north": {"uv": [10, 2, 11, 3], "texture": "#3"},
				"east": {"uv": [10, 2, 11, 3], "texture": "#3"},
				"south": {"uv": [10, 2, 11, 3], "texture": "#3"},
				"west": {"uv": [10, 2, 11, 3], "texture": "#3"},
				"up": {"uv": [10, 2, 11, 3], "texture": "#3"},
				"down": {"uv": [10, 2, 11, 3], "texture": "#3"}
			}
		},
		{
			"name": "hexadecagon",
			"from": [1.94653, 9.0832, 6.9312],
			"to": [2.05347, 9.2168, 7.4688],
			"rotation": {"angle": 0, "axis": "y", "origin": [2, 9.2, 7.2]},
			"faces": {
				"north": {"uv": [11, 2, 10, 3], "texture": "#3"},
				"east": {"uv": [11, 2, 10, 3], "texture": "#3"},
				"south": {"uv": [11, 2, 10, 3], "texture": "#3"},
				"west": {"uv": [11, 2, 10, 3], "texture": "#3"},
				"up": {"uv": [11, 2, 10, 3], "texture": "#3"},
				"down": {"uv": [11, 2, 10, 3], "texture": "#3"}
			}
		},
		{
			"name": "hexadecagon",
			"from": [13.94653, 9.0832, 6.9312],
			"to": [14.05347, 9.2168, 7.4688],
			"rotation": {"angle": 22.5, "axis": "y", "origin": [14, 9.2, 7.2]},
			"faces": {
				"north": {"uv": [10, 2, 11, 3], "texture": "#3"},
				"east": {"uv": [10, 2, 11, 3], "texture": "#3"},
				"south": {"uv": [10, 2, 11, 3], "texture": "#3"},
				"west": {"uv": [10, 2, 11, 3], "texture": "#3"},
				"up": {"uv": [10, 2, 11, 3], "texture": "#3"},
				"down": {"uv": [10, 2, 11, 3], "texture": "#3"}
			}
		},
		{
			"name": "hexadecagon",
			"from": [1.94653, 9.0832, 6.9312],
			"to": [2.05347, 9.2168, 7.4688],
			"rotation": {"angle": -22.5, "axis": "y", "origin": [2, 9.2, 7.2]},
			"faces": {
				"north": {"uv": [11, 2, 10, 3], "texture": "#3"},
				"east": {"uv": [11, 2, 10, 3], "texture": "#3"},
				"south": {"uv": [11, 2, 10, 3], "texture": "#3"},
				"west": {"uv": [11, 2, 10, 3], "texture": "#3"},
				"up": {"uv": [11, 2, 10, 3], "texture": "#3"},
				"down": {"uv": [11, 2, 10, 3], "texture": "#3"}
			}
		},
		{
			"name": "hexadecagon",
			"from": [13.94653, 9.0832, 6.9312],
			"to": [14.05347, 9.2168, 7.4688],
			"rotation": {"angle": 45, "axis": "y", "origin": [14, 9.2, 7.2]},
			"faces": {
				"north": {"uv": [10, 2, 11, 3], "texture": "#3"},
				"east": {"uv": [10, 2, 11, 3], "texture": "#3"},
				"south": {"uv": [10, 2, 11, 3], "texture": "#3"},
				"west": {"uv": [10, 2, 11, 3], "texture": "#3"},
				"up": {"uv": [10, 2, 11, 3], "texture": "#3"},
				"down": {"uv": [10, 2, 11, 3], "texture": "#3"}
			}
		},
		{
			"name": "hexadecagon",
			"from": [1.94653, 9.0832, 6.9312],
			"to": [2.05347, 9.2168, 7.4688],
			"rotation": {"angle": -45, "axis": "y", "origin": [2, 9.2, 7.2]},
			"faces": {
				"north": {"uv": [11, 2, 10, 3], "texture": "#3"},
				"east": {"uv": [11, 2, 10, 3], "texture": "#3"},
				"south": {"uv": [11, 2, 10, 3], "texture": "#3"},
				"west": {"uv": [11, 2, 10, 3], "texture": "#3"},
				"up": {"uv": [11, 2, 10, 3], "texture": "#3"},
				"down": {"uv": [11, 2, 10, 3], "texture": "#3"}
			}
		},
		{
			"name": "hexadecagon",
			"from": [13.7312, 9.0832, 7.14653],
			"to": [14.2688, 9.2168, 7.25347],
			"rotation": {"angle": -22.5, "axis": "y", "origin": [14, 9.2, 7.2]},
			"faces": {
				"north": {"uv": [10, 2, 11, 3], "texture": "#3"},
				"east": {"uv": [10, 2, 11, 3], "texture": "#3"},
				"south": {"uv": [10, 2, 11, 3], "texture": "#3"},
				"west": {"uv": [10, 2, 11, 3], "texture": "#3"},
				"up": {"uv": [10, 2, 11, 3], "texture": "#3"},
				"down": {"uv": [10, 2, 11, 3], "texture": "#3"}
			}
		},
		{
			"name": "hexadecagon",
			"from": [1.7312, 9.0832, 7.14653],
			"to": [2.2688, 9.2168, 7.25347],
			"rotation": {"angle": 22.5, "axis": "y", "origin": [2, 9.2, 7.2]},
			"faces": {
				"north": {"uv": [11, 2, 10, 3], "texture": "#3"},
				"east": {"uv": [11, 2, 10, 3], "texture": "#3"},
				"south": {"uv": [11, 2, 10, 3], "texture": "#3"},
				"west": {"uv": [11, 2, 10, 3], "texture": "#3"},
				"up": {"uv": [11, 2, 10, 3], "texture": "#3"},
				"down": {"uv": [11, 2, 10, 3], "texture": "#3"}
			}
		},
		{
			"name": "hexadecagon",
			"from": [13.7312, 9.0832, 7.14653],
			"to": [14.2688, 9.2168, 7.25347],
			"rotation": {"angle": 0, "axis": "y", "origin": [14, 9.2, 7.2]},
			"faces": {
				"north": {"uv": [10, 2, 11, 3], "texture": "#3"},
				"east": {"uv": [10, 2, 11, 3], "texture": "#3"},
				"south": {"uv": [10, 2, 11, 3], "texture": "#3"},
				"west": {"uv": [10, 2, 11, 3], "texture": "#3"},
				"up": {"uv": [10, 2, 11, 3], "texture": "#3"},
				"down": {"uv": [10, 2, 11, 3], "texture": "#3"}
			}
		},
		{
			"name": "hexadecagon",
			"from": [1.7312, 9.0832, 7.14653],
			"to": [2.2688, 9.2168, 7.25347],
			"rotation": {"angle": 0, "axis": "y", "origin": [2, 9.2, 7.2]},
			"faces": {
				"north": {"uv": [11, 2, 10, 3], "texture": "#3"},
				"east": {"uv": [11, 2, 10, 3], "texture": "#3"},
				"south": {"uv": [11, 2, 10, 3], "texture": "#3"},
				"west": {"uv": [11, 2, 10, 3], "texture": "#3"},
				"up": {"uv": [11, 2, 10, 3], "texture": "#3"},
				"down": {"uv": [11, 2, 10, 3], "texture": "#3"}
			}
		},
		{
			"name": "hexadecagon",
			"from": [13.7312, 9.0832, 7.14653],
			"to": [14.2688, 9.2168, 7.25347],
			"rotation": {"angle": 22.5, "axis": "y", "origin": [14, 9.2, 7.2]},
			"faces": {
				"north": {"uv": [10, 2, 11, 3], "texture": "#3"},
				"east": {"uv": [10, 2, 11, 3], "texture": "#3"},
				"south": {"uv": [10, 2, 11, 3], "texture": "#3"},
				"west": {"uv": [10, 2, 11, 3], "texture": "#3"},
				"up": {"uv": [10, 2, 11, 3], "texture": "#3"},
				"down": {"uv": [10, 2, 11, 3], "texture": "#3"}
			}
		},
		{
			"name": "hexadecagon",
			"from": [1.7312, 9.0832, 7.14653],
			"to": [2.2688, 9.2168, 7.25347],
			"rotation": {"angle": -22.5, "axis": "y", "origin": [2, 9.2, 7.2]},
			"faces": {
				"north": {"uv": [11, 2, 10, 3], "texture": "#3"},
				"east": {"uv": [11, 2, 10, 3], "texture": "#3"},
				"south": {"uv": [11, 2, 10, 3], "texture": "#3"},
				"west": {"uv": [11, 2, 10, 3], "texture": "#3"},
				"up": {"uv": [11, 2, 10, 3], "texture": "#3"},
				"down": {"uv": [11, 2, 10, 3], "texture": "#3"}
			}
		},
		{
			"name": "hexadecagon",
			"from": [14.94653, 9.0832, 5.8312],
			"to": [15.05347, 9.2168, 6.3688],
			"rotation": {"angle": 0, "axis": "y", "origin": [15, 9.2, 6.1]},
			"faces": {
				"north": {"uv": [9, 0, 10, 1], "texture": "#0"},
				"east": {"uv": [9, 0, 10, 1], "texture": "#0"},
				"south": {"uv": [9, 0, 10, 1], "texture": "#0"},
				"west": {"uv": [9, 0, 10, 1], "texture": "#0"},
				"up": {"uv": [9, 0, 10, 1], "texture": "#0"},
				"down": {"uv": [9, 0, 10, 1], "texture": "#0"}
			}
		},
		{
			"name": "hexadecagon",
			"from": [0.94653, 9.0832, 5.8312],
			"to": [1.05347, 9.2168, 6.3688],
			"rotation": {"angle": 0, "axis": "y", "origin": [1, 9.2, 6.1]},
			"faces": {
				"north": {"uv": [10, 0, 9, 1], "texture": "#0"},
				"east": {"uv": [10, 0, 9, 1], "texture": "#0"},
				"south": {"uv": [10, 0, 9, 1], "texture": "#0"},
				"west": {"uv": [10, 0, 9, 1], "texture": "#0"},
				"up": {"uv": [10, 0, 9, 1], "texture": "#0"},
				"down": {"uv": [10, 0, 9, 1], "texture": "#0"}
			}
		},
		{
			"name": "hexadecagon",
			"from": [14.94653, 9.0832, 5.8312],
			"to": [15.05347, 9.2168, 6.3688],
			"rotation": {"angle": 22.5, "axis": "y", "origin": [15, 9.2, 6.1]},
			"faces": {
				"north": {"uv": [9, 0, 10, 1], "texture": "#0"},
				"east": {"uv": [9, 0, 10, 1], "texture": "#0"},
				"south": {"uv": [9, 0, 10, 1], "texture": "#0"},
				"west": {"uv": [9, 0, 10, 1], "texture": "#0"},
				"up": {"uv": [9, 0, 10, 1], "texture": "#0"},
				"down": {"uv": [9, 0, 10, 1], "texture": "#0"}
			}
		},
		{
			"name": "hexadecagon",
			"from": [0.94653, 9.0832, 5.8312],
			"to": [1.05347, 9.2168, 6.3688],
			"rotation": {"angle": -22.5, "axis": "y", "origin": [1, 9.2, 6.1]},
			"faces": {
				"north": {"uv": [10, 0, 9, 1], "texture": "#0"},
				"east": {"uv": [10, 0, 9, 1], "texture": "#0"},
				"south": {"uv": [10, 0, 9, 1], "texture": "#0"},
				"west": {"uv": [10, 0, 9, 1], "texture": "#0"},
				"up": {"uv": [10, 0, 9, 1], "texture": "#0"},
				"down": {"uv": [10, 0, 9, 1], "texture": "#0"}
			}
		},
		{
			"name": "hexadecagon",
			"from": [14.94653, 9.0832, 5.8312],
			"to": [15.05347, 9.3168, 6.3688],
			"rotation": {"angle": 45, "axis": "y", "origin": [15, 9.2, 6.1]},
			"faces": {
				"north": {"uv": [11, 3, 12, 4], "texture": "#1"},
				"east": {"uv": [11, 3, 12, 4], "texture": "#1"},
				"south": {"uv": [11, 3, 12, 4], "texture": "#1"},
				"west": {"uv": [11, 3, 12, 4], "texture": "#1"},
				"up": {"uv": [11, 3, 12, 4], "texture": "#1"},
				"down": {"uv": [11, 3, 12, 4], "texture": "#1"}
			}
		},
		{
			"name": "hexadecagon",
			"from": [0.94653, 9.0832, 5.8312],
			"to": [1.05347, 9.3168, 6.3688],
			"rotation": {"angle": -45, "axis": "y", "origin": [1, 9.2, 6.1]},
			"faces": {
				"north": {"uv": [12, 3, 11, 4], "texture": "#1"},
				"east": {"uv": [12, 3, 11, 4], "texture": "#1"},
				"south": {"uv": [12, 3, 11, 4], "texture": "#1"},
				"west": {"uv": [12, 3, 11, 4], "texture": "#1"},
				"up": {"uv": [12, 3, 11, 4], "texture": "#1"},
				"down": {"uv": [12, 3, 11, 4], "texture": "#1"}
			}
		},
		{
			"name": "hexadecagon",
			"from": [14.7312, 9.0832, 6.04653],
			"to": [15.2688, 9.2168, 6.15347],
			"rotation": {"angle": -22.5, "axis": "y", "origin": [15, 9.2, 6.1]},
			"faces": {
				"north": {"uv": [9, 0, 10, 1], "texture": "#0"},
				"east": {"uv": [9, 0, 10, 1], "texture": "#0"},
				"south": {"uv": [9, 0, 10, 1], "texture": "#0"},
				"west": {"uv": [9, 0, 10, 1], "texture": "#0"},
				"up": {"uv": [9, 0, 10, 1], "rotation": 270, "texture": "#0"},
				"down": {"uv": [9, 0, 10, 1], "rotation": 90, "texture": "#0"}
			}
		},
		{
			"name": "hexadecagon",
			"from": [0.7312, 9.0832, 6.04653],
			"to": [1.2688, 9.2168, 6.15347],
			"rotation": {"angle": 22.5, "axis": "y", "origin": [1, 9.2, 6.1]},
			"faces": {
				"north": {"uv": [10, 0, 9, 1], "texture": "#0"},
				"east": {"uv": [10, 0, 9, 1], "texture": "#0"},
				"south": {"uv": [10, 0, 9, 1], "texture": "#0"},
				"west": {"uv": [10, 0, 9, 1], "texture": "#0"},
				"up": {"uv": [9, 1, 10, 0], "rotation": 270, "texture": "#0"},
				"down": {"uv": [9, 1, 10, 0], "rotation": 90, "texture": "#0"}
			}
		},
		{
			"name": "hexadecagon",
			"from": [14.7312, 9.0832, 6.04653],
			"to": [15.2688, 9.2168, 6.15347],
			"rotation": {"angle": 0, "axis": "y", "origin": [15, 9.2, 6.1]},
			"faces": {
				"north": {"uv": [9, 0, 10, 1], "texture": "#0"},
				"east": {"uv": [9, 0, 10, 1], "texture": "#0"},
				"south": {"uv": [9, 0, 10, 1], "texture": "#0"},
				"west": {"uv": [9, 0, 10, 1], "texture": "#0"},
				"up": {"uv": [9, 0, 10, 1], "rotation": 270, "texture": "#0"},
				"down": {"uv": [9, 0, 10, 1], "rotation": 90, "texture": "#0"}
			}
		},
		{
			"name": "hexadecagon",
			"from": [0.7312, 9.0832, 6.04653],
			"to": [1.2688, 9.2168, 6.15347],
			"rotation": {"angle": 0, "axis": "y", "origin": [1, 9.2, 6.1]},
			"faces": {
				"north": {"uv": [10, 0, 9, 1], "texture": "#0"},
				"east": {"uv": [10, 0, 9, 1], "texture": "#0"},
				"south": {"uv": [10, 0, 9, 1], "texture": "#0"},
				"west": {"uv": [10, 0, 9, 1], "texture": "#0"},
				"up": {"uv": [9, 1, 10, 0], "rotation": 270, "texture": "#0"},
				"down": {"uv": [9, 1, 10, 0], "rotation": 90, "texture": "#0"}
			}
		},
		{
			"name": "hexadecagon",
			"from": [14.7312, 9.0832, 6.04653],
			"to": [15.2688, 9.2168, 6.15347],
			"rotation": {"angle": 22.5, "axis": "y", "origin": [15, 9.2, 6.1]},
			"faces": {
				"north": {"uv": [9, 0, 10, 1], "texture": "#0"},
				"east": {"uv": [9, 0, 10, 1], "texture": "#0"},
				"south": {"uv": [9, 0, 10, 1], "texture": "#0"},
				"west": {"uv": [9, 0, 10, 1], "texture": "#0"},
				"up": {"uv": [9, 0, 10, 1], "texture": "#0"},
				"down": {"uv": [9, 0, 10, 1], "texture": "#0"}
			}
		},
		{
			"name": "hexadecagon",
			"from": [0.7312, 9.0832, 6.04653],
			"to": [1.2688, 9.2168, 6.15347],
			"rotation": {"angle": -22.5, "axis": "y", "origin": [1, 9.2, 6.1]},
			"faces": {
				"north": {"uv": [10, 0, 9, 1], "texture": "#0"},
				"east": {"uv": [10, 0, 9, 1], "texture": "#0"},
				"south": {"uv": [10, 0, 9, 1], "texture": "#0"},
				"west": {"uv": [10, 0, 9, 1], "texture": "#0"},
				"up": {"uv": [10, 0, 9, 1], "texture": "#0"},
				"down": {"uv": [10, 0, 9, 1], "texture": "#0"}
			}
		},
		{
			"name": "hexadecagon",
			"from": [14.7312, 9.0832, 6.04653],
			"to": [15.2688, 9.2168, 6.15347],
			"rotation": {"angle": 45, "axis": "y", "origin": [15, 9.2, 6.1]},
			"faces": {
				"north": {"uv": [9, 0, 10, 1], "texture": "#0"},
				"east": {"uv": [9, 0, 10, 1], "texture": "#0"},
				"south": {"uv": [9, 0, 10, 1], "texture": "#0"},
				"west": {"uv": [9, 0, 10, 1], "texture": "#0"},
				"up": {"uv": [9, 0, 10, 1], "texture": "#0"},
				"down": {"uv": [9, 0, 10, 1], "texture": "#0"}
			}
		},
		{
			"name": "hexadecagon",
			"from": [0.7312, 9.0832, 6.04653],
			"to": [1.2688, 9.2168, 6.15347],
			"rotation": {"angle": -45, "axis": "y", "origin": [1, 9.2, 6.1]},
			"faces": {
				"north": {"uv": [10, 0, 9, 1], "texture": "#0"},
				"east": {"uv": [10, 0, 9, 1], "texture": "#0"},
				"south": {"uv": [10, 0, 9, 1], "texture": "#0"},
				"west": {"uv": [10, 0, 9, 1], "texture": "#0"},
				"up": {"uv": [10, 0, 9, 1], "texture": "#0"},
				"down": {"uv": [10, 0, 9, 1], "texture": "#0"}
			}
		},
		{
			"name": "hexadecagon",
			"from": [14.94653, 9.0832, 5.8312],
			"to": [15.05347, 9.2168, 6.3688],
			"rotation": {"angle": -22.5, "axis": "y", "origin": [15, 9.2, 6.1]},
			"faces": {
				"north": {"uv": [9, 0, 10, 1], "texture": "#0"},
				"east": {"uv": [9, 0, 10, 1], "texture": "#0"},
				"south": {"uv": [9, 0, 10, 1], "texture": "#0"},
				"west": {"uv": [9, 0, 10, 1], "texture": "#0"},
				"up": {"uv": [9, 0, 10, 1], "rotation": 270, "texture": "#0"},
				"down": {"uv": [9, 0, 10, 1], "rotation": 90, "texture": "#0"}
			}
		},
		{
			"name": "hexadecagon",
			"from": [0.94653, 9.0832, 5.8312],
			"to": [1.05347, 9.2168, 6.3688],
			"rotation": {"angle": 22.5, "axis": "y", "origin": [1, 9.2, 6.1]},
			"faces": {
				"north": {"uv": [10, 0, 9, 1], "texture": "#0"},
				"east": {"uv": [10, 0, 9, 1], "texture": "#0"},
				"south": {"uv": [10, 0, 9, 1], "texture": "#0"},
				"west": {"uv": [10, 0, 9, 1], "texture": "#0"},
				"up": {"uv": [9, 1, 10, 0], "rotation": 270, "texture": "#0"},
				"down": {"uv": [9, 1, 10, 0], "rotation": 90, "texture": "#0"}
			}
		}
	],
	"display": {
		"head": {
			"translation": [0, -2.25, 0],
			"scale": [2.29, 2.29, 2.29]
		}
	},
	"groups": [0, 1, 2, 3, 4, 5, 6, 7, 8, 9, 10,
		{
			"name": "hexadecagon",
			"origin": [8, 8, 8],
			"children": [11, 12, 13, 14, 15, 16, 17, 18, 19, 20, 21, 22, 23, 24, 25, 26]
		},
		{
			"name": "hexadecagon",
			"origin": [8, 8, 8],
			"children": [27, 28, 29, 30, 31, 32, 33, 34, 35, 36, 37, 38, 39, 40, 41, 42]
		},
		{
			"name": "hexadecagon",
			"origin": [8, 8, 8],
			"children": [43, 44, 45, 46, 47, 48, 49, 50, 51, 52, 53, 54, 55, 56, 57, 58]
		},
		{
			"name": "hexadecagon",
			"origin": [8, 8, 8],
			"children": [59, 60, 61, 62, 63, 64, 65, 66, 67, 68, 69, 70, 71, 72, 73, 74]
		},
		{
			"name": "hexadecagon",
			"origin": [8, 8, 8],
			"children": [75, 76, 77, 78, 79, 80, 81, 82, 83, 84, 85, 86, 87, 88, 89, 90]
		}
	]
}