{
	"credit": "Made with Blockbench",
	"textures": {
		"0": "block/stone",
		"particle": "block/stone"
	},
	"elements": [
		{
			"from": [0, -0.4, -2],
			"to": [12.75, 6, 10.6],
			"faces": {
				"north": {"uv": [0, 0, 13, 9], "texture": "#0"},
				"east": {"uv": [0, 0, 13, 9], "texture": "#0"},
				"south": {"uv": [0, 0, 13, 9], "texture": "#0"},
				"west": {"uv": [0, 0, 13, 9], "texture": "#0"},
				"up": {"uv": [0, 0, 13, 9], "texture": "#0"},
				"down": {"uv": [0, 0, 13, 9], "texture": "#0"}
			}
		},
		{
			"from": [0.4, -1.8, -1.4],
			"to": [11.65, 4.1, 10.1],
			"faces": {
				"north": {"uv": [0, 0, 13, 9], "texture": "#0"},
				"east": {"uv": [0, 0, 13, 9], "texture": "#0"},
				"south": {"uv": [0, 0, 13, 9], "texture": "#0"},
				"west": {"uv": [0, 0, 13, 9], "texture": "#0"},
				"up": {"uv": [0, 0, 13, 9], "texture": "#0"},
				"down": {"uv": [0, 0, 13, 9], "texture": "#0"}
			}
		},
		{
			"from": [-0.5, 2, -2.65],
			"to": [12.5, 8, 11],
			"faces": {
				"north": {"uv": [0, 0, 13.65, 6], "texture": "#0"},
				"east": {"uv": [0, 0, 13.65, 6], "texture": "#0"},
				"south": {"uv": [0, 0, 13.65, 6], "texture": "#0"},
				"west": {"uv": [0, 0, 13.65, 6], "texture": "#0"},
				"up": {"uv": [0, 0, 13.65, 6], "texture": "#0"},
				"down": {"uv": [0, 0, 13.65, 6], "texture": "#0"}
			}
		},
		{
			"from": [1, 6, -1],
			"to": [12, 12, 10],
			"faces": {
				"north": {"uv": [0, 0, 11, 6], "texture": "#0"},
				"east": {"uv": [0, 0, 11, 6], "texture": "#0"},
				"south": {"uv": [0, 0, 11, 6], "texture": "#0"},
				"west": {"uv": [0, 0, 11, 6], "texture": "#0"},
				"up": {"uv": [0, 0, 11, 6], "texture": "#0"},
				"down": {"uv": [0, 0, 11, 6], "texture": "#0"}
			}
		},
		{
			"from": [1.75, 12, 0],
			"to": [11, 18, 9.5],
			"faces": {
				"north": {"uv": [0, 0, 9.5, 6], "texture": "#0"},
				"east": {"uv": [0, 0, 9.5, 6], "texture": "#0"},
				"south": {"uv": [0, 0, 9.5, 6], "texture": "#0"},
				"west": {"uv": [0, 0, 9.5, 6], "texture": "#0"},
				"up": {"uv": [0, 0, 9.5, 6], "texture": "#0"},
				"down": {"uv": [0, 0, 9.5, 6], "texture": "#0"}
			}
		},
		{
			"from": [2.75, 15.5, 1],
			"to": [10, 21.5, 8.5],
			"faces": {
				"north": {"uv": [0, 0, 7.5, 6], "texture": "#0"},
				"east": {"uv": [0, 0, 7.5, 6], "texture": "#0"},
				"south": {"uv": [0, 0, 7.5, 6], "texture": "#0"},
				"west": {"uv": [0, 0, 7.5, 6], "texture": "#0"},
				"up": {"uv": [0, 0, 7.5, 6], "texture": "#0"},
				"down": {"uv": [0, 0, 7.5, 6], "texture": "#0"}
			}
		},
		{
			"from": [3.75, 20.25, 2],
			"to": [9.25, 26.25, 7.25],
			"faces": {
				"north": {"uv": [0, 0, 5.25, 6], "texture": "#0"},
				"east": {"uv": [0, 0, 5.25, 6], "texture": "#0"},
				"south": {"uv": [0, 0, 5.25, 6], "texture": "#0"},
				"west": {"uv": [0, 0, 5.25, 6], "texture": "#0"},
				"up": {"uv": [0, 0, 5.25, 6], "texture": "#0"},
				"down": {"uv": [0, 0, 5.25, 6], "texture": "#0"}
			}
		},
		{
			"from": [0, 7.7, 0],
			"to": [1, 8.7, 5],
			"faces": {
				"north": {"uv": [0, 0, 5, 1], "texture": "#0"},
				"east": {"uv": [0, 0, 5, 1], "texture": "#0"},
				"south": {"uv": [0, 0, 5, 1], "texture": "#0"},
				"west": {"uv": [0, 0, 5, 1], "texture": "#0"},
				"up": {"uv": [0, 0, 5, 1], "texture": "#0"},
				"down": {"uv": [0, 0, 5, 1], "texture": "#0"}
			}
		},
		{
			"from": [10, 7.2, 0],
			"to": [15, 8.2, 1],
			"rotation": {"angle": 22.5, "axis": "y", "origin": [8, 8, 8]},
			"faces": {
				"north": {"uv": [0, 0, 1, 1], "texture": "#0"},
				"east": {"uv": [0, 0, 1, 1], "texture": "#0"},
				"south": {"uv": [0, 0, 1, 1], "texture": "#0"},
				"west": {"uv": [0, 0, 1, 1], "texture": "#0"},
				"up": {"uv": [0, 0, 1, 1], "texture": "#0"},
				"down": {"uv": [0, 0, 1, 1], "texture": "#0"}
			}
		},
		{
			"from": [1.75, 6.2, 0],
			"to": [2.75, 7.2, 5],
			"rotation": {"angle": 22.5, "axis": "y", "origin": [8, 8, 8]},
			"faces": {
				"north": {"uv": [0, 0, 5, 1], "texture": "#0"},
				"east": {"uv": [0, 0, 5, 1], "texture": "#0"},
				"south": {"uv": [0, 0, 5, 1], "texture": "#0"},
				"west": {"uv": [0, 0, 5, 1], "texture": "#0"},
				"up": {"uv": [0, 0, 5, 1], "texture": "#0"},
				"down": {"uv": [0, 0, 5, 1], "texture": "#0"}
			}
		},
		{
			"from": [4, 6.7, 9.25],
			"to": [9, 7.7, 10.25],
			"rotation": {"angle": 22.5, "axis": "y", "origin": [8, 8, 8]},
			"faces": {
				"north": {"uv": [0, 0, 1, 1], "texture": "#0"},
				"east": {"uv": [0, 0, 1, 1], "texture": "#0"},
				"south": {"uv": [0, 0, 1, 1], "texture": "#0"},
				"west": {"uv": [0, 0, 1, 1], "texture": "#0"},
				"up": {"uv": [0, 0, 1, 1], "texture": "#0"},
				"down": {"uv": [0, 0, 1, 1], "texture": "#0"}
			}
		},
		{
			"from": [7, 11.45, 0],
			"to": [12, 12.45, 1],
			"rotation": {"angle": 22.5, "axis": "y", "origin": [8, 8, 8]},
			"faces": {
				"north": {"uv": [0, 0, 1, 1], "texture": "#0"},
				"east": {"uv": [0, 0, 1, 1], "texture": "#0"},
				"south": {"uv": [0, 0, 1, 1], "texture": "#0"},
				"west": {"uv": [0, 0, 1, 1], "texture": "#0"},
				"up": {"uv": [0, 0, 1, 1], "texture": "#0"},
				"down": {"uv": [0, 0, 1, 1], "texture": "#0"}
			}
		},
		{
			"from": [1.75, 10.45, 3],
			"to": [2.75, 11.45, 8],
			"rotation": {"angle": 22.5, "axis": "y", "origin": [8, 8, 8]},
			"faces": {
				"north": {"uv": [0, 0, 5, 1], "texture": "#0"},
				"east": {"uv": [0, 0, 5, 1], "texture": "#0"},
				"south": {"uv": [0, 0, 5, 1], "texture": "#0"},
				"west": {"uv": [0, 0, 5, 1], "texture": "#0"},
				"up": {"uv": [0, 0, 5, 1], "texture": "#0"},
				"down": {"uv": [0, 0, 5, 1], "texture": "#0"}
			}
		},
		{
			"from": [7, 10.95, 9.25],
			"to": [12, 11.95, 10.25],
			"rotation": {"angle": 22.5, "axis": "y", "origin": [8, 8, 8]},
			"faces": {
				"north": {"uv": [0, 0, 1, 1], "texture": "#0"},
				"east": {"uv": [0, 0, 1, 1], "texture": "#0"},
				"south": {"uv": [0, 0, 1, 1], "texture": "#0"},
				"west": {"uv": [0, 0, 1, 1], "texture": "#0"},
				"up": {"uv": [0, 0, 1, 1], "texture": "#0"},
				"down": {"uv": [0, 0, 1, 1], "texture": "#0"}
			}
		},
		{
			"from": [6.25, 17.95, 1],
			"to": [11.25, 18.95, 2],
			"rotation": {"angle": 22.5, "axis": "y", "origin": [8, 8, 8]},
			"faces": {
				"north": {"uv": [0, 0, 1, 1], "texture": "#0"},
				"east": {"uv": [0, 0, 1, 1], "texture": "#0"},
				"south": {"uv": [0, 0, 1, 1], "texture": "#0"},
				"west": {"uv": [0, 0, 1, 1], "texture": "#0"},
				"up": {"uv": [0, 0, 1, 1], "texture": "#0"},
				"down": {"uv": [0, 0, 1, 1], "texture": "#0"}
			}
		},
		{
			"from": [2.75, 16.95, 3.75],
			"to": [3.75, 17.95, 8.75],
			"rotation": {"angle": 22.5, "axis": "y", "origin": [8, 8, 8]},
			"faces": {
				"north": {"uv": [0, 0, 5, 1], "texture": "#0"},
				"east": {"uv": [0, 0, 5, 1], "texture": "#0"},
				"south": {"uv": [0, 0, 5, 1], "texture": "#0"},
				"west": {"uv": [0, 0, 5, 1], "texture": "#0"},
				"up": {"uv": [0, 0, 5, 1], "texture": "#0"},
				"down": {"uv": [0, 0, 5, 1], "texture": "#0"}
			}
		},
		{
			"from": [7.75, 17.45, 8.25],
			"to": [11, 18.45, 9.25],
			"rotation": {"angle": 22.5, "axis": "y", "origin": [8, 8, 8]},
			"faces": {
				"north": {"uv": [0, 0, 1, 1], "texture": "#0"},
				"east": {"uv": [0, 0, 1, 1], "texture": "#0"},
				"south": {"uv": [0, 0, 1, 1], "texture": "#0"},
				"west": {"uv": [0, 0, 1, 1], "texture": "#0"},
				"up": {"uv": [0, 0, 1, 1], "texture": "#0"},
				"down": {"uv": [0, 0, 1, 1], "texture": "#0"}
			}
		},
		{
			"from": [0.3, 7.7, 0.3],
			"to": [1.3, 9.6, 3.9],
			"faces": {
				"north": {"uv": [0, 0, 3.6, 1.9], "texture": "#0"},
				"east": {"uv": [0, 0, 3.6, 1.9], "texture": "#0"},
				"south": {"uv": [0, 0, 3.6, 1.9], "texture": "#0"},
				"west": {"uv": [0, 0, 3.6, 1.9], "texture": "#0"},
				"up": {"uv": [0, 0, 3.6, 1.9], "texture": "#0"},
				"down": {"uv": [0, 0, 3.6, 1.9], "texture": "#0"}
			}
		},
		{
			"from": [11.1, 7.2, 0.3],
			"to": [14.7, 9.1, 1.3],
			"rotation": {"angle": 22.5, "axis": "y", "origin": [8, 8, 8]},
			"faces": {
				"north": {"uv": [0, 0, 1, 1.9], "texture": "#0"},
				"east": {"uv": [0, 0, 1, 1.9], "texture": "#0"},
				"south": {"uv": [0, 0, 1, 1.9], "texture": "#0"},
				"west": {"uv": [0, 0, 1, 1.9], "texture": "#0"},
				"up": {"uv": [0, 0, 1, 1.9], "texture": "#0"},
				"down": {"uv": [0, 0, 1, 1.9], "texture": "#0"}
			}
		},
		{
			"from": [2.05, 6.2, 0.3],
			"to": [3.05, 8.1, 3.9],
			"rotation": {"angle": 22.5, "axis": "y", "origin": [8, 8, 8]},
			"faces": {
				"north": {"uv": [0, 0, 3.6, 1.9], "texture": "#0"},
				"east": {"uv": [0, 0, 3.6, 1.9], "texture": "#0"},
				"south": {"uv": [0, 0, 3.6, 1.9], "texture": "#0"},
				"west": {"uv": [0, 0, 3.6, 1.9], "texture": "#0"},
				"up": {"uv": [0, 0, 3.6, 1.9], "texture": "#0"},
				"down": {"uv": [0, 0, 3.6, 1.9], "texture": "#0"}
			}
		},
		{
			"from": [4.3, 6.7, 8.95],
			"to": [7.9, 8.6, 9.95],
			"rotation": {"angle": 22.5, "axis": "y", "origin": [8, 8, 8]},
			"faces": {
				"north": {"uv": [0, 0, 1, 1.9], "texture": "#0"},
				"east": {"uv": [0, 0, 1, 1.9], "texture": "#0"},
				"south": {"uv": [0, 0, 1, 1.9], "texture": "#0"},
				"west": {"uv": [0, 0, 1, 1.9], "texture": "#0"},
				"up": {"uv": [0, 0, 1, 1.9], "texture": "#0"},
				"down": {"uv": [0, 0, 1, 1.9], "texture": "#0"}
			}
		},
		{
			"from": [8.1, 11.45, 0.3],
			"to": [11.7, 13.35, 1.3],
			"rotation": {"angle": 22.5, "axis": "y", "origin": [8, 8, 8]},
			"faces": {
				"north": {"uv": [0, 0, 1, 1.9], "texture": "#0"},
				"east": {"uv": [0, 0, 1, 1.9], "texture": "#0"},
				"south": {"uv": [0, 0, 1, 1.9], "texture": "#0"},
				"west": {"uv": [0, 0, 1, 1.9], "texture": "#0"},
				"up": {"uv": [0, 0, 1, 1.9], "texture": "#0"},
				"down": {"uv": [0, 0, 1, 1.9], "texture": "#0"}
			}
		},
		{
			"from": [2.05, 10.45, 3.3],
			"to": [3.05, 12.35, 6.9],
			"rotation": {"angle": 22.5, "axis": "y", "origin": [8, 8, 8]},
			"faces": {
				"north": {"uv": [0, 0, 3.6, 1.9], "texture": "#0"},
				"east": {"uv": [0, 0, 3.6, 1.9], "texture": "#0"},
				"south": {"uv": [0, 0, 3.6, 1.9], "texture": "#0"},
				"west": {"uv": [0, 0, 3.6, 1.9], "texture": "#0"},
				"up": {"uv": [0, 0, 3.6, 1.9], "texture": "#0"},
				"down": {"uv": [0, 0, 3.6, 1.9], "texture": "#0"}
			}
		},
		{
			"from": [7.3, 10.95, 8.95],
			"to": [10.9, 12.85, 9.95],
			"rotation": {"angle": 22.5, "axis": "y", "origin": [8, 8, 8]},
			"faces": {
				"north": {"uv": [0, 0, 1, 1.9], "texture": "#0"},
				"east": {"uv": [0, 0, 1, 1.9], "texture": "#0"},
				"south": {"uv": [0, 0, 1, 1.9], "texture": "#0"},
				"west": {"uv": [0, 0, 1, 1.9], "texture": "#0"},
				"up": {"uv": [0, 0, 1, 1.9], "texture": "#0"},
				"down": {"uv": [0, 0, 1, 1.9], "texture": "#0"}
			}
		},
		{
			"from": [7.35, 17.95, 1.55],
			"to": [10.95, 19.85, 2.55],
			"rotation": {"angle": 22.5, "axis": "y", "origin": [8, 8, 8]},
			"faces": {
				"north": {"uv": [0, 0, 1, 1.9], "texture": "#0"},
				"east": {"uv": [0, 0, 1, 1.9], "texture": "#0"},
				"south": {"uv": [0, 0, 1, 1.9], "texture": "#0"},
				"west": {"uv": [0, 0, 1, 1.9], "texture": "#0"},
				"up": {"uv": [0, 0, 1, 1.9], "texture": "#0"},
				"down": {"uv": [0, 0, 1, 1.9], "texture": "#0"}
			}
		},
		{
			"from": [3.3, 16.95, 4.05],
			"to": [4.3, 18.85, 7.65],
			"rotation": {"angle": 22.5, "axis": "y", "origin": [8, 8, 8]},
			"faces": {
				"north": {"uv": [0, 0, 3.6, 1.9], "texture": "#0"},
				"east": {"uv": [0, 0, 3.6, 1.9], "texture": "#0"},
				"south": {"uv": [0, 0, 3.6, 1.9], "texture": "#0"},
				"west": {"uv": [0, 0, 3.6, 1.9], "texture": "#0"},
				"up": {"uv": [0, 0, 3.6, 1.9], "texture": "#0"},
				"down": {"uv": [0, 0, 3.6, 1.9], "texture": "#0"}
			}
		},
		{
			"from": [8.05, 17.45, 7.7],
			"to": [10.4, 19.35, 8.7],
			"rotation": {"angle": 22.5, "axis": "y", "origin": [8, 8, 8]},
			"faces": {
				"north": {"uv": [0, 0, 1, 1.9], "texture": "#0"},
				"east": {"uv": [0, 0, 1, 1.9], "texture": "#0"},
				"south": {"uv": [0, 0, 1, 1.9], "texture": "#0"},
				"west": {"uv": [0, 0, 1, 1.9], "texture": "#0"},
				"up": {"uv": [0, 0, 1, 1.9], "texture": "#0"},
				"down": {"uv": [0, 0, 1, 1.9], "texture": "#0"}
			}
		}
	],
	"display": {
		"gui": {
			"rotation": [27, -34, 0],
			"translation": [0.75, -2, 0],
			"scale": [0.68, 0.68, 0.69]
		},
		"head": {
			"translation": [2.25, 0, 3.5],
			"scale": [1.36, 1.36, 1.36]
		}
	}
}