{
	"credit": "Made with Blockbench",
	"textures": {
		"0": "block/y_bleu",
		"particle": "block/y_bleu"
	},
	"elements": [
		{
			"from": [5.06625, 0, 0],
			"to": [7.06625, 2, 0.1],
			"rotation": {"angle": 0, "axis": "y", "origin": [-0.06625, 0, 0]},
			"faces": {
				"north": {"uv": [16, 2.66667, 5.33333, 13.33333], "texture": "#0"},
				"east": {"uv": [10.66667, 2.66667, 16, 13.33333], "texture": "#0"},
				"south": {"uv": [5.33333, 2.66667, 16, 13.33333], "texture": "#0"},
				"west": {"uv": [10.66667, 2.66667, 5.33333, 13.33333], "texture": "#0"},
				"up": {"uv": [5.33333, 2.66667, 16, 5.33333], "texture": "#0"},
				"down": {"uv": [5.33333, 10.66667, 16, 13.33333], "texture": "#0"}
			}
		},
		{
			"from": [8.93375, 0, 0],
			"to": [10.93375, 2, 0.1],
			"rotation": {"angle": 0, "axis": "y", "origin": [-0.06625, 0, 0]},
			"faces": {
				"north": {"uv": [5.33333, 2.66667, 16, 13.33333], "texture": "#0"},
				"east": {"uv": [10.66667, 2.66667, 5.33333, 13.33333], "texture": "#0"},
				"south": {"uv": [16, 2.66667, 5.33333, 13.33333], "texture": "#0"},
				"west": {"uv": [10.66667, 2.66667, 16, 13.33333], "texture": "#0"},
				"up": {"uv": [16, 2.66667, 5.33333, 5.33333], "texture": "#0"},
				"down": {"uv": [16, 10.66667, 5.33333, 13.33333], "texture": "#0"}
			}
		}
	],
	"display": {
		"thirdperson_righthand": {
			"translation": [0.25, 7.75, 8]
		},
		"thirdperson_lefthand": {
			"translation": [0.25, 7.75, 8]
		},
		"ground": {
			"translation": [0, 6.25, 7.75]
		},
		"gui": {
			"translation": [0, 20.75, 0],
			"scale": [2.19, 2.9, 1]
		},
		"head": {
			"translation": [0, 10.5, 8.5],
			"scale": [1.73, 1.75, 1.87]
		},
		"fixed": {
			"translation": [0, 16.25, 17.5],
			"scale": [2.19, 2.19, 2.19]
		}
	}
}