{
	"credit": "Made with Blockbench",
	"textures": {
		"0": "block/barrel_bottom",
		"1": "block/jungle_log_top",
		"2": "block/red_terracotta",
		"3": "block/acacia_planks",
		"4": "block/birch_log",
		"5": "block/char",
		"6": "block/birch_planks",
		"7": "block/blast_furnace_side",
		"8": "block/sponge",
		"9": "block/lime_stained_glass",
		"10": "block/red_stained_glass",
		"11": "block/orange_stained_glass",
		"particle": "block/barrel_bottom"
	},
	"elements": [
		{
			"from": [4.40136, 8, 7.1439],
			"to": [10.50136, 19, 10.0439],
			"faces": {
				"north": {"uv": [0, 0, 16, 12], "texture": "#0"},
				"east": {"uv": [0, 0, 16, 12], "texture": "#0"},
				"south": {"uv": [0, 0, 16, 12], "texture": "#0"},
				"west": {"uv": [0, 0, 16, 12], "texture": "#0"},
				"up": {"uv": [0, 0, 16, 12], "texture": "#0"},
				"down": {"uv": [0, 0, 16, 12], "texture": "#0"}
			}
		},
		{
			"from": [10.30136, 8, 7.0439],
			"to": [10.55136, 19, 7.2939],
			"faces": {
				"north": {"uv": [0, 0, 16, 16], "texture": "#8"},
				"east": {"uv": [0, 0, 6.75, 5.25], "texture": "#8"},
				"south": {"uv": [0, 0, 6.75, 5.25], "texture": "#8"},
				"west": {"uv": [0, 0, 6.75, 5.25], "texture": "#8"},
				"up": {"uv": [0, 0, 6.75, 5.25], "texture": "#8"},
				"down": {"uv": [0, 0, 6.75, 5.25], "texture": "#8"}
			}
		},
		{
			"from": [4.30136, 8, 7.0439],
			"to": [4.55136, 19, 7.2939],
			"faces": {
				"north": {"uv": [0, 0, 16, 16], "texture": "#8"},
				"east": {"uv": [0, 0, 6.75, 5.25], "texture": "#8"},
				"south": {"uv": [0, 0, 6.75, 5.25], "texture": "#8"},
				"west": {"uv": [0, 0, 6.75, 5.25], "texture": "#8"},
				"up": {"uv": [0, 0, 6.75, 5.25], "texture": "#8"},
				"down": {"uv": [0, 0, 6.75, 5.25], "texture": "#8"}
			}
		},
		{
			"from": [4.50136, 19, 7.0439],
			"to": [10.25136, 19.2, 7.2939],
			"faces": {
				"north": {"uv": [0, 0, 16, 16], "texture": "#8"},
				"east": {"uv": [0, 0, 6.75, 5.25], "texture": "#8"},
				"south": {"uv": [0, 0, 6.75, 5.25], "texture": "#8"},
				"west": {"uv": [0, 0, 6.75, 5.25], "texture": "#8"},
				"up": {"uv": [0, 0, 6.75, 5.25], "texture": "#8"},
				"down": {"uv": [0, 0, 6.75, 5.25], "texture": "#8"}
			}
		},
		{
			"from": [4.50136, 8, 7.0439],
			"to": [10.25136, 8.2, 7.2939],
			"faces": {
				"north": {"uv": [0, 0, 16, 16], "texture": "#8"},
				"east": {"uv": [0, 0, 6.75, 5.25], "texture": "#8"},
				"south": {"uv": [0, 0, 6.75, 5.25], "texture": "#8"},
				"west": {"uv": [0, 0, 6.75, 5.25], "texture": "#8"},
				"up": {"uv": [0, 0, 6.75, 5.25], "texture": "#8"},
				"down": {"uv": [0, 0, 6.75, 5.25], "texture": "#8"}
			}
		},
		{
			"from": [4.50136, 7.9, 7.3439],
			"to": [10.10136, 19.2, 9.8439],
			"faces": {
				"north": {"uv": [0, 0, 16, 12], "texture": "#0"},
				"east": {"uv": [0, 0, 16, 12], "texture": "#0"},
				"south": {"uv": [0, 0, 16, 12], "texture": "#0"},
				"west": {"uv": [0, 0, 16, 12], "texture": "#0"},
				"up": {"uv": [0, 0, 16, 12], "texture": "#0"},
				"down": {"uv": [0, 0, 16, 12], "texture": "#0"}
			}
		},
		{
			"from": [5.80136, 16.45, 6.8439],
			"to": [8.80136, 18.7, 9.8439],
			"faces": {
				"north": {"uv": [0, 0, 16, 12], "texture": "#0"},
				"east": {"uv": [0, 0, 16, 12], "texture": "#0"},
				"south": {"uv": [0, 0, 16, 12], "texture": "#0"},
				"west": {"uv": [0, 0, 16, 12], "texture": "#0"},
				"up": {"uv": [0, 0, 16, 12], "texture": "#0"},
				"down": {"uv": [0, 0, 16, 12], "texture": "#0"}
			}
		},
		{
			"from": [5.80136, 13.2, 6.8439],
			"to": [8.80136, 15.45, 9.8439],
			"faces": {
				"north": {"uv": [0, 0, 16, 12], "texture": "#0"},
				"east": {"uv": [0, 0, 16, 12], "texture": "#0"},
				"south": {"uv": [0, 0, 16, 12], "texture": "#0"},
				"west": {"uv": [0, 0, 16, 12], "texture": "#0"},
				"up": {"uv": [0, 0, 16, 12], "texture": "#0"},
				"down": {"uv": [0, 0, 16, 12], "texture": "#0"}
			}
		},
		{
			"from": [5.80136, 9.95, 6.8439],
			"to": [8.80136, 12.2, 9.8439],
			"faces": {
				"north": {"uv": [0, 0, 16, 12], "texture": "#0"},
				"east": {"uv": [0, 0, 16, 12], "texture": "#0"},
				"south": {"uv": [0, 0, 16, 12], "texture": "#0"},
				"west": {"uv": [0, 0, 16, 12], "texture": "#0"},
				"up": {"uv": [0, 0, 16, 12], "texture": "#0"},
				"down": {"uv": [0, 0, 16, 12], "texture": "#0"}
			}
		},
		{
			"from": [6.30136, 10.2, 6.5939],
			"to": [8.30136, 11.95, 9.5939],
			"faces": {
				"north": {"uv": [0, 0, 16, 16], "texture": "#9"},
				"east": {"uv": [0, 0, 16, 16], "texture": "#9"},
				"south": {"uv": [0, 0, 16, 16], "texture": "#9"},
				"west": {"uv": [0, 0, 16, 16], "texture": "#9"},
				"up": {"uv": [0, 0, 16, 16], "texture": "#9"},
				"down": {"uv": [0, 0, 16, 16], "texture": "#9"}
			}
		},
		{
			"from": [6.30136, 13.4, 6.5939],
			"to": [8.30136, 15.15, 9.5939],
			"faces": {
				"north": {"uv": [0, 0, 16, 16], "texture": "#11"},
				"east": {"uv": [0, 0, 16, 16], "texture": "#11"},
				"south": {"uv": [0, 0, 16, 16], "texture": "#11"},
				"west": {"uv": [0, 0, 16, 16], "texture": "#11"},
				"up": {"uv": [0, 0, 16, 16], "texture": "#11"},
				"down": {"uv": [0, 0, 16, 16], "texture": "#11"}
			}
		},
		{
			"from": [6.30136, 16.7, 6.5939],
			"to": [8.30136, 18.45, 9.5939],
			"faces": {
				"north": {"uv": [0, 0, 16, 16], "texture": "#10"},
				"east": {"uv": [0, 0, 16, 16], "texture": "#10"},
				"south": {"uv": [0, 0, 16, 16], "texture": "#10"},
				"west": {"uv": [0, 0, 16, 16], "texture": "#10"},
				"up": {"uv": [0, 0, 16, 16], "texture": "#10"},
				"down": {"uv": [0, 0, 16, 16], "texture": "#10"}
			}
		},
		{
			"from": [9.30136, 9.7, 8.0439],
			"to": [12.30136, 10.2, 9.0439],
			"faces": {
				"north": {"uv": [0, 0, 16, 16], "texture": "#3"},
				"east": {"uv": [0, 0, 16, 16], "texture": "#3"},
				"south": {"uv": [0, 0, 16, 16], "texture": "#3"},
				"west": {"uv": [0, 0, 16, 16], "texture": "#3"},
				"up": {"uv": [0, 0, 16, 16], "texture": "#3"},
				"down": {"uv": [0, 0, 16, 16], "texture": "#3"}
			}
		},
		{
			"from": [11.64558, 12.31685, 7.9439],
			"to": [12.14558, 20.31685, 9.0439],
			"rotation": {"angle": -22.5, "axis": "z", "origin": [5.64558, 10.61685, 16.0439]},
			"faces": {
				"north": {"uv": [0, 0, 16, 16], "texture": "#3"},
				"east": {"uv": [0, 0, 16, 16], "texture": "#3"},
				"south": {"uv": [0, 0, 16, 16], "texture": "#3"},
				"west": {"uv": [0, 0, 16, 16], "texture": "#3"},
				"up": {"uv": [0, 0, 16, 16], "texture": "#3"},
				"down": {"uv": [0, 0, 16, 16], "texture": "#3"}
			}
		},
		{
			"from": [7.05136, 0.25, 8.0439],
			"to": [7.55136, 23, 9.0439],
			"faces": {
				"north": {"uv": [5, 5, 11, 11], "texture": "#1"},
				"east": {"uv": [5, 5, 11, 11], "texture": "#1"},
				"south": {"uv": [5, 5, 11, 11], "texture": "#1"},
				"west": {"uv": [5, 5, 11, 11], "texture": "#1"},
				"up": {"uv": [5, 5, 11, 11], "texture": "#1"},
				"down": {"uv": [5, 5, 11, 11], "texture": "#1"}
			}
		},
		{
			"from": [11.18136, 13.695, 7.1639],
			"to": [14.87136, 14.515, 7.9839],
			"faces": {
				"north": {"uv": [0, 0, 4.5, 1], "texture": "#2"},
				"east": {"uv": [0, 0, 4.5, 1], "texture": "#2"},
				"south": {"uv": [0, 0, 4.5, 1], "texture": "#2"},
				"west": {"uv": [0, 0, 4.5, 1], "texture": "#2"},
				"up": {"uv": [0, 0, 4.5, 1], "texture": "#2"},
				"down": {"uv": [0, 0, 4.5, 1], "texture": "#2"}
			}
		},
		{
			"from": [10.58136, 10.995, 7.1639],
			"to": [14.27136, 11.815, 7.9839],
			"faces": {
				"north": {"uv": [0, 0, 4.5, 1], "texture": "#2"},
				"east": {"uv": [0, 0, 4.5, 1], "texture": "#2"},
				"south": {"uv": [0, 0, 4.5, 1], "texture": "#2"},
				"west": {"uv": [0, 0, 4.5, 1], "texture": "#2"},
				"up": {"uv": [0, 0, 4.5, 1], "texture": "#2"},
				"down": {"uv": [0, 0, 4.5, 1], "texture": "#2"}
			}
		},
		{
			"from": [11.83136, 16.295, 7.1639],
			"to": [15.52136, 17.115, 7.9839],
			"faces": {
				"north": {"uv": [0, 0, 4.5, 1], "texture": "#2"},
				"east": {"uv": [0, 0, 4.5, 1], "texture": "#2"},
				"south": {"uv": [0, 0, 4.5, 1], "texture": "#2"},
				"west": {"uv": [0, 0, 4.5, 1], "texture": "#2"},
				"up": {"uv": [0, 0, 4.5, 1], "texture": "#2"},
				"down": {"uv": [0, 0, 4.5, 1], "texture": "#2"}
			}
		},
		{
			"from": [10.99136, 10.82517, 7.1639],
			"to": [12.63136, 11.64517, 7.9839],
			"rotation": {"angle": 45, "axis": "z", "origin": [10.58136, 11.23517, 7.5739]},
			"faces": {
				"north": {"uv": [0, 0, 2, 1], "texture": "#2"},
				"east": {"uv": [0, 0, 2, 1], "texture": "#2"},
				"south": {"uv": [0, 0, 2, 1], "texture": "#2"},
				"west": {"uv": [0, 0, 2, 1], "texture": "#2"},
				"up": {"uv": [0, 0, 2, 1], "texture": "#2"},
				"down": {"uv": [0, 0, 2, 1], "texture": "#2"}
			}
		},
		{
			"from": [11.59136, 13.52517, 7.1639],
			"to": [13.23136, 14.34517, 7.9839],
			"rotation": {"angle": 45, "axis": "z", "origin": [11.18136, 13.93517, 7.5739]},
			"faces": {
				"north": {"uv": [0, 0, 2, 1], "texture": "#2"},
				"east": {"uv": [0, 0, 2, 1], "texture": "#2"},
				"south": {"uv": [0, 0, 2, 1], "texture": "#2"},
				"west": {"uv": [0, 0, 2, 1], "texture": "#2"},
				"up": {"uv": [0, 0, 2, 1], "texture": "#2"},
				"down": {"uv": [0, 0, 2, 1], "texture": "#2"}
			}
		},
		{
			"from": [12.24136, 16.12517, 7.1639],
			"to": [13.88136, 16.94517, 7.9839],
			"rotation": {"angle": 45, "axis": "z", "origin": [11.83136, 16.53517, 7.5739]},
			"faces": {
				"north": {"uv": [0, 0, 2, 1], "texture": "#2"},
				"east": {"uv": [0, 0, 2, 1], "texture": "#2"},
				"south": {"uv": [0, 0, 2, 1], "texture": "#2"},
				"west": {"uv": [0, 0, 2, 1], "texture": "#2"},
				"up": {"uv": [0, 0, 2, 1], "texture": "#2"},
				"down": {"uv": [0, 0, 2, 1], "texture": "#2"}
			}
		},
		{
			"from": [10.99136, 11.16483, 7.1639],
			"to": [12.63136, 11.98483, 7.9839],
			"rotation": {"angle": -45, "axis": "z", "origin": [10.58136, 11.57483, 7.5739]},
			"faces": {
				"north": {"uv": [0, 0, 2, 1], "texture": "#2"},
				"east": {"uv": [0, 0, 2, 1], "texture": "#2"},
				"south": {"uv": [0, 0, 2, 1], "texture": "#2"},
				"west": {"uv": [0, 0, 2, 1], "texture": "#2"},
				"up": {"uv": [0, 0, 2, 1], "texture": "#2"},
				"down": {"uv": [0, 0, 2, 1], "texture": "#2"}
			}
		},
		{
			"from": [11.59136, 13.86483, 7.1639],
			"to": [13.23136, 14.68483, 7.9839],
			"rotation": {"angle": -45, "axis": "z", "origin": [11.18136, 14.27483, 7.5739]},
			"faces": {
				"north": {"uv": [0, 0, 2, 1], "texture": "#2"},
				"east": {"uv": [0, 0, 2, 1], "texture": "#2"},
				"south": {"uv": [0, 0, 2, 1], "texture": "#2"},
				"west": {"uv": [0, 0, 2, 1], "texture": "#2"},
				"up": {"uv": [0, 0, 2, 1], "texture": "#2"},
				"down": {"uv": [0, 0, 2, 1], "texture": "#2"}
			}
		},
		{
			"from": [12.24136, 16.46483, 7.1639],
			"to": [13.88136, 17.28483, 7.9839],
			"rotation": {"angle": -45, "axis": "z", "origin": [11.83136, 16.87483, 7.5739]},
			"faces": {
				"north": {"uv": [0, 0, 2, 1], "texture": "#2"},
				"east": {"uv": [0, 0, 2, 1], "texture": "#2"},
				"south": {"uv": [0, 0, 2, 1], "texture": "#2"},
				"west": {"uv": [0, 0, 2, 1], "texture": "#2"},
				"up": {"uv": [0, 0, 2, 1], "texture": "#2"},
				"down": {"uv": [0, 0, 2, 1], "texture": "#2"}
			}
		},
		{
			"from": [4.20136, 20.5, 7.8439],
			"to": [10.60136, 21.5, 8.8439],
			"faces": {
				"north": {"uv": [0, 0, 6.4, 1], "texture": "#2"},
				"east": {"uv": [0, 0, 6.4, 1], "texture": "#2"},
				"south": {"uv": [0, 0, 6.4, 1], "texture": "#2"},
				"west": {"uv": [0, 0, 6.4, 1], "texture": "#2"},
				"up": {"uv": [0, 0, 6.4, 1], "texture": "#2"},
				"down": {"uv": [0, 0, 6.4, 1], "texture": "#2"}
			}
		},
		{
			"from": [8.70136, 19.6, 7.8439],
			"to": [9.70136, 24.2, 8.8439],
			"rotation": {"angle": 45, "axis": "z", "origin": [7.30136, 21.9, 8.3439]},
			"faces": {
				"north": {"uv": [0, 0, 4.6, 1], "rotation": 270, "texture": "#2"},
				"east": {"uv": [0, 0, 4.6, 1], "rotation": 270, "texture": "#2"},
				"south": {"uv": [0, 0, 4.6, 1], "rotation": 270, "texture": "#2"},
				"west": {"uv": [0, 0, 4.6, 1], "rotation": 270, "texture": "#2"},
				"up": {"uv": [0, 0, 4.6, 1], "rotation": 270, "texture": "#2"},
				"down": {"uv": [0, 0, 4.6, 1], "rotation": 270, "texture": "#2"}
			}
		},
		{
			"from": [6.43273, 19.45563, 7.8439],
			"to": [7.43273, 23.95563, 8.8439],
			"rotation": {"angle": -45, "axis": "z", "origin": [8.43273, 23.45563, 8.3439]},
			"faces": {
				"north": {"uv": [0, 0, 4.5, 1], "rotation": 270, "texture": "#2"},
				"east": {"uv": [0, 0, 4.5, 1], "rotation": 270, "texture": "#2"},
				"south": {"uv": [0, 0, 4.5, 1], "rotation": 270, "texture": "#2"},
				"west": {"uv": [0, 0, 4.5, 1], "rotation": 270, "texture": "#2"},
				"up": {"uv": [0, 0, 4.5, 1], "rotation": 270, "texture": "#2"},
				"down": {"uv": [0, 0, 4.5, 1], "rotation": 270, "texture": "#2"}
			}
		},
		{
			"from": [7.43273, 20.05563, 7.9939],
			"to": [8.43273, 22.85563, 8.4939],
			"rotation": {"angle": -45, "axis": "z", "origin": [8.43273, 22.55563, 8.3439]},
			"faces": {
				"north": {"uv": [0, 0, 3, 1], "rotation": 270, "texture": "#4"},
				"east": {"uv": [0, 0, 3, 1], "rotation": 270, "texture": "#4"},
				"south": {"uv": [0, 0, 3, 1], "rotation": 270, "texture": "#4"},
				"west": {"uv": [0, 0, 3, 1], "rotation": 270, "texture": "#4"},
				"up": {"uv": [0, 0, 3, 1], "rotation": 270, "texture": "#4"},
				"down": {"uv": [0, 0, 3, 1], "rotation": 270, "texture": "#4"}
			}
		},
		{
			"from": [6.53273, 19.45563, 7.9939],
			"to": [7.53273, 22.85563, 8.4939],
			"rotation": {"angle": -45, "axis": "z", "origin": [8.43273, 22.55563, 8.3439]},
			"faces": {
				"north": {"uv": [0, 0, 3, 1], "rotation": 270, "texture": "#4"},
				"east": {"uv": [0, 0, 3, 1], "rotation": 270, "texture": "#4"},
				"south": {"uv": [0, 0, 3, 1], "rotation": 270, "texture": "#4"},
				"west": {"uv": [0, 0, 3, 1], "rotation": 270, "texture": "#4"},
				"up": {"uv": [0, 0, 3, 1], "rotation": 270, "texture": "#4"},
				"down": {"uv": [0, 0, 3, 1], "rotation": 270, "texture": "#4"}
			}
		},
		{
			"from": [8.43273, 20.95563, 7.9939],
			"to": [9.43273, 22.95563, 8.4939],
			"rotation": {"angle": -45, "axis": "z", "origin": [8.43273, 22.55563, 8.3439]},
			"faces": {
				"north": {"uv": [0, 0, 3, 1], "rotation": 270, "texture": "#4"},
				"east": {"uv": [0, 0, 3, 1], "rotation": 270, "texture": "#4"},
				"south": {"uv": [0, 0, 3, 1], "rotation": 270, "texture": "#4"},
				"west": {"uv": [0, 0, 3, 1], "rotation": 270, "texture": "#4"},
				"up": {"uv": [0, 0, 3, 1], "rotation": 270, "texture": "#4"},
				"down": {"uv": [0, 0, 3, 1], "rotation": 270, "texture": "#4"}
			}
		},
		{
			"from": [9.23273, 21.75563, 7.9939],
			"to": [10.23273, 22.95563, 8.4939],
			"rotation": {"angle": -45, "axis": "z", "origin": [8.43273, 22.55563, 8.3439]},
			"faces": {
				"north": {"uv": [0, 0, 3, 1], "rotation": 270, "texture": "#4"},
				"east": {"uv": [0, 0, 3, 1], "rotation": 270, "texture": "#4"},
				"south": {"uv": [0, 0, 3, 1], "rotation": 270, "texture": "#4"},
				"west": {"uv": [0, 0, 3, 1], "rotation": 270, "texture": "#4"},
				"up": {"uv": [0, 0, 3, 1], "rotation": 270, "texture": "#4"},
				"down": {"uv": [0, 0, 3, 1], "rotation": 270, "texture": "#4"}
			}
		},
		{
			"from": [7.53273, 20.65563, 7.9939],
			"to": [8.53273, 22.95563, 8.4939],
			"rotation": {"angle": -45, "axis": "z", "origin": [8.43273, 22.55563, 8.3439]},
			"faces": {
				"north": {"uv": [0, 0, 3, 1], "rotation": 270, "texture": "#4"},
				"east": {"uv": [0, 0, 3, 1], "rotation": 270, "texture": "#4"},
				"south": {"uv": [0, 0, 3, 1], "rotation": 270, "texture": "#4"},
				"west": {"uv": [0, 0, 3, 1], "rotation": 270, "texture": "#4"},
				"up": {"uv": [0, 0, 3, 1], "rotation": 270, "texture": "#4"},
				"down": {"uv": [0, 0, 3, 1], "rotation": 270, "texture": "#4"}
			}
		},
		{
			"from": [4.20136, 21, 7.8439],
			"to": [5.20136, 22, 8.8439],
			"faces": {
				"north": {"uv": [0, 0, 1, 1], "texture": "#2"},
				"east": {"uv": [0, 0, 1, 1], "texture": "#2"},
				"south": {"uv": [0, 0, 1, 1], "texture": "#2"},
				"west": {"uv": [0, 0, 1, 1], "texture": "#2"},
				"up": {"uv": [0, 0, 1, 1], "texture": "#2"},
				"down": {"uv": [0, 0, 1, 1], "texture": "#2"}
			}
		},
		{
			"from": [9.60136, 21, 7.8439],
			"to": [10.60136, 22, 8.8439],
			"faces": {
				"north": {"uv": [0, 0, 1, 1], "texture": "#2"},
				"east": {"uv": [0, 0, 1, 1], "texture": "#2"},
				"south": {"uv": [0, 0, 1, 1], "texture": "#2"},
				"west": {"uv": [0, 0, 1, 1], "texture": "#2"},
				"up": {"uv": [0, 0, 1, 1], "texture": "#2"},
				"down": {"uv": [0, 0, 1, 1], "texture": "#2"}
			}
		},
		{
			"from": [6.90136, 22, 7.9439],
			"to": [7.90136, 23, 8.0439],
			"faces": {
				"north": {"uv": [2, 2, 4, 3.75], "texture": "#5"},
				"east": {"uv": [2, 2, 4, 3.75], "texture": "#5"},
				"south": {"uv": [2, 2, 4, 3.75], "texture": "#5"},
				"west": {"uv": [2, 2, 4, 3.75], "texture": "#5"},
				"up": {"uv": [2, 2, 4, 3.75], "texture": "#5"},
				"down": {"uv": [2, 2, 4, 3.75], "texture": "#5"}
			}
		},
		{
			"from": [6.65136, 21.75, 7.9439],
			"to": [7.15136, 22, 8.0439],
			"faces": {
				"north": {"uv": [2, 5, 4, 6.75], "texture": "#5"},
				"east": {"uv": [2, 5, 4, 6.75], "texture": "#5"},
				"south": {"uv": [2, 5, 4, 6.75], "texture": "#5"},
				"west": {"uv": [2, 5, 4, 6.75], "texture": "#5"},
				"up": {"uv": [2, 5, 4, 6.75], "texture": "#5"},
				"down": {"uv": [2, 5, 4, 6.75], "texture": "#5"}
			}
		},
		{
			"from": [7.65136, 21.75, 7.9439],
			"to": [8.15136, 22, 8.0439],
			"faces": {
				"north": {"uv": [2, 5, 4, 6.75], "texture": "#5"},
				"east": {"uv": [2, 5, 4, 6.75], "texture": "#5"},
				"south": {"uv": [2, 5, 4, 6.75], "texture": "#5"},
				"west": {"uv": [2, 5, 4, 6.75], "texture": "#5"},
				"up": {"uv": [2, 5, 4, 6.75], "texture": "#5"},
				"down": {"uv": [2, 5, 4, 6.75], "texture": "#5"}
			}
		},
		{
			"from": [6.85136, 21.65, 7.9439],
			"to": [7.95136, 21.8, 8.0439],
			"faces": {
				"north": {"uv": [2, 5, 4, 6.75], "texture": "#5"},
				"east": {"uv": [2, 5, 4, 6.75], "texture": "#5"},
				"south": {"uv": [2, 5, 4, 6.75], "texture": "#5"},
				"west": {"uv": [2, 5, 4, 6.75], "texture": "#5"},
				"up": {"uv": [2, 5, 4, 6.75], "texture": "#5"},
				"down": {"uv": [2, 5, 4, 6.75], "texture": "#5"}
			}
		},
		{
			"from": [8.05136, 6.5, 8.0439],
			"to": [9.05136, 8, 9.0439],
			"faces": {
				"north": {"uv": [0, 0, 3, 7.5], "texture": "#6"},
				"east": {"uv": [0, 0, 3, 7.5], "texture": "#6"},
				"south": {"uv": [0, 0, 3, 7.5], "texture": "#6"},
				"west": {"uv": [0, 0, 3, 7.5], "texture": "#6"},
				"up": {"uv": [0, 0, 3, 7.5], "texture": "#6"},
				"down": {"uv": [0, 0, 3, 7.5], "texture": "#6"}
			}
		},
		{
			"from": [8.05136, 3.24686, 7.546],
			"to": [9.05136, 5.49686, 8.546],
			"faces": {
				"north": {"uv": [0, 0, 3, 7.5], "texture": "#6"},
				"east": {"uv": [0, 0, 3, 7.5], "texture": "#6"},
				"south": {"uv": [0, 0, 3, 7.5], "texture": "#6"},
				"west": {"uv": [0, 0, 3, 7.5], "texture": "#6"},
				"up": {"uv": [0, 0, 3, 7.5], "texture": "#6"},
				"down": {"uv": [0, 0, 3, 7.5], "texture": "#6"}
			}
		},
		{
			"from": [8.15681, 0.27071, 7.546],
			"to": [9.15681, 2.52071, 8.546],
			"rotation": {"angle": -22.5, "axis": "z", "origin": [8.65681, 1.39571, 8.046]},
			"faces": {
				"north": {"uv": [0, 0, 3, 7.5], "texture": "#6"},
				"east": {"uv": [0, 0, 3, 7.5], "texture": "#6"},
				"south": {"uv": [0, 0, 3, 7.5], "texture": "#6"},
				"west": {"uv": [0, 0, 3, 7.5], "texture": "#6"},
				"up": {"uv": [0, 0, 3, 7.5], "texture": "#6"},
				"down": {"uv": [0, 0, 3, 7.5], "texture": "#6"}
			}
		},
		{
			"from": [8.44382, 2.02384, 7.546],
			"to": [9.44382, 3.52384, 8.546],
			"rotation": {"angle": 22.5, "axis": "z", "origin": [8.94382, 2.39884, 8.046]},
			"faces": {
				"north": {"uv": [0, 0, 3, 7.5], "texture": "#6"},
				"east": {"uv": [0, 0, 3, 7.5], "texture": "#6"},
				"south": {"uv": [0, 0, 3, 7.5], "texture": "#6"},
				"west": {"uv": [0, 0, 3, 7.5], "texture": "#6"},
				"up": {"uv": [0, 0, 3, 7.5], "texture": "#6"},
				"down": {"uv": [0, 0, 3, 7.5], "texture": "#6"}
			}
		},
		{
			"from": [8.05136, 5.24843, 7.79495],
			"to": [9.05136, 6.74843, 8.79495],
			"rotation": {"angle": 22.5, "axis": "x", "origin": [8.55136, 5.99843, 8.29495]},
			"faces": {
				"north": {"uv": [0, 0, 3, 7.5], "texture": "#6"},
				"east": {"uv": [0, 0, 3, 7.5], "texture": "#6"},
				"south": {"uv": [0, 0, 3, 7.5], "texture": "#6"},
				"west": {"uv": [0, 0, 3, 7.5], "texture": "#6"},
				"up": {"uv": [0, 0, 3, 7.5], "texture": "#6"},
				"down": {"uv": [0, 0, 3, 7.5], "texture": "#6"}
			}
		},
		{
			"name": "hexadecagon",
			"from": [6.66484, -0.2, 4.8439],
			"to": [7.93788, 0.7, 11.2439],
			"rotation": {"angle": -45, "axis": "y", "origin": [7.30136, 0, 8.0439]},
			"faces": {
				"north": {"uv": [0, 0, 1, 1], "texture": "#0"},
				"east": {"uv": [0, 0, 1, 1], "texture": "#0"},
				"south": {"uv": [0, 0, 1, 1], "texture": "#0"},
				"west": {"uv": [0, 0, 1, 1], "texture": "#0"},
				"up": {"uv": [0, 0, 1, 1], "texture": "#0"},
				"down": {"uv": [0, 0, 1, 1], "texture": "#0"}
			}
		},
		{
			"name": "hexadecagon",
			"from": [6.69005, -2.66238, 4.99142],
			"to": [7.91267, -0.04802, 11.13798],
			"rotation": {"angle": -45, "axis": "y", "origin": [7.30136, -0.7203, 8.0647]},
			"faces": {
				"north": {"uv": [0, 0, 16, 9], "texture": "#7"},
				"east": {"uv": [0, 0, 16, 9], "texture": "#7"},
				"south": {"uv": [0, 0, 16, 9], "texture": "#7"},
				"west": {"uv": [0, 0, 16, 9], "texture": "#7"},
				"up": {"uv": [0, 0, 16, 9], "texture": "#7"},
				"down": {"uv": [0, 0, 16, 9], "texture": "#7"}
			}
		},
		{
			"name": "hexadecagon",
			"from": [6.603, -4.16238, 4.59755],
			"to": [7.99972, -1.54802, 11.61938],
			"rotation": {"angle": -45, "axis": "y", "origin": [7.30136, -2.2203, 8.10847]},
			"faces": {
				"north": {"uv": [0, 0, 16, 9], "texture": "#7"},
				"east": {"uv": [0, 0, 16, 9], "texture": "#7"},
				"south": {"uv": [0, 0, 16, 9], "texture": "#7"},
				"west": {"uv": [0, 0, 16, 9], "texture": "#7"},
				"up": {"uv": [0, 0, 16, 9], "texture": "#7"},
				"down": {"uv": [0, 0, 16, 9], "texture": "#7"}
			}
		},
		{
			"name": "hexadecagon",
			"from": [6.66484, -0.2, 4.8439],
			"to": [7.93788, 0.7, 11.2439],
			"rotation": {"angle": -22.5, "axis": "y", "origin": [7.30136, 0, 8.0439]},
			"faces": {
				"north": {"uv": [0, 0, 1, 1], "texture": "#0"},
				"east": {"uv": [0, 0, 1, 1], "texture": "#0"},
				"south": {"uv": [0, 0, 1, 1], "texture": "#0"},
				"west": {"uv": [0, 0, 1, 1], "texture": "#0"},
				"up": {"uv": [0, 0, 1, 1], "texture": "#0"},
				"down": {"uv": [0, 0, 1, 1], "texture": "#0"}
			}
		},
		{
			"name": "hexadecagon",
			"from": [6.69005, -2.66238, 4.99142],
			"to": [7.91267, -0.04802, 11.13798],
			"rotation": {"angle": -22.5, "axis": "y", "origin": [7.30136, -0.7203, 8.0647]},
			"faces": {
				"north": {"uv": [0, 0, 16, 9], "texture": "#7"},
				"east": {"uv": [0, 0, 16, 9], "texture": "#7"},
				"south": {"uv": [0, 0, 16, 9], "texture": "#7"},
				"west": {"uv": [0, 0, 16, 9], "texture": "#7"},
				"up": {"uv": [0, 0, 16, 9], "texture": "#7"},
				"down": {"uv": [0, 0, 16, 9], "texture": "#7"}
			}
		},
		{
			"name": "hexadecagon",
			"from": [6.603, -4.16238, 4.59755],
			"to": [7.99972, -1.54802, 11.61938],
			"rotation": {"angle": -22.5, "axis": "y", "origin": [7.30136, -2.2203, 8.10847]},
			"faces": {
				"north": {"uv": [0, 0, 16, 9], "texture": "#7"},
				"east": {"uv": [0, 0, 16, 9], "texture": "#7"},
				"south": {"uv": [0, 0, 16, 9], "texture": "#7"},
				"west": {"uv": [0, 0, 16, 9], "texture": "#7"},
				"up": {"uv": [0, 0, 16, 9], "texture": "#7"},
				"down": {"uv": [0, 0, 16, 9], "texture": "#7"}
			}
		},
		{
			"name": "hexadecagon",
			"from": [6.66484, -0.2, 4.8439],
			"to": [7.93788, 0.7, 11.2439],
			"faces": {
				"north": {"uv": [0, 0, 1, 1], "texture": "#0"},
				"east": {"uv": [0, 0, 1, 1], "texture": "#0"},
				"south": {"uv": [0, 0, 1, 1], "texture": "#0"},
				"west": {"uv": [0, 0, 1, 1], "texture": "#0"},
				"up": {"uv": [0, 0, 1, 1], "texture": "#0"},
				"down": {"uv": [0, 0, 1, 1], "texture": "#0"}
			}
		},
		{
			"name": "hexadecagon",
			"from": [6.69005, -2.66238, 4.99142],
			"to": [7.91267, -0.04802, 11.13798],
			"faces": {
				"north": {"uv": [0, 0, 16, 9], "texture": "#7"},
				"east": {"uv": [0, 0, 16, 9], "texture": "#7"},
				"south": {"uv": [0, 0, 16, 9], "texture": "#7"},
				"west": {"uv": [0, 0, 16, 9], "texture": "#7"},
				"up": {"uv": [0, 0, 16, 9], "texture": "#7"},
				"down": {"uv": [0, 0, 16, 9], "texture": "#7"}
			}
		},
		{
			"name": "hexadecagon",
			"from": [6.603, -4.16238, 4.59755],
			"to": [7.99972, -1.54802, 11.61938],
			"faces": {
				"north": {"uv": [0, 0, 16, 9], "texture": "#7"},
				"east": {"uv": [0, 0, 16, 9], "texture": "#7"},
				"south": {"uv": [0, 0, 16, 9], "texture": "#7"},
				"west": {"uv": [0, 0, 16, 9], "texture": "#7"},
				"up": {"uv": [0, 0, 16, 9], "texture": "#7"},
				"down": {"uv": [0, 0, 16, 9], "texture": "#7"}
			}
		},
		{
			"name": "hexadecagon",
			"from": [6.66484, -0.2, 4.8439],
			"to": [7.93788, 0.7, 11.2439],
			"rotation": {"angle": 22.5, "axis": "y", "origin": [7.30136, 0, 8.0439]},
			"faces": {
				"north": {"uv": [0, 0, 1, 1], "texture": "#0"},
				"east": {"uv": [0, 0, 1, 1], "texture": "#0"},
				"south": {"uv": [0, 0, 1, 1], "texture": "#0"},
				"west": {"uv": [0, 0, 1, 1], "texture": "#0"},
				"up": {"uv": [0, 0, 1, 1], "texture": "#0"},
				"down": {"uv": [0, 0, 1, 1], "texture": "#0"}
			}
		},
		{
			"name": "hexadecagon",
			"from": [6.69005, -2.66238, 4.99142],
			"to": [7.91267, -0.04802, 11.13798],
			"rotation": {"angle": 22.5, "axis": "y", "origin": [7.30136, -0.7203, 8.0647]},
			"faces": {
				"north": {"uv": [0, 0, 16, 9], "texture": "#7"},
				"east": {"uv": [0, 0, 16, 9], "texture": "#7"},
				"south": {"uv": [0, 0, 16, 9], "texture": "#7"},
				"west": {"uv": [0, 0, 16, 9], "texture": "#7"},
				"up": {"uv": [0, 0, 16, 9], "texture": "#7"},
				"down": {"uv": [0, 0, 16, 9], "texture": "#7"}
			}
		},
		{
			"name": "hexadecagon",
			"from": [6.603, -4.16238, 4.59755],
			"to": [7.99972, -1.54802, 11.61938],
			"rotation": {"angle": 22.5, "axis": "y", "origin": [7.30136, -2.2203, 8.10847]},
			"faces": {
				"north": {"uv": [0, 0, 16, 9], "texture": "#7"},
				"east": {"uv": [0, 0, 16, 9], "texture": "#7"},
				"south": {"uv": [0, 0, 16, 9], "texture": "#7"},
				"west": {"uv": [0, 0, 16, 9], "texture": "#7"},
				"up": {"uv": [0, 0, 16, 9], "texture": "#7"},
				"down": {"uv": [0, 0, 16, 9], "texture": "#7"}
			}
		},
		{
			"name": "hexadecagon",
			"from": [6.66484, -0.2, 4.8439],
			"to": [7.93788, 0.7, 11.2439],
			"rotation": {"angle": 45, "axis": "y", "origin": [7.30136, 0, 8.0439]},
			"faces": {
				"north": {"uv": [0, 0, 1, 1], "texture": "#0"},
				"east": {"uv": [0, 0, 1, 1], "texture": "#0"},
				"south": {"uv": [0, 0, 1, 1], "texture": "#0"},
				"west": {"uv": [0, 0, 1, 1], "texture": "#0"},
				"up": {"uv": [0, 0, 1, 1], "texture": "#0"},
				"down": {"uv": [0, 0, 1, 1], "texture": "#0"}
			}
		},
		{
			"name": "hexadecagon",
			"from": [6.69005, -2.66238, 4.99142],
			"to": [7.91267, -0.04802, 11.13798],
			"rotation": {"angle": 45, "axis": "y", "origin": [7.30136, -0.7203, 8.0647]},
			"faces": {
				"north": {"uv": [0, 0, 16, 9], "texture": "#7"},
				"east": {"uv": [0, 0, 16, 9], "texture": "#7"},
				"south": {"uv": [0, 0, 16, 9], "texture": "#7"},
				"west": {"uv": [0, 0, 16, 9], "texture": "#7"},
				"up": {"uv": [0, 0, 16, 9], "texture": "#7"},
				"down": {"uv": [0, 0, 16, 9], "texture": "#7"}
			}
		},
		{
			"name": "hexadecagon",
			"from": [6.603, -4.16238, 4.59755],
			"to": [7.99972, -1.54802, 11.61938],
			"rotation": {"angle": 45, "axis": "y", "origin": [7.30136, -2.2203, 8.10847]},
			"faces": {
				"north": {"uv": [0, 0, 16, 9], "texture": "#7"},
				"east": {"uv": [0, 0, 16, 9], "texture": "#7"},
				"south": {"uv": [0, 0, 16, 9], "texture": "#7"},
				"west": {"uv": [0, 0, 16, 9], "texture": "#7"},
				"up": {"uv": [0, 0, 16, 9], "texture": "#7"},
				"down": {"uv": [0, 0, 16, 9], "texture": "#7"}
			}
		},
		{
			"name": "hexadecagon",
			"from": [4.10136, -0.2, 7.40738],
			"to": [10.50136, 0.7, 8.68042],
			"rotation": {"angle": -22.5, "axis": "y", "origin": [7.30136, 0, 8.0439]},
			"faces": {
				"north": {"uv": [0, 0, 1, 1], "texture": "#0"},
				"east": {"uv": [0, 0, 1, 1], "texture": "#0"},
				"south": {"uv": [0, 0, 1, 1], "texture": "#0"},
				"west": {"uv": [0, 0, 1, 1], "texture": "#0"},
				"up": {"uv": [0, 0, 1, 1], "texture": "#0"},
				"down": {"uv": [0, 0, 1, 1], "texture": "#0"}
			}
		},
		{
			"name": "hexadecagon",
			"from": [4.22808, -2.66238, 7.45339],
			"to": [10.37464, -0.04802, 8.67602],
			"rotation": {"angle": -22.5, "axis": "y", "origin": [7.30136, -0.7203, 8.0647]},
			"faces": {
				"north": {"uv": [0, 0, 16, 9], "texture": "#7"},
				"east": {"uv": [0, 0, 16, 9], "texture": "#7"},
				"south": {"uv": [0, 0, 16, 9], "texture": "#7"},
				"west": {"uv": [0, 0, 16, 9], "texture": "#7"},
				"up": {"uv": [0, 0, 16, 9], "texture": "#7"},
				"down": {"uv": [0, 0, 16, 9], "texture": "#7"}
			}
		},
		{
			"name": "hexadecagon",
			"from": [3.79045, -4.16238, 7.4101],
			"to": [10.81228, -1.54802, 8.80683],
			"rotation": {"angle": -22.5, "axis": "y", "origin": [7.30136, -2.2203, 8.10847]},
			"faces": {
				"north": {"uv": [0, 0, 16, 9], "texture": "#7"},
				"east": {"uv": [0, 0, 16, 9], "texture": "#7"},
				"south": {"uv": [0, 0, 16, 9], "texture": "#7"},
				"west": {"uv": [0, 0, 16, 9], "texture": "#7"},
				"up": {"uv": [0, 0, 16, 9], "texture": "#7"},
				"down": {"uv": [0, 0, 16, 9], "texture": "#7"}
			}
		},
		{
			"name": "hexadecagon",
			"from": [4.10136, -0.2, 7.40738],
			"to": [10.50136, 0.7, 8.68042],
			"faces": {
				"north": {"uv": [0, 0, 1, 1], "texture": "#0"},
				"east": {"uv": [0, 0, 1, 1], "texture": "#0"},
				"south": {"uv": [0, 0, 1, 1], "texture": "#0"},
				"west": {"uv": [0, 0, 1, 1], "texture": "#0"},
				"up": {"uv": [0, 0, 1, 1], "texture": "#0"},
				"down": {"uv": [0, 0, 1, 1], "texture": "#0"}
			}
		},
		{
			"name": "hexadecagon",
			"from": [4.22808, -2.66238, 7.45339],
			"to": [10.37464, -0.04802, 8.67602],
			"faces": {
				"north": {"uv": [0, 0, 16, 9], "texture": "#7"},
				"east": {"uv": [0, 0, 16, 9], "texture": "#7"},
				"south": {"uv": [0, 0, 16, 9], "texture": "#7"},
				"west": {"uv": [0, 0, 16, 9], "texture": "#7"},
				"up": {"uv": [0, 0, 16, 9], "texture": "#7"},
				"down": {"uv": [0, 0, 16, 9], "texture": "#7"}
			}
		},
		{
			"name": "hexadecagon",
			"from": [3.79045, -4.16238, 7.4101],
			"to": [10.81228, -1.54802, 8.80683],
			"faces": {
				"north": {"uv": [0, 0, 16, 9], "texture": "#7"},
				"east": {"uv": [0, 0, 16, 9], "texture": "#7"},
				"south": {"uv": [0, 0, 16, 9], "texture": "#7"},
				"west": {"uv": [0, 0, 16, 9], "texture": "#7"},
				"up": {"uv": [0, 0, 16, 9], "texture": "#7"},
				"down": {"uv": [0, 0, 16, 9], "texture": "#7"}
			}
		},
		{
			"name": "hexadecagon",
			"from": [4.10136, -0.2, 7.40738],
			"to": [10.50136, 0.7, 8.68042],
			"rotation": {"angle": 22.5, "axis": "y", "origin": [7.30136, 0, 8.0439]},
			"faces": {
				"north": {"uv": [0, 0, 1, 1], "texture": "#0"},
				"east": {"uv": [0, 0, 1, 1], "texture": "#0"},
				"south": {"uv": [0, 0, 1, 1], "texture": "#0"},
				"west": {"uv": [0, 0, 1, 1], "texture": "#0"},
				"up": {"uv": [0, 0, 1, 1], "texture": "#0"},
				"down": {"uv": [0, 0, 1, 1], "texture": "#0"}
			}
		},
		{
			"name": "hexadecagon",
			"from": [4.22808, -2.66238, 7.45339],
			"to": [10.37464, -0.04802, 8.67602],
			"rotation": {"angle": 22.5, "axis": "y", "origin": [7.30136, -0.7203, 8.0647]},
			"faces": {
				"north": {"uv": [0, 0, 16, 9], "texture": "#7"},
				"east": {"uv": [0, 0, 16, 9], "texture": "#7"},
				"south": {"uv": [0, 0, 16, 9], "texture": "#7"},
				"west": {"uv": [0, 0, 16, 9], "texture": "#7"},
				"up": {"uv": [0, 0, 16, 9], "texture": "#7"},
				"down": {"uv": [0, 0, 16, 9], "texture": "#7"}
			}
		},
		{
			"name": "hexadecagon",
			"from": [3.79045, -4.16238, 7.4101],
			"to": [10.81228, -1.54802, 8.80683],
			"rotation": {"angle": 22.5, "axis": "y", "origin": [7.30136, -2.2203, 8.10847]},
			"faces": {
				"north": {"uv": [0, 0, 16, 9], "texture": "#7"},
				"east": {"uv": [0, 0, 16, 9], "texture": "#7"},
				"south": {"uv": [0, 0, 16, 9], "texture": "#7"},
				"west": {"uv": [0, 0, 16, 9], "texture": "#7"},
				"up": {"uv": [0, 0, 16, 9], "texture": "#7"},
				"down": {"uv": [0, 0, 16, 9], "texture": "#7"}
			}
		},
		{
			"name": "hexadecagon",
			"from": [6.83925, 0.5124, 5.6583],
			"to": [7.76347, 1.1028, 5.9487],
			"rotation": {"angle": -45, "axis": "y", "origin": [7.30136, 0.9576, 7.9815]},
			"faces": {
				"north": {"uv": [0, 0, 1, 1], "texture": "#6"},
				"east": {"uv": [0, 0, 1, 1], "texture": "#6"},
				"south": {"uv": [0, 0, 1, 1], "texture": "#6"},
				"west": {"uv": [0, 0, 1, 1], "texture": "#6"},
				"up": {"uv": [0, 0, 1, 1], "texture": "#6"},
				"down": {"uv": [0, 0, 1, 1], "texture": "#6"}
			}
		},
		{
			"name": "hexadecagon",
			"from": [6.72076, 0.5329, 5.44288],
			"to": [7.68196, 1.14691, 5.7449],
			"rotation": {"angle": -45, "axis": "y", "origin": [7.20136, 0.9959, 7.85901]},
			"faces": {
				"north": {"uv": [0, 0, 1, 1], "texture": "#6"},
				"east": {"uv": [0, 0, 1, 1], "texture": "#6"},
				"south": {"uv": [0, 0, 1, 1], "texture": "#6"},
				"west": {"uv": [0, 0, 1, 1], "texture": "#6"},
				"up": {"uv": [0, 0, 1, 1], "texture": "#6"},
				"down": {"uv": [0, 0, 1, 1], "texture": "#6"}
			}
		},
		{
			"name": "hexadecagon",
			"from": [6.83925, 0.5124, 5.6583],
			"to": [7.76347, 1.1028, 5.9487],
			"rotation": {"angle": -22.5, "axis": "y", "origin": [7.30136, 0.9576, 7.9815]},
			"faces": {
				"north": {"uv": [0, 0, 1, 1], "texture": "#6"},
				"east": {"uv": [0, 0, 1, 1], "texture": "#6"},
				"south": {"uv": [0, 0, 1, 1], "texture": "#6"},
				"west": {"uv": [0, 0, 1, 1], "texture": "#6"},
				"up": {"uv": [0, 0, 1, 1], "texture": "#6"},
				"down": {"uv": [0, 0, 1, 1], "texture": "#6"}
			}
		},
		{
			"name": "hexadecagon",
			"from": [6.72076, 0.5329, 5.44288],
			"to": [7.68196, 1.14691, 5.7449],
			"rotation": {"angle": -22.5, "axis": "y", "origin": [7.20136, 0.9959, 7.85901]},
			"faces": {
				"north": {"uv": [0, 0, 1, 1], "texture": "#6"},
				"east": {"uv": [0, 0, 1, 1], "texture": "#6"},
				"south": {"uv": [0, 0, 1, 1], "texture": "#6"},
				"west": {"uv": [0, 0, 1, 1], "texture": "#6"},
				"up": {"uv": [0, 0, 1, 1], "texture": "#6"},
				"down": {"uv": [0, 0, 1, 1], "texture": "#6"}
			}
		},
		{
			"name": "hexadecagon",
			"from": [6.83925, 0.5124, 5.6583],
			"to": [7.76347, 1.1028, 5.9487],
			"faces": {
				"north": {"uv": [0, 0, 1, 1], "texture": "#6"},
				"east": {"uv": [0, 0, 1, 1], "texture": "#6"},
				"south": {"uv": [0, 0, 1, 1], "texture": "#6"},
				"west": {"uv": [0, 0, 1, 1], "texture": "#6"},
				"up": {"uv": [0, 0, 1, 1], "texture": "#6"},
				"down": {"uv": [0, 0, 1, 1], "texture": "#6"}
			}
		},
		{
			"name": "hexadecagon",
			"from": [6.72076, 0.5329, 5.44288],
			"to": [7.68196, 1.14691, 5.7449],
			"faces": {
				"north": {"uv": [0, 0, 1, 1], "texture": "#6"},
				"east": {"uv": [0, 0, 1, 1], "texture": "#6"},
				"south": {"uv": [0, 0, 1, 1], "texture": "#6"},
				"west": {"uv": [0, 0, 1, 1], "texture": "#6"},
				"up": {"uv": [0, 0, 1, 1], "texture": "#6"},
				"down": {"uv": [0, 0, 1, 1], "texture": "#6"}
			}
		},
		{
			"name": "hexadecagon",
			"from": [6.83925, 0.5124, 5.6583],
			"to": [7.76347, 1.1028, 5.9487],
			"rotation": {"angle": 22.5, "axis": "y", "origin": [7.30136, 0.9576, 7.9815]},
			"faces": {
				"north": {"uv": [0, 0, 1, 1], "texture": "#6"},
				"east": {"uv": [0, 0, 1, 1], "texture": "#6"},
				"south": {"uv": [0, 0, 1, 1], "texture": "#6"},
				"west": {"uv": [0, 0, 1, 1], "texture": "#6"},
				"up": {"uv": [0, 0, 1, 1], "texture": "#6"},
				"down": {"uv": [0, 0, 1, 1], "texture": "#6"}
			}
		},
		{
			"name": "hexadecagon",
			"from": [6.72076, 0.5329, 5.44288],
			"to": [7.68196, 1.14691, 5.7449],
			"rotation": {"angle": 22.5, "axis": "y", "origin": [7.20136, 0.9959, 7.85901]},
			"faces": {
				"north": {"uv": [0, 0, 1, 1], "texture": "#6"},
				"east": {"uv": [0, 0, 1, 1], "texture": "#6"},
				"south": {"uv": [0, 0, 1, 1], "texture": "#6"},
				"west": {"uv": [0, 0, 1, 1], "texture": "#6"},
				"up": {"uv": [0, 0, 1, 1], "texture": "#6"},
				"down": {"uv": [0, 0, 1, 1], "texture": "#6"}
			}
		},
		{
			"name": "hexadecagon",
			"from": [6.83925, 0.5124, 5.6583],
			"to": [7.76347, 1.1028, 5.9487],
			"rotation": {"angle": 45, "axis": "y", "origin": [7.30136, 0.9576, 7.9815]},
			"faces": {
				"north": {"uv": [0, 0, 1, 1], "texture": "#6"},
				"east": {"uv": [0, 0, 1, 1], "texture": "#6"},
				"south": {"uv": [0, 0, 1, 1], "texture": "#6"},
				"west": {"uv": [0, 0, 1, 1], "texture": "#6"},
				"up": {"uv": [0, 0, 1, 1], "texture": "#6"},
				"down": {"uv": [0, 0, 1, 1], "texture": "#6"}
			}
		},
		{
			"name": "hexadecagon",
			"from": [6.72076, 0.5329, 5.44288],
			"to": [7.68196, 1.14691, 5.7449],
			"rotation": {"angle": 45, "axis": "y", "origin": [7.20136, 0.9959, 7.85901]},
			"faces": {
				"north": {"uv": [0, 0, 1, 1], "texture": "#6"},
				"east": {"uv": [0, 0, 1, 1], "texture": "#6"},
				"south": {"uv": [0, 0, 1, 1], "texture": "#6"},
				"west": {"uv": [0, 0, 1, 1], "texture": "#6"},
				"up": {"uv": [0, 0, 1, 1], "texture": "#6"},
				"down": {"uv": [0, 0, 1, 1], "texture": "#6"}
			}
		},
		{
			"name": "hexadecagon",
			"from": [6.83925, 0.5124, 10.0143],
			"to": [7.76347, 1.1028, 10.3047],
			"rotation": {"angle": -45, "axis": "y", "origin": [7.30136, 0.9576, 7.9815]},
			"faces": {
				"north": {"uv": [0, 0, 1, 1], "texture": "#6"},
				"east": {"uv": [0, 0, 1, 1], "texture": "#6"},
				"south": {"uv": [0, 0, 1, 1], "texture": "#6"},
				"west": {"uv": [0, 0, 1, 1], "texture": "#6"},
				"up": {"uv": [0, 0, 1, 1], "texture": "#6"},
				"down": {"uv": [0, 0, 1, 1], "texture": "#6"}
			}
		},
		{
			"name": "hexadecagon",
			"from": [6.72076, 0.5329, 9.97312],
			"to": [7.68196, 1.14691, 10.27514],
			"rotation": {"angle": -45, "axis": "y", "origin": [7.20136, 0.9959, 7.85901]},
			"faces": {
				"north": {"uv": [0, 0, 1, 1], "texture": "#6"},
				"east": {"uv": [0, 0, 1, 1], "texture": "#6"},
				"south": {"uv": [0, 0, 1, 1], "texture": "#6"},
				"west": {"uv": [0, 0, 1, 1], "texture": "#6"},
				"up": {"uv": [0, 0, 1, 1], "texture": "#6"},
				"down": {"uv": [0, 0, 1, 1], "texture": "#6"}
			}
		},
		{
			"name": "hexadecagon",
			"from": [6.83925, 0.5124, 10.0143],
			"to": [7.76347, 1.1028, 10.3047],
			"rotation": {"angle": -22.5, "axis": "y", "origin": [7.30136, 0.9576, 7.9815]},
			"faces": {
				"north": {"uv": [0, 0, 1, 1], "texture": "#6"},
				"east": {"uv": [0, 0, 1, 1], "texture": "#6"},
				"south": {"uv": [0, 0, 1, 1], "texture": "#6"},
				"west": {"uv": [0, 0, 1, 1], "texture": "#6"},
				"up": {"uv": [0, 0, 1, 1], "texture": "#6"},
				"down": {"uv": [0, 0, 1, 1], "texture": "#6"}
			}
		},
		{
			"name": "hexadecagon",
			"from": [6.72076, 0.5329, 9.97312],
			"to": [7.68196, 1.14691, 10.27514],
			"rotation": {"angle": -22.5, "axis": "y", "origin": [7.20136, 0.9959, 7.85901]},
			"faces": {
				"north": {"uv": [0, 0, 1, 1], "texture": "#6"},
				"east": {"uv": [0, 0, 1, 1], "texture": "#6"},
				"south": {"uv": [0, 0, 1, 1], "texture": "#6"},
				"west": {"uv": [0, 0, 1, 1], "texture": "#6"},
				"up": {"uv": [0, 0, 1, 1], "texture": "#6"},
				"down": {"uv": [0, 0, 1, 1], "texture": "#6"}
			}
		},
		{
			"name": "hexadecagon",
			"from": [6.83925, 0.5124, 10.0143],
			"to": [7.76347, 1.1028, 10.3047],
			"faces": {
				"north": {"uv": [0, 0, 1, 1], "texture": "#6"},
				"east": {"uv": [0, 0, 1, 1], "texture": "#6"},
				"south": {"uv": [0, 0, 1, 1], "texture": "#6"},
				"west": {"uv": [0, 0, 1, 1], "texture": "#6"},
				"up": {"uv": [0, 0, 1, 1], "texture": "#6"},
				"down": {"uv": [0, 0, 1, 1], "texture": "#6"}
			}
		},
		{
			"name": "hexadecagon",
			"from": [6.72076, 0.5329, 9.97312],
			"to": [7.68196, 1.14691, 10.27514],
			"faces": {
				"north": {"uv": [0, 0, 1, 1], "texture": "#6"},
				"east": {"uv": [0, 0, 1, 1], "texture": "#6"},
				"south": {"uv": [0, 0, 1, 1], "texture": "#6"},
				"west": {"uv": [0, 0, 1, 1], "texture": "#6"},
				"up": {"uv": [0, 0, 1, 1], "texture": "#6"},
				"down": {"uv": [0, 0, 1, 1], "texture": "#6"}
			}
		},
		{
			"name": "hexadecagon",
			"from": [6.83925, 0.5124, 10.0143],
			"to": [7.76347, 1.1028, 10.3047],
			"rotation": {"angle": 22.5, "axis": "y", "origin": [7.30136, 0.9576, 7.9815]},
			"faces": {
				"north": {"uv": [0, 0, 1, 1], "texture": "#6"},
				"east": {"uv": [0, 0, 1, 1], "texture": "#6"},
				"south": {"uv": [0, 0, 1, 1], "texture": "#6"},
				"west": {"uv": [0, 0, 1, 1], "texture": "#6"},
				"up": {"uv": [0, 0, 1, 1], "texture": "#6"},
				"down": {"uv": [0, 0, 1, 1], "texture": "#6"}
			}
		},
		{
			"name": "hexadecagon",
			"from": [6.72076, 0.5329, 9.97312],
			"to": [7.68196, 1.14691, 10.27514],
			"rotation": {"angle": 22.5, "axis": "y", "origin": [7.20136, 0.9959, 7.85901]},
			"faces": {
				"north": {"uv": [0, 0, 1, 1], "texture": "#6"},
				"east": {"uv": [0, 0, 1, 1], "texture": "#6"},
				"south": {"uv": [0, 0, 1, 1], "texture": "#6"},
				"west": {"uv": [0, 0, 1, 1], "texture": "#6"},
				"up": {"uv": [0, 0, 1, 1], "texture": "#6"},
				"down": {"uv": [0, 0, 1, 1], "texture": "#6"}
			}
		},
		{
			"name": "hexadecagon",
			"from": [6.83925, 0.5124, 10.0143],
			"to": [7.76347, 1.1028, 10.3047],
			"rotation": {"angle": 45, "axis": "y", "origin": [7.30136, 0.9576, 7.9815]},
			"faces": {
				"north": {"uv": [0, 0, 1, 1], "texture": "#6"},
				"east": {"uv": [0, 0, 1, 1], "texture": "#6"},
				"south": {"uv": [0, 0, 1, 1], "texture": "#6"},
				"west": {"uv": [0, 0, 1, 1], "texture": "#6"},
				"up": {"uv": [0, 0, 1, 1], "texture": "#6"},
				"down": {"uv": [0, 0, 1, 1], "texture": "#6"}
			}
		},
		{
			"name": "hexadecagon",
			"from": [6.72076, 0.5329, 9.97312],
			"to": [7.68196, 1.14691, 10.27514],
			"rotation": {"angle": 45, "axis": "y", "origin": [7.20136, 0.9959, 7.85901]},
			"faces": {
				"north": {"uv": [0, 0, 1, 1], "texture": "#6"},
				"east": {"uv": [0, 0, 1, 1], "texture": "#6"},
				"south": {"uv": [0, 0, 1, 1], "texture": "#6"},
				"west": {"uv": [0, 0, 1, 1], "texture": "#6"},
				"up": {"uv": [0, 0, 1, 1], "texture": "#6"},
				"down": {"uv": [0, 0, 1, 1], "texture": "#6"}
			}
		},
		{
			"name": "hexadecagon",
			"from": [4.97816, 0.5124, 7.51939],
			"to": [5.26856, 1.1028, 8.44362],
			"rotation": {"angle": -22.5, "axis": "y", "origin": [7.30136, 0.9576, 7.9815]},
			"faces": {
				"north": {"uv": [0, 0, 1, 1], "texture": "#6"},
				"east": {"uv": [0, 0, 1, 1], "texture": "#6"},
				"south": {"uv": [0, 0, 1, 1], "texture": "#6"},
				"west": {"uv": [0, 0, 1, 1], "texture": "#6"},
				"up": {"uv": [0, 0, 1, 1], "texture": "#6"},
				"down": {"uv": [0, 0, 1, 1], "texture": "#6"}
			}
		},
		{
			"name": "hexadecagon",
			"from": [4.78523, 0.5329, 7.37841],
			"to": [5.08725, 1.14691, 8.33961],
			"rotation": {"angle": -22.5, "axis": "y", "origin": [7.20136, 0.9959, 7.85901]},
			"faces": {
				"north": {"uv": [0, 0, 1, 1], "texture": "#6"},
				"east": {"uv": [0, 0, 1, 1], "texture": "#6"},
				"south": {"uv": [0, 0, 1, 1], "texture": "#6"},
				"west": {"uv": [0, 0, 1, 1], "texture": "#6"},
				"up": {"uv": [0, 0, 1, 1], "texture": "#6"},
				"down": {"uv": [0, 0, 1, 1], "texture": "#6"}
			}
		},
		{
			"name": "hexadecagon",
			"from": [4.97816, 0.5124, 7.51939],
			"to": [5.26856, 1.1028, 8.44362],
			"faces": {
				"north": {"uv": [0, 0, 1, 1], "texture": "#6"},
				"east": {"uv": [0, 0, 1, 1], "texture": "#6"},
				"south": {"uv": [0, 0, 1, 1], "texture": "#6"},
				"west": {"uv": [0, 0, 1, 1], "texture": "#6"},
				"up": {"uv": [0, 0, 1, 1], "texture": "#6"},
				"down": {"uv": [0, 0, 1, 1], "texture": "#6"}
			}
		},
		{
			"name": "hexadecagon",
			"from": [4.78523, 0.5329, 7.37841],
			"to": [5.08725, 1.14691, 8.33961],
			"faces": {
				"north": {"uv": [0, 0, 1, 1], "texture": "#6"},
				"east": {"uv": [0, 0, 1, 1], "texture": "#6"},
				"south": {"uv": [0, 0, 1, 1], "texture": "#6"},
				"west": {"uv": [0, 0, 1, 1], "texture": "#6"},
				"up": {"uv": [0, 0, 1, 1], "texture": "#6"},
				"down": {"uv": [0, 0, 1, 1], "texture": "#6"}
			}
		},
		{
			"name": "hexadecagon",
			"from": [4.97816, 0.5124, 7.51939],
			"to": [5.26856, 1.1028, 8.44362],
			"rotation": {"angle": 22.5, "axis": "y", "origin": [7.30136, 0.9576, 7.9815]},
			"faces": {
				"north": {"uv": [0, 0, 1, 1], "texture": "#6"},
				"east": {"uv": [0, 0, 1, 1], "texture": "#6"},
				"south": {"uv": [0, 0, 1, 1], "texture": "#6"},
				"west": {"uv": [0, 0, 1, 1], "texture": "#6"},
				"up": {"uv": [0, 0, 1, 1], "texture": "#6"},
				"down": {"uv": [0, 0, 1, 1], "texture": "#6"}
			}
		},
		{
			"name": "hexadecagon",
			"from": [4.78523, 0.5329, 7.37841],
			"to": [5.08725, 1.14691, 8.33961],
			"rotation": {"angle": 22.5, "axis": "y", "origin": [7.20136, 0.9959, 7.85901]},
			"faces": {
				"north": {"uv": [0, 0, 1, 1], "texture": "#6"},
				"east": {"uv": [0, 0, 1, 1], "texture": "#6"},
				"south": {"uv": [0, 0, 1, 1], "texture": "#6"},
				"west": {"uv": [0, 0, 1, 1], "texture": "#6"},
				"up": {"uv": [0, 0, 1, 1], "texture": "#6"},
				"down": {"uv": [0, 0, 1, 1], "texture": "#6"}
			}
		},
		{
			"name": "hexadecagon",
			"from": [9.33416, 0.5124, 7.51939],
			"to": [9.62456, 1.1028, 8.44362],
			"rotation": {"angle": -22.5, "axis": "y", "origin": [7.30136, 0.9576, 7.9815]},
			"faces": {
				"north": {"uv": [0, 0, 1, 1], "texture": "#6"},
				"east": {"uv": [0, 0, 1, 1], "texture": "#6"},
				"south": {"uv": [0, 0, 1, 1], "texture": "#6"},
				"west": {"uv": [0, 0, 1, 1], "texture": "#6"},
				"up": {"uv": [0, 0, 1, 1], "texture": "#6"},
				"down": {"uv": [0, 0, 1, 1], "texture": "#6"}
			}
		},
		{
			"name": "hexadecagon",
			"from": [9.31547, 0.5329, 7.37841],
			"to": [9.61749, 1.14691, 8.33961],
			"rotation": {"angle": -22.5, "axis": "y", "origin": [7.20136, 0.9959, 7.85901]},
			"faces": {
				"north": {"uv": [0, 0, 1, 1], "texture": "#6"},
				"east": {"uv": [0, 0, 1, 1], "texture": "#6"},
				"south": {"uv": [0, 0, 1, 1], "texture": "#6"},
				"west": {"uv": [0, 0, 1, 1], "texture": "#6"},
				"up": {"uv": [0, 0, 1, 1], "texture": "#6"},
				"down": {"uv": [0, 0, 1, 1], "texture": "#6"}
			}
		},
		{
			"name": "hexadecagon",
			"from": [9.33416, 0.5124, 7.51939],
			"to": [9.62456, 1.1028, 8.44362],
			"faces": {
				"north": {"uv": [0, 0, 1, 1], "texture": "#6"},
				"east": {"uv": [0, 0, 1, 1], "texture": "#6"},
				"south": {"uv": [0, 0, 1, 1], "texture": "#6"},
				"west": {"uv": [0, 0, 1, 1], "texture": "#6"},
				"up": {"uv": [0, 0, 1, 1], "texture": "#6"},
				"down": {"uv": [0, 0, 1, 1], "texture": "#6"}
			}
		},
		{
			"name": "hexadecagon",
			"from": [9.31547, 0.5329, 7.37841],
			"to": [9.61749, 1.14691, 8.33961],
			"faces": {
				"north": {"uv": [0, 0, 1, 1], "texture": "#6"},
				"east": {"uv": [0, 0, 1, 1], "texture": "#6"},
				"south": {"uv": [0, 0, 1, 1], "texture": "#6"},
				"west": {"uv": [0, 0, 1, 1], "texture": "#6"},
				"up": {"uv": [0, 0, 1, 1], "texture": "#6"},
				"down": {"uv": [0, 0, 1, 1], "texture": "#6"}
			}
		},
		{
			"name": "hexadecagon",
			"from": [9.33416, 0.5124, 7.51939],
			"to": [9.62456, 1.1028, 8.44362],
			"rotation": {"angle": 22.5, "axis": "y", "origin": [7.30136, 0.9576, 7.9815]},
			"faces": {
				"north": {"uv": [0, 0, 1, 1], "texture": "#6"},
				"east": {"uv": [0, 0, 1, 1], "texture": "#6"},
				"south": {"uv": [0, 0, 1, 1], "texture": "#6"},
				"west": {"uv": [0, 0, 1, 1], "texture": "#6"},
				"up": {"uv": [0, 0, 1, 1], "texture": "#6"},
				"down": {"uv": [0, 0, 1, 1], "texture": "#6"}
			}
		},
		{
			"name": "hexadecagon",
			"from": [9.31547, 0.5329, 7.37841],
			"to": [9.61749, 1.14691, 8.33961],
			"rotation": {"angle": 22.5, "axis": "y", "origin": [7.20136, 0.9959, 7.85901]},
			"faces": {
				"north": {"uv": [0, 0, 1, 1], "texture": "#6"},
				"east": {"uv": [0, 0, 1, 1], "texture": "#6"},
				"south": {"uv": [0, 0, 1, 1], "texture": "#6"},
				"west": {"uv": [0, 0, 1, 1], "texture": "#6"},
				"up": {"uv": [0, 0, 1, 1], "texture": "#6"},
				"down": {"uv": [0, 0, 1, 1], "texture": "#6"}
			}
		}
	],
	"display": {
		"gui": {
			"rotation": [34, 162, 0],
			"scale": [0.54, 0.53, 0.53]
		},
		"head": {
			"translation": [0, -13.5, -1.75],
			"scale": [2.55, 2.55, 2.55]
		}
	},
	"groups": [0, 1, 2, 3, 4, 5, 6, 7, 8, 9, 10, 11, 12, 13, 14, 15, 16, 17, 18, 19, 20, 21, 22, 23, 24, 25, 26, 27, 28, 29, 30, 31, 32, 33, 34, 35, 36, 37, 38, 39, 40, 41, 42,
		{
			"name": "hexadecagon",
			"origin": [8, 8, 8],
			"children": [43, 44, 45, 46, 47, 48, 49, 50, 51, 52, 53, 54, 55, 56, 57, 58, 59, 60, 61, 62, 63, 64, 65, 66]
		},
		{
			"name": "hexadecagon",
			"origin": [8, 8, 8],
			"children": [67, 68, 69, 70, 71, 72, 73, 74, 75, 76, 77, 78, 79, 80, 81, 82, 83, 84, 85, 86, 87, 88, 89, 90, 91, 92, 93, 94, 95, 96, 97, 98]
		}
	]
}