{
    "parent": "item/handheld",
    "textures": {
        "layer0": "item/diamond_pickaxe"
    },
    "overrides": [
    {
        "predicate": {
            "damage": 0.00064061499,
            "damaged": 0
      },
      "model": "item/train/brascdt"
    },
    {
          "predicate": {
            "damage": 0.00128122998,
            "damaged": 0
          },
            "model": "item/train/cdt2"
    },
    {
          "predicate": {
            "damage": 0.00192184497,
            "damaged": 0
          },
            "model": "item/train/cdt3"
    },
    {
          "predicate": {
            "damage": 0.00256245996,
            "damaged": 0
          },
            "model": "item/train/chaisesvolantes"
    },
    {
          "predicate": {
            "damage": 0.00320307495,
            "damaged": 0
          },
            "model": "item/train/chaudrons"
    },
    {
          "predicate": {
            "damage": 0.00384368994,
            "damaged": 0
          },
            "model": "item/train/nat72"
    },
    {
          "predicate": {
            "damage": 0.00448430493,
            "damaged": 0
          },
            "model": "item/train/nat73"
    },
    {
          "predicate": {
            "damage": 0.00512491992,
            "damaged": 0
          },
            "model": "item/train/train1"
    },
    {
          "predicate": {
            "damage": 0.00576553491,
            "damaged": 0
          },
            "model": "item/train/train2"		
    },
    {
          "predicate": {
            "damage": 0.0064061499,
            "damaged": 0
          },
            "model": "item/train/char"
    },
    {
          "predicate": {
            "damage": 0.00704676489,
            "damaged": 0
          },
            "model": "item/train/am"
    },
    {
          "predicate": {
            "damage": 0.00768737988,
            "damaged": 0
          },
            "model": "item/train/harnais"
    },
    {
          "predicate": {
            "damage": 0.00832799487,
            "damaged": 0
          },
            "model": "item/train/trainoz"		
    },
    {
          "predicate": {
            "damage": 0.00896860986,
            "damaged": 0
          },
            "model": "item/train/oxy"		
    },
    {
          "predicate": {
            "damage": 0.00960922485,
            "damaged": 0
          },
            "model": "item/train/menhirex"
    },
    {
          "predicate": {
            "damage": 0.01024983984,
            "damaged": 0
          },
            "model": "item/train/galere1"
    },
    {
          "predicate": {
            "damage": 0.01089045483,
            "damaged": 0
          },
            "model": "item/train/galere2"
    },
    {
          "predicate": {
            "damage": 0.01153106982,
            "damaged": 0
          },
            "model": "item/train/galere3"	
    },
    {
          "predicate": {
            "damage": 0.01217168481,
            "damaged": 0
          },
            "model": "item/train/galere4"		
    },
    {
          "predicate": {
            "damage": 0.0128122998,
            "damaged": 0
          },
            "model": "item/train/galere5"
    },
    {
          "predicate": {
            "damage": 0.01345291479,
            "damaged": 0
          },
            "model": "item/other/facade"
    },
    {
          "predicate": {
            "damage": 0.01409352978,
            "damaged": 0
          },
            "model": "item/other/bus"
    },
    {
          "predicate": {
            "damage": 0.01473414477,
            "damaged": 0
          },
            "model": "item/other/bus2"		
    },
    {
          "predicate": {
            "damage": 0.01537475976,
            "damaged": 0
          },
            "model": "item/other/drakkar1"
    },
    {
          "predicate": {
            "damage": 0.01601537475,
            "damaged": 0
          },
            "model": "item/other/drakkar2"
    },
    {
          "predicate": {
            "damage": 0.01665598974,
            "damaged": 0
          },
            "model": "item/parade/tortue"
    },
    {
          "predicate": {
            "damage": 0.01729660473,
            "damaged": 0
          },
            "model": "item/other/discobelixrails"
    },
    {
          "predicate": {
            "damage": 0.01793721972,
            "damaged": 0
          },
            "model": "item/train/goudurix"			
    },
    {
          "predicate": {
            "damage": 0.01857783471,
            "damaged": 0
          },
            "model": "item/train/goudurixarr"		
    },
    {
          "predicate": {
            "damage": 0.01984635083,
	    "damaged": 0
      },
            "model": "item/train/minicarr"
    },
    {
          "predicate": {
            "damage": 0.02048655569,
            "damaged": 0
          },
            "model": "item/train/minicarr"		
    }
    ]
}