{
    "parent": "item/handheld",
    "textures": {
        "layer0": "item/diamond_shovel"
    },
   "display": {
        "thirdperson_righthand": {
            "rotation": [ 0, -90, 55 ],
            "translation": [ 0, 4.0, 0.5 ],
            "scale": [ 0.85, 0.85, 0.85 ]
        },
        "thirdperson_lefthand": {
            "rotation": [ 0, 90, -55 ],
            "translation": [ 0, 4.0, 0.5 ],
            "scale": [ 0.85, 0.85, 0.85 ]
        },
        "firstperson_righthand": {
            "rotation": [ 0, -90, 25 ],
            "translation": [ 0, 1.6, 0.8 ],
            "scale": [ 0.68, 0.68, 0.68 ]
        },
        "firstperson_lefthand": {
            "rotation": [ 0, 90, -25 ],
            "translation": [ 0, 1.6, 0.8 ],
            "scale": [ 0.68, 0.68, 0.68 ]
        }
},
     "overrides": [
        {"predicate": { "damaged": 0, "damage": 0 }, "model": "item/diamond_shovel"},
		{"predicate": { "damaged": 0, "damage": 0.0007 }, "model": "item/pins/pins_oz"},
        {"predicate": { "damaged": 0, "damage": 0.0014 }, "model": "item/pins/pins_pe"},
        {"predicate": { "damaged": 0, "damage": 0.0021 }, "model": "item/pins/pins_gx"},
        {"predicate": { "damaged": 0, "damage": 0.0028 }, "model": "item/pins/pins_zs"},
		{"predicate": { "damaged": 0, "damage": 0.0035 }, "model": "item/pins/pins_14"},
		{"predicate": { "damaged": 0, "damage": 0.0042 }, "model": "item/parade/"},
		{"predicate": { "damaged": 0, "damage": 0.0049 }, "model": "item/parade/"},
		{"predicate": { "damaged": 0, "damage": 0.0063 }, "model": "item/parade/"},
		{"predicate": { "damaged": 0, "damage": 0.0070 }, "model": "item/parade/"},
		{"predicate": { "damaged": 0, "damage": 0.0077 }, "model": "item/parade/"},
		{"predicate": { "damaged": 0, "damage": 0.0084 }, "model": "item/shows/"},
		{"predicate": { "damaged": 0, "damage": 0.0091 }, "model": "item/shows/"},
		{"predicate": { "damaged": 0, "damage": 0.0098 }, "model": "item/shows/"},
		{"predicate": { "damaged": 0, "damage": 0.0105 }, "model": "item/shows/"},
		{"predicate": { "damaged": 0, "damage": 0.0112 }, "model": "item/shows/"},
		{"predicate": { "damaged": 0, "damage": 0.0119 }, "model": "item/shows/"},
		{"predicate": { "damaged": 0, "damage": 0.0126 }, "model": "item/shows/"},
		{"predicate": { "damaged": 0, "damage": 0.0131 }, "model": "item/shows/"},
		{"predicate": { "damaged": 0, "damage": 0.0138 }, "model": "item/shows/"},
		{"predicate": { "damaged": 0, "damage": 0.0145 }, "model": "item/shows/"},
		{"predicate": { "damaged": 0, "damage": 0.0159 }, "model": "item/shows/"},
		{"predicate": { "damaged": 0, "damage": 0.0168 }, "model": "item/shows/"},
		{"predicate": { "damaged": 0, "damage": 0.0173 }, "model": "item/shows/"},
		{"predicate": { "damaged": 0, "damage": 0.0180 }, "model": "item/shows/"},
		{"predicate": { "damaged": 0, "damage": 0.0187 }, "model": "item/shows/"},
		{"predicate": { "damaged": 0, "damage": 0.01984635 }, "model": "item/shows/"},
		{"predicate": { "damaged": 0, "damage": 0.02048655 }, "model": "item/shows/"},
		{"predicate": { "damaged": 0, "damage": 0.02112676 }, "model": "item/shows/"},
		{"predicate": { "damaged": 0, "damage": 0.02176696 }, "model": "item/shows/"},
		{"predicate": { "damaged": 0, "damage": 0.02240717 }, "model": "item/shows/"},
		{"predicate": { "damaged": 0, "damage": 0.02304737 }, "model": "item/shows/"},
		{"predicate": { "damaged": 0, "damage": 0.02368758 }, "model": "item/shows/"},
		{"predicate": { "damaged": 0, "damage": 0.02432778 }, "model": "item/shows/"},
		{"predicate": { "damaged": 0, "damage": 0.02496799 }, "model": "item/shows/"},
		{"predicate": { "damaged": 0, "damage": 0.02560819 }, "model": "item/shows/"},
		{"predicate": { "damaged": 0, "damage": 0.0262484 }, "model": "item/shows/"},
		{"predicate": { "damaged": 0, "damage": 0.0268886 }, "model": "item/shows/"},
		{"predicate": { "damaged": 0, "damage": 0.02752881 }, "model": "item/shows/"},
		{"predicate": { "damaged": 0, "damage": 0.02816901 }, "model": "item/shows/"},
		{"predicate": { "damaged": 0, "damage": 0.02880922 }, "model": "item/shows/"},
		{"predicate": { "damaged": 0, "damage": 0.02944942 }, "model": "item/shows/"},
		{"predicate": { "damaged": 0, "damage": 0.03008963 }, "model": "item/shows/"},
		{"predicate": { "damaged": 0, "damage": 0.03072983 }, "model": "item/shows/"},
		{"predicate": { "damaged": 0, "damage": 0.03137004 }, "model": "item/shows/"},
		{"predicate": { "damaged": 0, "damage": 0.03201024 }, "model": "item/shows/"},
		{"predicate": { "damaged": 0, "damage": 0.03265045 }, "model": "item/shows/"},
		{"predicate": { "damaged": 0, "damage": 0.03329065 }, "model": "item/shows/"},
		{"predicate": { "damaged": 0, "damage": 0.03393086 }, "model": "item/shows/"},
		{"predicate": { "damaged": 0, "damage": 0.03457106 }, "model": "item/shows/"},
		{"predicate": { "damaged": 0, "damage": 0.03521127 }, "model": "item/shows/"},
		{"predicate": { "damaged": 0, "damage": 0.03585147 }, "model": "item/shows/"},
		{"predicate": { "damaged": 0, "damage": 0.03649168 }, "model": "item/shows/"},
		{"predicate": { "damaged": 0, "damage": 0.03713188 }, "model": "item/shows/"},
		{"predicate": { "damaged": 0, "damage": 0.03777209 }, "model": "item/shows/"},
		{"predicate": { "damaged": 0, "damage": 0.03841229 }, "model": "item/shows/"},
		{"predicate": { "damaged": 0, "damage": 0.0390525 }, "model": "item/shows/"},
		{"predicate": { "damaged": 0, "damage": 0.0396927 }, "model": "item/shows/"},
		{"predicate": { "damaged": 0, "damage": 0.04033291 }, "model": "item/shows/"},
		{"predicate": { "damaged": 0, "damage": 0.04097311 }, "model": "item/shows/"},
		{"predicate": { "damaged": 0, "damage": 0.04161332 }, "model": "item/shows/"},
		{"predicate": { "damaged": 0, "damage": 0.04225352 }, "model": "item/shows/"},
		{"predicate": { "damaged": 0, "damage": 0.04289373 }, "model": "item/shows/"},
		{"predicate": { "damaged": 0, "damage": 0.04353393 }, "model": "item/shows/"},
		{"predicate": { "damaged": 0, "damage": 0.04417414 }, "model": "item/shows/"},
		{"predicate": { "damaged": 0, "damage": 0.04481434 }, "model": "item/shows/"},
		{"predicate": { "damaged": 0, "damage": 0.04545455 }, "model": "item/shows/"},
		{"predicate": { "damaged": 0, "damage": 0.04609475 }, "model": "item/shows/"},
		{"predicate": { "damaged": 0, "damage": 0.04673496 }, "model": "item/shows/"},
		{"predicate": { "damaged": 0, "damage": 0.04737516 }, "model": "item/shows/"}
	]
}