{
	"credit": "Made with Blockbench",
	"textures": {
		"0": "block/black_terracotta",
		"1": "block/bone_block_side",
		"particle": "block/black_terracotta"
	},
	"elements": [
		{
			"from": [5.5, -6, 0],
			"to": [10.5, 6, 16],
			"rotation": {"angle": 0, "axis": "y", "origin": [6.5, 0, 0]},
			"faces": {
				"north": {"uv": [0, 0, 16, 7], "texture": "#0"},
				"east": {"uv": [0, 0, 16, 7], "texture": "#0"},
				"south": {"uv": [0, 0, 16, 7], "texture": "#0"},
				"west": {"uv": [0, 0, 16, 7], "texture": "#0"},
				"up": {"uv": [0, 0, 16, 7], "texture": "#0"},
				"down": {"uv": [0, 0, 16, 7], "texture": "#0"}
			}
		},
		{
			"from": [7.5, 7, 1.75],
			"to": [8.5, 10, 14.25],
			"rotation": {"angle": 0, "axis": "y", "origin": [8.3, 0, 0]},
			"faces": {
				"north": {"uv": [0, 0, 16, 7], "texture": "#1"},
				"east": {"uv": [0, 0, 16, 7], "texture": "#1"},
				"south": {"uv": [0, 0, 16, 7], "texture": "#1"},
				"west": {"uv": [0, 0, 16, 7], "texture": "#1"},
				"up": {"uv": [0, 0, 16, 7], "texture": "#1"},
				"down": {"uv": [0, 0, 16, 7], "texture": "#1"}
			}
		},
		{
			"from": [7.55, 8.68579, 14.45711],
			"to": [8.45, 10.08579, 15.45711],
			"rotation": {"angle": -45, "axis": "x", "origin": [8.05, 8.58579, 14.95711]},
			"faces": {
				"north": {"uv": [0, 0, 16, 7], "texture": "#1"},
				"east": {"uv": [0, 0, 16, 7], "texture": "#1"},
				"south": {"uv": [0, 0, 16, 7], "texture": "#1"},
				"west": {"uv": [0, 0, 16, 7], "texture": "#1"},
				"up": {"uv": [0, 0, 16, 7], "texture": "#1"},
				"down": {"uv": [0, 0, 16, 7], "texture": "#1"}
			}
		},
		{
			"from": [7.55, 8.68579, 0.54289],
			"to": [8.45, 10.08579, 1.54289],
			"rotation": {"angle": 45, "axis": "x", "origin": [7.95, 8.58579, 1.04289]},
			"faces": {
				"north": {"uv": [0, 0, 16, 7], "texture": "#1"},
				"east": {"uv": [0, 0, 16, 7], "texture": "#1"},
				"south": {"uv": [0, 0, 16, 7], "texture": "#1"},
				"west": {"uv": [0, 0, 16, 7], "texture": "#1"},
				"up": {"uv": [16, 7, 0, 0], "texture": "#1"},
				"down": {"uv": [16, 7, 0, 0], "texture": "#1"}
			}
		},
		{
			"from": [7.4, 6, 0.7],
			"to": [8.6, 9.05, 15.3],
			"rotation": {"angle": 0, "axis": "y", "origin": [8.3, 0, 0.45]},
			"faces": {
				"north": {"uv": [0, 0, 16, 7], "texture": "#1"},
				"east": {"uv": [0, 0, 16, 7], "texture": "#1"},
				"south": {"uv": [0, 0, 16, 7], "texture": "#1"},
				"west": {"uv": [0, 0, 16, 7], "texture": "#1"},
				"up": {"uv": [0, 0, 16, 7], "texture": "#1"},
				"down": {"uv": [0, 0, 16, 7], "texture": "#1"}
			}
		}
	],
	"display": {
		"head": {
			"scale": [1.4, 1.4, 1.4]
		}
	}
}