{
	"credit": "Made with Blockbench",
	"textures": {
		"0": "block/magenta_stained_glass",
		"particle": "block/magenta_stained_glass"
	},
	"elements": [
		{
			"name": "octagon",
			"from": [7.40975, -16, 6.575],
			"to": [8.59025, 32, 9.425],
			"rotation": {"angle": 45, "axis": "y", "origin": [8, 8, 8]},
			"faces": {
				"north": {"uv": [2, 1.5, 3, 2.5], "texture": "#0"},
				"east": {"uv": [2, 1.5, 3, 2.5], "texture": "#0"},
				"south": {"uv": [2, 1.5, 3, 2.5], "texture": "#0"},
				"west": {"uv": [2, 1.5, 3, 2.5], "texture": "#0"},
				"up": {"uv": [2, 1.5, 3, 2.5], "texture": "#0"},
				"down": {"uv": [2, 1.5, 3, 2.5], "texture": "#0"}
			}
		},
		{
			"name": "octagon",
			"from": [7.40975, -16, 6.575],
			"to": [8.59025, 32, 9.425],
			"rotation": {"angle": 0, "axis": "y", "origin": [8, 8, 8]},
			"faces": {
				"north": {"uv": [2, 1.5, 3, 2.5], "texture": "#0"},
				"east": {"uv": [2, 1.5, 3, 2.5], "texture": "#0"},
				"south": {"uv": [2, 1.5, 3, 2.5], "texture": "#0"},
				"west": {"uv": [2, 1.5, 3, 2.5], "texture": "#0"},
				"up": {"uv": [2, 1.5, 3, 2.5], "texture": "#0"},
				"down": {"uv": [2, 1.5, 3, 2.5], "texture": "#0"}
			}
		},
		{
			"name": "octagon",
			"from": [6.575, -16, 7.40975],
			"to": [9.425, 32, 8.59025],
			"rotation": {"angle": 45, "axis": "y", "origin": [8, 8, 8]},
			"faces": {
				"north": {"uv": [2, 1.5, 3, 2.5], "texture": "#0"},
				"east": {"uv": [2, 1.5, 3, 2.5], "texture": "#0"},
				"south": {"uv": [2, 1.5, 3, 2.5], "texture": "#0"},
				"west": {"uv": [2, 1.5, 3, 2.5], "texture": "#0"},
				"up": {"uv": [2, 1.5, 3, 2.5], "texture": "#0"},
				"down": {"uv": [2, 1.5, 3, 2.5], "texture": "#0"}
			}
		},
		{
			"name": "octagon",
			"from": [6.575, -16, 7.40975],
			"to": [9.425, 32, 8.59025],
			"rotation": {"angle": 0, "axis": "y", "origin": [8, 8, 8]},
			"faces": {
				"north": {"uv": [2, 1.5, 3, 2.5], "texture": "#0"},
				"east": {"uv": [2, 1.5, 3, 2.5], "texture": "#0"},
				"south": {"uv": [2, 1.5, 3, 2.5], "texture": "#0"},
				"west": {"uv": [2, 1.5, 3, 2.5], "texture": "#0"},
				"up": {"uv": [2, 1.5, 3, 2.5], "texture": "#0"},
				"down": {"uv": [2, 1.5, 3, 2.5], "texture": "#0"}
			}
		}
	],
	"display": {
		"thirdperson_righthand": {
			"scale": [4, 4, 4]
		},
		"head": {
			"scale": [4, 4, 4]
		}
	},
	"groups": [
		{
			"name": "octagon",
			"origin": [8, 8, 8],
			"color": 0,
			"children": []
		},
		0,
		1,
		2,
		3
	]
}