{
	"credit": "Made with Blockbench",
	"textures": {
		"0": "block/grandmarcher",
		"particle": "block/grandmarcher"
	},
	"elements": [
		{
			"from": [-16, -11.94316, -0.177],
			"to": [25.44, 29.47684, 0.477],
			"rotation": {"angle": -45, "axis": "z", "origin": [8, 5.49684, 0.15]},
			"faces": {
				"north": {"uv": [0, 0, 16, 16], "texture": "#0"},
				"south": {"uv": [16, 0, 0, 16], "texture": "#0"}
			}
		}
	],
	"display": {
		"thirdperson_righthand": {
			"translation": [0, 0, 7.5]
		},
		"thirdperson_lefthand": {
			"translation": [0, 0, 7.5]
		},
		"gui": {
			"rotation": [0, -180, 0],
			"scale": [0.47, 0.51, 0.54]
		},
		"head": {
			"translation": [0, 0, 22],
			"scale": [3.36, 3.36, 3.36]
		}
	}
}