{
	"credit": "Made with Blockbench",
	"textures": {
		"0": "block/ballon",
		"particle": "block/ballon"
	},
	"elements": [
		{
			"from": [3, 3, 15.5],
			"to": [13, 13, 16.0625],
			"faces": {
				"north": {"uv": [0, 0, 16, 16], "texture": "#0"}
			}
		}
	],
	"display": {
		"thirdperson_righthand": {
			"translation": [0, 4.25, -7.5]
		},
		"thirdperson_lefthand": {
			"translation": [0, 4.25, -7.5]
		},
		"gui": {
			"rotation": [0, 180, 0],
			"translation": [0, -0.25, 0],
			"scale": [1.73, 1.73, 1.73]
		},
		"fixed": {
			"translation": [0, 0, -21.5],
			"scale": [2.9, 2.9, 2.9]
		}
	}
}