{
	"credit": "Made with Blockbench",
	"textures": {
		"0": "block/cyan_concrete",
		"1": "block/brewing_stand_base",
		"2": "block/bone_block_side",
		"particle": "block/cyan_concrete"
	},
	"elements": [
		{
			"from": [5, -15.7, 4],
			"to": [13, -11, 12],
			"faces": {
				"north": {"uv": [0, 0, 16, 16], "texture": "#1"},
				"east": {"uv": [0, 0, 16, 16], "texture": "#1"},
				"south": {"uv": [0, 0, 16, 16], "texture": "#1"},
				"west": {"uv": [0, 0, 16, 16], "texture": "#1"},
				"up": {"uv": [0, 0, 16, 16], "texture": "#1"},
				"down": {"uv": [0, 0, 16, 16], "texture": "#1"}
			}
		},
		{
			"from": [2, 27, 1],
			"to": [16, 32, 15],
			"faces": {
				"north": {"uv": [0, 0, 16, 16], "texture": "#2"},
				"east": {"uv": [0, 0, 16, 16], "texture": "#2"},
				"south": {"uv": [0, 0, 16, 16], "texture": "#2"},
				"west": {"uv": [0, 0, 16, 16], "texture": "#2"},
				"up": {"uv": [0, 0, 16, 16], "texture": "#2"},
				"down": {"uv": [0, 0, 16, 16], "texture": "#2"}
			}
		},
		{
			"from": [5.25, -11.2, 4.25],
			"to": [12.75, 27.1, 11.75],
			"faces": {
				"north": {"uv": [0, 0, 7.5, 16], "texture": "#0"},
				"east": {"uv": [0, 0, 7.5, 16], "texture": "#0"},
				"south": {"uv": [0, 0, 7.5, 16], "texture": "#0"},
				"west": {"uv": [0, 0, 7.5, 16], "texture": "#0"},
				"up": {"uv": [0, 0, 7.5, 16], "texture": "#0"},
				"down": {"uv": [0, 0, 7.5, 16], "texture": "#0"}
			}
		},
		{
			"from": [6.05, -11, 4.05],
			"to": [6.45, 20, 11.85],
			"faces": {
				"north": {"uv": [0, 0, 7.5, 16], "texture": "#2"},
				"east": {"uv": [0, 0, 7.5, 16], "texture": "#2"},
				"south": {"uv": [0, 0, 7.5, 16], "texture": "#2"},
				"west": {"uv": [0, 0, 7.5, 16], "texture": "#2"},
				"up": {"uv": [0, 0, 7.5, 16], "texture": "#2"},
				"down": {"uv": [0, 0, 7.5, 16], "texture": "#2"}
			}
		},
		{
			"from": [5.05, -11, 10.65],
			"to": [12.85, 20, 11.05],
			"faces": {
				"north": {"uv": [0, 0, 7.5, 16], "texture": "#2"},
				"east": {"uv": [0, 0, 7.5, 16], "texture": "#2"},
				"south": {"uv": [0, 0, 7.5, 16], "texture": "#2"},
				"west": {"uv": [0, 0, 7.5, 16], "texture": "#2"},
				"up": {"uv": [0, 0, 7.5, 16], "rotation": 270, "texture": "#2"},
				"down": {"uv": [0, 0, 7.5, 16], "rotation": 90, "texture": "#2"}
			}
		},
		{
			"from": [8.95, -11, 4.05],
			"to": [9.35, 27, 11.85],
			"faces": {
				"north": {"uv": [0, 0, 7.5, 16], "texture": "#2"},
				"east": {"uv": [0, 0, 7.5, 16], "texture": "#2"},
				"south": {"uv": [0, 0, 7.5, 16], "texture": "#2"},
				"west": {"uv": [0, 0, 7.5, 16], "texture": "#2"},
				"up": {"uv": [0, 0, 7.5, 16], "texture": "#2"},
				"down": {"uv": [0, 0, 7.5, 16], "texture": "#2"}
			}
		},
		{
			"from": [5.05, -11, 7.75],
			"to": [12.85, 27, 8.15],
			"faces": {
				"north": {"uv": [0, 0, 7.5, 16], "texture": "#2"},
				"east": {"uv": [0, 0, 7.5, 16], "texture": "#2"},
				"south": {"uv": [0, 0, 7.5, 16], "texture": "#2"},
				"west": {"uv": [0, 0, 7.5, 16], "texture": "#2"},
				"up": {"uv": [0, 0, 7.5, 16], "rotation": 270, "texture": "#2"},
				"down": {"uv": [0, 0, 7.5, 16], "rotation": 90, "texture": "#2"}
			}
		},
		{
			"from": [11.75, -11, 4.05],
			"to": [12.15, 20, 11.85],
			"faces": {
				"north": {"uv": [0, 0, 7.5, 16], "texture": "#2"},
				"east": {"uv": [0, 0, 7.5, 16], "texture": "#2"},
				"south": {"uv": [0, 0, 7.5, 16], "texture": "#2"},
				"west": {"uv": [0, 0, 7.5, 16], "texture": "#2"},
				"up": {"uv": [0, 0, 7.5, 16], "texture": "#2"},
				"down": {"uv": [0, 0, 7.5, 16], "texture": "#2"}
			}
		},
		{
			"from": [5.05, -11, 4.95],
			"to": [12.85, 20, 5.35],
			"faces": {
				"north": {"uv": [0, 0, 7.5, 16], "texture": "#2"},
				"east": {"uv": [0, 0, 7.5, 16], "texture": "#2"},
				"south": {"uv": [0, 0, 7.5, 16], "texture": "#2"},
				"west": {"uv": [0, 0, 7.5, 16], "texture": "#2"},
				"up": {"uv": [0, 0, 7.5, 16], "rotation": 270, "texture": "#2"},
				"down": {"uv": [0, 0, 7.5, 16], "rotation": 90, "texture": "#2"}
			}
		},
		{
			"from": [7.45, -11, 4.05],
			"to": [7.85, 20, 11.85],
			"faces": {
				"north": {"uv": [0, 0, 7.5, 16], "texture": "#2"},
				"east": {"uv": [0, 0, 7.5, 16], "texture": "#2"},
				"south": {"uv": [0, 0, 7.5, 16], "texture": "#2"},
				"west": {"uv": [0, 0, 7.5, 16], "texture": "#2"},
				"up": {"uv": [0, 0, 7.5, 16], "texture": "#2"},
				"down": {"uv": [0, 0, 7.5, 16], "texture": "#2"}
			}
		},
		{
			"from": [5.05, -11, 9.25],
			"to": [12.85, 20, 9.65],
			"faces": {
				"north": {"uv": [0, 0, 7.5, 16], "texture": "#2"},
				"east": {"uv": [0, 0, 7.5, 16], "texture": "#2"},
				"south": {"uv": [0, 0, 7.5, 16], "texture": "#2"},
				"west": {"uv": [0, 0, 7.5, 16], "texture": "#2"},
				"up": {"uv": [0, 0, 7.5, 16], "rotation": 270, "texture": "#2"},
				"down": {"uv": [0, 0, 7.5, 16], "rotation": 90, "texture": "#2"}
			}
		},
		{
			"from": [10.35, -11, 4.05],
			"to": [10.75, 20, 11.85],
			"faces": {
				"north": {"uv": [0, 0, 7.5, 16], "texture": "#2"},
				"east": {"uv": [0, 0, 7.5, 16], "texture": "#2"},
				"south": {"uv": [0, 0, 7.5, 16], "texture": "#2"},
				"west": {"uv": [0, 0, 7.5, 16], "texture": "#2"},
				"up": {"uv": [0, 0, 7.5, 16], "texture": "#2"},
				"down": {"uv": [0, 0, 7.5, 16], "texture": "#2"}
			}
		},
		{
			"from": [5.05, -11, 6.35],
			"to": [12.85, 20, 6.75],
			"faces": {
				"north": {"uv": [0, 0, 7.5, 16], "texture": "#2"},
				"east": {"uv": [0, 0, 7.5, 16], "texture": "#2"},
				"south": {"uv": [0, 0, 7.5, 16], "texture": "#2"},
				"west": {"uv": [0, 0, 7.5, 16], "texture": "#2"},
				"up": {"uv": [0, 0, 7.5, 16], "rotation": 270, "texture": "#2"},
				"down": {"uv": [0, 0, 7.5, 16], "rotation": 90, "texture": "#2"}
			}
		},
		{
			"from": [5, 19.9, 4.1],
			"to": [12.9, 20.9, 11.9],
			"faces": {
				"north": {"uv": [0, 0, 7.8, 1], "texture": "#2"},
				"east": {"uv": [0, 0, 7.8, 1], "texture": "#2"},
				"south": {"uv": [0, 0, 7.8, 1], "texture": "#2"},
				"west": {"uv": [0, 0, 7.8, 1], "texture": "#2"},
				"up": {"uv": [0, 0, 7.8, 1], "texture": "#2"},
				"down": {"uv": [0, 0, 7.8, 1], "texture": "#2"}
			}
		},
		{
			"from": [4.7, 23.3, 4],
			"to": [5.7, 25.3, 5],
			"faces": {
				"north": {"uv": [0, 0, 1, 1], "texture": "#0"},
				"east": {"uv": [0, 0, 1, 1], "texture": "#0"},
				"south": {"uv": [0, 0, 1, 1], "texture": "#0"},
				"west": {"uv": [0, 0, 1, 1], "texture": "#0"},
				"up": {"uv": [0, 0, 1, 1], "texture": "#0"},
				"down": {"uv": [0, 0, 1, 1], "texture": "#0"}
			}
		},
		{
			"from": [12.2, 23.3, 4],
			"to": [13.2, 25.3, 5],
			"faces": {
				"north": {"uv": [1, 0, 2, 1], "texture": "#0"},
				"east": {"uv": [1, 0, 2, 1], "texture": "#0"},
				"south": {"uv": [1, 0, 2, 1], "texture": "#0"},
				"west": {"uv": [1, 0, 2, 1], "texture": "#0"},
				"up": {"uv": [1, 0, 2, 1], "texture": "#0"},
				"down": {"uv": [1, 0, 2, 1], "texture": "#0"}
			}
		},
		{
			"from": [4.9, 23.3, 11.1],
			"to": [5.9, 25.3, 12.1],
			"faces": {
				"north": {"uv": [0, 0, 1, 1], "rotation": 90, "texture": "#0"},
				"east": {"uv": [0, 0, 1, 1], "rotation": 90, "texture": "#0"},
				"south": {"uv": [0, 0, 1, 1], "rotation": 90, "texture": "#0"},
				"west": {"uv": [0, 0, 1, 1], "rotation": 90, "texture": "#0"},
				"up": {"uv": [0, 0, 1, 1], "rotation": 90, "texture": "#0"},
				"down": {"uv": [0, 0, 1, 1], "rotation": 90, "texture": "#0"}
			}
		},
		{
			"from": [12, 23.3, 11.1],
			"to": [13, 25.3, 12.1],
			"faces": {
				"north": {"uv": [0, 1, 1, 2], "rotation": 90, "texture": "#0"},
				"east": {"uv": [0, 1, 1, 2], "rotation": 90, "texture": "#0"},
				"south": {"uv": [0, 1, 1, 2], "rotation": 90, "texture": "#0"},
				"west": {"uv": [0, 1, 1, 2], "rotation": 90, "texture": "#0"},
				"up": {"uv": [0, 1, 1, 2], "rotation": 90, "texture": "#0"},
				"down": {"uv": [0, 1, 1, 2], "rotation": 90, "texture": "#0"}
			}
		},
		{
			"from": [3.7, 25.3, 3],
			"to": [5.7, 26.4, 5],
			"faces": {
				"north": {"uv": [0, 0, 2, 2], "texture": "#0"},
				"east": {"uv": [0, 0, 2, 2], "texture": "#0"},
				"south": {"uv": [0, 0, 2, 2], "texture": "#0"},
				"west": {"uv": [0, 0, 2, 2], "texture": "#0"},
				"up": {"uv": [0, 0, 2, 2], "texture": "#0"},
				"down": {"uv": [0, 0, 2, 2], "texture": "#0"}
			}
		},
		{
			"from": [12.2, 25.3, 3],
			"to": [14.2, 26.4, 5],
			"faces": {
				"north": {"uv": [2, 0, 4, 2], "texture": "#0"},
				"east": {"uv": [2, 0, 4, 2], "texture": "#0"},
				"south": {"uv": [2, 0, 4, 2], "texture": "#0"},
				"west": {"uv": [2, 0, 4, 2], "texture": "#0"},
				"up": {"uv": [2, 0, 4, 2], "texture": "#0"},
				"down": {"uv": [2, 0, 4, 2], "texture": "#0"}
			}
		},
		{
			"from": [3.9, 25.3, 11.1],
			"to": [5.9, 26.4, 13.1],
			"faces": {
				"north": {"uv": [0, 0, 2, 2], "rotation": 90, "texture": "#0"},
				"east": {"uv": [0, 0, 2, 2], "rotation": 90, "texture": "#0"},
				"south": {"uv": [0, 0, 2, 2], "rotation": 90, "texture": "#0"},
				"west": {"uv": [0, 0, 2, 2], "rotation": 90, "texture": "#0"},
				"up": {"uv": [0, 0, 2, 2], "rotation": 90, "texture": "#0"},
				"down": {"uv": [0, 0, 2, 2], "rotation": 90, "texture": "#0"}
			}
		},
		{
			"from": [12, 25.3, 11.1],
			"to": [14, 26.4, 13.1],
			"faces": {
				"north": {"uv": [0, 2, 2, 4], "rotation": 90, "texture": "#0"},
				"east": {"uv": [0, 2, 2, 4], "rotation": 90, "texture": "#0"},
				"south": {"uv": [0, 2, 2, 4], "rotation": 90, "texture": "#0"},
				"west": {"uv": [0, 2, 2, 4], "rotation": 90, "texture": "#0"},
				"up": {"uv": [0, 2, 2, 4], "rotation": 90, "texture": "#0"},
				"down": {"uv": [0, 2, 2, 4], "rotation": 90, "texture": "#0"}
			}
		},
		{
			"from": [2.7, 26.3, 2],
			"to": [6.7, 27.2, 5],
			"faces": {
				"north": {"uv": [0, 0, 4, 3], "texture": "#0"},
				"east": {"uv": [0, 0, 4, 3], "texture": "#0"},
				"south": {"uv": [0, 0, 4, 3], "texture": "#0"},
				"west": {"uv": [0, 0, 4, 3], "texture": "#0"},
				"up": {"uv": [0, 0, 4, 3], "texture": "#0"},
				"down": {"uv": [0, 0, 4, 3], "texture": "#0"}
			}
		},
		{
			"from": [11.2, 26.3, 2],
			"to": [15.2, 27.2, 5],
			"faces": {
				"north": {"uv": [4, 0, 8, 3], "texture": "#0"},
				"east": {"uv": [4, 0, 8, 3], "texture": "#0"},
				"south": {"uv": [4, 0, 8, 3], "texture": "#0"},
				"west": {"uv": [4, 0, 8, 3], "texture": "#0"},
				"up": {"uv": [4, 0, 8, 3], "texture": "#0"},
				"down": {"uv": [4, 0, 8, 3], "texture": "#0"}
			}
		},
		{
			"from": [2.9, 26.3, 10.1],
			"to": [5.9, 27.2, 14.1],
			"faces": {
				"north": {"uv": [0, 0, 4, 3], "rotation": 90, "texture": "#0"},
				"east": {"uv": [0, 0, 4, 3], "rotation": 90, "texture": "#0"},
				"south": {"uv": [0, 0, 4, 3], "rotation": 90, "texture": "#0"},
				"west": {"uv": [0, 0, 4, 3], "rotation": 90, "texture": "#0"},
				"up": {"uv": [0, 0, 4, 3], "rotation": 90, "texture": "#0"},
				"down": {"uv": [0, 0, 4, 3], "rotation": 90, "texture": "#0"}
			}
		},
		{
			"from": [12, 26.3, 10.1],
			"to": [15, 27.2, 14.1],
			"faces": {
				"north": {"uv": [0, 3, 4, 6], "rotation": 90, "texture": "#0"},
				"east": {"uv": [0, 3, 4, 6], "rotation": 90, "texture": "#0"},
				"south": {"uv": [0, 3, 4, 6], "rotation": 90, "texture": "#0"},
				"west": {"uv": [0, 3, 4, 6], "rotation": 90, "texture": "#0"},
				"up": {"uv": [0, 3, 4, 6], "rotation": 90, "texture": "#0"},
				"down": {"uv": [0, 3, 4, 6], "rotation": 90, "texture": "#0"}
			}
		}
	],
	"display": {
		"gui": {
			"rotation": [0, -20, 42],
			"scale": [0.46, 0.46, 0.46]
		},
		"head": {
			"translation": [0, 5, 0],
			"scale": [2.5, 2.04, 2.5]
		}
	}
}