{
	"credit": "Made with Blockbench",
	"textures": {
		"0": "block/planparcasterixcraft2",
		"particle": "block/planparcasterixcraft2"
	},
	"elements": [
		{
			"from": [5, 0, 0],
			"to": [11, 10, 0.5],
			"faces": {
				"north": {"uv": [0, 7.61, 4.251, 12.126], "texture": "#0"},
				"east": {"uv": [14.889, 10.777, 15.368, 11.3], "texture": "#0"},
				"south": {"uv": [4.23, 3.946, 8.433, 7.61], "texture": "#0"},
				"west": {"uv": [14.889, 10.777, 15.368, 11.3], "texture": "#0"},
				"up": {"uv": [14.889, 10.777, 15.368, 11.3], "texture": "#0"},
				"down": {"uv": [14.889, 10.777, 15.368, 11.3], "texture": "#0"}
			}
		}
	],
	"display": {
		"thirdperson_righthand": {
			"translation": [0, 4.25, 5.25],
			"scale": [0.6, 0.6, 0.6]
		},
		"thirdperson_lefthand": {
			"translation": [0, 4.25, 5.25],
			"scale": [0.6, 0.6, 0.6]
		},
		"firstperson_righthand": {
			"rotation": [0, 120, 0],
			"translation": [-2.5, 7.5, 5],
			"scale": [0.37, 0.37, 0.37]
		},
		"firstperson_lefthand": {
			"rotation": [0, 120, 0],
			"translation": [-2.5, 7.5, 5],
			"scale": [0.37, 0.37, 0.37]
		},
		"ground": {
			"translation": [0, 4, 0]
		},
		"gui": {
			"rotation": [0, 180, 0],
			"translation": [0, 5.5, 0],
			"scale": [1.88, 1.88, 1.88]
		},
		"head": {
			"translation": [0, 1.25, 4]
		},
		"fixed": {
			"translation": [0, 5.25, 12.5],
			"scale": [1.66, 1.66, 1.66]
		}
	}
}