{
	"credit": "Made with Blockbench",
	"textures": {
		"1": "block/brewing_stand_base",
		"2": "block/yellow_concrete"
	},
	"elements": [
		{
			"from": [4.5, 0, 4.5],
			"to": [11.5, 1, 11.5],
			"faces": {
				"north": {"uv": [0, 0, 16, 15.75], "texture": "#1"},
				"east": {"uv": [0, 0, 16, 15.75], "texture": "#1"},
				"south": {"uv": [0, 0, 16, 15.75], "texture": "#1"},
				"west": {"uv": [0, 0, 16, 15.75], "texture": "#1"},
				"up": {"uv": [0, 0, 16, 15.75], "texture": "#1"},
				"down": {"uv": [0, 0, 16, 15.75], "texture": "#1"}
			}
		},
		{
			"from": [5.5, 0.25, 6.1],
			"to": [10.5, 2.5, 9.85],
			"faces": {
				"north": {"uv": [0, 0, 16, 15.75], "texture": "#2"},
				"east": {"uv": [0, 0, 16, 15.75], "texture": "#2"},
				"south": {"uv": [0, 0, 16, 15.75], "texture": "#2"},
				"west": {"uv": [0, 0, 16, 15.75], "texture": "#2"},
				"up": {"uv": [0, 0, 16, 15.75], "texture": "#2"},
				"down": {"uv": [0, 0, 16, 15.75], "texture": "#2"}
			}
		}
	],
	"display": {
		"thirdperson_righthand": {
			"translation": [0, 6.25, 0],
			"scale": [0.38, 0.4, 0.43]
		},
		"thirdperson_lefthand": {
			"translation": [0, 6.25, 0],
			"scale": [0.38, 0.4, 0.43]
		},
		"ground": {
			"translation": [0, 5.25, 0],
			"scale": [0.66, 0.66, 0.67]
		},
		"gui": {
			"rotation": [46, -20, -1],
			"translation": [0, 7.25, 0],
			"scale": [1.54, 1.54, 1.54]
		},
		"head": {
			"translation": [0, 11.5, 0],
			"scale": [0.67, 0.67, 0.67]
		},
		"fixed": {
			"translation": [0, 4.25, 0]
		}
	}
}