{
	"credit": "Made with Blockbench",
	"textures": {
		"0": "block/iron_block",
		"1": "block/orange_terracotta",
		"2": "block/poubellevikingcasque",
		"3": "block/black_concrete",
		"4": "block/clay",
		"5": "block/green_concrete",
		"6": "block/poubelleentreepoussez",
		"particle": "block/iron_block"
	},
	"elements": [
		{
			"from": [3.75, 0, 9],
			"to": [15.25, 15, 17],
			"faces": {
				"north": {"uv": [0, 0, 16, 16], "texture": "#0"},
				"east": {"uv": [0, 0, 16, 16], "texture": "#0"},
				"south": {"uv": [0, 0, 16, 16], "texture": "#0"},
				"west": {"uv": [0, 0, 16, 16], "texture": "#0"},
				"up": {"uv": [0, 0, 16, 16], "texture": "#0"},
				"down": {"uv": [0, 0, 16, 16], "texture": "#0"}
			}
		},
		{
			"name": "hexadecagon",
			"from": [5.50904, 10.04, 8.84],
			"to": [5.89096, 11.96, 8.96],
			"rotation": {"angle": -45, "axis": "z", "origin": [5.7, 11, 8.9]},
			"faces": {
				"north": {"uv": [6.193, 9.187, 7.193, 10.187], "texture": "#1"},
				"east": {"uv": [6.193, 9.187, 7.193, 10.187], "texture": "#1"},
				"south": {"uv": [6.193, 9.187, 7.193, 10.187], "texture": "#1"},
				"west": {"uv": [6.193, 9.187, 7.193, 10.187], "texture": "#1"},
				"up": {"uv": [6.193, 9.187, 7.193, 10.187], "texture": "#1"},
				"down": {"uv": [6.193, 9.187, 7.193, 10.187], "texture": "#1"}
			}
		},
		{
			"name": "hexadecagon",
			"from": [5.50904, 10.04, 8.84],
			"to": [5.89096, 11.96, 8.96],
			"rotation": {"angle": -22.5, "axis": "z", "origin": [5.7, 11, 8.9]},
			"faces": {
				"north": {"uv": [6.193, 9.187, 7.193, 10.187], "texture": "#1"},
				"east": {"uv": [6.193, 9.187, 7.193, 10.187], "texture": "#1"},
				"south": {"uv": [6.193, 9.187, 7.193, 10.187], "texture": "#1"},
				"west": {"uv": [6.193, 9.187, 7.193, 10.187], "texture": "#1"},
				"up": {"uv": [6.193, 9.187, 7.193, 10.187], "texture": "#1"},
				"down": {"uv": [6.193, 9.187, 7.193, 10.187], "texture": "#1"}
			}
		},
		{
			"name": "hexadecagon",
			"from": [5.50904, 10.04, 8.84],
			"to": [5.89096, 11.96, 8.96],
			"faces": {
				"north": {"uv": [6.193, 9.187, 7.193, 10.187], "texture": "#1"},
				"east": {"uv": [6.193, 9.187, 7.193, 10.187], "texture": "#1"},
				"south": {"uv": [6.193, 9.187, 7.193, 10.187], "texture": "#1"},
				"west": {"uv": [6.193, 9.187, 7.193, 10.187], "texture": "#1"},
				"up": {"uv": [6.193, 9.187, 7.193, 10.187], "texture": "#1"},
				"down": {"uv": [6.193, 9.187, 7.193, 10.187], "texture": "#1"}
			}
		},
		{
			"name": "hexadecagon",
			"from": [5.50904, 10.04, 8.84],
			"to": [5.89096, 11.96, 8.96],
			"rotation": {"angle": 22.5, "axis": "z", "origin": [5.7, 11, 8.9]},
			"faces": {
				"north": {"uv": [6.193, 9.187, 7.193, 10.187], "texture": "#1"},
				"east": {"uv": [6.193, 9.187, 7.193, 10.187], "texture": "#1"},
				"south": {"uv": [6.193, 9.187, 7.193, 10.187], "texture": "#1"},
				"west": {"uv": [6.193, 9.187, 7.193, 10.187], "texture": "#1"},
				"up": {"uv": [6.193, 9.187, 7.193, 10.187], "texture": "#1"},
				"down": {"uv": [6.193, 9.187, 7.193, 10.187], "texture": "#1"}
			}
		},
		{
			"name": "hexadecagon",
			"from": [5.50904, 10.04, 8.84],
			"to": [5.89096, 11.96, 8.96],
			"rotation": {"angle": 45, "axis": "z", "origin": [5.7, 11, 8.9]},
			"faces": {
				"north": {"uv": [6.193, 9.187, 7.193, 10.187], "texture": "#1"},
				"east": {"uv": [6.193, 9.187, 7.193, 10.187], "texture": "#1"},
				"south": {"uv": [6.193, 9.187, 7.193, 10.187], "texture": "#1"},
				"west": {"uv": [6.193, 9.187, 7.193, 10.187], "texture": "#1"},
				"up": {"uv": [6.193, 9.187, 7.193, 10.187], "texture": "#1"},
				"down": {"uv": [6.193, 9.187, 7.193, 10.187], "texture": "#1"}
			}
		},
		{
			"name": "hexadecagon",
			"from": [4.74, 10.80904, 8.84],
			"to": [6.66, 11.19096, 8.96],
			"rotation": {"angle": -22.5, "axis": "z", "origin": [5.7, 11, 8.9]},
			"faces": {
				"north": {"uv": [6.193, 9.187, 7.193, 10.187], "texture": "#1"},
				"east": {"uv": [6.193, 9.187, 7.193, 10.187], "texture": "#1"},
				"south": {"uv": [6.193, 9.187, 7.193, 10.187], "texture": "#1"},
				"west": {"uv": [6.193, 9.187, 7.193, 10.187], "texture": "#1"},
				"up": {"uv": [6.193, 9.187, 7.193, 10.187], "texture": "#1"},
				"down": {"uv": [6.193, 9.187, 7.193, 10.187], "texture": "#1"}
			}
		},
		{
			"name": "hexadecagon",
			"from": [4.74, 10.80904, 8.84],
			"to": [6.66, 11.19096, 8.96],
			"faces": {
				"north": {"uv": [6.193, 9.187, 7.193, 10.187], "texture": "#1"},
				"east": {"uv": [6.193, 9.187, 7.193, 10.187], "texture": "#1"},
				"south": {"uv": [6.193, 9.187, 7.193, 10.187], "texture": "#1"},
				"west": {"uv": [6.193, 9.187, 7.193, 10.187], "texture": "#1"},
				"up": {"uv": [6.193, 9.187, 7.193, 10.187], "texture": "#1"},
				"down": {"uv": [6.193, 9.187, 7.193, 10.187], "texture": "#1"}
			}
		},
		{
			"name": "hexadecagon",
			"from": [4.74, 10.80904, 8.84],
			"to": [6.66, 11.19096, 8.96],
			"rotation": {"angle": 22.5, "axis": "z", "origin": [5.7, 11, 8.9]},
			"faces": {
				"north": {"uv": [6.193, 9.187, 7.193, 10.187], "texture": "#1"},
				"east": {"uv": [6.193, 9.187, 7.193, 10.187], "texture": "#1"},
				"south": {"uv": [6.193, 9.187, 7.193, 10.187], "texture": "#1"},
				"west": {"uv": [6.193, 9.187, 7.193, 10.187], "texture": "#1"},
				"up": {"uv": [6.193, 9.187, 7.193, 10.187], "texture": "#1"},
				"down": {"uv": [6.193, 9.187, 7.193, 10.187], "texture": "#1"}
			}
		},
		{
			"name": "hexadecagon",
			"from": [5.58721, 10.63214, 8.52054],
			"to": [5.76507, 11.52628, 8.97643],
			"rotation": {"angle": -45, "axis": "z", "origin": [5.67614, 11.07921, 8.54849]},
			"faces": {
				"north": {"uv": [11.621, 7.832, 12.621, 8.832], "texture": "#3"},
				"east": {"uv": [11.621, 7.832, 12.621, 8.832], "texture": "#3"},
				"south": {"uv": [11.621, 7.832, 12.621, 8.832], "texture": "#3"},
				"west": {"uv": [11.621, 7.832, 12.621, 8.832], "texture": "#3"},
				"up": {"uv": [11.621, 7.832, 12.621, 8.832], "texture": "#3"},
				"down": {"uv": [11.621, 7.832, 12.621, 8.832], "texture": "#3"}
			}
		},
		{
			"name": "hexadecagon",
			"from": [5.58721, 10.63214, 8.52054],
			"to": [5.76507, 11.52628, 8.97643],
			"rotation": {"angle": -22.5, "axis": "z", "origin": [5.67614, 11.07921, 8.54849]},
			"faces": {
				"north": {"uv": [11.621, 7.832, 12.621, 8.832], "texture": "#3"},
				"east": {"uv": [11.621, 7.832, 12.621, 8.832], "texture": "#3"},
				"south": {"uv": [11.621, 7.832, 12.621, 8.832], "texture": "#3"},
				"west": {"uv": [11.621, 7.832, 12.621, 8.832], "texture": "#3"},
				"up": {"uv": [11.621, 7.832, 12.621, 8.832], "texture": "#3"},
				"down": {"uv": [11.621, 7.832, 12.621, 8.832], "texture": "#3"}
			}
		},
		{
			"name": "hexadecagon",
			"from": [5.58721, 10.63214, 8.52054],
			"to": [5.76507, 11.52628, 8.97643],
			"faces": {
				"north": {"uv": [11.621, 7.832, 12.621, 8.832], "texture": "#3"},
				"east": {"uv": [11.621, 7.832, 12.621, 8.832], "texture": "#3"},
				"south": {"uv": [11.621, 7.832, 12.621, 8.832], "texture": "#3"},
				"west": {"uv": [11.621, 7.832, 12.621, 8.832], "texture": "#3"},
				"up": {"uv": [11.621, 7.832, 12.621, 8.832], "texture": "#3"},
				"down": {"uv": [11.621, 7.832, 12.621, 8.832], "texture": "#3"}
			}
		},
		{
			"name": "hexadecagon",
			"from": [5.58721, 10.63214, 8.52054],
			"to": [5.76507, 11.52628, 8.97643],
			"rotation": {"angle": 22.5, "axis": "z", "origin": [5.67614, 11.07921, 8.54849]},
			"faces": {
				"north": {"uv": [11.621, 7.832, 12.621, 8.832], "texture": "#3"},
				"east": {"uv": [11.621, 7.832, 12.621, 8.832], "texture": "#3"},
				"south": {"uv": [11.621, 7.832, 12.621, 8.832], "texture": "#3"},
				"west": {"uv": [11.621, 7.832, 12.621, 8.832], "texture": "#3"},
				"up": {"uv": [11.621, 7.832, 12.621, 8.832], "texture": "#3"},
				"down": {"uv": [11.621, 7.832, 12.621, 8.832], "texture": "#3"}
			}
		},
		{
			"name": "hexadecagon",
			"from": [5.58721, 10.63214, 8.52054],
			"to": [5.76507, 11.52628, 8.97643],
			"rotation": {"angle": 45, "axis": "z", "origin": [5.67614, 11.07921, 8.54849]},
			"faces": {
				"north": {"uv": [11.621, 7.832, 12.621, 8.832], "texture": "#3"},
				"east": {"uv": [11.621, 7.832, 12.621, 8.832], "texture": "#3"},
				"south": {"uv": [11.621, 7.832, 12.621, 8.832], "texture": "#3"},
				"west": {"uv": [11.621, 7.832, 12.621, 8.832], "texture": "#3"},
				"up": {"uv": [11.621, 7.832, 12.621, 8.832], "texture": "#3"},
				"down": {"uv": [11.621, 7.832, 12.621, 8.832], "texture": "#3"}
			}
		},
		{
			"name": "hexadecagon",
			"from": [5.22907, 10.99028, 8.52054],
			"to": [6.12321, 11.16814, 8.97643],
			"rotation": {"angle": -22.5, "axis": "z", "origin": [5.67614, 11.07921, 8.54849]},
			"faces": {
				"north": {"uv": [11.621, 7.832, 12.621, 8.832], "texture": "#3"},
				"east": {"uv": [11.621, 7.832, 12.621, 8.832], "texture": "#3"},
				"south": {"uv": [11.621, 7.832, 12.621, 8.832], "texture": "#3"},
				"west": {"uv": [11.621, 7.832, 12.621, 8.832], "texture": "#3"},
				"up": {"uv": [11.621, 7.832, 12.621, 8.832], "texture": "#3"},
				"down": {"uv": [11.621, 7.832, 12.621, 8.832], "texture": "#3"}
			}
		},
		{
			"name": "hexadecagon",
			"from": [5.22907, 10.99028, 8.52054],
			"to": [6.12321, 11.16814, 8.97643],
			"faces": {
				"north": {"uv": [11.621, 7.832, 12.621, 8.832], "texture": "#3"},
				"east": {"uv": [11.621, 7.832, 12.621, 8.832], "texture": "#3"},
				"south": {"uv": [11.621, 7.832, 12.621, 8.832], "texture": "#3"},
				"west": {"uv": [11.621, 7.832, 12.621, 8.832], "texture": "#3"},
				"up": {"uv": [11.621, 7.832, 12.621, 8.832], "texture": "#3"},
				"down": {"uv": [11.621, 7.832, 12.621, 8.832], "texture": "#3"}
			}
		},
		{
			"name": "hexadecagon",
			"from": [5.22907, 10.99028, 8.52054],
			"to": [6.12321, 11.16814, 8.97643],
			"rotation": {"angle": 22.5, "axis": "z", "origin": [5.67614, 11.07921, 8.54849]},
			"faces": {
				"north": {"uv": [11.621, 7.832, 12.621, 8.832], "texture": "#3"},
				"east": {"uv": [11.621, 7.832, 12.621, 8.832], "texture": "#3"},
				"south": {"uv": [11.621, 7.832, 12.621, 8.832], "texture": "#3"},
				"west": {"uv": [11.621, 7.832, 12.621, 8.832], "texture": "#3"},
				"up": {"uv": [11.621, 7.832, 12.621, 8.832], "texture": "#3"},
				"down": {"uv": [11.621, 7.832, 12.621, 8.832], "texture": "#3"}
			}
		},
		{
			"name": "hexadecagon",
			"from": [5.55503, 10.51016, 8.39337],
			"to": [5.77329, 11.60745, 8.63881],
			"rotation": {"angle": -45, "axis": "z", "origin": [5.66416, 11.0588, 8.6731]},
			"faces": {
				"north": {"uv": [11.621, 7.832, 12.621, 8.832], "texture": "#2"},
				"east": {"uv": [11.621, 7.832, 12.621, 8.832], "texture": "#2"},
				"south": {"uv": [11.621, 7.832, 12.621, 8.832], "texture": "#2"},
				"west": {"uv": [11.621, 7.832, 12.621, 8.832], "texture": "#2"},
				"up": {"uv": [11.621, 7.832, 12.621, 8.832], "texture": "#2"},
				"down": {"uv": [11.621, 7.832, 12.621, 8.832], "texture": "#2"}
			}
		},
		{
			"name": "hexadecagon",
			"from": [5.55503, 10.51016, 8.39337],
			"to": [5.77329, 11.60745, 8.63881],
			"rotation": {"angle": -22.5, "axis": "z", "origin": [5.66416, 11.0588, 8.6731]},
			"faces": {
				"north": {"uv": [11.621, 7.832, 12.621, 8.832], "texture": "#2"},
				"east": {"uv": [11.621, 7.832, 12.621, 8.832], "texture": "#2"},
				"south": {"uv": [11.621, 7.832, 12.621, 8.832], "texture": "#2"},
				"west": {"uv": [11.621, 7.832, 12.621, 8.832], "texture": "#2"},
				"up": {"uv": [11.621, 7.832, 12.621, 8.832], "texture": "#2"},
				"down": {"uv": [11.621, 7.832, 12.621, 8.832], "texture": "#2"}
			}
		},
		{
			"name": "hexadecagon",
			"from": [5.55503, 10.51016, 8.39337],
			"to": [5.77329, 11.60745, 8.63881],
			"faces": {
				"north": {"uv": [11.621, 7.832, 12.621, 8.832], "texture": "#2"},
				"east": {"uv": [11.621, 7.832, 12.621, 8.832], "texture": "#2"},
				"south": {"uv": [11.621, 7.832, 12.621, 8.832], "texture": "#2"},
				"west": {"uv": [11.621, 7.832, 12.621, 8.832], "texture": "#2"},
				"up": {"uv": [11.621, 7.832, 12.621, 8.832], "texture": "#2"},
				"down": {"uv": [11.621, 7.832, 12.621, 8.832], "texture": "#2"}
			}
		},
		{
			"name": "hexadecagon",
			"from": [5.55503, 10.51016, 8.39337],
			"to": [5.77329, 11.60745, 8.63881],
			"rotation": {"angle": 22.5, "axis": "z", "origin": [5.66416, 11.0588, 8.6731]},
			"faces": {
				"north": {"uv": [11.621, 7.832, 12.621, 8.832], "texture": "#2"},
				"east": {"uv": [11.621, 7.832, 12.621, 8.832], "texture": "#2"},
				"south": {"uv": [11.621, 7.832, 12.621, 8.832], "texture": "#2"},
				"west": {"uv": [11.621, 7.832, 12.621, 8.832], "texture": "#2"},
				"up": {"uv": [11.621, 7.832, 12.621, 8.832], "texture": "#2"},
				"down": {"uv": [11.621, 7.832, 12.621, 8.832], "texture": "#2"}
			}
		},
		{
			"name": "hexadecagon",
			"from": [5.55503, 10.51016, 8.39337],
			"to": [5.77329, 11.60745, 8.63881],
			"rotation": {"angle": 45, "axis": "z", "origin": [5.66416, 11.0588, 8.6731]},
			"faces": {
				"north": {"uv": [11.621, 7.832, 12.621, 8.832], "texture": "#2"},
				"east": {"uv": [11.621, 7.832, 12.621, 8.832], "texture": "#2"},
				"south": {"uv": [11.621, 7.832, 12.621, 8.832], "texture": "#2"},
				"west": {"uv": [11.621, 7.832, 12.621, 8.832], "texture": "#2"},
				"up": {"uv": [11.621, 7.832, 12.621, 8.832], "texture": "#2"},
				"down": {"uv": [11.621, 7.832, 12.621, 8.832], "texture": "#2"}
			}
		},
		{
			"name": "hexadecagon",
			"from": [5.11552, 10.94967, 8.39337],
			"to": [6.2128, 11.16794, 8.63881],
			"rotation": {"angle": -22.5, "axis": "z", "origin": [5.66416, 11.0588, 8.6731]},
			"faces": {
				"north": {"uv": [11.621, 7.832, 12.621, 8.832], "texture": "#2"},
				"east": {"uv": [11.621, 7.832, 12.621, 8.832], "texture": "#2"},
				"south": {"uv": [11.621, 7.832, 12.621, 8.832], "texture": "#2"},
				"west": {"uv": [11.621, 7.832, 12.621, 8.832], "texture": "#2"},
				"up": {"uv": [11.621, 7.832, 12.621, 8.832], "texture": "#2"},
				"down": {"uv": [11.621, 7.832, 12.621, 8.832], "texture": "#2"}
			}
		},
		{
			"name": "hexadecagon",
			"from": [5.11552, 10.94967, 8.39337],
			"to": [6.2128, 11.16794, 8.63881],
			"faces": {
				"north": {"uv": [11.621, 7.832, 12.621, 8.832], "texture": "#2"},
				"east": {"uv": [11.621, 7.832, 12.621, 8.832], "texture": "#2"},
				"south": {"uv": [11.621, 7.832, 12.621, 8.832], "texture": "#2"},
				"west": {"uv": [11.621, 7.832, 12.621, 8.832], "texture": "#2"},
				"up": {"uv": [11.621, 7.832, 12.621, 8.832], "texture": "#2"},
				"down": {"uv": [11.621, 7.832, 12.621, 8.832], "texture": "#2"}
			}
		},
		{
			"name": "hexadecagon",
			"from": [5.11552, 10.94967, 8.39337],
			"to": [6.2128, 11.16794, 8.63881],
			"rotation": {"angle": 22.5, "axis": "z", "origin": [5.66416, 11.0588, 8.6731]},
			"faces": {
				"north": {"uv": [11.621, 7.832, 12.621, 8.832], "texture": "#2"},
				"east": {"uv": [11.621, 7.832, 12.621, 8.832], "texture": "#2"},
				"south": {"uv": [11.621, 7.832, 12.621, 8.832], "texture": "#2"},
				"west": {"uv": [11.621, 7.832, 12.621, 8.832], "texture": "#2"},
				"up": {"uv": [11.621, 7.832, 12.621, 8.832], "texture": "#2"},
				"down": {"uv": [11.621, 7.832, 12.621, 8.832], "texture": "#2"}
			}
		},
		{
			"name": "hexadecagon",
			"from": [10.55503, 10.51016, 8.89337],
			"to": [10.77329, 11.60745, 9.13881],
			"rotation": {"angle": -45, "axis": "z", "origin": [10.66416, 11.0588, 9.1731]},
			"faces": {
				"north": {"uv": [11.621, 7.832, 12.621, 8.832], "texture": "#3"},
				"east": {"uv": [11.621, 7.832, 12.621, 8.832], "texture": "#3"},
				"south": {"uv": [11.621, 7.832, 12.621, 8.832], "texture": "#3"},
				"west": {"uv": [11.621, 7.832, 12.621, 8.832], "texture": "#3"},
				"up": {"uv": [11.621, 7.832, 12.621, 8.832], "texture": "#3"},
				"down": {"uv": [11.621, 7.832, 12.621, 8.832], "texture": "#3"}
			}
		},
		{
			"name": "hexadecagon",
			"from": [10.55503, 10.51016, 8.89337],
			"to": [10.77329, 11.60745, 9.13881],
			"rotation": {"angle": -22.5, "axis": "z", "origin": [10.66416, 11.0588, 9.1731]},
			"faces": {
				"north": {"uv": [11.621, 7.832, 12.621, 8.832], "texture": "#3"},
				"east": {"uv": [11.621, 7.832, 12.621, 8.832], "texture": "#3"},
				"south": {"uv": [11.621, 7.832, 12.621, 8.832], "texture": "#3"},
				"west": {"uv": [11.621, 7.832, 12.621, 8.832], "texture": "#3"},
				"up": {"uv": [11.621, 7.832, 12.621, 8.832], "texture": "#3"},
				"down": {"uv": [11.621, 7.832, 12.621, 8.832], "texture": "#3"}
			}
		},
		{
			"name": "hexadecagon",
			"from": [10.55503, 10.51016, 8.89337],
			"to": [10.77329, 11.60745, 9.13881],
			"faces": {
				"north": {"uv": [11.621, 7.832, 12.621, 8.832], "texture": "#3"},
				"east": {"uv": [11.621, 7.832, 12.621, 8.832], "texture": "#3"},
				"south": {"uv": [11.621, 7.832, 12.621, 8.832], "texture": "#3"},
				"west": {"uv": [11.621, 7.832, 12.621, 8.832], "texture": "#3"},
				"up": {"uv": [11.621, 7.832, 12.621, 8.832], "texture": "#3"},
				"down": {"uv": [11.621, 7.832, 12.621, 8.832], "texture": "#3"}
			}
		},
		{
			"name": "hexadecagon",
			"from": [10.55503, 10.61016, 8.69337],
			"to": [10.77329, 11.50745, 8.93881],
			"faces": {
				"north": {"uv": [11.621, 7.832, 12.621, 8.832], "texture": "#4"},
				"east": {"uv": [11.621, 7.832, 12.621, 8.832], "texture": "#4"},
				"south": {"uv": [11.621, 7.832, 12.621, 8.832], "texture": "#4"},
				"west": {"uv": [11.621, 7.832, 12.621, 8.832], "texture": "#4"},
				"up": {"uv": [11.621, 7.832, 12.621, 8.832], "texture": "#4"},
				"down": {"uv": [11.621, 7.832, 12.621, 8.832], "texture": "#4"}
			}
		},
		{
			"name": "hexadecagon",
			"from": [10.55503, 10.51016, 8.89337],
			"to": [10.77329, 11.60745, 9.13881],
			"rotation": {"angle": 22.5, "axis": "z", "origin": [10.66416, 11.0588, 9.1731]},
			"faces": {
				"north": {"uv": [11.621, 7.832, 12.621, 8.832], "texture": "#3"},
				"east": {"uv": [11.621, 7.832, 12.621, 8.832], "texture": "#3"},
				"south": {"uv": [11.621, 7.832, 12.621, 8.832], "texture": "#3"},
				"west": {"uv": [11.621, 7.832, 12.621, 8.832], "texture": "#3"},
				"up": {"uv": [11.621, 7.832, 12.621, 8.832], "texture": "#3"},
				"down": {"uv": [11.621, 7.832, 12.621, 8.832], "texture": "#3"}
			}
		},
		{
			"name": "hexadecagon",
			"from": [10.55503, 10.51016, 8.89337],
			"to": [10.77329, 11.60745, 9.13881],
			"rotation": {"angle": 45, "axis": "z", "origin": [10.66416, 11.0588, 9.1731]},
			"faces": {
				"north": {"uv": [11.621, 7.832, 12.621, 8.832], "texture": "#3"},
				"east": {"uv": [11.621, 7.832, 12.621, 8.832], "texture": "#3"},
				"south": {"uv": [11.621, 7.832, 12.621, 8.832], "texture": "#3"},
				"west": {"uv": [11.621, 7.832, 12.621, 8.832], "texture": "#3"},
				"up": {"uv": [11.621, 7.832, 12.621, 8.832], "texture": "#3"},
				"down": {"uv": [11.621, 7.832, 12.621, 8.832], "texture": "#3"}
			}
		},
		{
			"name": "hexadecagon",
			"from": [10.11552, 10.94967, 8.89337],
			"to": [11.2128, 11.16794, 9.13881],
			"rotation": {"angle": -22.5, "axis": "z", "origin": [10.66416, 11.0588, 9.1731]},
			"faces": {
				"north": {"uv": [11.621, 7.832, 12.621, 8.832], "texture": "#3"},
				"east": {"uv": [11.621, 7.832, 12.621, 8.832], "texture": "#3"},
				"south": {"uv": [11.621, 7.832, 12.621, 8.832], "texture": "#3"},
				"west": {"uv": [11.621, 7.832, 12.621, 8.832], "texture": "#3"},
				"up": {"uv": [11.621, 7.832, 12.621, 8.832], "texture": "#3"},
				"down": {"uv": [11.621, 7.832, 12.621, 8.832], "texture": "#3"}
			}
		},
		{
			"name": "hexadecagon",
			"from": [10.11552, 10.94967, 8.89337],
			"to": [11.2128, 11.16794, 9.13881],
			"faces": {
				"north": {"uv": [11.621, 7.832, 12.621, 8.832], "texture": "#3"},
				"east": {"uv": [11.621, 7.832, 12.621, 8.832], "texture": "#3"},
				"south": {"uv": [11.621, 7.832, 12.621, 8.832], "texture": "#3"},
				"west": {"uv": [11.621, 7.832, 12.621, 8.832], "texture": "#3"},
				"up": {"uv": [11.621, 7.832, 12.621, 8.832], "texture": "#3"},
				"down": {"uv": [11.621, 7.832, 12.621, 8.832], "texture": "#3"}
			}
		},
		{
			"name": "hexadecagon",
			"from": [10.11552, 10.94967, 8.89337],
			"to": [11.2128, 11.16794, 9.13881],
			"rotation": {"angle": 22.5, "axis": "z", "origin": [10.66416, 11.0588, 9.1731]},
			"faces": {
				"north": {"uv": [11.621, 7.832, 12.621, 8.832], "texture": "#3"},
				"east": {"uv": [11.621, 7.832, 12.621, 8.832], "texture": "#3"},
				"south": {"uv": [11.621, 7.832, 12.621, 8.832], "texture": "#3"},
				"west": {"uv": [11.621, 7.832, 12.621, 8.832], "texture": "#3"},
				"up": {"uv": [11.621, 7.832, 12.621, 8.832], "texture": "#3"},
				"down": {"uv": [11.621, 7.832, 12.621, 8.832], "texture": "#3"}
			}
		},
		{
			"name": "hexadecagon",
			"from": [13.55503, 10.51016, 8.89337],
			"to": [13.77329, 11.60745, 9.13881],
			"rotation": {"angle": -45, "axis": "z", "origin": [13.66416, 11.0588, 9.1731]},
			"faces": {
				"north": {"uv": [11.621, 7.832, 12.621, 8.832], "texture": "#3"},
				"east": {"uv": [11.621, 7.832, 12.621, 8.832], "texture": "#3"},
				"south": {"uv": [11.621, 7.832, 12.621, 8.832], "texture": "#3"},
				"west": {"uv": [11.621, 7.832, 12.621, 8.832], "texture": "#3"},
				"up": {"uv": [11.621, 7.832, 12.621, 8.832], "texture": "#3"},
				"down": {"uv": [11.621, 7.832, 12.621, 8.832], "texture": "#3"}
			}
		},
		{
			"name": "hexadecagon",
			"from": [13.55503, 10.51016, 8.89337],
			"to": [13.77329, 11.60745, 9.13881],
			"rotation": {"angle": -22.5, "axis": "z", "origin": [13.66416, 11.0588, 9.1731]},
			"faces": {
				"north": {"uv": [11.621, 7.832, 12.621, 8.832], "texture": "#3"},
				"east": {"uv": [11.621, 7.832, 12.621, 8.832], "texture": "#3"},
				"south": {"uv": [11.621, 7.832, 12.621, 8.832], "texture": "#3"},
				"west": {"uv": [11.621, 7.832, 12.621, 8.832], "texture": "#3"},
				"up": {"uv": [11.621, 7.832, 12.621, 8.832], "texture": "#3"},
				"down": {"uv": [11.621, 7.832, 12.621, 8.832], "texture": "#3"}
			}
		},
		{
			"name": "hexadecagon",
			"from": [13.55503, 10.51016, 8.89337],
			"to": [13.77329, 11.60745, 9.13881],
			"faces": {
				"north": {"uv": [11.621, 7.832, 12.621, 8.832], "texture": "#3"},
				"east": {"uv": [11.621, 7.832, 12.621, 8.832], "texture": "#3"},
				"south": {"uv": [11.621, 7.832, 12.621, 8.832], "texture": "#3"},
				"west": {"uv": [11.621, 7.832, 12.621, 8.832], "texture": "#3"},
				"up": {"uv": [11.621, 7.832, 12.621, 8.832], "texture": "#3"},
				"down": {"uv": [11.621, 7.832, 12.621, 8.832], "texture": "#3"}
			}
		},
		{
			"name": "hexadecagon",
			"from": [13.55503, 10.61016, 8.69337],
			"to": [13.77329, 11.50745, 8.93881],
			"rotation": {"angle": 45, "axis": "z", "origin": [13.66416, 11.0588, 8.81609]},
			"faces": {
				"north": {"uv": [11.621, 7.832, 12.621, 8.832], "texture": "#4"},
				"east": {"uv": [11.621, 7.832, 12.621, 8.832], "texture": "#4"},
				"south": {"uv": [11.621, 7.832, 12.621, 8.832], "texture": "#4"},
				"west": {"uv": [11.621, 7.832, 12.621, 8.832], "texture": "#4"},
				"up": {"uv": [11.621, 7.832, 12.621, 8.832], "texture": "#4"},
				"down": {"uv": [11.621, 7.832, 12.621, 8.832], "texture": "#4"}
			}
		},
		{
			"name": "hexadecagon",
			"from": [13.55503, 10.51016, 8.89337],
			"to": [13.77329, 11.60745, 9.13881],
			"rotation": {"angle": 22.5, "axis": "z", "origin": [13.66416, 11.0588, 9.1731]},
			"faces": {
				"north": {"uv": [11.621, 7.832, 12.621, 8.832], "texture": "#3"},
				"east": {"uv": [11.621, 7.832, 12.621, 8.832], "texture": "#3"},
				"south": {"uv": [11.621, 7.832, 12.621, 8.832], "texture": "#3"},
				"west": {"uv": [11.621, 7.832, 12.621, 8.832], "texture": "#3"},
				"up": {"uv": [11.621, 7.832, 12.621, 8.832], "texture": "#3"},
				"down": {"uv": [11.621, 7.832, 12.621, 8.832], "texture": "#3"}
			}
		},
		{
			"name": "hexadecagon",
			"from": [13.55503, 10.51016, 8.89337],
			"to": [13.77329, 11.60745, 9.13881],
			"rotation": {"angle": 45, "axis": "z", "origin": [13.66416, 11.0588, 9.1731]},
			"faces": {
				"north": {"uv": [11.621, 7.832, 12.621, 8.832], "texture": "#3"},
				"east": {"uv": [11.621, 7.832, 12.621, 8.832], "texture": "#3"},
				"south": {"uv": [11.621, 7.832, 12.621, 8.832], "texture": "#3"},
				"west": {"uv": [11.621, 7.832, 12.621, 8.832], "texture": "#3"},
				"up": {"uv": [11.621, 7.832, 12.621, 8.832], "texture": "#3"},
				"down": {"uv": [11.621, 7.832, 12.621, 8.832], "texture": "#3"}
			}
		},
		{
			"name": "hexadecagon",
			"from": [13.11552, 10.94967, 8.89337],
			"to": [14.2128, 11.16794, 9.13881],
			"rotation": {"angle": -22.5, "axis": "z", "origin": [13.66416, 11.0588, 9.1731]},
			"faces": {
				"north": {"uv": [11.621, 7.832, 12.621, 8.832], "texture": "#3"},
				"east": {"uv": [11.621, 7.832, 12.621, 8.832], "texture": "#3"},
				"south": {"uv": [11.621, 7.832, 12.621, 8.832], "texture": "#3"},
				"west": {"uv": [11.621, 7.832, 12.621, 8.832], "texture": "#3"},
				"up": {"uv": [11.621, 7.832, 12.621, 8.832], "texture": "#3"},
				"down": {"uv": [11.621, 7.832, 12.621, 8.832], "texture": "#3"}
			}
		},
		{
			"name": "hexadecagon",
			"from": [13.11552, 10.94967, 8.89337],
			"to": [14.2128, 11.16794, 9.13881],
			"faces": {
				"north": {"uv": [11.621, 7.832, 12.621, 8.832], "texture": "#3"},
				"east": {"uv": [11.621, 7.832, 12.621, 8.832], "texture": "#3"},
				"south": {"uv": [11.621, 7.832, 12.621, 8.832], "texture": "#3"},
				"west": {"uv": [11.621, 7.832, 12.621, 8.832], "texture": "#3"},
				"up": {"uv": [11.621, 7.832, 12.621, 8.832], "texture": "#3"},
				"down": {"uv": [11.621, 7.832, 12.621, 8.832], "texture": "#3"}
			}
		},
		{
			"name": "hexadecagon",
			"from": [13.11552, 10.94967, 8.89337],
			"to": [14.2128, 11.16794, 9.13881],
			"rotation": {"angle": 22.5, "axis": "z", "origin": [13.66416, 11.0588, 9.1731]},
			"faces": {
				"north": {"uv": [11.621, 7.832, 12.621, 8.832], "texture": "#3"},
				"east": {"uv": [11.621, 7.832, 12.621, 8.832], "texture": "#3"},
				"south": {"uv": [11.621, 7.832, 12.621, 8.832], "texture": "#3"},
				"west": {"uv": [11.621, 7.832, 12.621, 8.832], "texture": "#3"},
				"up": {"uv": [11.621, 7.832, 12.621, 8.832], "texture": "#3"},
				"down": {"uv": [11.621, 7.832, 12.621, 8.832], "texture": "#3"}
			}
		},
		{
			"name": "hexadecagon",
			"from": [10.55503, 6.51016, 8.89337],
			"to": [10.77329, 7.60745, 9.13881],
			"rotation": {"angle": -45, "axis": "z", "origin": [10.66416, 7.0588, 9.1731]},
			"faces": {
				"north": {"uv": [11.621, 7.832, 12.621, 8.832], "texture": "#4"},
				"east": {"uv": [11.621, 7.832, 12.621, 8.832], "texture": "#4"},
				"south": {"uv": [11.621, 7.832, 12.621, 8.832], "texture": "#4"},
				"west": {"uv": [11.621, 7.832, 12.621, 8.832], "texture": "#4"},
				"up": {"uv": [11.621, 7.832, 12.621, 8.832], "texture": "#4"},
				"down": {"uv": [11.621, 7.832, 12.621, 8.832], "texture": "#4"}
			}
		},
		{
			"name": "hexadecagon",
			"from": [4.55503, 6.51016, 8.89337],
			"to": [4.77329, 7.60745, 9.13881],
			"rotation": {"angle": -45, "axis": "z", "origin": [4.66416, 7.0588, 9.1731]},
			"faces": {
				"north": {"uv": [11.621, 7.832, 12.621, 8.832], "texture": "#4"},
				"east": {"uv": [11.621, 7.832, 12.621, 8.832], "texture": "#4"},
				"south": {"uv": [11.621, 7.832, 12.621, 8.832], "texture": "#4"},
				"west": {"uv": [11.621, 7.832, 12.621, 8.832], "texture": "#4"},
				"up": {"uv": [11.621, 7.832, 12.621, 8.832], "texture": "#4"},
				"down": {"uv": [11.621, 7.832, 12.621, 8.832], "texture": "#4"}
			}
		},
		{
			"name": "hexadecagon",
			"from": [13.15503, 6.51016, 8.89337],
			"to": [13.37329, 7.60745, 9.13881],
			"rotation": {"angle": -45, "axis": "z", "origin": [13.26416, 7.0588, 9.1731]},
			"faces": {
				"north": {"uv": [11.621, 7.832, 12.621, 8.832], "texture": "#4"},
				"east": {"uv": [11.621, 7.832, 12.621, 8.832], "texture": "#4"},
				"south": {"uv": [11.621, 7.832, 12.621, 8.832], "texture": "#4"},
				"west": {"uv": [11.621, 7.832, 12.621, 8.832], "texture": "#4"},
				"up": {"uv": [11.621, 7.832, 12.621, 8.832], "texture": "#4"},
				"down": {"uv": [11.621, 7.832, 12.621, 8.832], "texture": "#4"}
			}
		},
		{
			"name": "hexadecagon",
			"from": [13.15503, 4.51016, 8.89337],
			"to": [13.37329, 5.60745, 9.13881],
			"rotation": {"angle": -45, "axis": "z", "origin": [13.26416, 5.0588, 9.1731]},
			"faces": {
				"north": {"uv": [11.621, 7.832, 12.621, 8.832], "texture": "#4"},
				"east": {"uv": [11.621, 7.832, 12.621, 8.832], "texture": "#4"},
				"south": {"uv": [11.621, 7.832, 12.621, 8.832], "texture": "#4"},
				"west": {"uv": [11.621, 7.832, 12.621, 8.832], "texture": "#4"},
				"up": {"uv": [11.621, 7.832, 12.621, 8.832], "texture": "#4"},
				"down": {"uv": [11.621, 7.832, 12.621, 8.832], "texture": "#4"}
			}
		},
		{
			"name": "hexadecagon",
			"from": [8.15503, 4.51016, 8.89337],
			"to": [8.37329, 5.60745, 9.13881],
			"rotation": {"angle": -45, "axis": "z", "origin": [8.26416, 5.0588, 9.1731]},
			"faces": {
				"north": {"uv": [11.621, 7.832, 12.621, 8.832], "texture": "#4"},
				"east": {"uv": [11.621, 7.832, 12.621, 8.832], "texture": "#4"},
				"south": {"uv": [11.621, 7.832, 12.621, 8.832], "texture": "#4"},
				"west": {"uv": [11.621, 7.832, 12.621, 8.832], "texture": "#4"},
				"up": {"uv": [11.621, 7.832, 12.621, 8.832], "texture": "#4"},
				"down": {"uv": [11.621, 7.832, 12.621, 8.832], "texture": "#4"}
			}
		},
		{
			"name": "hexadecagon",
			"from": [10.55503, 6.51016, 8.89337],
			"to": [10.77329, 7.60745, 9.13881],
			"rotation": {"angle": -22.5, "axis": "z", "origin": [10.66416, 7.0588, 9.1731]},
			"faces": {
				"north": {"uv": [11.621, 7.832, 12.621, 8.832], "texture": "#4"},
				"east": {"uv": [11.621, 7.832, 12.621, 8.832], "texture": "#4"},
				"south": {"uv": [11.621, 7.832, 12.621, 8.832], "texture": "#4"},
				"west": {"uv": [11.621, 7.832, 12.621, 8.832], "texture": "#4"},
				"up": {"uv": [11.621, 7.832, 12.621, 8.832], "texture": "#4"},
				"down": {"uv": [11.621, 7.832, 12.621, 8.832], "texture": "#4"}
			}
		},
		{
			"name": "hexadecagon",
			"from": [4.55503, 6.51016, 8.89337],
			"to": [4.77329, 7.60745, 9.13881],
			"rotation": {"angle": -22.5, "axis": "z", "origin": [4.66416, 7.0588, 9.1731]},
			"faces": {
				"north": {"uv": [11.621, 7.832, 12.621, 8.832], "texture": "#4"},
				"east": {"uv": [11.621, 7.832, 12.621, 8.832], "texture": "#4"},
				"south": {"uv": [11.621, 7.832, 12.621, 8.832], "texture": "#4"},
				"west": {"uv": [11.621, 7.832, 12.621, 8.832], "texture": "#4"},
				"up": {"uv": [11.621, 7.832, 12.621, 8.832], "texture": "#4"},
				"down": {"uv": [11.621, 7.832, 12.621, 8.832], "texture": "#4"}
			}
		},
		{
			"name": "hexadecagon",
			"from": [13.15503, 6.51016, 8.89337],
			"to": [13.37329, 7.60745, 9.13881],
			"rotation": {"angle": -22.5, "axis": "z", "origin": [13.26416, 7.0588, 9.1731]},
			"faces": {
				"north": {"uv": [11.621, 7.832, 12.621, 8.832], "texture": "#4"},
				"east": {"uv": [11.621, 7.832, 12.621, 8.832], "texture": "#4"},
				"south": {"uv": [11.621, 7.832, 12.621, 8.832], "texture": "#4"},
				"west": {"uv": [11.621, 7.832, 12.621, 8.832], "texture": "#4"},
				"up": {"uv": [11.621, 7.832, 12.621, 8.832], "texture": "#4"},
				"down": {"uv": [11.621, 7.832, 12.621, 8.832], "texture": "#4"}
			}
		},
		{
			"name": "hexadecagon",
			"from": [13.15503, 4.51016, 8.89337],
			"to": [13.37329, 5.60745, 9.13881],
			"rotation": {"angle": -22.5, "axis": "z", "origin": [13.26416, 5.0588, 9.1731]},
			"faces": {
				"north": {"uv": [11.621, 7.832, 12.621, 8.832], "texture": "#4"},
				"east": {"uv": [11.621, 7.832, 12.621, 8.832], "texture": "#4"},
				"south": {"uv": [11.621, 7.832, 12.621, 8.832], "texture": "#4"},
				"west": {"uv": [11.621, 7.832, 12.621, 8.832], "texture": "#4"},
				"up": {"uv": [11.621, 7.832, 12.621, 8.832], "texture": "#4"},
				"down": {"uv": [11.621, 7.832, 12.621, 8.832], "texture": "#4"}
			}
		},
		{
			"name": "hexadecagon",
			"from": [8.15503, 4.51016, 8.89337],
			"to": [8.37329, 5.60745, 9.13881],
			"rotation": {"angle": -22.5, "axis": "z", "origin": [8.26416, 5.0588, 9.1731]},
			"faces": {
				"north": {"uv": [11.621, 7.832, 12.621, 8.832], "texture": "#4"},
				"east": {"uv": [11.621, 7.832, 12.621, 8.832], "texture": "#4"},
				"south": {"uv": [11.621, 7.832, 12.621, 8.832], "texture": "#4"},
				"west": {"uv": [11.621, 7.832, 12.621, 8.832], "texture": "#4"},
				"up": {"uv": [11.621, 7.832, 12.621, 8.832], "texture": "#4"},
				"down": {"uv": [11.621, 7.832, 12.621, 8.832], "texture": "#4"}
			}
		},
		{
			"name": "hexadecagon",
			"from": [10.55503, 6.51016, 8.89337],
			"to": [10.77329, 7.60745, 9.13881],
			"faces": {
				"north": {"uv": [11.621, 7.832, 12.621, 8.832], "texture": "#4"},
				"east": {"uv": [11.621, 7.832, 12.621, 8.832], "texture": "#4"},
				"south": {"uv": [11.621, 7.832, 12.621, 8.832], "texture": "#4"},
				"west": {"uv": [11.621, 7.832, 12.621, 8.832], "texture": "#4"},
				"up": {"uv": [11.621, 7.832, 12.621, 8.832], "texture": "#4"},
				"down": {"uv": [11.621, 7.832, 12.621, 8.832], "texture": "#4"}
			}
		},
		{
			"name": "hexadecagon",
			"from": [4.55503, 6.51016, 8.89337],
			"to": [4.77329, 7.60745, 9.13881],
			"faces": {
				"north": {"uv": [11.621, 7.832, 12.621, 8.832], "texture": "#4"},
				"east": {"uv": [11.621, 7.832, 12.621, 8.832], "texture": "#4"},
				"south": {"uv": [11.621, 7.832, 12.621, 8.832], "texture": "#4"},
				"west": {"uv": [11.621, 7.832, 12.621, 8.832], "texture": "#4"},
				"up": {"uv": [11.621, 7.832, 12.621, 8.832], "texture": "#4"},
				"down": {"uv": [11.621, 7.832, 12.621, 8.832], "texture": "#4"}
			}
		},
		{
			"name": "hexadecagon",
			"from": [13.15503, 6.51016, 8.89337],
			"to": [13.37329, 7.60745, 9.13881],
			"faces": {
				"north": {"uv": [11.621, 7.832, 12.621, 8.832], "texture": "#4"},
				"east": {"uv": [11.621, 7.832, 12.621, 8.832], "texture": "#4"},
				"south": {"uv": [11.621, 7.832, 12.621, 8.832], "texture": "#4"},
				"west": {"uv": [11.621, 7.832, 12.621, 8.832], "texture": "#4"},
				"up": {"uv": [11.621, 7.832, 12.621, 8.832], "texture": "#4"},
				"down": {"uv": [11.621, 7.832, 12.621, 8.832], "texture": "#4"}
			}
		},
		{
			"name": "hexadecagon",
			"from": [13.15503, 4.51016, 8.89337],
			"to": [13.37329, 5.60745, 9.13881],
			"faces": {
				"north": {"uv": [11.621, 7.832, 12.621, 8.832], "texture": "#4"},
				"east": {"uv": [11.621, 7.832, 12.621, 8.832], "texture": "#4"},
				"south": {"uv": [11.621, 7.832, 12.621, 8.832], "texture": "#4"},
				"west": {"uv": [11.621, 7.832, 12.621, 8.832], "texture": "#4"},
				"up": {"uv": [11.621, 7.832, 12.621, 8.832], "texture": "#4"},
				"down": {"uv": [11.621, 7.832, 12.621, 8.832], "texture": "#4"}
			}
		},
		{
			"name": "hexadecagon",
			"from": [8.15503, 4.51016, 8.89337],
			"to": [8.37329, 5.60745, 9.13881],
			"faces": {
				"north": {"uv": [11.621, 7.832, 12.621, 8.832], "texture": "#4"},
				"east": {"uv": [11.621, 7.832, 12.621, 8.832], "texture": "#4"},
				"south": {"uv": [11.621, 7.832, 12.621, 8.832], "texture": "#4"},
				"west": {"uv": [11.621, 7.832, 12.621, 8.832], "texture": "#4"},
				"up": {"uv": [11.621, 7.832, 12.621, 8.832], "texture": "#4"},
				"down": {"uv": [11.621, 7.832, 12.621, 8.832], "texture": "#4"}
			}
		},
		{
			"name": "hexadecagon",
			"from": [10.55503, 6.51016, 8.89337],
			"to": [10.77329, 7.60745, 9.13881],
			"rotation": {"angle": 22.5, "axis": "z", "origin": [10.66416, 7.0588, 9.1731]},
			"faces": {
				"north": {"uv": [11.621, 7.832, 12.621, 8.832], "texture": "#4"},
				"east": {"uv": [11.621, 7.832, 12.621, 8.832], "texture": "#4"},
				"south": {"uv": [11.621, 7.832, 12.621, 8.832], "texture": "#4"},
				"west": {"uv": [11.621, 7.832, 12.621, 8.832], "texture": "#4"},
				"up": {"uv": [11.621, 7.832, 12.621, 8.832], "texture": "#4"},
				"down": {"uv": [11.621, 7.832, 12.621, 8.832], "texture": "#4"}
			}
		},
		{
			"name": "hexadecagon",
			"from": [4.55503, 6.51016, 8.89337],
			"to": [4.77329, 7.60745, 9.13881],
			"rotation": {"angle": 22.5, "axis": "z", "origin": [4.66416, 7.0588, 9.1731]},
			"faces": {
				"north": {"uv": [11.621, 7.832, 12.621, 8.832], "texture": "#4"},
				"east": {"uv": [11.621, 7.832, 12.621, 8.832], "texture": "#4"},
				"south": {"uv": [11.621, 7.832, 12.621, 8.832], "texture": "#4"},
				"west": {"uv": [11.621, 7.832, 12.621, 8.832], "texture": "#4"},
				"up": {"uv": [11.621, 7.832, 12.621, 8.832], "texture": "#4"},
				"down": {"uv": [11.621, 7.832, 12.621, 8.832], "texture": "#4"}
			}
		},
		{
			"name": "hexadecagon",
			"from": [13.15503, 6.51016, 8.89337],
			"to": [13.37329, 7.60745, 9.13881],
			"rotation": {"angle": 22.5, "axis": "z", "origin": [13.26416, 7.0588, 9.1731]},
			"faces": {
				"north": {"uv": [11.621, 7.832, 12.621, 8.832], "texture": "#4"},
				"east": {"uv": [11.621, 7.832, 12.621, 8.832], "texture": "#4"},
				"south": {"uv": [11.621, 7.832, 12.621, 8.832], "texture": "#4"},
				"west": {"uv": [11.621, 7.832, 12.621, 8.832], "texture": "#4"},
				"up": {"uv": [11.621, 7.832, 12.621, 8.832], "texture": "#4"},
				"down": {"uv": [11.621, 7.832, 12.621, 8.832], "texture": "#4"}
			}
		},
		{
			"name": "hexadecagon",
			"from": [13.15503, 4.51016, 8.89337],
			"to": [13.37329, 5.60745, 9.13881],
			"rotation": {"angle": 22.5, "axis": "z", "origin": [13.26416, 5.0588, 9.1731]},
			"faces": {
				"north": {"uv": [11.621, 7.832, 12.621, 8.832], "texture": "#4"},
				"east": {"uv": [11.621, 7.832, 12.621, 8.832], "texture": "#4"},
				"south": {"uv": [11.621, 7.832, 12.621, 8.832], "texture": "#4"},
				"west": {"uv": [11.621, 7.832, 12.621, 8.832], "texture": "#4"},
				"up": {"uv": [11.621, 7.832, 12.621, 8.832], "texture": "#4"},
				"down": {"uv": [11.621, 7.832, 12.621, 8.832], "texture": "#4"}
			}
		},
		{
			"name": "hexadecagon",
			"from": [8.15503, 4.51016, 8.89337],
			"to": [8.37329, 5.60745, 9.13881],
			"rotation": {"angle": 22.5, "axis": "z", "origin": [8.26416, 5.0588, 9.1731]},
			"faces": {
				"north": {"uv": [11.621, 7.832, 12.621, 8.832], "texture": "#4"},
				"east": {"uv": [11.621, 7.832, 12.621, 8.832], "texture": "#4"},
				"south": {"uv": [11.621, 7.832, 12.621, 8.832], "texture": "#4"},
				"west": {"uv": [11.621, 7.832, 12.621, 8.832], "texture": "#4"},
				"up": {"uv": [11.621, 7.832, 12.621, 8.832], "texture": "#4"},
				"down": {"uv": [11.621, 7.832, 12.621, 8.832], "texture": "#4"}
			}
		},
		{
			"name": "hexadecagon",
			"from": [10.55503, 6.51016, 8.89337],
			"to": [10.77329, 7.60745, 9.13881],
			"rotation": {"angle": 45, "axis": "z", "origin": [10.66416, 7.0588, 9.1731]},
			"faces": {
				"north": {"uv": [11.621, 7.832, 12.621, 8.832], "texture": "#4"},
				"east": {"uv": [11.621, 7.832, 12.621, 8.832], "texture": "#4"},
				"south": {"uv": [11.621, 7.832, 12.621, 8.832], "texture": "#4"},
				"west": {"uv": [11.621, 7.832, 12.621, 8.832], "texture": "#4"},
				"up": {"uv": [11.621, 7.832, 12.621, 8.832], "texture": "#4"},
				"down": {"uv": [11.621, 7.832, 12.621, 8.832], "texture": "#4"}
			}
		},
		{
			"name": "hexadecagon",
			"from": [4.55503, 6.51016, 8.89337],
			"to": [4.77329, 7.60745, 9.13881],
			"rotation": {"angle": 45, "axis": "z", "origin": [4.66416, 7.0588, 9.1731]},
			"faces": {
				"north": {"uv": [11.621, 7.832, 12.621, 8.832], "texture": "#4"},
				"east": {"uv": [11.621, 7.832, 12.621, 8.832], "texture": "#4"},
				"south": {"uv": [11.621, 7.832, 12.621, 8.832], "texture": "#4"},
				"west": {"uv": [11.621, 7.832, 12.621, 8.832], "texture": "#4"},
				"up": {"uv": [11.621, 7.832, 12.621, 8.832], "texture": "#4"},
				"down": {"uv": [11.621, 7.832, 12.621, 8.832], "texture": "#4"}
			}
		},
		{
			"name": "hexadecagon",
			"from": [13.15503, 6.51016, 8.89337],
			"to": [13.37329, 7.60745, 9.13881],
			"rotation": {"angle": 45, "axis": "z", "origin": [13.26416, 7.0588, 9.1731]},
			"faces": {
				"north": {"uv": [11.621, 7.832, 12.621, 8.832], "texture": "#4"},
				"east": {"uv": [11.621, 7.832, 12.621, 8.832], "texture": "#4"},
				"south": {"uv": [11.621, 7.832, 12.621, 8.832], "texture": "#4"},
				"west": {"uv": [11.621, 7.832, 12.621, 8.832], "texture": "#4"},
				"up": {"uv": [11.621, 7.832, 12.621, 8.832], "texture": "#4"},
				"down": {"uv": [11.621, 7.832, 12.621, 8.832], "texture": "#4"}
			}
		},
		{
			"name": "hexadecagon",
			"from": [13.15503, 4.51016, 8.89337],
			"to": [13.37329, 5.60745, 9.13881],
			"rotation": {"angle": 45, "axis": "z", "origin": [13.26416, 5.0588, 9.1731]},
			"faces": {
				"north": {"uv": [11.621, 7.832, 12.621, 8.832], "texture": "#4"},
				"east": {"uv": [11.621, 7.832, 12.621, 8.832], "texture": "#4"},
				"south": {"uv": [11.621, 7.832, 12.621, 8.832], "texture": "#4"},
				"west": {"uv": [11.621, 7.832, 12.621, 8.832], "texture": "#4"},
				"up": {"uv": [11.621, 7.832, 12.621, 8.832], "texture": "#4"},
				"down": {"uv": [11.621, 7.832, 12.621, 8.832], "texture": "#4"}
			}
		},
		{
			"name": "hexadecagon",
			"from": [8.15503, 4.51016, 8.89337],
			"to": [8.37329, 5.60745, 9.13881],
			"rotation": {"angle": 45, "axis": "z", "origin": [8.26416, 5.0588, 9.1731]},
			"faces": {
				"north": {"uv": [11.621, 7.832, 12.621, 8.832], "texture": "#4"},
				"east": {"uv": [11.621, 7.832, 12.621, 8.832], "texture": "#4"},
				"south": {"uv": [11.621, 7.832, 12.621, 8.832], "texture": "#4"},
				"west": {"uv": [11.621, 7.832, 12.621, 8.832], "texture": "#4"},
				"up": {"uv": [11.621, 7.832, 12.621, 8.832], "texture": "#4"},
				"down": {"uv": [11.621, 7.832, 12.621, 8.832], "texture": "#4"}
			}
		},
		{
			"name": "hexadecagon",
			"from": [10.11552, 6.94967, 8.89337],
			"to": [11.2128, 7.16794, 9.13881],
			"rotation": {"angle": -22.5, "axis": "z", "origin": [10.66416, 7.0588, 9.1731]},
			"faces": {
				"north": {"uv": [11.621, 7.832, 12.621, 8.832], "texture": "#4"},
				"east": {"uv": [11.621, 7.832, 12.621, 8.832], "texture": "#4"},
				"south": {"uv": [11.621, 7.832, 12.621, 8.832], "texture": "#4"},
				"west": {"uv": [11.621, 7.832, 12.621, 8.832], "texture": "#4"},
				"up": {"uv": [11.621, 7.832, 12.621, 8.832], "texture": "#4"},
				"down": {"uv": [11.621, 7.832, 12.621, 8.832], "texture": "#4"}
			}
		},
		{
			"name": "hexadecagon",
			"from": [4.11552, 6.94967, 8.89337],
			"to": [5.2128, 7.16794, 9.13881],
			"rotation": {"angle": -22.5, "axis": "z", "origin": [4.66416, 7.0588, 9.1731]},
			"faces": {
				"north": {"uv": [11.621, 7.832, 12.621, 8.832], "texture": "#4"},
				"east": {"uv": [11.621, 7.832, 12.621, 8.832], "texture": "#4"},
				"south": {"uv": [11.621, 7.832, 12.621, 8.832], "texture": "#4"},
				"west": {"uv": [11.621, 7.832, 12.621, 8.832], "texture": "#4"},
				"up": {"uv": [11.621, 7.832, 12.621, 8.832], "texture": "#4"},
				"down": {"uv": [11.621, 7.832, 12.621, 8.832], "texture": "#4"}
			}
		},
		{
			"name": "hexadecagon",
			"from": [12.71552, 6.94967, 8.89337],
			"to": [13.8128, 7.16794, 9.13881],
			"rotation": {"angle": -22.5, "axis": "z", "origin": [13.26416, 7.0588, 9.1731]},
			"faces": {
				"north": {"uv": [11.621, 7.832, 12.621, 8.832], "texture": "#4"},
				"east": {"uv": [11.621, 7.832, 12.621, 8.832], "texture": "#4"},
				"south": {"uv": [11.621, 7.832, 12.621, 8.832], "texture": "#4"},
				"west": {"uv": [11.621, 7.832, 12.621, 8.832], "texture": "#4"},
				"up": {"uv": [11.621, 7.832, 12.621, 8.832], "texture": "#4"},
				"down": {"uv": [11.621, 7.832, 12.621, 8.832], "texture": "#4"}
			}
		},
		{
			"name": "hexadecagon",
			"from": [12.71552, 4.94967, 8.89337],
			"to": [13.8128, 5.16794, 9.13881],
			"rotation": {"angle": -22.5, "axis": "z", "origin": [13.26416, 5.0588, 9.1731]},
			"faces": {
				"north": {"uv": [11.621, 7.832, 12.621, 8.832], "texture": "#4"},
				"east": {"uv": [11.621, 7.832, 12.621, 8.832], "texture": "#4"},
				"south": {"uv": [11.621, 7.832, 12.621, 8.832], "texture": "#4"},
				"west": {"uv": [11.621, 7.832, 12.621, 8.832], "texture": "#4"},
				"up": {"uv": [11.621, 7.832, 12.621, 8.832], "texture": "#4"},
				"down": {"uv": [11.621, 7.832, 12.621, 8.832], "texture": "#4"}
			}
		},
		{
			"name": "hexadecagon",
			"from": [7.71552, 4.94967, 8.89337],
			"to": [8.8128, 5.16794, 9.13881],
			"rotation": {"angle": -22.5, "axis": "z", "origin": [8.26416, 5.0588, 9.1731]},
			"faces": {
				"north": {"uv": [11.621, 7.832, 12.621, 8.832], "texture": "#4"},
				"east": {"uv": [11.621, 7.832, 12.621, 8.832], "texture": "#4"},
				"south": {"uv": [11.621, 7.832, 12.621, 8.832], "texture": "#4"},
				"west": {"uv": [11.621, 7.832, 12.621, 8.832], "texture": "#4"},
				"up": {"uv": [11.621, 7.832, 12.621, 8.832], "texture": "#4"},
				"down": {"uv": [11.621, 7.832, 12.621, 8.832], "texture": "#4"}
			}
		},
		{
			"name": "hexadecagon",
			"from": [10.11552, 6.94967, 8.89337],
			"to": [11.2128, 7.16794, 9.13881],
			"faces": {
				"north": {"uv": [11.621, 7.832, 12.621, 8.832], "texture": "#4"},
				"east": {"uv": [11.621, 7.832, 12.621, 8.832], "texture": "#4"},
				"south": {"uv": [11.621, 7.832, 12.621, 8.832], "texture": "#4"},
				"west": {"uv": [11.621, 7.832, 12.621, 8.832], "texture": "#4"},
				"up": {"uv": [11.621, 7.832, 12.621, 8.832], "texture": "#4"},
				"down": {"uv": [11.621, 7.832, 12.621, 8.832], "texture": "#4"}
			}
		},
		{
			"name": "hexadecagon",
			"from": [4.11552, 6.94967, 8.89337],
			"to": [5.2128, 7.16794, 9.13881],
			"faces": {
				"north": {"uv": [11.621, 7.832, 12.621, 8.832], "texture": "#4"},
				"east": {"uv": [11.621, 7.832, 12.621, 8.832], "texture": "#4"},
				"south": {"uv": [11.621, 7.832, 12.621, 8.832], "texture": "#4"},
				"west": {"uv": [11.621, 7.832, 12.621, 8.832], "texture": "#4"},
				"up": {"uv": [11.621, 7.832, 12.621, 8.832], "texture": "#4"},
				"down": {"uv": [11.621, 7.832, 12.621, 8.832], "texture": "#4"}
			}
		},
		{
			"name": "hexadecagon",
			"from": [12.71552, 6.94967, 8.89337],
			"to": [13.8128, 7.16794, 9.13881],
			"faces": {
				"north": {"uv": [11.621, 7.832, 12.621, 8.832], "texture": "#4"},
				"east": {"uv": [11.621, 7.832, 12.621, 8.832], "texture": "#4"},
				"south": {"uv": [11.621, 7.832, 12.621, 8.832], "texture": "#4"},
				"west": {"uv": [11.621, 7.832, 12.621, 8.832], "texture": "#4"},
				"up": {"uv": [11.621, 7.832, 12.621, 8.832], "texture": "#4"},
				"down": {"uv": [11.621, 7.832, 12.621, 8.832], "texture": "#4"}
			}
		},
		{
			"name": "hexadecagon",
			"from": [12.71552, 4.94967, 8.89337],
			"to": [13.8128, 5.16794, 9.13881],
			"faces": {
				"north": {"uv": [11.621, 7.832, 12.621, 8.832], "texture": "#4"},
				"east": {"uv": [11.621, 7.832, 12.621, 8.832], "texture": "#4"},
				"south": {"uv": [11.621, 7.832, 12.621, 8.832], "texture": "#4"},
				"west": {"uv": [11.621, 7.832, 12.621, 8.832], "texture": "#4"},
				"up": {"uv": [11.621, 7.832, 12.621, 8.832], "texture": "#4"},
				"down": {"uv": [11.621, 7.832, 12.621, 8.832], "texture": "#4"}
			}
		},
		{
			"name": "hexadecagon",
			"from": [7.71552, 4.94967, 8.89337],
			"to": [8.8128, 5.16794, 9.13881],
			"faces": {
				"north": {"uv": [11.621, 7.832, 12.621, 8.832], "texture": "#4"},
				"east": {"uv": [11.621, 7.832, 12.621, 8.832], "texture": "#4"},
				"south": {"uv": [11.621, 7.832, 12.621, 8.832], "texture": "#4"},
				"west": {"uv": [11.621, 7.832, 12.621, 8.832], "texture": "#4"},
				"up": {"uv": [11.621, 7.832, 12.621, 8.832], "texture": "#4"},
				"down": {"uv": [11.621, 7.832, 12.621, 8.832], "texture": "#4"}
			}
		},
		{
			"name": "hexadecagon",
			"from": [10.11552, 6.94967, 8.89337],
			"to": [11.2128, 7.16794, 9.13881],
			"rotation": {"angle": 22.5, "axis": "z", "origin": [10.66416, 7.0588, 9.1731]},
			"faces": {
				"north": {"uv": [11.621, 7.832, 12.621, 8.832], "texture": "#4"},
				"east": {"uv": [11.621, 7.832, 12.621, 8.832], "texture": "#4"},
				"south": {"uv": [11.621, 7.832, 12.621, 8.832], "texture": "#4"},
				"west": {"uv": [11.621, 7.832, 12.621, 8.832], "texture": "#4"},
				"up": {"uv": [11.621, 7.832, 12.621, 8.832], "texture": "#4"},
				"down": {"uv": [11.621, 7.832, 12.621, 8.832], "texture": "#4"}
			}
		},
		{
			"name": "hexadecagon",
			"from": [4.11552, 6.94967, 8.89337],
			"to": [5.2128, 7.16794, 9.13881],
			"rotation": {"angle": 22.5, "axis": "z", "origin": [4.66416, 7.0588, 9.1731]},
			"faces": {
				"north": {"uv": [11.621, 7.832, 12.621, 8.832], "texture": "#4"},
				"east": {"uv": [11.621, 7.832, 12.621, 8.832], "texture": "#4"},
				"south": {"uv": [11.621, 7.832, 12.621, 8.832], "texture": "#4"},
				"west": {"uv": [11.621, 7.832, 12.621, 8.832], "texture": "#4"},
				"up": {"uv": [11.621, 7.832, 12.621, 8.832], "texture": "#4"},
				"down": {"uv": [11.621, 7.832, 12.621, 8.832], "texture": "#4"}
			}
		},
		{
			"name": "hexadecagon",
			"from": [12.71552, 6.94967, 8.89337],
			"to": [13.8128, 7.16794, 9.13881],
			"rotation": {"angle": 22.5, "axis": "z", "origin": [13.26416, 7.0588, 9.1731]},
			"faces": {
				"north": {"uv": [11.621, 7.832, 12.621, 8.832], "texture": "#4"},
				"east": {"uv": [11.621, 7.832, 12.621, 8.832], "texture": "#4"},
				"south": {"uv": [11.621, 7.832, 12.621, 8.832], "texture": "#4"},
				"west": {"uv": [11.621, 7.832, 12.621, 8.832], "texture": "#4"},
				"up": {"uv": [11.621, 7.832, 12.621, 8.832], "texture": "#4"},
				"down": {"uv": [11.621, 7.832, 12.621, 8.832], "texture": "#4"}
			}
		},
		{
			"name": "hexadecagon",
			"from": [12.71552, 4.94967, 8.89337],
			"to": [13.8128, 5.16794, 9.13881],
			"rotation": {"angle": 22.5, "axis": "z", "origin": [13.26416, 5.0588, 9.1731]},
			"faces": {
				"north": {"uv": [11.621, 7.832, 12.621, 8.832], "texture": "#4"},
				"east": {"uv": [11.621, 7.832, 12.621, 8.832], "texture": "#4"},
				"south": {"uv": [11.621, 7.832, 12.621, 8.832], "texture": "#4"},
				"west": {"uv": [11.621, 7.832, 12.621, 8.832], "texture": "#4"},
				"up": {"uv": [11.621, 7.832, 12.621, 8.832], "texture": "#4"},
				"down": {"uv": [11.621, 7.832, 12.621, 8.832], "texture": "#4"}
			}
		},
		{
			"name": "hexadecagon",
			"from": [7.71552, 4.94967, 8.89337],
			"to": [8.8128, 5.16794, 9.13881],
			"rotation": {"angle": 22.5, "axis": "z", "origin": [8.26416, 5.0588, 9.1731]},
			"faces": {
				"north": {"uv": [11.621, 7.832, 12.621, 8.832], "texture": "#4"},
				"east": {"uv": [11.621, 7.832, 12.621, 8.832], "texture": "#4"},
				"south": {"uv": [11.621, 7.832, 12.621, 8.832], "texture": "#4"},
				"west": {"uv": [11.621, 7.832, 12.621, 8.832], "texture": "#4"},
				"up": {"uv": [11.621, 7.832, 12.621, 8.832], "texture": "#4"},
				"down": {"uv": [11.621, 7.832, 12.621, 8.832], "texture": "#4"}
			}
		},
		{
			"name": "hexadecagon",
			"from": [10.58683, 6.65277, 8.78324],
			"to": [10.74083, 7.42701, 9.05643],
			"rotation": {"angle": -45, "axis": "z", "origin": [10.66383, 7.03989, 8.98062]},
			"faces": {
				"north": {"uv": [11.621, 7.832, 12.621, 8.832], "texture": "#5"},
				"east": {"uv": [11.621, 7.832, 12.621, 8.832], "texture": "#5"},
				"south": {"uv": [11.621, 7.832, 12.621, 8.832], "texture": "#5"},
				"west": {"uv": [11.621, 7.832, 12.621, 8.832], "texture": "#5"},
				"up": {"uv": [11.621, 7.832, 12.621, 8.832], "texture": "#5"},
				"down": {"uv": [11.621, 7.832, 12.621, 8.832], "texture": "#5"}
			}
		},
		{
			"name": "hexadecagon",
			"from": [13.18683, 6.65277, 8.78324],
			"to": [13.34083, 7.42701, 9.05643],
			"rotation": {"angle": -45, "axis": "z", "origin": [13.26383, 7.03989, 8.98062]},
			"faces": {
				"north": {"uv": [11.621, 7.832, 12.621, 8.832], "texture": "#5"},
				"east": {"uv": [11.621, 7.832, 12.621, 8.832], "texture": "#5"},
				"south": {"uv": [11.621, 7.832, 12.621, 8.832], "texture": "#5"},
				"west": {"uv": [11.621, 7.832, 12.621, 8.832], "texture": "#5"},
				"up": {"uv": [11.621, 7.832, 12.621, 8.832], "texture": "#5"},
				"down": {"uv": [11.621, 7.832, 12.621, 8.832], "texture": "#5"}
			}
		},
		{
			"name": "hexadecagon",
			"from": [13.18683, 4.65277, 8.78324],
			"to": [13.34083, 5.42701, 9.05643],
			"rotation": {"angle": -45, "axis": "z", "origin": [13.26383, 5.03989, 8.98062]},
			"faces": {
				"north": {"uv": [11.621, 7.832, 12.621, 8.832], "texture": "#6"},
				"east": {"uv": [11.621, 7.832, 12.621, 8.832], "texture": "#6"},
				"south": {"uv": [11.621, 7.832, 12.621, 8.832], "texture": "#6"},
				"west": {"uv": [11.621, 7.832, 12.621, 8.832], "texture": "#6"},
				"up": {"uv": [11.621, 7.832, 12.621, 8.832], "texture": "#6"},
				"down": {"uv": [11.621, 7.832, 12.621, 8.832], "texture": "#6"}
			}
		},
		{
			"name": "hexadecagon",
			"from": [8.18683, 4.65277, 8.78324],
			"to": [8.34083, 5.42701, 9.05643],
			"rotation": {"angle": -45, "axis": "z", "origin": [8.26383, 5.03989, 8.98062]},
			"faces": {
				"north": {"uv": [11.621, 7.832, 12.621, 8.832], "texture": "#5"},
				"east": {"uv": [11.621, 7.832, 12.621, 8.832], "texture": "#5"},
				"south": {"uv": [11.621, 7.832, 12.621, 8.832], "texture": "#5"},
				"west": {"uv": [11.621, 7.832, 12.621, 8.832], "texture": "#5"},
				"up": {"uv": [11.621, 7.832, 12.621, 8.832], "texture": "#5"},
				"down": {"uv": [11.621, 7.832, 12.621, 8.832], "texture": "#5"}
			}
		},
		{
			"name": "hexadecagon",
			"from": [10.58683, 6.65277, 8.78324],
			"to": [10.74083, 7.42701, 9.05643],
			"rotation": {"angle": -22.5, "axis": "z", "origin": [10.66383, 7.03989, 8.98062]},
			"faces": {
				"north": {"uv": [11.621, 7.832, 12.621, 8.832], "texture": "#5"},
				"east": {"uv": [11.621, 7.832, 12.621, 8.832], "texture": "#5"},
				"south": {"uv": [11.621, 7.832, 12.621, 8.832], "texture": "#5"},
				"west": {"uv": [11.621, 7.832, 12.621, 8.832], "texture": "#5"},
				"up": {"uv": [11.621, 7.832, 12.621, 8.832], "texture": "#5"},
				"down": {"uv": [11.621, 7.832, 12.621, 8.832], "texture": "#5"}
			}
		},
		{
			"name": "hexadecagon",
			"from": [13.18683, 6.65277, 8.78324],
			"to": [13.34083, 7.42701, 9.05643],
			"rotation": {"angle": -22.5, "axis": "z", "origin": [13.26383, 7.03989, 8.98062]},
			"faces": {
				"north": {"uv": [11.621, 7.832, 12.621, 8.832], "texture": "#5"},
				"east": {"uv": [11.621, 7.832, 12.621, 8.832], "texture": "#5"},
				"south": {"uv": [11.621, 7.832, 12.621, 8.832], "texture": "#5"},
				"west": {"uv": [11.621, 7.832, 12.621, 8.832], "texture": "#5"},
				"up": {"uv": [11.621, 7.832, 12.621, 8.832], "texture": "#5"},
				"down": {"uv": [11.621, 7.832, 12.621, 8.832], "texture": "#5"}
			}
		},
		{
			"name": "hexadecagon",
			"from": [13.18683, 4.65277, 8.78324],
			"to": [13.34083, 5.42701, 9.05643],
			"rotation": {"angle": -22.5, "axis": "z", "origin": [13.26383, 5.03989, 8.98062]},
			"faces": {
				"north": {"uv": [11.621, 7.832, 12.621, 8.832], "texture": "#6"},
				"east": {"uv": [11.621, 7.832, 12.621, 8.832], "texture": "#6"},
				"south": {"uv": [11.621, 7.832, 12.621, 8.832], "texture": "#6"},
				"west": {"uv": [11.621, 7.832, 12.621, 8.832], "texture": "#6"},
				"up": {"uv": [11.621, 7.832, 12.621, 8.832], "texture": "#6"},
				"down": {"uv": [11.621, 7.832, 12.621, 8.832], "texture": "#6"}
			}
		},
		{
			"name": "hexadecagon",
			"from": [8.18683, 4.65277, 8.78324],
			"to": [8.34083, 5.42701, 9.05643],
			"rotation": {"angle": -22.5, "axis": "z", "origin": [8.26383, 5.03989, 8.98062]},
			"faces": {
				"north": {"uv": [11.621, 7.832, 12.621, 8.832], "texture": "#5"},
				"east": {"uv": [11.621, 7.832, 12.621, 8.832], "texture": "#5"},
				"south": {"uv": [11.621, 7.832, 12.621, 8.832], "texture": "#5"},
				"west": {"uv": [11.621, 7.832, 12.621, 8.832], "texture": "#5"},
				"up": {"uv": [11.621, 7.832, 12.621, 8.832], "texture": "#5"},
				"down": {"uv": [11.621, 7.832, 12.621, 8.832], "texture": "#5"}
			}
		},
		{
			"name": "hexadecagon",
			"from": [10.58683, 6.65277, 8.78324],
			"to": [10.74083, 7.42701, 9.05643],
			"faces": {
				"north": {"uv": [11.621, 7.832, 12.621, 8.832], "texture": "#5"},
				"east": {"uv": [11.621, 7.832, 12.621, 8.832], "texture": "#5"},
				"south": {"uv": [11.621, 7.832, 12.621, 8.832], "texture": "#5"},
				"west": {"uv": [11.621, 7.832, 12.621, 8.832], "texture": "#5"},
				"up": {"uv": [11.621, 7.832, 12.621, 8.832], "texture": "#5"},
				"down": {"uv": [11.621, 7.832, 12.621, 8.832], "texture": "#5"}
			}
		},
		{
			"name": "hexadecagon",
			"from": [13.18683, 6.65277, 8.78324],
			"to": [13.34083, 7.42701, 9.05643],
			"faces": {
				"north": {"uv": [11.621, 7.832, 12.621, 8.832], "texture": "#5"},
				"east": {"uv": [11.621, 7.832, 12.621, 8.832], "texture": "#5"},
				"south": {"uv": [11.621, 7.832, 12.621, 8.832], "texture": "#5"},
				"west": {"uv": [11.621, 7.832, 12.621, 8.832], "texture": "#5"},
				"up": {"uv": [11.621, 7.832, 12.621, 8.832], "texture": "#5"},
				"down": {"uv": [11.621, 7.832, 12.621, 8.832], "texture": "#5"}
			}
		},
		{
			"name": "hexadecagon",
			"from": [13.18683, 4.65277, 8.78324],
			"to": [13.34083, 5.42701, 9.05643],
			"faces": {
				"north": {"uv": [11.621, 7.832, 12.621, 8.832], "texture": "#6"},
				"east": {"uv": [11.621, 7.832, 12.621, 8.832], "texture": "#6"},
				"south": {"uv": [11.621, 7.832, 12.621, 8.832], "texture": "#6"},
				"west": {"uv": [11.621, 7.832, 12.621, 8.832], "texture": "#6"},
				"up": {"uv": [11.621, 7.832, 12.621, 8.832], "texture": "#6"},
				"down": {"uv": [11.621, 7.832, 12.621, 8.832], "texture": "#6"}
			}
		},
		{
			"name": "hexadecagon",
			"from": [8.18683, 4.65277, 8.78324],
			"to": [8.34083, 5.42701, 9.05643],
			"faces": {
				"north": {"uv": [11.621, 7.832, 12.621, 8.832], "texture": "#5"},
				"east": {"uv": [11.621, 7.832, 12.621, 8.832], "texture": "#5"},
				"south": {"uv": [11.621, 7.832, 12.621, 8.832], "texture": "#5"},
				"west": {"uv": [11.621, 7.832, 12.621, 8.832], "texture": "#5"},
				"up": {"uv": [11.621, 7.832, 12.621, 8.832], "texture": "#5"},
				"down": {"uv": [11.621, 7.832, 12.621, 8.832], "texture": "#5"}
			}
		},
		{
			"name": "hexadecagon",
			"from": [10.58683, 6.65277, 8.78324],
			"to": [10.74083, 7.42701, 9.05643],
			"rotation": {"angle": 22.5, "axis": "z", "origin": [10.66383, 7.03989, 8.98062]},
			"faces": {
				"north": {"uv": [11.621, 7.832, 12.621, 8.832], "texture": "#5"},
				"east": {"uv": [11.621, 7.832, 12.621, 8.832], "texture": "#5"},
				"south": {"uv": [11.621, 7.832, 12.621, 8.832], "texture": "#5"},
				"west": {"uv": [11.621, 7.832, 12.621, 8.832], "texture": "#5"},
				"up": {"uv": [11.621, 7.832, 12.621, 8.832], "texture": "#5"},
				"down": {"uv": [11.621, 7.832, 12.621, 8.832], "texture": "#5"}
			}
		},
		{
			"name": "hexadecagon",
			"from": [13.18683, 6.65277, 8.78324],
			"to": [13.34083, 7.42701, 9.05643],
			"rotation": {"angle": 22.5, "axis": "z", "origin": [13.26383, 7.03989, 8.98062]},
			"faces": {
				"north": {"uv": [11.621, 7.832, 12.621, 8.832], "texture": "#5"},
				"east": {"uv": [11.621, 7.832, 12.621, 8.832], "texture": "#5"},
				"south": {"uv": [11.621, 7.832, 12.621, 8.832], "texture": "#5"},
				"west": {"uv": [11.621, 7.832, 12.621, 8.832], "texture": "#5"},
				"up": {"uv": [11.621, 7.832, 12.621, 8.832], "texture": "#5"},
				"down": {"uv": [11.621, 7.832, 12.621, 8.832], "texture": "#5"}
			}
		},
		{
			"name": "hexadecagon",
			"from": [13.18683, 4.65277, 8.78324],
			"to": [13.34083, 5.42701, 9.05643],
			"rotation": {"angle": 22.5, "axis": "z", "origin": [13.26383, 5.03989, 8.98062]},
			"faces": {
				"north": {"uv": [11.621, 7.832, 12.621, 8.832], "texture": "#6"},
				"east": {"uv": [11.621, 7.832, 12.621, 8.832], "texture": "#6"},
				"south": {"uv": [11.621, 7.832, 12.621, 8.832], "texture": "#6"},
				"west": {"uv": [11.621, 7.832, 12.621, 8.832], "texture": "#6"},
				"up": {"uv": [11.621, 7.832, 12.621, 8.832], "texture": "#6"},
				"down": {"uv": [11.621, 7.832, 12.621, 8.832], "texture": "#6"}
			}
		},
		{
			"name": "hexadecagon",
			"from": [8.18683, 4.65277, 8.78324],
			"to": [8.34083, 5.42701, 9.05643],
			"rotation": {"angle": 22.5, "axis": "z", "origin": [8.26383, 5.03989, 8.98062]},
			"faces": {
				"north": {"uv": [11.621, 7.832, 12.621, 8.832], "texture": "#5"},
				"east": {"uv": [11.621, 7.832, 12.621, 8.832], "texture": "#5"},
				"south": {"uv": [11.621, 7.832, 12.621, 8.832], "texture": "#5"},
				"west": {"uv": [11.621, 7.832, 12.621, 8.832], "texture": "#5"},
				"up": {"uv": [11.621, 7.832, 12.621, 8.832], "texture": "#5"},
				"down": {"uv": [11.621, 7.832, 12.621, 8.832], "texture": "#5"}
			}
		},
		{
			"name": "hexadecagon",
			"from": [10.58683, 6.65277, 8.78324],
			"to": [10.74083, 7.42701, 9.05643],
			"rotation": {"angle": 45, "axis": "z", "origin": [10.66383, 7.03989, 8.98062]},
			"faces": {
				"north": {"uv": [11.621, 7.832, 12.621, 8.832], "texture": "#5"},
				"east": {"uv": [11.621, 7.832, 12.621, 8.832], "texture": "#5"},
				"south": {"uv": [11.621, 7.832, 12.621, 8.832], "texture": "#5"},
				"west": {"uv": [11.621, 7.832, 12.621, 8.832], "texture": "#5"},
				"up": {"uv": [11.621, 7.832, 12.621, 8.832], "texture": "#5"},
				"down": {"uv": [11.621, 7.832, 12.621, 8.832], "texture": "#5"}
			}
		},
		{
			"name": "hexadecagon",
			"from": [13.18683, 6.65277, 8.78324],
			"to": [13.34083, 7.42701, 9.05643],
			"rotation": {"angle": 45, "axis": "z", "origin": [13.26383, 7.03989, 8.98062]},
			"faces": {
				"north": {"uv": [11.621, 7.832, 12.621, 8.832], "texture": "#5"},
				"east": {"uv": [11.621, 7.832, 12.621, 8.832], "texture": "#5"},
				"south": {"uv": [11.621, 7.832, 12.621, 8.832], "texture": "#5"},
				"west": {"uv": [11.621, 7.832, 12.621, 8.832], "texture": "#5"},
				"up": {"uv": [11.621, 7.832, 12.621, 8.832], "texture": "#5"},
				"down": {"uv": [11.621, 7.832, 12.621, 8.832], "texture": "#5"}
			}
		},
		{
			"name": "hexadecagon",
			"from": [13.18683, 4.65277, 8.78324],
			"to": [13.34083, 5.42701, 9.05643],
			"rotation": {"angle": 45, "axis": "z", "origin": [13.26383, 5.03989, 8.98062]},
			"faces": {
				"north": {"uv": [11.621, 7.832, 12.621, 8.832], "texture": "#6"},
				"east": {"uv": [11.621, 7.832, 12.621, 8.832], "texture": "#6"},
				"south": {"uv": [11.621, 7.832, 12.621, 8.832], "texture": "#6"},
				"west": {"uv": [11.621, 7.832, 12.621, 8.832], "texture": "#6"},
				"up": {"uv": [11.621, 7.832, 12.621, 8.832], "texture": "#6"},
				"down": {"uv": [11.621, 7.832, 12.621, 8.832], "texture": "#6"}
			}
		},
		{
			"name": "hexadecagon",
			"from": [8.18683, 4.65277, 8.78324],
			"to": [8.34083, 5.42701, 9.05643],
			"rotation": {"angle": 45, "axis": "z", "origin": [8.26383, 5.03989, 8.98062]},
			"faces": {
				"north": {"uv": [11.621, 7.832, 12.621, 8.832], "texture": "#5"},
				"east": {"uv": [11.621, 7.832, 12.621, 8.832], "texture": "#5"},
				"south": {"uv": [11.621, 7.832, 12.621, 8.832], "texture": "#5"},
				"west": {"uv": [11.621, 7.832, 12.621, 8.832], "texture": "#5"},
				"up": {"uv": [11.621, 7.832, 12.621, 8.832], "texture": "#5"},
				"down": {"uv": [11.621, 7.832, 12.621, 8.832], "texture": "#5"}
			}
		},
		{
			"name": "hexadecagon",
			"from": [10.27671, 6.96289, 8.78324],
			"to": [11.05095, 7.1169, 9.05643],
			"rotation": {"angle": -22.5, "axis": "z", "origin": [10.66383, 7.03989, 8.98062]},
			"faces": {
				"north": {"uv": [11.621, 7.832, 12.621, 8.832], "texture": "#5"},
				"east": {"uv": [11.621, 7.832, 12.621, 8.832], "texture": "#5"},
				"south": {"uv": [11.621, 7.832, 12.621, 8.832], "texture": "#5"},
				"west": {"uv": [11.621, 7.832, 12.621, 8.832], "texture": "#5"},
				"up": {"uv": [11.621, 7.832, 12.621, 8.832], "texture": "#5"},
				"down": {"uv": [11.621, 7.832, 12.621, 8.832], "texture": "#5"}
			}
		},
		{
			"name": "hexadecagon",
			"from": [12.87671, 6.96289, 8.78324],
			"to": [13.65095, 7.1169, 9.05643],
			"rotation": {"angle": -22.5, "axis": "z", "origin": [13.26383, 7.03989, 8.98062]},
			"faces": {
				"north": {"uv": [11.621, 7.832, 12.621, 8.832], "texture": "#5"},
				"east": {"uv": [11.621, 7.832, 12.621, 8.832], "texture": "#5"},
				"south": {"uv": [11.621, 7.832, 12.621, 8.832], "texture": "#5"},
				"west": {"uv": [11.621, 7.832, 12.621, 8.832], "texture": "#5"},
				"up": {"uv": [11.621, 7.832, 12.621, 8.832], "texture": "#5"},
				"down": {"uv": [11.621, 7.832, 12.621, 8.832], "texture": "#5"}
			}
		},
		{
			"name": "hexadecagon",
			"from": [12.87671, 4.96289, 8.78324],
			"to": [13.65095, 5.1169, 9.05643],
			"rotation": {"angle": -22.5, "axis": "z", "origin": [13.26383, 5.03989, 8.98062]},
			"faces": {
				"north": {"uv": [11.621, 7.832, 12.621, 8.832], "texture": "#6"},
				"east": {"uv": [11.621, 7.832, 12.621, 8.832], "texture": "#6"},
				"south": {"uv": [11.621, 7.832, 12.621, 8.832], "texture": "#6"},
				"west": {"uv": [11.621, 7.832, 12.621, 8.832], "texture": "#6"},
				"up": {"uv": [11.621, 7.832, 12.621, 8.832], "texture": "#6"},
				"down": {"uv": [11.621, 7.832, 12.621, 8.832], "texture": "#6"}
			}
		},
		{
			"name": "hexadecagon",
			"from": [7.87671, 4.96289, 8.78324],
			"to": [8.65095, 5.1169, 9.05643],
			"rotation": {"angle": -22.5, "axis": "z", "origin": [8.26383, 5.03989, 8.98062]},
			"faces": {
				"north": {"uv": [11.621, 7.832, 12.621, 8.832], "texture": "#5"},
				"east": {"uv": [11.621, 7.832, 12.621, 8.832], "texture": "#5"},
				"south": {"uv": [11.621, 7.832, 12.621, 8.832], "texture": "#5"},
				"west": {"uv": [11.621, 7.832, 12.621, 8.832], "texture": "#5"},
				"up": {"uv": [11.621, 7.832, 12.621, 8.832], "texture": "#5"},
				"down": {"uv": [11.621, 7.832, 12.621, 8.832], "texture": "#5"}
			}
		},
		{
			"name": "hexadecagon",
			"from": [10.27671, 6.96289, 8.78324],
			"to": [11.05095, 7.1169, 9.05643],
			"faces": {
				"north": {"uv": [11.621, 7.832, 12.621, 8.832], "texture": "#5"},
				"east": {"uv": [11.621, 7.832, 12.621, 8.832], "texture": "#5"},
				"south": {"uv": [11.621, 7.832, 12.621, 8.832], "texture": "#5"},
				"west": {"uv": [11.621, 7.832, 12.621, 8.832], "texture": "#5"},
				"up": {"uv": [11.621, 7.832, 12.621, 8.832], "texture": "#5"},
				"down": {"uv": [11.621, 7.832, 12.621, 8.832], "texture": "#5"}
			}
		},
		{
			"name": "hexadecagon",
			"from": [12.87671, 6.96289, 8.78324],
			"to": [13.65095, 7.1169, 9.05643],
			"faces": {
				"north": {"uv": [11.621, 7.832, 12.621, 8.832], "texture": "#5"},
				"east": {"uv": [11.621, 7.832, 12.621, 8.832], "texture": "#5"},
				"south": {"uv": [11.621, 7.832, 12.621, 8.832], "texture": "#5"},
				"west": {"uv": [11.621, 7.832, 12.621, 8.832], "texture": "#5"},
				"up": {"uv": [11.621, 7.832, 12.621, 8.832], "texture": "#5"},
				"down": {"uv": [11.621, 7.832, 12.621, 8.832], "texture": "#5"}
			}
		},
		{
			"name": "hexadecagon",
			"from": [12.87671, 4.96289, 8.78324],
			"to": [13.65095, 5.1169, 9.05643],
			"faces": {
				"north": {"uv": [11.621, 7.832, 12.621, 8.832], "texture": "#6"},
				"east": {"uv": [11.621, 7.832, 12.621, 8.832], "texture": "#6"},
				"south": {"uv": [11.621, 7.832, 12.621, 8.832], "texture": "#6"},
				"west": {"uv": [11.621, 7.832, 12.621, 8.832], "texture": "#6"},
				"up": {"uv": [11.621, 7.832, 12.621, 8.832], "texture": "#6"},
				"down": {"uv": [11.621, 7.832, 12.621, 8.832], "texture": "#6"}
			}
		},
		{
			"name": "hexadecagon",
			"from": [7.87671, 4.96289, 8.78324],
			"to": [8.65095, 5.1169, 9.05643],
			"faces": {
				"north": {"uv": [11.621, 7.832, 12.621, 8.832], "texture": "#5"},
				"east": {"uv": [11.621, 7.832, 12.621, 8.832], "texture": "#5"},
				"south": {"uv": [11.621, 7.832, 12.621, 8.832], "texture": "#5"},
				"west": {"uv": [11.621, 7.832, 12.621, 8.832], "texture": "#5"},
				"up": {"uv": [11.621, 7.832, 12.621, 8.832], "texture": "#5"},
				"down": {"uv": [11.621, 7.832, 12.621, 8.832], "texture": "#5"}
			}
		},
		{
			"name": "hexadecagon",
			"from": [10.27671, 6.96289, 8.78324],
			"to": [11.05095, 7.1169, 9.05643],
			"rotation": {"angle": 22.5, "axis": "z", "origin": [10.66383, 7.03989, 8.98062]},
			"faces": {
				"north": {"uv": [11.621, 7.832, 12.621, 8.832], "texture": "#5"},
				"east": {"uv": [11.621, 7.832, 12.621, 8.832], "texture": "#5"},
				"south": {"uv": [11.621, 7.832, 12.621, 8.832], "texture": "#5"},
				"west": {"uv": [11.621, 7.832, 12.621, 8.832], "texture": "#5"},
				"up": {"uv": [11.621, 7.832, 12.621, 8.832], "texture": "#5"},
				"down": {"uv": [11.621, 7.832, 12.621, 8.832], "texture": "#5"}
			}
		},
		{
			"name": "hexadecagon",
			"from": [12.87671, 6.96289, 8.78324],
			"to": [13.65095, 7.1169, 9.05643],
			"rotation": {"angle": 22.5, "axis": "z", "origin": [13.26383, 7.03989, 8.98062]},
			"faces": {
				"north": {"uv": [11.621, 7.832, 12.621, 8.832], "texture": "#5"},
				"east": {"uv": [11.621, 7.832, 12.621, 8.832], "texture": "#5"},
				"south": {"uv": [11.621, 7.832, 12.621, 8.832], "texture": "#5"},
				"west": {"uv": [11.621, 7.832, 12.621, 8.832], "texture": "#5"},
				"up": {"uv": [11.621, 7.832, 12.621, 8.832], "texture": "#5"},
				"down": {"uv": [11.621, 7.832, 12.621, 8.832], "texture": "#5"}
			}
		},
		{
			"name": "hexadecagon",
			"from": [12.87671, 4.96289, 8.78324],
			"to": [13.65095, 5.1169, 9.05643],
			"rotation": {"angle": 22.5, "axis": "z", "origin": [13.26383, 5.03989, 8.98062]},
			"faces": {
				"north": {"uv": [11.621, 7.832, 12.621, 8.832], "texture": "#6"},
				"east": {"uv": [11.621, 7.832, 12.621, 8.832], "texture": "#6"},
				"south": {"uv": [11.621, 7.832, 12.621, 8.832], "texture": "#6"},
				"west": {"uv": [11.621, 7.832, 12.621, 8.832], "texture": "#6"},
				"up": {"uv": [11.621, 7.832, 12.621, 8.832], "texture": "#6"},
				"down": {"uv": [11.621, 7.832, 12.621, 8.832], "texture": "#6"}
			}
		},
		{
			"name": "hexadecagon",
			"from": [7.87671, 4.96289, 8.78324],
			"to": [8.65095, 5.1169, 9.05643],
			"rotation": {"angle": 22.5, "axis": "z", "origin": [8.26383, 5.03989, 8.98062]},
			"faces": {
				"north": {"uv": [11.621, 7.832, 12.621, 8.832], "texture": "#5"},
				"east": {"uv": [11.621, 7.832, 12.621, 8.832], "texture": "#5"},
				"south": {"uv": [11.621, 7.832, 12.621, 8.832], "texture": "#5"},
				"west": {"uv": [11.621, 7.832, 12.621, 8.832], "texture": "#5"},
				"up": {"uv": [11.621, 7.832, 12.621, 8.832], "texture": "#5"},
				"down": {"uv": [11.621, 7.832, 12.621, 8.832], "texture": "#5"}
			}
		}
	],
	"display": {
		"thirdperson_righthand": {
			"translation": [0, 0, -3.25],
			"scale": [0.44, 0.43, 0.42]
		},
		"thirdperson_lefthand": {
			"translation": [0, 0, -3.25],
			"scale": [0.44, 0.43, 0.42]
		},
		"ground": {
			"translation": [0, 3.5, 0],
			"scale": [0.55, 0.55, 0.55]
		},
		"gui": {
			"rotation": [16, 155, 0],
			"translation": [0, -1, 0]
		},
		"head": {
			"translation": [-2.25, 0, -6],
			"scale": [1.4, 1.4, 1.4]
		},
		"fixed": {
			"translation": [0, 0, -2.5]
		}
	},
	"groups": [0,
		{
			"name": "hexadecagon",
			"origin": [8, 8, 8],
			"children": [1, 2, 3, 4, 5, 6, 7, 8]
		},
		{
			"name": "hexadecagon",
			"origin": [8, 8, 8],
			"children": [9, 10, 11, 12, 13, 14, 15, 16]
		},
		{
			"name": "hexadecagon",
			"origin": [8, 8, 8],
			"children": [17, 18, 19, 20, 21, 22, 23, 24]
		},
		{
			"name": "hexadecagon",
			"origin": [8, 8, 8],
			"children": [25, 26, 27, 28, 29, 30, 31, 32, 33]
		},
		{
			"name": "hexadecagon",
			"origin": [8, 8, 8],
			"children": [34, 35, 36, 37, 38, 39, 40, 41, 42]
		},
		{
			"name": "hexadecagon",
			"origin": [8, 8, 8],
			"children": [43, 44, 45, 46, 47, 48, 49, 50, 51, 52, 53, 54, 55, 56, 57, 58, 59, 60, 61, 62, 63, 64, 65, 66, 67, 68, 69, 70, 71, 72, 73, 74, 75, 76, 77, 78, 79, 80, 81, 82]
		},
		{
			"name": "hexadecagon",
			"origin": [8, 8, 8],
			"children": [83, 84, 85, 86, 87, 88, 89, 90, 91, 92, 93, 94, 95, 96, 97, 98, 99, 100, 101, 102, 103, 104, 105, 106, 107, 108, 109, 110, 111, 112, 113, 114]
		}
	]
}