{
	"credit": "Made with Blockbench",
	"textures": {
		"0": "block/light_gray_wool",
		"1": "block/spruce_planks",
		"2": "block/oak_planks",
		"particle": "block/light_gray_wool"
	},
	"elements": [
		{
			"from": [2.5, 0, 2],
			"to": [4.5, 1, 17],
			"rotation": {"angle": 0, "axis": "y", "origin": [10.5, 8, 9]},
			"faces": {
				"north": {"uv": [0, 0, 16, 7], "texture": "#1"},
				"east": {"uv": [0, 0, 16, 7], "texture": "#1"},
				"south": {"uv": [0, 0, 16, 7], "texture": "#1"},
				"west": {"uv": [0, 0, 16, 7], "texture": "#1"},
				"up": {"uv": [0, 0, 16, 7], "texture": "#1"},
				"down": {"uv": [0, 0, 16, 7], "texture": "#1"}
			}
		},
		{
			"from": [3.5, -2, 1],
			"to": [4.5, -1, 18],
			"rotation": {"angle": 0, "axis": "y", "origin": [10.5, 6, 8]},
			"faces": {
				"north": {"uv": [0, 0, 16, 1], "texture": "#0"},
				"east": {"uv": [0, 0, 16, 1], "texture": "#0"},
				"south": {"uv": [0, 0, 16, 1], "texture": "#0"},
				"west": {"uv": [0, 0, 16, 1], "texture": "#0"},
				"up": {"uv": [0, 0, 16, 1], "texture": "#0"},
				"down": {"uv": [0, 0, 16, 1], "texture": "#0"}
			}
		},
		{
			"from": [11.5, -2, 1],
			"to": [12.5, -1, 18],
			"rotation": {"angle": 0, "axis": "y", "origin": [5.5, 6, 8]},
			"faces": {
				"north": {"uv": [16, 0, 0, 1], "texture": "#0"},
				"east": {"uv": [16, 0, 0, 1], "texture": "#0"},
				"south": {"uv": [16, 0, 0, 1], "texture": "#0"},
				"west": {"uv": [16, 0, 0, 1], "texture": "#0"},
				"up": {"uv": [16, 0, 0, 1], "texture": "#0"},
				"down": {"uv": [16, 0, 0, 1], "texture": "#0"}
			}
		},
		{
			"from": [3.5, -1.46404, -0.69448],
			"to": [4.5, -0.46404, 1.30552],
			"rotation": {"angle": 22.5, "axis": "x", "origin": [4, -0.96404, -0.19448]},
			"faces": {
				"north": {"uv": [0, 0, 2, 1], "texture": "#0"},
				"east": {"uv": [0, 0, 2, 1], "texture": "#0"},
				"south": {"uv": [0, 0, 2, 1], "texture": "#0"},
				"west": {"uv": [0, 0, 2, 1], "texture": "#0"},
				"up": {"uv": [0, 0, 2, 1], "texture": "#0"},
				"down": {"uv": [0, 0, 2, 1], "texture": "#0"}
			}
		},
		{
			"from": [3.5, -1.46404, 17.69448],
			"to": [4.5, -0.46404, 19.69448],
			"rotation": {"angle": -22.5, "axis": "x", "origin": [4, -0.96404, 19.19448]},
			"faces": {
				"north": {"uv": [2, 0, 4, 1], "texture": "#0"},
				"east": {"uv": [2, 0, 4, 1], "texture": "#0"},
				"south": {"uv": [2, 0, 4, 1], "texture": "#0"},
				"west": {"uv": [2, 0, 4, 1], "texture": "#0"},
				"up": {"uv": [2, 0, 4, 1], "texture": "#0"},
				"down": {"uv": [2, 0, 4, 1], "texture": "#0"}
			}
		},
		{
			"from": [11.5, -1.46404, -0.69448],
			"to": [12.5, -0.46404, 1.30552],
			"rotation": {"angle": 22.5, "axis": "x", "origin": [12, -0.96404, -0.19448]},
			"faces": {
				"north": {"uv": [2, 0, 0, 1], "texture": "#0"},
				"east": {"uv": [2, 0, 0, 1], "texture": "#0"},
				"south": {"uv": [2, 0, 0, 1], "texture": "#0"},
				"west": {"uv": [2, 0, 0, 1], "texture": "#0"},
				"up": {"uv": [2, 0, 0, 1], "texture": "#0"},
				"down": {"uv": [2, 0, 0, 1], "texture": "#0"}
			}
		},
		{
			"from": [11.5, -1.46404, 17.69448],
			"to": [12.5, -0.46404, 19.69448],
			"rotation": {"angle": -22.5, "axis": "x", "origin": [12, -0.96404, 19.19448]},
			"faces": {
				"north": {"uv": [0, 0, 2, 1], "texture": "#0"},
				"east": {"uv": [0, 0, 2, 1], "texture": "#0"},
				"south": {"uv": [0, 0, 2, 1], "texture": "#0"},
				"west": {"uv": [0, 0, 2, 1], "texture": "#0"},
				"up": {"uv": [0, 0, 2, 1], "texture": "#0"},
				"down": {"uv": [0, 0, 2, 1], "texture": "#0"}
			}
		},
		{
			"from": [3.5, -0.32042, -2.05487],
			"to": [4.5, 0.67958, -0.05487],
			"rotation": {"angle": 45, "axis": "x", "origin": [4, 0.17958, -1.55487]},
			"faces": {
				"north": {"uv": [0, 0, 2, 1], "texture": "#0"},
				"east": {"uv": [0, 0, 2, 1], "texture": "#0"},
				"south": {"uv": [0, 0, 2, 1], "texture": "#0"},
				"west": {"uv": [0, 0, 2, 1], "texture": "#0"},
				"up": {"uv": [0, 0, 2, 1], "texture": "#0"},
				"down": {"uv": [0, 0, 2, 1], "texture": "#0"}
			}
		},
		{
			"from": [11.5, -0.32042, -2.05487],
			"to": [12.5, 0.67958, -0.05487],
			"rotation": {"angle": 45, "axis": "x", "origin": [12, 0.17958, -1.55487]},
			"faces": {
				"north": {"uv": [2, 0, 0, 1], "texture": "#0"},
				"east": {"uv": [2, 0, 0, 1], "texture": "#0"},
				"south": {"uv": [2, 0, 0, 1], "texture": "#0"},
				"west": {"uv": [2, 0, 0, 1], "texture": "#0"},
				"up": {"uv": [2, 0, 0, 1], "texture": "#0"},
				"down": {"uv": [2, 0, 0, 1], "texture": "#0"}
			}
		},
		{
			"from": [3.5, 0.17958, -2.26197],
			"to": [4.5, 2.17958, -1.26197],
			"rotation": {"angle": 0, "axis": "x", "origin": [4, 1.67958, -1.76197]},
			"faces": {
				"north": {"uv": [0, 0, 2, 1], "rotation": 90, "texture": "#0"},
				"east": {"uv": [0, 0, 2, 1], "rotation": 90, "texture": "#0"},
				"south": {"uv": [0, 0, 2, 1], "rotation": 90, "texture": "#0"},
				"west": {"uv": [0, 0, 2, 1], "rotation": 90, "texture": "#0"},
				"up": {"uv": [0, 0, 2, 1], "rotation": 90, "texture": "#0"},
				"down": {"uv": [0, 0, 2, 1], "rotation": 90, "texture": "#0"}
			}
		},
		{
			"from": [11.5, 0.17958, -2.26197],
			"to": [12.5, 2.17958, -1.26197],
			"rotation": {"angle": 0, "axis": "x", "origin": [12, 1.67958, -1.76197]},
			"faces": {
				"north": {"uv": [0, 1, 2, 0], "rotation": 270, "texture": "#0"},
				"east": {"uv": [0, 1, 2, 0], "rotation": 270, "texture": "#0"},
				"south": {"uv": [0, 1, 2, 0], "rotation": 270, "texture": "#0"},
				"west": {"uv": [0, 1, 2, 0], "rotation": 270, "texture": "#0"},
				"up": {"uv": [0, 1, 2, 0], "rotation": 270, "texture": "#0"},
				"down": {"uv": [0, 1, 2, 0], "rotation": 270, "texture": "#0"}
			}
		},
		{
			"from": [2.5, -1, 4],
			"to": [13.5, 0, 6],
			"rotation": {"angle": 0, "axis": "y", "origin": [10.5, 7, 8]},
			"faces": {
				"north": {"uv": [0, 0, 2, 1], "texture": "#2"},
				"east": {"uv": [0, 0, 2, 1], "texture": "#2"},
				"south": {"uv": [0, 0, 2, 1], "texture": "#2"},
				"west": {"uv": [0, 0, 2, 1], "texture": "#2"},
				"up": {"uv": [0, 0, 2, 1], "texture": "#2"},
				"down": {"uv": [0, 0, 2, 1], "texture": "#2"}
			}
		},
		{
			"from": [2.5, -1, 12],
			"to": [13.5, 0, 14],
			"rotation": {"angle": 0, "axis": "y", "origin": [10.5, 7, 16]},
			"faces": {
				"north": {"uv": [0, 0, 2, 1], "texture": "#2"},
				"east": {"uv": [0, 0, 2, 1], "texture": "#2"},
				"south": {"uv": [0, 0, 2, 1], "texture": "#2"},
				"west": {"uv": [0, 0, 2, 1], "texture": "#2"},
				"up": {"uv": [0, 0, 2, 1], "texture": "#2"},
				"down": {"uv": [0, 0, 2, 1], "texture": "#2"}
			}
		},
		{
			"from": [8.5, 0, 2],
			"to": [10.5, 1, 17],
			"rotation": {"angle": 0, "axis": "y", "origin": [16.5, 8, 9]},
			"faces": {
				"north": {"uv": [0, 0, 16, 7], "texture": "#1"},
				"east": {"uv": [0, 0, 16, 7], "texture": "#1"},
				"south": {"uv": [0, 0, 16, 7], "texture": "#1"},
				"west": {"uv": [0, 0, 16, 7], "texture": "#1"},
				"up": {"uv": [0, 0, 16, 7], "texture": "#1"},
				"down": {"uv": [0, 0, 16, 7], "texture": "#1"}
			}
		},
		{
			"from": [5.5, 0, 2],
			"to": [7.5, 1, 17],
			"rotation": {"angle": 0, "axis": "y", "origin": [13.5, 8, 9]},
			"faces": {
				"north": {"uv": [0, 0, 16, 7], "texture": "#1"},
				"east": {"uv": [0, 0, 16, 7], "texture": "#1"},
				"south": {"uv": [0, 0, 16, 7], "texture": "#1"},
				"west": {"uv": [0, 0, 16, 7], "texture": "#1"},
				"up": {"uv": [0, 0, 16, 7], "texture": "#1"},
				"down": {"uv": [0, 0, 16, 7], "texture": "#1"}
			}
		},
		{
			"from": [11.5, 0, 2],
			"to": [13.5, 1, 17],
			"rotation": {"angle": 0, "axis": "y", "origin": [19.5, 8, 9]},
			"faces": {
				"north": {"uv": [0, 0, 16, 7], "texture": "#1"},
				"east": {"uv": [0, 0, 16, 7], "texture": "#1"},
				"south": {"uv": [0, 0, 16, 7], "texture": "#1"},
				"west": {"uv": [0, 0, 16, 7], "texture": "#1"},
				"up": {"uv": [0, 0, 16, 7], "texture": "#1"},
				"down": {"uv": [0, 0, 16, 7], "texture": "#1"}
			}
		}
	],
	"display": {
		"head": {
			"translation": [0, -20.75, 0],
			"scale": [1.86, 2.33, 1.94]
		}
	}
}