{
	"credit": "Made with Blockbench",
	"textures": {
		"0": "block/poubelleromebords",
		"particle": "block/poubelleromebords"
	},
	"elements": [
		{
			"from": [6.5, 0, 6.5],
			"to": [9.5, 9, 9.5],
			"rotation": {"angle": 0, "axis": "y", "origin": [7.5, 0, 7.5]},
			"faces": {
				"north": {"uv": [0, 0, 3, 8], "texture": "#0"},
				"east": {"uv": [0, 0, 3, 8], "texture": "#0"},
				"south": {"uv": [0, 0, 3, 8], "texture": "#0"},
				"west": {"uv": [0, 0, 3, 8], "texture": "#0"},
				"up": {"uv": [0, 0, 3, 8], "texture": "#0"},
				"down": {"uv": [0, 0, 3, 8], "texture": "#0"}
			}
		}
	],
	"display": {
		"thirdperson_righthand": {
			"rotation": [-90, 0, 0],
			"translation": [0, -2, 0.75],
			"scale": [1.3418, 1, 1.34375]
		}
	}
}