{
	"credit": "Made with Blockbench",
	"textures": {
		"0": "block/black_concrete",
		"1": "block/coal_block",
		"2": "block/orange_terracotta",
		"3": "block/white_stained_glass",
		"4": "block/dropper_front_vertical",
		"5": "block/chiseled_quartz_block",
		"6": "block/logo",
		"particle": "block/black_concrete"
	},
	"elements": [
		{
			"from": [5.48, 1.804, -3.4],
			"to": [10.52, 2.564, 8],
			"faces": {
				"north": {"uv": [0, 0, 4, 1], "texture": "#0"},
				"east": {"uv": [0, 0, 4, 1], "texture": "#0"},
				"south": {"uv": [0, 0, 4, 1], "texture": "#0"},
				"west": {"uv": [0, 0, 4, 1], "texture": "#0"},
				"up": {"uv": [0, 0, 4, 1], "texture": "#0"},
				"down": {"uv": [0, 0, 4, 1], "texture": "#0"}
			}
		},
		{
			"from": [5.48, 4.86478, -3.4],
			"to": [10.52, 5.62478, 8],
			"faces": {
				"north": {"uv": [0, 1, 4, 0], "texture": "#0"},
				"east": {"uv": [0, 1, 4, 0], "texture": "#0"},
				"south": {"uv": [0, 1, 4, 0], "texture": "#0"},
				"west": {"uv": [0, 1, 4, 0], "texture": "#0"},
				"up": {"uv": [0, 1, 4, 0], "texture": "#0"},
				"down": {"uv": [0, 1, 4, 0], "texture": "#0"}
			}
		},
		{
			"from": [5, 5.52734, -4],
			"to": [11, 6.52734, 11],
			"faces": {
				"north": {"uv": [0, 1, 4, 0], "texture": "#5"},
				"east": {"uv": [0, 1, 4, 0], "texture": "#5"},
				"south": {"uv": [0, 1, 4, 0], "texture": "#5"},
				"west": {"uv": [0, 1, 4, 0], "texture": "#5"},
				"up": {"uv": [0, 1, 4, 0], "texture": "#5"},
				"down": {"uv": [0, 1, 4, 0], "texture": "#5"}
			}
		},
		{
			"from": [5.5, 5.77734, -5.25],
			"to": [10.5, 6.27734, -5],
			"faces": {
				"north": {"uv": [0, 1, 4, 0], "texture": "#4"},
				"east": {"uv": [0, 1, 4, 0], "texture": "#4"},
				"south": {"uv": [0, 1, 4, 0], "texture": "#4"},
				"west": {"uv": [0, 1, 4, 0], "texture": "#4"},
				"up": {"uv": [0, 1, 4, 0], "texture": "#4"},
				"down": {"uv": [0, 1, 4, 0], "texture": "#4"}
			}
		},
		{
			"from": [5.25, 5.77734, -5],
			"to": [5.5, 6.27734, -4],
			"faces": {
				"north": {"uv": [0, 1, 4, 0], "texture": "#4"},
				"east": {"uv": [0, 1, 4, 0], "texture": "#4"},
				"south": {"uv": [0, 1, 4, 0], "texture": "#4"},
				"west": {"uv": [0, 1, 4, 0], "texture": "#4"},
				"up": {"uv": [0, 1, 4, 0], "texture": "#4"},
				"down": {"uv": [0, 1, 4, 0], "texture": "#4"}
			}
		},
		{
			"from": [10.5, 5.77734, -5],
			"to": [10.75, 6.27734, -4],
			"faces": {
				"north": {"uv": [4, 1, 0, 0], "texture": "#4"},
				"east": {"uv": [4, 1, 0, 0], "texture": "#4"},
				"south": {"uv": [4, 1, 0, 0], "texture": "#4"},
				"west": {"uv": [4, 1, 0, 0], "texture": "#4"},
				"up": {"uv": [4, 1, 0, 0], "texture": "#4"},
				"down": {"uv": [4, 1, 0, 0], "texture": "#4"}
			}
		},
		{
			"from": [4.9, 4.12734, 2],
			"to": [11.1, 6.52734, 9.9],
			"faces": {
				"north": {"uv": [0, 1, 4, 0], "texture": "#5"},
				"east": {"uv": [0, 1, 4, 0], "texture": "#5"},
				"south": {"uv": [0, 1, 4, 0], "texture": "#5"},
				"west": {"uv": [0, 1, 4, 0], "texture": "#5"},
				"up": {"uv": [0, 1, 4, 0], "texture": "#5"},
				"down": {"uv": [0, 1, 4, 0], "texture": "#5"}
			}
		},
		{
			"from": [4.9, 5.52734, 10],
			"to": [11.1, 8.52734, 13],
			"faces": {
				"north": {"uv": [0, 1, 4, 0], "texture": "#1"},
				"east": {"uv": [0, 1, 4, 0], "texture": "#1"},
				"south": {"uv": [0, 1, 4, 0], "texture": "#1"},
				"west": {"uv": [0, 1, 4, 0], "texture": "#1"},
				"up": {"uv": [0, 1, 4, 0], "texture": "#1"},
				"down": {"uv": [0, 1, 4, 0], "texture": "#1"}
			}
		},
		{
			"from": [5.8, 8.52734, 10],
			"to": [10.2, 10.02734, 13],
			"faces": {
				"north": {"uv": [2, 4, 6, 3], "texture": "#4"},
				"east": {"uv": [2, 4, 6, 3], "texture": "#4"},
				"south": {"uv": [2, 4, 6, 3], "texture": "#4"},
				"west": {"uv": [2, 4, 6, 3], "texture": "#4"},
				"up": {"uv": [2, 4, 6, 3], "texture": "#4"},
				"down": {"uv": [2, 4, 6, 3], "texture": "#4"}
			}
		},
		{
			"from": [4.8, 8.72734, 10.4],
			"to": [11.2, 9.72734, 11.5],
			"faces": {
				"north": {"uv": [2, 4, 6, 3], "texture": "#4"},
				"east": {"uv": [2, 4, 6, 3], "texture": "#4"},
				"south": {"uv": [2, 4, 6, 3], "texture": "#4"},
				"west": {"uv": [2, 4, 6, 3], "texture": "#4"},
				"up": {"uv": [2, 4, 6, 3], "texture": "#4"},
				"down": {"uv": [2, 4, 6, 3], "texture": "#4"}
			}
		},
		{
			"from": [2.8, 8.92734, 10.6],
			"to": [13.2, 9.52734, 11.3],
			"faces": {
				"north": {"uv": [2, 4, 6, 3], "texture": "#0"},
				"east": {"uv": [2, 4, 6, 3], "texture": "#0"},
				"south": {"uv": [2, 4, 6, 3], "texture": "#0"},
				"west": {"uv": [2, 4, 6, 3], "texture": "#0"},
				"up": {"uv": [2, 4, 6, 3], "texture": "#0"},
				"down": {"uv": [2, 4, 6, 3], "texture": "#0"}
			}
		},
		{
			"from": [5.65, 10.42734, 14],
			"to": [10.35, 12.87734, 14],
			"faces": {
				"north": {"uv": [0, 16, 16, 0], "texture": "#3"},
				"east": {"uv": [0, 16, 16, 0], "texture": "#3"},
				"south": {"uv": [0, 16, 16, 0], "texture": "#3"},
				"west": {"uv": [0, 16, 16, 0], "texture": "#3"},
				"up": {"uv": [0, 16, 16, 0], "texture": "#3"},
				"down": {"uv": [0, 16, 16, 0], "texture": "#3"}
			}
		},
		{
			"from": [5.65, 12.82734, 13.9],
			"to": [10.35, 13.07734, 13.9],
			"faces": {
				"north": {"uv": [0, 16, 16, 0], "texture": "#3"},
				"east": {"uv": [0, 16, 16, 0], "texture": "#3"},
				"south": {"uv": [0, 16, 16, 0], "texture": "#3"},
				"west": {"uv": [0, 16, 16, 0], "texture": "#3"},
				"up": {"uv": [0, 16, 16, 0], "texture": "#3"},
				"down": {"uv": [0, 16, 16, 0], "texture": "#3"}
			}
		},
		{
			"from": [5.65, 12.92734, 13.8],
			"to": [10.35, 13.17734, 13.8],
			"faces": {
				"north": {"uv": [0, 16, 16, 0], "texture": "#3"},
				"east": {"uv": [0, 16, 16, 0], "texture": "#3"},
				"south": {"uv": [0, 16, 16, 0], "texture": "#3"},
				"west": {"uv": [0, 16, 16, 0], "texture": "#3"},
				"up": {"uv": [0, 16, 16, 0], "texture": "#3"},
				"down": {"uv": [0, 16, 16, 0], "texture": "#3"}
			}
		},
		{
			"from": [10.32336, 10.42734, 13.86606],
			"to": [11.02336, 12.87734, 13.86606],
			"rotation": {"angle": 22.5, "axis": "y", "origin": [10.67336, 12.60234, 13.86606]},
			"faces": {
				"north": {"uv": [0, 16, 16, 0], "texture": "#3"},
				"east": {"uv": [0, 16, 16, 0], "texture": "#3"},
				"south": {"uv": [0, 16, 16, 0], "texture": "#3"},
				"west": {"uv": [0, 16, 16, 0], "texture": "#3"},
				"up": {"uv": [0, 16, 16, 0], "texture": "#3"},
				"down": {"uv": [0, 16, 16, 0], "texture": "#3"}
			}
		},
		{
			"from": [10.32336, 12.82734, 13.76606],
			"to": [11.02336, 13.07734, 13.76606],
			"rotation": {"angle": 22.5, "axis": "y", "origin": [10.67336, 12.80234, 13.76606]},
			"faces": {
				"north": {"uv": [0, 16, 16, 0], "texture": "#3"},
				"east": {"uv": [0, 16, 16, 0], "texture": "#3"},
				"south": {"uv": [0, 16, 16, 0], "texture": "#3"},
				"west": {"uv": [0, 16, 16, 0], "texture": "#3"},
				"up": {"uv": [0, 16, 16, 0], "texture": "#3"},
				"down": {"uv": [0, 16, 16, 0], "texture": "#3"}
			}
		},
		{
			"from": [10.32336, 12.92734, 13.66606],
			"to": [11.02336, 13.17734, 13.66606],
			"rotation": {"angle": 22.5, "axis": "y", "origin": [10.67336, 12.90234, 13.66606]},
			"faces": {
				"north": {"uv": [0, 16, 16, 0], "texture": "#3"},
				"east": {"uv": [0, 16, 16, 0], "texture": "#3"},
				"south": {"uv": [0, 16, 16, 0], "texture": "#3"},
				"west": {"uv": [0, 16, 16, 0], "texture": "#3"},
				"up": {"uv": [0, 16, 16, 0], "texture": "#3"},
				"down": {"uv": [0, 16, 16, 0], "texture": "#3"}
			}
		},
		{
			"from": [4.97664, 10.42734, 13.86606],
			"to": [5.67664, 12.87734, 13.86606],
			"rotation": {"angle": -22.5, "axis": "y", "origin": [5.32664, 12.60234, 13.86606]},
			"faces": {
				"north": {"uv": [16, 16, 0, 0], "texture": "#3"},
				"east": {"uv": [16, 16, 0, 0], "texture": "#3"},
				"south": {"uv": [16, 16, 0, 0], "texture": "#3"},
				"west": {"uv": [16, 16, 0, 0], "texture": "#3"},
				"up": {"uv": [16, 16, 0, 0], "texture": "#3"},
				"down": {"uv": [16, 16, 0, 0], "texture": "#3"}
			}
		},
		{
			"from": [4.97664, 12.82734, 13.76606],
			"to": [5.67664, 13.07734, 13.76606],
			"rotation": {"angle": -22.5, "axis": "y", "origin": [5.32664, 12.80234, 13.76606]},
			"faces": {
				"north": {"uv": [16, 16, 0, 0], "texture": "#3"},
				"east": {"uv": [16, 16, 0, 0], "texture": "#3"},
				"south": {"uv": [16, 16, 0, 0], "texture": "#3"},
				"west": {"uv": [16, 16, 0, 0], "texture": "#3"},
				"up": {"uv": [16, 16, 0, 0], "texture": "#3"},
				"down": {"uv": [16, 16, 0, 0], "texture": "#3"}
			}
		},
		{
			"from": [4.97664, 12.92734, 13.66606],
			"to": [5.67664, 13.17734, 13.66606],
			"rotation": {"angle": -22.5, "axis": "y", "origin": [5.32664, 12.90234, 13.66606]},
			"faces": {
				"north": {"uv": [16, 16, 0, 0], "texture": "#3"},
				"east": {"uv": [16, 16, 0, 0], "texture": "#3"},
				"south": {"uv": [16, 16, 0, 0], "texture": "#3"},
				"west": {"uv": [16, 16, 0, 0], "texture": "#3"},
				"up": {"uv": [16, 16, 0, 0], "texture": "#3"},
				"down": {"uv": [16, 16, 0, 0], "texture": "#3"}
			}
		},
		{
			"from": [4.65, 5.42734, 11.9],
			"to": [11.35, 10.77734, 15],
			"faces": {
				"north": {"uv": [0, 1, 4, 0], "texture": "#2"},
				"east": {"uv": [0, 1, 4, 0], "texture": "#2"},
				"south": {"uv": [0, 1, 4, 0], "texture": "#2"},
				"west": {"uv": [0, 1, 4, 0], "texture": "#2"},
				"up": {"uv": [0, 1, 4, 0], "texture": "#2"},
				"down": {"uv": [0, 1, 4, 0], "texture": "#2"}
			}
		},
		{
			"from": [4.65, 5.42734, 11.9],
			"to": [11.35, 6.67734, 16],
			"faces": {
				"north": {"uv": [0, 1, 4, 0], "texture": "#2"},
				"east": {"uv": [0, 1, 4, 0], "texture": "#2"},
				"south": {"uv": [0, 1, 4, 0], "texture": "#2"},
				"west": {"uv": [0, 1, 4, 0], "texture": "#2"},
				"up": {"uv": [0, 1, 4, 0], "texture": "#2"},
				"down": {"uv": [0, 1, 4, 0], "texture": "#2"}
			}
		},
		{
			"from": [4.65, 6.23981, 13.1205],
			"to": [11.35, 9.33981, 18.4705],
			"rotation": {"angle": 45, "axis": "x", "origin": [8, 7.78981, 15.7955]},
			"faces": {
				"north": {"uv": [0, 1, 4, 0], "rotation": 180, "texture": "#2"},
				"east": {"uv": [0, 1, 4, 0], "rotation": 90, "texture": "#2"},
				"south": {"uv": [0, 1, 4, 0], "texture": "#2"},
				"west": {"uv": [0, 1, 4, 0], "rotation": 270, "texture": "#2"},
				"up": {"uv": [0, 1, 4, 0], "texture": "#2"},
				"down": {"uv": [0, 1, 4, 0], "rotation": 180, "texture": "#2"}
			}
		},
		{
			"from": [5.65, 6.23981, 13.1205],
			"to": [10.35, 9.43981, 19.4705],
			"rotation": {"angle": 45, "axis": "x", "origin": [8, 7.78981, 15.7955]},
			"faces": {
				"north": {"uv": [0, 1, 4, 0], "rotation": 180, "texture": "#2"},
				"east": {"uv": [0, 1, 4, 0], "rotation": 90, "texture": "#2"},
				"south": {"uv": [0, 1, 4, 0], "texture": "#2"},
				"west": {"uv": [0, 1, 4, 0], "rotation": 270, "texture": "#2"},
				"up": {"uv": [0, 1, 4, 0], "texture": "#2"},
				"down": {"uv": [0, 1, 4, 0], "rotation": 180, "texture": "#2"}
			}
		},
		{
			"from": [5.65, 9.53981, 13.5205],
			"to": [10.35, 9.63981, 18.6705],
			"rotation": {"angle": 45, "axis": "x", "origin": [8, 7.88981, 15.7955]},
			"faces": {
				"north": {"uv": [0, 1, 4, 0], "rotation": 180, "texture": "#2"},
				"east": {"uv": [0, 1, 4, 0], "rotation": 90, "texture": "#2"},
				"south": {"uv": [0, 1, 4, 0], "texture": "#2"},
				"west": {"uv": [0, 1, 4, 0], "rotation": 270, "texture": "#2"},
				"up": {"uv": [0, 0, 16, 15.982], "texture": "#6"},
				"down": {"uv": [0, 1, 4, 0], "rotation": 180, "texture": "#2"}
			}
		},
		{
			"from": [5.45, 4.12734, 12.7],
			"to": [10.55, 6.82734, 17.2],
			"faces": {
				"north": {"uv": [0, 1, 4, 0], "texture": "#0"},
				"east": {"uv": [0, 1, 4, 0], "texture": "#0"},
				"south": {"uv": [0, 1, 4, 0], "texture": "#0"},
				"west": {"uv": [0, 1, 4, 0], "texture": "#0"},
				"up": {"uv": [0, 1, 4, 0], "texture": "#0"},
				"down": {"uv": [0, 1, 4, 0], "texture": "#0"}
			}
		},
		{
			"from": [3.65, 5.42734, 12],
			"to": [12.35, 10.27734, 14],
			"faces": {
				"north": {"uv": [0, 1, 4, 0], "texture": "#2"},
				"east": {"uv": [0, 1, 4, 0], "texture": "#2"},
				"south": {"uv": [0, 1, 4, 0], "texture": "#2"},
				"west": {"uv": [0, 1, 4, 0], "texture": "#2"},
				"up": {"uv": [0, 1, 4, 0], "texture": "#2"},
				"down": {"uv": [0, 1, 4, 0], "texture": "#2"}
			}
		},
		{
			"from": [4.65, 3.87734, 10],
			"to": [11.35, 5.42734, 13],
			"faces": {
				"north": {"uv": [0, 1, 4, 0], "texture": "#2"},
				"east": {"uv": [0, 1, 4, 0], "texture": "#2"},
				"south": {"uv": [0, 1, 4, 0], "texture": "#2"},
				"west": {"uv": [0, 1, 4, 0], "texture": "#2"},
				"up": {"uv": [0, 1, 4, 0], "texture": "#2"},
				"down": {"uv": [0, 1, 4, 0], "texture": "#2"}
			}
		},
		{
			"from": [5.4, 6.52734, 0],
			"to": [10.6, 6.62734, 10],
			"faces": {
				"north": {"uv": [0, 16, 16, 0], "texture": "#1"},
				"east": {"uv": [0, 16, 16, 0], "texture": "#1"},
				"south": {"uv": [0, 16, 16, 0], "texture": "#1"},
				"west": {"uv": [0, 16, 16, 0], "texture": "#1"},
				"up": {"uv": [0, 16, 16, 0], "texture": "#1"},
				"down": {"uv": [0, 16, 16, 0], "texture": "#1"}
			}
		},
		{
			"from": [5, 6.52734, -4],
			"to": [11, 8.52734, -2],
			"faces": {
				"north": {"uv": [0, 1, 4, 0], "texture": "#5"},
				"east": {"uv": [0, 1, 4, 0], "texture": "#5"},
				"south": {"uv": [0, 1, 4, 0], "texture": "#5"},
				"west": {"uv": [0, 1, 4, 0], "texture": "#5"},
				"up": {"uv": [0, 1, 4, 0], "texture": "#5"},
				"down": {"uv": [0, 1, 4, 0], "texture": "#5"}
			}
		},
		{
			"from": [5.8, 8.52734, -3.25],
			"to": [6.55, 10.92734, -2.5],
			"faces": {
				"north": {"uv": [3, 3, 4, 2], "texture": "#4"},
				"east": {"uv": [3, 3, 4, 2], "texture": "#4"},
				"south": {"uv": [3, 3, 4, 2], "texture": "#4"},
				"west": {"uv": [3, 3, 4, 2], "texture": "#4"},
				"up": {"uv": [3, 3, 4, 2], "texture": "#4"},
				"down": {"uv": [3, 3, 4, 2], "texture": "#4"}
			}
		},
		{
			"from": [9.45, 8.52734, -3.25],
			"to": [10.2, 10.92734, -2.5],
			"faces": {
				"north": {"uv": [4, 3, 3, 2], "texture": "#4"},
				"east": {"uv": [4, 3, 3, 2], "texture": "#4"},
				"south": {"uv": [4, 3, 3, 2], "texture": "#4"},
				"west": {"uv": [4, 3, 3, 2], "texture": "#4"},
				"up": {"uv": [4, 3, 3, 2], "texture": "#4"},
				"down": {"uv": [4, 3, 3, 2], "texture": "#4"}
			}
		},
		{
			"from": [5.45, 9.92734, -3.75],
			"to": [10.7, 12.92734, -2],
			"faces": {
				"north": {"uv": [16, 16, 0, 0], "texture": "#1"},
				"east": {"uv": [16, 16, 0, 0], "texture": "#1"},
				"south": {"uv": [16, 16, 0, 0], "texture": "#1"},
				"west": {"uv": [16, 16, 0, 0], "texture": "#1"},
				"up": {"uv": [16, 16, 0, 0], "texture": "#1"},
				"down": {"uv": [16, 16, 0, 0], "texture": "#1"}
			}
		},
		{
			"from": [5.1, 6.71313, -3],
			"to": [10.9, 8.11313, -0.1],
			"rotation": {"angle": 45, "axis": "x", "origin": [8, 7.11313, -2]},
			"faces": {
				"north": {"uv": [0, 1, 4, 0], "texture": "#5"},
				"east": {"uv": [0, 1, 4, 0], "texture": "#5"},
				"south": {"uv": [0, 1, 4, 0], "texture": "#5"},
				"west": {"uv": [0, 1, 4, 0], "texture": "#5"},
				"up": {"uv": [0, 1, 4, 0], "texture": "#5"},
				"down": {"uv": [0, 1, 4, 0], "texture": "#5"}
			}
		},
		{
			"from": [5.708, 2.58478, -4.236],
			"to": [10.368, 4.86478, -1.956],
			"faces": {
				"north": {"uv": [0, 16, 16, 0], "texture": "#4"},
				"east": {"uv": [0, 16, 16, 0], "texture": "#4"},
				"south": {"uv": [0, 16, 16, 0], "texture": "#4"},
				"west": {"uv": [0, 16, 16, 0], "texture": "#4"},
				"up": {"uv": [0, 16, 16, 0], "texture": "#4"},
				"down": {"uv": [0, 16, 16, 0], "texture": "#4"}
			}
		},
		{
			"from": [6.468, 2.58478, -4.236],
			"to": [9.608, 4.10478, 7.164],
			"faces": {
				"north": {"uv": [0, 16, 16, 0], "texture": "#1"},
				"east": {"uv": [0, 16, 16, 0], "texture": "#1"},
				"south": {"uv": [0, 16, 16, 0], "texture": "#1"},
				"west": {"uv": [0, 16, 16, 0], "texture": "#1"},
				"up": {"uv": [0, 16, 16, 0], "texture": "#1"},
				"down": {"uv": [0, 16, 16, 0], "texture": "#1"}
			}
		},
		{
			"from": [5.708, 2.58478, 3.364],
			"to": [10.368, 4.86478, 5.644],
			"faces": {
				"north": {"uv": [0, 16, 16, 0], "texture": "#4"},
				"east": {"uv": [0, 16, 16, 0], "texture": "#4"},
				"south": {"uv": [0, 16, 16, 0], "texture": "#4"},
				"west": {"uv": [0, 16, 16, 0], "texture": "#4"},
				"up": {"uv": [0, 16, 16, 0], "texture": "#4"},
				"down": {"uv": [0, 16, 16, 0], "texture": "#4"}
			}
		},
		{
			"from": [5.708, 2.58478, -1.196],
			"to": [10.368, 4.86478, 1.084],
			"faces": {
				"north": {"uv": [0, 16, 16, 0], "texture": "#4"},
				"east": {"uv": [0, 16, 16, 0], "texture": "#4"},
				"south": {"uv": [0, 16, 16, 0], "texture": "#4"},
				"west": {"uv": [0, 16, 16, 0], "texture": "#4"},
				"up": {"uv": [0, 16, 16, 0], "texture": "#4"},
				"down": {"uv": [0, 16, 16, 0], "texture": "#4"}
			}
		},
		{
			"from": [5.708, 2.58478, 6.404],
			"to": [10.368, 4.86478, 8.684],
			"faces": {
				"north": {"uv": [0, 16, 16, 0], "texture": "#4"},
				"east": {"uv": [0, 16, 16, 0], "texture": "#4"},
				"south": {"uv": [0, 16, 16, 0], "texture": "#4"},
				"west": {"uv": [0, 16, 16, 0], "texture": "#4"},
				"up": {"uv": [0, 16, 16, 0], "texture": "#4"},
				"down": {"uv": [0, 16, 16, 0], "texture": "#4"}
			}
		},
		{
			"from": [4.708, 3.58478, 7.154],
			"to": [5.708, 4.11478, 7.934],
			"faces": {
				"north": {"uv": [0, 1, 1, 0], "texture": "#4"},
				"east": {"uv": [0, 1, 1, 0], "texture": "#4"},
				"south": {"uv": [0, 1, 1, 0], "texture": "#4"},
				"west": {"uv": [0, 1, 1, 0], "texture": "#4"},
				"up": {"uv": [0, 1, 1, 0], "texture": "#4"},
				"down": {"uv": [0, 1, 1, 0], "texture": "#4"}
			}
		},
		{
			"from": [10.292, 3.58478, 7.154],
			"to": [11.292, 4.11478, 7.934],
			"faces": {
				"north": {"uv": [1, 1, 0, 0], "texture": "#4"},
				"east": {"uv": [1, 1, 0, 0], "texture": "#4"},
				"south": {"uv": [1, 1, 0, 0], "texture": "#4"},
				"west": {"uv": [1, 1, 0, 0], "texture": "#4"},
				"up": {"uv": [1, 1, 0, 0], "texture": "#4"},
				"down": {"uv": [1, 1, 0, 0], "texture": "#4"}
			}
		},
		{
			"from": [4.708, 2.68478, 13.554],
			"to": [5.208, 5.71478, 13.934],
			"faces": {
				"north": {"uv": [0, 1, 1, 0], "texture": "#4"},
				"east": {"uv": [0, 1, 1, 0], "texture": "#4"},
				"south": {"uv": [0, 1, 1, 0], "texture": "#4"},
				"west": {"uv": [0, 1, 1, 0], "texture": "#4"},
				"up": {"uv": [0, 1, 1, 0], "texture": "#4"},
				"down": {"uv": [0, 1, 1, 0], "texture": "#4"}
			}
		},
		{
			"from": [10.792, 2.68478, 13.554],
			"to": [11.292, 5.71478, 13.934],
			"faces": {
				"north": {"uv": [1, 1, 0, 0], "texture": "#4"},
				"east": {"uv": [1, 1, 0, 0], "texture": "#4"},
				"south": {"uv": [1, 1, 0, 0], "texture": "#4"},
				"west": {"uv": [1, 1, 0, 0], "texture": "#4"},
				"up": {"uv": [1, 1, 0, 0], "texture": "#4"},
				"down": {"uv": [1, 1, 0, 0], "texture": "#4"}
			}
		},
		{
			"from": [3.708, 2.48478, 10.554],
			"to": [6.208, 2.71478, 16.634],
			"faces": {
				"north": {"uv": [0, 1, 1, 0], "texture": "#4"},
				"east": {"uv": [0, 1, 1, 0], "texture": "#4"},
				"south": {"uv": [0, 1, 1, 0], "texture": "#4"},
				"west": {"uv": [0, 1, 1, 0], "texture": "#4"},
				"up": {"uv": [0, 1, 1, 0], "texture": "#4"},
				"down": {"uv": [0, 1, 1, 0], "texture": "#4"}
			}
		},
		{
			"from": [9.792, 2.48478, 10.554],
			"to": [12.292, 2.71478, 16.634],
			"faces": {
				"north": {"uv": [1, 1, 0, 0], "texture": "#4"},
				"east": {"uv": [1, 1, 0, 0], "texture": "#4"},
				"south": {"uv": [1, 1, 0, 0], "texture": "#4"},
				"west": {"uv": [1, 1, 0, 0], "texture": "#4"},
				"up": {"uv": [1, 1, 0, 0], "texture": "#4"},
				"down": {"uv": [1, 1, 0, 0], "texture": "#4"}
			}
		},
		{
			"from": [4.508, 2.68478, 16.554],
			"to": [5.408, 2.91478, 17.634],
			"rotation": {"angle": -22.5, "axis": "x", "origin": [4.958, 2.79978, 17.094]},
			"faces": {
				"north": {"uv": [0, 1, 1, 0], "texture": "#4"},
				"east": {"uv": [0, 1, 1, 0], "texture": "#4"},
				"south": {"uv": [0, 1, 1, 0], "texture": "#4"},
				"west": {"uv": [0, 1, 1, 0], "texture": "#4"},
				"up": {"uv": [0, 1, 1, 0], "texture": "#4"},
				"down": {"uv": [0, 1, 1, 0], "texture": "#4"}
			}
		},
		{
			"from": [10.592, 2.68478, 16.554],
			"to": [11.492, 2.91478, 17.634],
			"rotation": {"angle": -22.5, "axis": "x", "origin": [11.042, 2.79978, 17.094]},
			"faces": {
				"north": {"uv": [1, 1, 0, 0], "texture": "#4"},
				"east": {"uv": [1, 1, 0, 0], "texture": "#4"},
				"south": {"uv": [1, 1, 0, 0], "texture": "#4"},
				"west": {"uv": [1, 1, 0, 0], "texture": "#4"},
				"up": {"uv": [1, 1, 0, 0], "texture": "#4"},
				"down": {"uv": [1, 1, 0, 0], "texture": "#4"}
			}
		},
		{
			"from": [10.292, 3.58478, 7.154],
			"to": [11.292, 4.11478, 7.934],
			"faces": {
				"north": {"uv": [1, 1, 0, 0], "texture": "#4"},
				"east": {"uv": [1, 1, 0, 0], "texture": "#4"},
				"south": {"uv": [1, 1, 0, 0], "texture": "#4"},
				"west": {"uv": [1, 1, 0, 0], "texture": "#4"},
				"up": {"uv": [1, 1, 0, 0], "texture": "#4"},
				"down": {"uv": [1, 1, 0, 0], "texture": "#4"}
			}
		},
		{
			"from": [4.208, 3.08478, 7.154],
			"to": [4.708, 3.61478, 13.934],
			"faces": {
				"north": {"uv": [0, 1, 1, 0], "texture": "#4"},
				"east": {"uv": [0, 1, 1, 0], "texture": "#4"},
				"south": {"uv": [0, 1, 1, 0], "texture": "#4"},
				"west": {"uv": [0, 1, 1, 0], "texture": "#4"},
				"up": {"uv": [0, 1, 1, 0], "texture": "#4"},
				"down": {"uv": [0, 1, 1, 0], "texture": "#4"}
			}
		},
		{
			"from": [11.292, 3.08478, 7.154],
			"to": [11.792, 3.61478, 13.934],
			"faces": {
				"north": {"uv": [1, 1, 0, 0], "texture": "#4"},
				"east": {"uv": [1, 1, 0, 0], "texture": "#4"},
				"south": {"uv": [1, 1, 0, 0], "texture": "#4"},
				"west": {"uv": [1, 1, 0, 0], "texture": "#4"},
				"up": {"uv": [1, 1, 0, 0], "texture": "#4"},
				"down": {"uv": [1, 1, 0, 0], "texture": "#4"}
			}
		},
		{
			"from": [11.292, 3.08478, 7.154],
			"to": [11.792, 3.61478, 13.934],
			"faces": {
				"north": {"uv": [1, 1, 0, 0], "texture": "#4"},
				"east": {"uv": [1, 1, 0, 0], "texture": "#4"},
				"south": {"uv": [1, 1, 0, 0], "texture": "#4"},
				"west": {"uv": [1, 1, 0, 0], "texture": "#4"},
				"up": {"uv": [1, 1, 0, 0], "texture": "#4"},
				"down": {"uv": [1, 1, 0, 0], "texture": "#4"}
			}
		},
		{
			"from": [5.48, 1.92049, -3.98565],
			"to": [10.52, 2.68049, -3.22565],
			"rotation": {"angle": 22.5, "axis": "x", "origin": [9, 2.30049, -3.60565]},
			"faces": {
				"north": {"uv": [0, 0, 4, 1], "texture": "#0"},
				"east": {"uv": [0, 0, 4, 1], "texture": "#0"},
				"south": {"uv": [0, 0, 4, 1], "texture": "#0"},
				"west": {"uv": [0, 0, 4, 1], "texture": "#0"},
				"up": {"uv": [0, 0, 4, 1], "texture": "#0"},
				"down": {"uv": [0, 0, 4, 1], "texture": "#0"}
			}
		},
		{
			"from": [5.48, 1.92049, 7.82565],
			"to": [10.52, 2.68049, 8.58565],
			"rotation": {"angle": -22.5, "axis": "x", "origin": [9, 2.30049, 8.20565]},
			"faces": {
				"north": {"uv": [4, 0, 0, 1], "texture": "#0"},
				"east": {"uv": [4, 0, 0, 1], "texture": "#0"},
				"south": {"uv": [4, 0, 0, 1], "texture": "#0"},
				"west": {"uv": [4, 0, 0, 1], "texture": "#0"},
				"up": {"uv": [0, 1, 4, 0], "texture": "#0"},
				"down": {"uv": [0, 1, 4, 0], "texture": "#0"}
			}
		},
		{
			"from": [5.48, 4.74828, -3.98565],
			"to": [10.52, 5.50828, -3.22565],
			"rotation": {"angle": -22.5, "axis": "x", "origin": [9, 5.12828, -3.60565]},
			"faces": {
				"north": {"uv": [0, 1, 4, 0], "texture": "#0"},
				"east": {"uv": [0, 1, 4, 0], "texture": "#0"},
				"south": {"uv": [0, 1, 4, 0], "texture": "#0"},
				"west": {"uv": [0, 1, 4, 0], "texture": "#0"},
				"up": {"uv": [0, 1, 4, 0], "texture": "#0"},
				"down": {"uv": [0, 1, 4, 0], "texture": "#0"}
			}
		},
		{
			"from": [5.48, 4.74828, 7.82565],
			"to": [10.52, 5.50828, 8.58565],
			"rotation": {"angle": 22.5, "axis": "x", "origin": [9, 5.12828, 8.20565]},
			"faces": {
				"north": {"uv": [4, 1, 0, 0], "texture": "#0"},
				"east": {"uv": [4, 1, 0, 0], "texture": "#0"},
				"south": {"uv": [4, 1, 0, 0], "texture": "#0"},
				"west": {"uv": [4, 1, 0, 0], "texture": "#0"},
				"up": {"uv": [0, 0, 4, 1], "texture": "#0"},
				"down": {"uv": [0, 0, 4, 1], "texture": "#0"}
			}
		},
		{
			"from": [5.48, 2.25224, -4.48215],
			"to": [10.52, 3.01224, -3.72215],
			"rotation": {"angle": 45, "axis": "x", "origin": [9, 2.63224, -4.10215]},
			"faces": {
				"north": {"uv": [0, 0, 4, 1], "texture": "#0"},
				"east": {"uv": [0, 0, 4, 1], "texture": "#0"},
				"south": {"uv": [0, 0, 4, 1], "texture": "#0"},
				"west": {"uv": [0, 0, 4, 1], "texture": "#0"},
				"up": {"uv": [0, 0, 4, 1], "texture": "#0"},
				"down": {"uv": [0, 0, 4, 1], "texture": "#0"}
			}
		},
		{
			"from": [5.48, 2.25224, 8.32215],
			"to": [10.52, 3.01224, 9.08215],
			"rotation": {"angle": -45, "axis": "x", "origin": [9, 2.63224, 8.70215]},
			"faces": {
				"north": {"uv": [4, 0, 0, 1], "texture": "#0"},
				"east": {"uv": [4, 0, 0, 1], "texture": "#0"},
				"south": {"uv": [4, 0, 0, 1], "texture": "#0"},
				"west": {"uv": [4, 0, 0, 1], "texture": "#0"},
				"up": {"uv": [0, 1, 4, 0], "texture": "#0"},
				"down": {"uv": [0, 1, 4, 0], "texture": "#0"}
			}
		},
		{
			"from": [5.48, 4.41654, -4.48215],
			"to": [10.52, 5.17654, -3.72215],
			"rotation": {"angle": -45, "axis": "x", "origin": [9, 4.79654, -4.10215]},
			"faces": {
				"north": {"uv": [0, 1, 4, 0], "texture": "#0"},
				"east": {"uv": [0, 1, 4, 0], "texture": "#0"},
				"south": {"uv": [0, 1, 4, 0], "texture": "#0"},
				"west": {"uv": [0, 1, 4, 0], "texture": "#0"},
				"up": {"uv": [0, 1, 4, 0], "texture": "#0"},
				"down": {"uv": [0, 1, 4, 0], "texture": "#0"}
			}
		},
		{
			"from": [5.48, 4.41654, 8.32215],
			"to": [10.52, 5.17654, 9.08215],
			"rotation": {"angle": 45, "axis": "x", "origin": [9, 4.79654, 8.70215]},
			"faces": {
				"north": {"uv": [4, 1, 0, 0], "texture": "#0"},
				"east": {"uv": [4, 1, 0, 0], "texture": "#0"},
				"south": {"uv": [4, 1, 0, 0], "texture": "#0"},
				"west": {"uv": [4, 1, 0, 0], "texture": "#0"},
				"up": {"uv": [0, 0, 4, 1], "texture": "#0"},
				"down": {"uv": [0, 0, 4, 1], "texture": "#0"}
			}
		},
		{
			"from": [5.48, 2.74873, -4.8139],
			"to": [10.52, 3.50873, -4.0539],
			"rotation": {"angle": -22.5, "axis": "x", "origin": [9, 3.12873, -4.4339]},
			"faces": {
				"north": {"uv": [0, 0, 4, 1], "rotation": 180, "texture": "#0"},
				"east": {"uv": [0, 0, 4, 1], "rotation": 270, "texture": "#0"},
				"south": {"uv": [0, 0, 4, 1], "texture": "#0"},
				"west": {"uv": [0, 0, 4, 1], "rotation": 90, "texture": "#0"},
				"up": {"uv": [0, 0, 4, 1], "rotation": 180, "texture": "#0"},
				"down": {"uv": [0, 0, 4, 1], "texture": "#0"}
			}
		},
		{
			"from": [5.48, 2.74873, 8.6539],
			"to": [10.52, 3.50873, 9.4139],
			"rotation": {"angle": 22.5, "axis": "x", "origin": [9, 3.12873, 9.0339]},
			"faces": {
				"north": {"uv": [4, 0, 0, 1], "texture": "#0"},
				"east": {"uv": [0, 1, 4, 0], "rotation": 270, "texture": "#0"},
				"south": {"uv": [4, 0, 0, 1], "rotation": 180, "texture": "#0"},
				"west": {"uv": [0, 1, 4, 0], "rotation": 90, "texture": "#0"},
				"up": {"uv": [0, 1, 4, 0], "rotation": 180, "texture": "#0"},
				"down": {"uv": [0, 1, 4, 0], "texture": "#0"}
			}
		},
		{
			"from": [5.48, 3.92004, -4.8139],
			"to": [10.52, 4.68004, -4.0539],
			"rotation": {"angle": 22.5, "axis": "x", "origin": [9, 4.30004, -4.4339]},
			"faces": {
				"north": {"uv": [0, 1, 4, 0], "rotation": 180, "texture": "#0"},
				"east": {"uv": [4, 0, 0, 1], "rotation": 270, "texture": "#0"},
				"south": {"uv": [0, 1, 4, 0], "texture": "#0"},
				"west": {"uv": [4, 0, 0, 1], "rotation": 90, "texture": "#0"},
				"up": {"uv": [0, 1, 4, 0], "texture": "#0"},
				"down": {"uv": [0, 1, 4, 0], "rotation": 180, "texture": "#0"}
			}
		},
		{
			"from": [5.48, 3.92004, 8.6539],
			"to": [10.52, 4.68004, 9.4139],
			"rotation": {"angle": -22.5, "axis": "x", "origin": [9, 4.30004, 9.0339]},
			"faces": {
				"north": {"uv": [4, 1, 0, 0], "texture": "#0"},
				"east": {"uv": [4, 1, 0, 0], "rotation": 270, "texture": "#0"},
				"south": {"uv": [4, 1, 0, 0], "rotation": 180, "texture": "#0"},
				"west": {"uv": [4, 1, 0, 0], "rotation": 90, "texture": "#0"},
				"up": {"uv": [0, 0, 4, 1], "texture": "#0"},
				"down": {"uv": [0, 0, 4, 1], "rotation": 180, "texture": "#0"}
			}
		},
		{
			"from": [5.48, 3.33439, -4.93039],
			"to": [10.52, 4.09439, -4.17039],
			"faces": {
				"north": {"uv": [0, 0, 4, 1], "rotation": 180, "texture": "#0"},
				"east": {"uv": [0, 0, 4, 1], "rotation": 270, "texture": "#0"},
				"south": {"uv": [0, 0, 4, 1], "texture": "#0"},
				"west": {"uv": [0, 0, 4, 1], "rotation": 90, "texture": "#0"},
				"up": {"uv": [0, 0, 4, 1], "rotation": 180, "texture": "#0"},
				"down": {"uv": [0, 0, 4, 1], "texture": "#0"}
			}
		},
		{
			"from": [5.48, 3.33439, 8.77039],
			"to": [10.52, 4.09439, 9.53039],
			"faces": {
				"north": {"uv": [4, 0, 0, 1], "texture": "#0"},
				"east": {"uv": [0, 1, 4, 0], "rotation": 270, "texture": "#0"},
				"south": {"uv": [4, 0, 0, 1], "rotation": 180, "texture": "#0"},
				"west": {"uv": [0, 1, 4, 0], "rotation": 90, "texture": "#0"},
				"up": {"uv": [0, 1, 4, 0], "rotation": 180, "texture": "#0"},
				"down": {"uv": [0, 1, 4, 0], "texture": "#0"}
			}
		},
		{
			"from": [5.48, 3.33439, -4.93039],
			"to": [10.52, 4.09439, -4.17039],
			"faces": {
				"north": {"uv": [0, 1, 4, 0], "rotation": 180, "texture": "#0"},
				"east": {"uv": [4, 0, 0, 1], "rotation": 270, "texture": "#0"},
				"south": {"uv": [0, 1, 4, 0], "texture": "#0"},
				"west": {"uv": [4, 0, 0, 1], "rotation": 90, "texture": "#0"},
				"up": {"uv": [0, 1, 4, 0], "texture": "#0"},
				"down": {"uv": [0, 1, 4, 0], "rotation": 180, "texture": "#0"}
			}
		}
	],
	"display": {
		"head": {
			"rotation": [0, 180, 0],
			"translation": [0, -23.25, -11.25],
			"scale": [3.47, 3.47, 3.47]
		}
	}
}