{
  "credit": "Ressource Pack By Remii62",
  "parent": "item/handheld",
  "textures": {
    "layer0": "item/iron_sword"
  },
  "overrides": [
    {
      "predicate": {
        "damaged": 0,
        "damage": 0.00398406374501992
      },
      "model": "item/train/tdh"
    },
    {
      "predicate": {
        "damaged": 0,
        "damage": 0.00796812749003984
      },
      "model": "item/train/sos2"
    },
    {
      "predicate": {
        "damaged": 0,
        "damage": 0.011952191235059761
      },
      "model": "item/train/pegase1"
    },
    {
      "predicate": {
        "damaged": 0,
        "damage": 0.015936254980079681
      },
      "model": "item/train/pegase2"
    },
    {
      "predicate": {
        "damaged": 0,
        "damage": 0.0199203187250996
      },
      "model": "item/train/gp"
    },
    {
      "predicate": {
        "damaged": 0,
        "damage": 0.023904382470119521
      },
      "model": "item/train/sos1"
    },
    {
      "predicate": {
        "damaged": 0,
        "damage": 0.027888446215139442
      },
      "model": "item/train/bouer"
    },
    {
      "predicate": {
        "damaged": 0,
        "damage": 0.031872509960159362
      },
      "model": "item/train/oziris"
    }
  ]
}