{
  "parent": "minecraft:block/lime_stained_glass",
  "overrides": [
    { "predicate": { "custom_model_data":6701 }, "model": "minecraft:item/lp" },
    { "predicate": { "custom_model_data":6702 }, "model": "minecraft:item/lp_tungsten" },
    { "predicate": { "custom_model_data":6703 }, "model": "minecraft:item/lp_white" },
    { "predicate": { "custom_model_data":6704 }, "model": "minecraft:item/lp_monitor" },
    { "predicate": { "custom_model_data":6705 }, "model": "minecraft:item/lp_red" },
    { "predicate": { "custom_model_data":6706 }, "model": "minecraft:item/lp_orange" },
    { "predicate": { "custom_model_data":6707 }, "model": "minecraft:item/lp_yellow" },
    { "predicate": { "custom_model_data":6708 }, "model": "minecraft:item/lp_lime" },
    { "predicate": { "custom_model_data":6709 }, "model": "minecraft:item/lp_green" },
    { "predicate": { "custom_model_data":6710 }, "model": "minecraft:item/lp_mint" },
    { "predicate": { "custom_model_data":6711 }, "model": "minecraft:item/lp_cyan" },
    { "predicate": { "custom_model_data":6712 }, "model": "minecraft:item/lp_azure" },
    { "predicate": { "custom_model_data":6713 }, "model": "minecraft:item/lp_blue" },
    { "predicate": { "custom_model_data":6714 }, "model": "minecraft:item/lp_violet" },
    { "predicate": { "custom_model_data":6715 }, "model": "minecraft:item/lp_magenta" },
    { "predicate": { "custom_model_data":6716 }, "model": "minecraft:item/lp_pink" }
  ]
}
