{
	"credit": "Made with Blockbench",
	"textures": {
		"0": "block/jukebox_side",
		"1": "block/andesite",
		"particle": "block/jukebox_side"
	},
	"elements": [
		{
			"from": [4.13314, 7.67149, 7.73656],
			"to": [7.63314, 9.17149, 9.23656],
			"faces": {
				"north": {"uv": [0, 0, 16, 16], "texture": "#0"},
				"east": {"uv": [0, 0, 16, 16], "texture": "#0"},
				"south": {"uv": [0, 0, 16, 16], "texture": "#0"},
				"west": {"uv": [0, 0, 16, 16], "texture": "#0"},
				"up": {"uv": [0, 0, 16, 16], "texture": "#0"},
				"down": {"uv": [0, 0, 16, 16], "texture": "#0"}
			}
		},
		{
			"from": [7.63314, 7.92149, 6.73656],
			"to": [14.88314, 8.92149, 7.73656],
			"rotation": {"angle": 45, "axis": "y", "origin": [9.13325, 8.42262, 8.48533]},
			"faces": {
				"north": {"uv": [0, 0, 7.25, 1], "texture": "#1"},
				"east": {"uv": [0, 0, 7.25, 1], "texture": "#1"},
				"south": {"uv": [0, 0, 7.25, 1], "texture": "#1"},
				"west": {"uv": [0, 0, 7.25, 1], "texture": "#1"},
				"up": {"uv": [0, 0, 7.25, 1], "texture": "#1"},
				"down": {"uv": [0, 0, 7.25, 1], "texture": "#1"}
			}
		},
		{
			"from": [7.63314, 7.92149, 9.23656],
			"to": [14.88314, 8.92149, 10.23656],
			"rotation": {"angle": -45, "axis": "y", "origin": [9.13325, 8.42262, 8.48533]},
			"faces": {
				"north": {"uv": [0, 0, 7.25, 1], "texture": "#1"},
				"east": {"uv": [0, 0, 7.25, 1], "texture": "#1"},
				"south": {"uv": [0, 0, 7.25, 1], "texture": "#1"},
				"west": {"uv": [0, 0, 7.25, 1], "texture": "#1"},
				"up": {"uv": [0, 0, 7.25, 1], "texture": "#1"},
				"down": {"uv": [0, 0, 7.25, 1], "texture": "#1"}
			}
		},
		{
			"from": [7.38212, 2.42273, 7.98656],
			"to": [8.38212, 9.42273, 8.98656],
			"rotation": {"angle": 45, "axis": "z", "origin": [9.13325, 8.42262, 8.48533]},
			"faces": {
				"north": {"uv": [0, 0, 7, 1], "rotation": 270, "texture": "#1"},
				"east": {"uv": [0, 0, 7, 1], "rotation": 270, "texture": "#1"},
				"south": {"uv": [0, 0, 7, 1], "rotation": 270, "texture": "#1"},
				"west": {"uv": [0, 0, 7, 1], "rotation": 270, "texture": "#1"},
				"up": {"uv": [0, 0, 7, 1], "rotation": 270, "texture": "#1"},
				"down": {"uv": [0, 0, 7, 1], "rotation": 270, "texture": "#1"}
			}
		},
		{
			"from": [8.13314, 8.92149, 7.98656],
			"to": [15.13314, 9.92149, 8.98656],
			"rotation": {"angle": 45, "axis": "z", "origin": [9.13325, 8.42262, 8.48533]},
			"faces": {
				"north": {"uv": [0, 0, 7, 1], "texture": "#1"},
				"east": {"uv": [0, 0, 7, 1], "texture": "#1"},
				"south": {"uv": [0, 0, 7, 1], "texture": "#1"},
				"west": {"uv": [0, 0, 7, 1], "texture": "#1"},
				"up": {"uv": [0, 0, 7, 1], "texture": "#1"},
				"down": {"uv": [0, 0, 7, 1], "texture": "#1"}
			}
		}
	],
	"display": {
		"thirdperson_righthand": {
			"rotation": [0, 90, 0],
			"translation": [-0.5, -2.5, -2.75],
			"scale": [1.83, 1.83, 1.83]
		},
		"thirdperson_lefthand": {
			"rotation": [0, -90, 0],
			"translation": [0.5, -2.5, -2.75],
			"scale": [1.83, 1.83, 1.83]
		},
		"head": {
			"translation": [1.75, -7.25, -1],
			"scale": [2.87, 2.87, 2.87]
		}
	}
}