{
	"credit": "Made with Blockbench",
	"textures": {
		"0": "block/cyan_concrete",
		"1": "block/white_concrete",
		"2": "block/white_terracotta",
		"7": "block/lime_terracotta",
		"8": "block/yellow_concrete",
		"1_0": "block/light_gray_concrete",
		"particle": "block/light_gray_concrete",
		"1_1": "block/red_wool",
		"1_2": "block/black_concrete"
	},
	"elements": [
		{
			"name": "hexadecagon",
			"from": [6.72696, 2.8, 1.6],
			"to": [9.27304, 3.2, 14.4],
			"rotation": {"angle": -45, "axis": "y", "origin": [8, 3, 8]},
			"faces": {
				"north": {"uv": [0, 0, 1, 1], "texture": "#1"},
				"east": {"uv": [0, 0, 1, 1], "texture": "#1"},
				"south": {"uv": [0, 0, 1, 1], "texture": "#1"},
				"west": {"uv": [0, 0, 1, 1], "texture": "#1"},
				"up": {"uv": [0, 0, 1, 1], "texture": "#1"},
				"down": {"uv": [0, 0, 1, 1], "texture": "#1"}
			}
		},
		{
			"name": "hexadecagon",
			"from": [6.72696, 2.8, 1.6],
			"to": [9.27304, 3.2, 14.4],
			"rotation": {"angle": -22.5, "axis": "y", "origin": [8, 3, 8]},
			"faces": {
				"north": {"uv": [0, 0, 1, 1], "texture": "#0"},
				"east": {"uv": [0, 0, 1, 1], "texture": "#0"},
				"south": {"uv": [0, 0, 1, 1], "texture": "#0"},
				"west": {"uv": [0, 0, 1, 1], "texture": "#0"},
				"up": {"uv": [0, 0, 1, 1], "texture": "#0"},
				"down": {"uv": [0, 0, 1, 1], "texture": "#0"}
			}
		},
		{
			"name": "hexadecagon",
			"from": [6.72696, 2.8, 1.6],
			"to": [9.27304, 3.2, 14.4],
			"faces": {
				"north": {"uv": [0, 0, 1, 1], "rotation": 270, "texture": "#1"},
				"east": {"uv": [0, 0, 1, 1], "rotation": 270, "texture": "#1"},
				"south": {"uv": [0, 0, 1, 1], "rotation": 270, "texture": "#1"},
				"west": {"uv": [0, 0, 1, 1], "rotation": 270, "texture": "#1"},
				"up": {"uv": [0, 0, 1, 1], "rotation": 270, "texture": "#1"},
				"down": {"uv": [0, 0, 1, 1], "rotation": 270, "texture": "#1"}
			}
		},
		{
			"name": "hexadecagon",
			"from": [6.72696, 2.8, 1.6],
			"to": [9.27304, 3.2, 14.4],
			"rotation": {"angle": 22.5, "axis": "y", "origin": [8, 3, 8]},
			"faces": {
				"north": {"uv": [0, 0, 1, 1], "texture": "#0"},
				"east": {"uv": [0, 0, 1, 1], "texture": "#0"},
				"south": {"uv": [0, 0, 1, 1], "texture": "#0"},
				"west": {"uv": [0, 0, 1, 1], "texture": "#0"},
				"up": {"uv": [0, 0, 1, 1], "texture": "#0"},
				"down": {"uv": [0, 0, 1, 1], "texture": "#0"}
			}
		},
		{
			"name": "hexadecagon",
			"from": [6.72696, 2.8, 1.6],
			"to": [9.27304, 3.2, 14.4],
			"rotation": {"angle": 45, "axis": "y", "origin": [8, 3, 8]},
			"faces": {
				"north": {"uv": [0, 0, 1, 1], "rotation": 270, "texture": "#1"},
				"east": {"uv": [0, 0, 1, 1], "rotation": 270, "texture": "#1"},
				"south": {"uv": [0, 0, 1, 1], "rotation": 270, "texture": "#1"},
				"west": {"uv": [0, 0, 1, 1], "rotation": 270, "texture": "#1"},
				"up": {"uv": [0, 0, 1, 1], "rotation": 270, "texture": "#1"},
				"down": {"uv": [0, 0, 1, 1], "rotation": 270, "texture": "#1"}
			}
		},
		{
			"name": "hexadecagon",
			"from": [1.6, 2.8, 6.72696],
			"to": [14.4, 3.2, 9.27304],
			"rotation": {"angle": -22.5, "axis": "y", "origin": [8, 3, 8]},
			"faces": {
				"north": {"uv": [0, 0, 1, 1], "texture": "#0"},
				"east": {"uv": [0, 0, 1, 1], "texture": "#0"},
				"south": {"uv": [0, 0, 1, 1], "texture": "#0"},
				"west": {"uv": [0, 0, 1, 1], "texture": "#0"},
				"up": {"uv": [0, 0, 1, 1], "texture": "#0"},
				"down": {"uv": [0, 0, 1, 1], "texture": "#0"}
			}
		},
		{
			"name": "hexadecagon",
			"from": [1.6, 2.8, 6.72696],
			"to": [14.4, 3.2, 9.27304],
			"faces": {
				"north": {"uv": [0, 0, 1, 1], "rotation": 270, "texture": "#1"},
				"east": {"uv": [0, 0, 1, 1], "rotation": 270, "texture": "#1"},
				"south": {"uv": [0, 0, 1, 1], "rotation": 270, "texture": "#1"},
				"west": {"uv": [0, 0, 1, 1], "rotation": 270, "texture": "#1"},
				"up": {"uv": [0, 0, 1, 1], "rotation": 270, "texture": "#1"},
				"down": {"uv": [0, 0, 1, 1], "rotation": 270, "texture": "#1"}
			}
		},
		{
			"name": "hexadecagon",
			"from": [1.6, 2.8, 6.72696],
			"to": [14.4, 3.2, 9.27304],
			"rotation": {"angle": 22.5, "axis": "y", "origin": [8, 3, 8]},
			"faces": {
				"north": {"uv": [0, 0, 1, 1], "texture": "#0"},
				"east": {"uv": [0, 0, 1, 1], "texture": "#0"},
				"south": {"uv": [0, 0, 1, 1], "texture": "#0"},
				"west": {"uv": [0, 0, 1, 1], "texture": "#0"},
				"up": {"uv": [0, 0, 1, 1], "texture": "#0"},
				"down": {"uv": [0, 0, 1, 1], "texture": "#0"}
			}
		},
		{
			"name": "hexadecagon",
			"from": [6.59966, 3.33, 0.96],
			"to": [9.40034, 5.77, 15.04],
			"rotation": {"angle": -45, "axis": "y", "origin": [8, 3.55, 8]},
			"faces": {
				"north": {"uv": [0, 0, 1, 1], "texture": "#1"},
				"east": {"uv": [0, 0, 1, 1], "texture": "#1"},
				"south": {"uv": [0, 0, 1, 1], "texture": "#1"},
				"west": {"uv": [0, 0, 1, 1], "texture": "#1"},
				"up": {"uv": [0, 0, 1, 1], "texture": "#1"},
				"down": {"uv": [0, 0, 1, 1], "texture": "#1"}
			}
		},
		{
			"name": "hexadecagon",
			"from": [6.59966, 3.33, 0.96],
			"to": [9.40034, 5.77, 15.04],
			"rotation": {"angle": -22.5, "axis": "y", "origin": [8, 3.55, 8]},
			"faces": {
				"north": {"uv": [0, 0, 1, 1], "texture": "#0"},
				"east": {"uv": [0, 0, 1, 1], "texture": "#0"},
				"south": {"uv": [0, 0, 1, 1], "texture": "#0"},
				"west": {"uv": [0, 0, 1, 1], "texture": "#0"},
				"up": {"uv": [0, 0, 1, 1], "texture": "#0"},
				"down": {"uv": [0, 0, 1, 1], "texture": "#0"}
			}
		},
		{
			"name": "hexadecagon",
			"from": [6.59966, 3.33, 0.96],
			"to": [9.40034, 5.77, 15.04],
			"faces": {
				"north": {"uv": [0, 0, 1, 1], "rotation": 270, "texture": "#1"},
				"east": {"uv": [0, 0, 1, 1], "rotation": 270, "texture": "#1"},
				"south": {"uv": [0, 0, 1, 1], "rotation": 270, "texture": "#1"},
				"west": {"uv": [0, 0, 1, 1], "rotation": 270, "texture": "#1"},
				"up": {"uv": [0, 0, 1, 1], "rotation": 270, "texture": "#1"},
				"down": {"uv": [0, 0, 1, 1], "rotation": 270, "texture": "#1"}
			}
		},
		{
			"name": "hexadecagon",
			"from": [6.59966, 3.33, 0.96],
			"to": [9.40034, 5.77, 15.04],
			"rotation": {"angle": 22.5, "axis": "y", "origin": [8, 3.55, 8]},
			"faces": {
				"north": {"uv": [0, 0, 1, 1], "texture": "#0"},
				"east": {"uv": [0, 0, 1, 1], "texture": "#0"},
				"south": {"uv": [0, 0, 1, 1], "texture": "#0"},
				"west": {"uv": [0, 0, 1, 1], "texture": "#0"},
				"up": {"uv": [0, 0, 1, 1], "texture": "#0"},
				"down": {"uv": [0, 0, 1, 1], "texture": "#0"}
			}
		},
		{
			"name": "hexadecagon",
			"from": [6.59966, 3.33, 0.96],
			"to": [9.40034, 5.77, 15.04],
			"rotation": {"angle": 45, "axis": "y", "origin": [8, 3.55, 8]},
			"faces": {
				"north": {"uv": [0, 0, 1, 1], "rotation": 270, "texture": "#1"},
				"east": {"uv": [0, 0, 1, 1], "rotation": 270, "texture": "#1"},
				"south": {"uv": [0, 0, 1, 1], "rotation": 270, "texture": "#1"},
				"west": {"uv": [0, 0, 1, 1], "rotation": 270, "texture": "#1"},
				"up": {"uv": [0, 0, 1, 1], "rotation": 270, "texture": "#1"},
				"down": {"uv": [0, 0, 1, 1], "rotation": 270, "texture": "#1"}
			}
		},
		{
			"name": "hexadecagon",
			"from": [0.96, 3.33, 6.59966],
			"to": [15.04, 5.77, 9.40034],
			"rotation": {"angle": -22.5, "axis": "y", "origin": [8, 3.55, 8]},
			"faces": {
				"north": {"uv": [0, 0, 1, 1], "texture": "#0"},
				"east": {"uv": [0, 0, 1, 1], "texture": "#0"},
				"south": {"uv": [0, 0, 1, 1], "texture": "#0"},
				"west": {"uv": [0, 0, 1, 1], "texture": "#0"},
				"up": {"uv": [0, 0, 1, 1], "texture": "#0"},
				"down": {"uv": [0, 0, 1, 1], "texture": "#0"}
			}
		},
		{
			"name": "hexadecagon",
			"from": [0.96, 3.33, 6.59966],
			"to": [15.04, 5.77, 9.40034],
			"faces": {
				"north": {"uv": [0, 0, 1, 1], "rotation": 270, "texture": "#1"},
				"east": {"uv": [0, 0, 1, 1], "rotation": 270, "texture": "#1"},
				"south": {"uv": [0, 0, 1, 1], "rotation": 270, "texture": "#1"},
				"west": {"uv": [0, 0, 1, 1], "rotation": 270, "texture": "#1"},
				"up": {"uv": [0, 0, 1, 1], "rotation": 270, "texture": "#1"},
				"down": {"uv": [0, 0, 1, 1], "rotation": 270, "texture": "#1"}
			}
		},
		{
			"name": "hexadecagon",
			"from": [0.96, 3.33, 6.59966],
			"to": [15.04, 5.77, 9.40034],
			"rotation": {"angle": 22.5, "axis": "y", "origin": [8, 3.55, 8]},
			"faces": {
				"north": {"uv": [0, 0, 1, 1], "texture": "#0"},
				"east": {"uv": [0, 0, 1, 1], "texture": "#0"},
				"south": {"uv": [0, 0, 1, 1], "texture": "#0"},
				"west": {"uv": [0, 0, 1, 1], "texture": "#0"},
				"up": {"uv": [0, 0, 1, 1], "texture": "#0"},
				"down": {"uv": [0, 0, 1, 1], "texture": "#0"}
			}
		},
		{
			"name": "hexadecagon",
			"from": [6.51564, 5.4698, 0.5376],
			"to": [9.48436, 10.0562, 15.4624],
			"rotation": {"angle": -45, "axis": "y", "origin": [8, 5.703, 8]},
			"faces": {
				"north": {"uv": [0, 0, 1, 1], "texture": "#1"},
				"east": {"uv": [0, 0, 1, 1], "texture": "#1"},
				"south": {"uv": [0, 0, 1, 1], "texture": "#1"},
				"west": {"uv": [0, 0, 1, 1], "texture": "#1"},
				"up": {"uv": [0, 0, 1, 1], "texture": "#1"},
				"down": {"uv": [0, 0, 1, 1], "texture": "#1"}
			}
		},
		{
			"name": "hexadecagon",
			"from": [6.51564, 5.4698, 0.5376],
			"to": [9.48436, 10.0562, 15.4624],
			"rotation": {"angle": -22.5, "axis": "y", "origin": [8, 5.703, 8]},
			"faces": {
				"north": {"uv": [0, 0, 1, 1], "texture": "#0"},
				"east": {"uv": [0, 0, 1, 1], "texture": "#0"},
				"south": {"uv": [0, 0, 1, 1], "texture": "#0"},
				"west": {"uv": [0, 0, 1, 1], "texture": "#0"},
				"up": {"uv": [0, 0, 1, 1], "texture": "#0"},
				"down": {"uv": [0, 0, 1, 1], "texture": "#0"}
			}
		},
		{
			"name": "hexadecagon",
			"from": [6.51564, 5.4698, 0.5376],
			"to": [9.48436, 10.0562, 15.4624],
			"faces": {
				"north": {"uv": [0, 0, 1, 1], "rotation": 270, "texture": "#1"},
				"east": {"uv": [0, 0, 1, 1], "rotation": 270, "texture": "#1"},
				"south": {"uv": [0, 0, 1, 1], "rotation": 270, "texture": "#1"},
				"west": {"uv": [0, 0, 1, 1], "rotation": 270, "texture": "#1"},
				"up": {"uv": [0, 0, 1, 1], "rotation": 270, "texture": "#1"},
				"down": {"uv": [0, 0, 1, 1], "rotation": 270, "texture": "#1"}
			}
		},
		{
			"name": "hexadecagon",
			"from": [6.51564, 5.4698, 0.5376],
			"to": [9.48436, 10.0562, 15.4624],
			"rotation": {"angle": 22.5, "axis": "y", "origin": [8, 5.703, 8]},
			"faces": {
				"north": {"uv": [0, 0, 1, 1], "texture": "#0"},
				"east": {"uv": [0, 0, 1, 1], "texture": "#0"},
				"south": {"uv": [0, 0, 1, 1], "texture": "#0"},
				"west": {"uv": [0, 0, 1, 1], "texture": "#0"},
				"up": {"uv": [0, 0, 1, 1], "texture": "#0"},
				"down": {"uv": [0, 0, 1, 1], "texture": "#0"}
			}
		},
		{
			"name": "hexadecagon",
			"from": [6.51564, 5.4698, 0.5376],
			"to": [9.48436, 10.0562, 15.4624],
			"rotation": {"angle": 45, "axis": "y", "origin": [8, 5.703, 8]},
			"faces": {
				"north": {"uv": [0, 0, 1, 1], "rotation": 270, "texture": "#1"},
				"east": {"uv": [0, 0, 1, 1], "rotation": 270, "texture": "#1"},
				"south": {"uv": [0, 0, 1, 1], "rotation": 270, "texture": "#1"},
				"west": {"uv": [0, 0, 1, 1], "rotation": 270, "texture": "#1"},
				"up": {"uv": [0, 0, 1, 1], "rotation": 270, "texture": "#1"},
				"down": {"uv": [0, 0, 1, 1], "rotation": 270, "texture": "#1"}
			}
		},
		{
			"name": "hexadecagon",
			"from": [0.5376, 5.4698, 6.51564],
			"to": [15.4624, 10.0562, 9.48436],
			"rotation": {"angle": -22.5, "axis": "y", "origin": [8, 5.703, 8]},
			"faces": {
				"north": {"uv": [0, 0, 1, 1], "texture": "#0"},
				"east": {"uv": [0, 0, 1, 1], "texture": "#0"},
				"south": {"uv": [0, 0, 1, 1], "texture": "#0"},
				"west": {"uv": [0, 0, 1, 1], "texture": "#0"},
				"up": {"uv": [0, 0, 1, 1], "texture": "#0"},
				"down": {"uv": [0, 0, 1, 1], "texture": "#0"}
			}
		},
		{
			"name": "hexadecagon",
			"from": [0.5376, 5.4698, 6.51564],
			"to": [15.4624, 10.0562, 9.48436],
			"faces": {
				"north": {"uv": [0, 0, 1, 1], "rotation": 270, "texture": "#1"},
				"east": {"uv": [0, 0, 1, 1], "rotation": 270, "texture": "#1"},
				"south": {"uv": [0, 0, 1, 1], "rotation": 270, "texture": "#1"},
				"west": {"uv": [0, 0, 1, 1], "rotation": 270, "texture": "#1"},
				"up": {"uv": [0, 0, 1, 1], "rotation": 270, "texture": "#1"},
				"down": {"uv": [0, 0, 1, 1], "rotation": 270, "texture": "#1"}
			}
		},
		{
			"name": "hexadecagon",
			"from": [0.5376, 5.4698, 6.51564],
			"to": [15.4624, 10.0562, 9.48436],
			"rotation": {"angle": 22.5, "axis": "y", "origin": [8, 5.703, 8]},
			"faces": {
				"north": {"uv": [0, 0, 1, 1], "texture": "#0"},
				"east": {"uv": [0, 0, 1, 1], "texture": "#0"},
				"south": {"uv": [0, 0, 1, 1], "texture": "#0"},
				"west": {"uv": [0, 0, 1, 1], "texture": "#0"},
				"up": {"uv": [0, 0, 1, 1], "texture": "#0"},
				"down": {"uv": [0, 0, 1, 1], "texture": "#0"}
			}
		},
		{
			"name": "hexadecagon",
			"from": [6.59966, 9.33, 0.96],
			"to": [9.40034, 11.77, 15.04],
			"rotation": {"angle": -45, "axis": "y", "origin": [8, 9.55, 8]},
			"faces": {
				"north": {"uv": [0, 0, 1, 1], "texture": "#1"},
				"east": {"uv": [0, 0, 1, 1], "texture": "#1"},
				"south": {"uv": [0, 0, 1, 1], "texture": "#1"},
				"west": {"uv": [0, 0, 1, 1], "texture": "#1"},
				"up": {"uv": [0, 0, 1, 1], "texture": "#1"},
				"down": {"uv": [0, 0, 1, 1], "texture": "#1"}
			}
		},
		{
			"name": "hexadecagon",
			"from": [6.59966, 9.33, 0.96],
			"to": [9.40034, 11.77, 15.04],
			"rotation": {"angle": -22.5, "axis": "y", "origin": [8, 9.55, 8]},
			"faces": {
				"north": {"uv": [0, 0, 1, 1], "texture": "#0"},
				"east": {"uv": [0, 0, 1, 1], "texture": "#0"},
				"south": {"uv": [0, 0, 1, 1], "texture": "#0"},
				"west": {"uv": [0, 0, 1, 1], "texture": "#0"},
				"up": {"uv": [0, 0, 1, 1], "texture": "#0"},
				"down": {"uv": [0, 0, 1, 1], "texture": "#0"}
			}
		},
		{
			"name": "hexadecagon",
			"from": [6.59966, 9.33, 0.96],
			"to": [9.40034, 11.77, 15.04],
			"faces": {
				"north": {"uv": [0, 0, 1, 1], "rotation": 270, "texture": "#1"},
				"east": {"uv": [0, 0, 1, 1], "rotation": 270, "texture": "#1"},
				"south": {"uv": [0, 0, 1, 1], "rotation": 270, "texture": "#1"},
				"west": {"uv": [0, 0, 1, 1], "rotation": 270, "texture": "#1"},
				"up": {"uv": [0, 0, 1, 1], "rotation": 270, "texture": "#1"},
				"down": {"uv": [0, 0, 1, 1], "rotation": 270, "texture": "#1"}
			}
		},
		{
			"name": "hexadecagon",
			"from": [6.59966, 9.33, 0.96],
			"to": [9.40034, 11.77, 15.04],
			"rotation": {"angle": 22.5, "axis": "y", "origin": [8, 9.55, 8]},
			"faces": {
				"north": {"uv": [0, 0, 1, 1], "texture": "#0"},
				"east": {"uv": [0, 0, 1, 1], "texture": "#0"},
				"south": {"uv": [0, 0, 1, 1], "texture": "#0"},
				"west": {"uv": [0, 0, 1, 1], "texture": "#0"},
				"up": {"uv": [0, 0, 1, 1], "texture": "#0"},
				"down": {"uv": [0, 0, 1, 1], "texture": "#0"}
			}
		},
		{
			"name": "hexadecagon",
			"from": [6.59966, 9.33, 0.96],
			"to": [9.40034, 11.77, 15.04],
			"rotation": {"angle": 45, "axis": "y", "origin": [8, 9.55, 8]},
			"faces": {
				"north": {"uv": [0, 0, 1, 1], "rotation": 270, "texture": "#1"},
				"east": {"uv": [0, 0, 1, 1], "rotation": 270, "texture": "#1"},
				"south": {"uv": [0, 0, 1, 1], "rotation": 270, "texture": "#1"},
				"west": {"uv": [0, 0, 1, 1], "rotation": 270, "texture": "#1"},
				"up": {"uv": [0, 0, 1, 1], "rotation": 270, "texture": "#1"},
				"down": {"uv": [0, 0, 1, 1], "rotation": 270, "texture": "#1"}
			}
		},
		{
			"name": "hexadecagon",
			"from": [0.96, 9.33, 6.59966],
			"to": [15.04, 11.77, 9.40034],
			"rotation": {"angle": -22.5, "axis": "y", "origin": [8, 9.55, 8]},
			"faces": {
				"north": {"uv": [0, 0, 1, 1], "texture": "#0"},
				"east": {"uv": [0, 0, 1, 1], "texture": "#0"},
				"south": {"uv": [0, 0, 1, 1], "texture": "#0"},
				"west": {"uv": [0, 0, 1, 1], "texture": "#0"},
				"up": {"uv": [0, 0, 1, 1], "texture": "#0"},
				"down": {"uv": [0, 0, 1, 1], "texture": "#0"}
			}
		},
		{
			"name": "hexadecagon",
			"from": [0.96, 9.33, 6.59966],
			"to": [15.04, 11.77, 9.40034],
			"faces": {
				"north": {"uv": [0, 0, 1, 1], "rotation": 270, "texture": "#1"},
				"east": {"uv": [0, 0, 1, 1], "rotation": 270, "texture": "#1"},
				"south": {"uv": [0, 0, 1, 1], "rotation": 270, "texture": "#1"},
				"west": {"uv": [0, 0, 1, 1], "rotation": 270, "texture": "#1"},
				"up": {"uv": [0, 0, 1, 1], "rotation": 270, "texture": "#1"},
				"down": {"uv": [0, 0, 1, 1], "rotation": 270, "texture": "#1"}
			}
		},
		{
			"name": "hexadecagon",
			"from": [0.96, 9.33, 6.59966],
			"to": [15.04, 11.77, 9.40034],
			"rotation": {"angle": 22.5, "axis": "y", "origin": [8, 9.55, 8]},
			"faces": {
				"north": {"uv": [0, 0, 1, 1], "texture": "#0"},
				"east": {"uv": [0, 0, 1, 1], "texture": "#0"},
				"south": {"uv": [0, 0, 1, 1], "texture": "#0"},
				"west": {"uv": [0, 0, 1, 1], "texture": "#0"},
				"up": {"uv": [0, 0, 1, 1], "texture": "#0"},
				"down": {"uv": [0, 0, 1, 1], "texture": "#0"}
			}
		},
		{
			"name": "hexadecagon",
			"from": [6.7957, 2.0538, 1.9456],
			"to": [9.2043, 13.4022, 14.0544],
			"rotation": {"angle": -45, "axis": "y", "origin": [8, 9.493, 8]},
			"faces": {
				"north": {"uv": [0, 0, 1, 1], "texture": "#1"},
				"east": {"uv": [0, 0, 1, 1], "texture": "#1"},
				"south": {"uv": [0, 0, 1, 1], "texture": "#1"},
				"west": {"uv": [0, 0, 1, 1], "texture": "#1"},
				"up": {"uv": [0, 0, 1, 1], "texture": "#1"},
				"down": {"uv": [0, 0, 1, 1], "texture": "#1"}
			}
		},
		{
			"name": "hexadecagon",
			"from": [6.7957, 2.0538, 1.9456],
			"to": [9.2043, 13.4022, 14.0544],
			"rotation": {"angle": -22.5, "axis": "y", "origin": [8, 9.493, 8]},
			"faces": {
				"north": {"uv": [0, 0, 1, 1], "texture": "#0"},
				"east": {"uv": [0, 0, 1, 1], "texture": "#0"},
				"south": {"uv": [0, 0, 1, 1], "texture": "#0"},
				"west": {"uv": [0, 0, 1, 1], "texture": "#0"},
				"up": {"uv": [0, 0, 1, 1], "texture": "#0"},
				"down": {"uv": [0, 0, 1, 1], "texture": "#0"}
			}
		},
		{
			"name": "hexadecagon",
			"from": [6.7957, 2.0538, 1.9456],
			"to": [9.2043, 13.4022, 14.0544],
			"faces": {
				"north": {"uv": [0, 0, 1, 1], "texture": "#1"},
				"east": {"uv": [0, 0, 1, 1], "texture": "#1"},
				"south": {"uv": [0, 0, 1, 1], "texture": "#1"},
				"west": {"uv": [0, 0, 1, 1], "texture": "#1"},
				"up": {"uv": [0, 0, 1, 1], "texture": "#1"},
				"down": {"uv": [0, 0, 1, 1], "texture": "#1"}
			}
		},
		{
			"name": "hexadecagon",
			"from": [6.7957, 2.0538, 1.9456],
			"to": [9.2043, 13.4022, 14.0544],
			"rotation": {"angle": 22.5, "axis": "y", "origin": [8, 9.493, 8]},
			"faces": {
				"north": {"uv": [0, 0, 1, 1], "texture": "#0"},
				"east": {"uv": [0, 0, 1, 1], "texture": "#0"},
				"south": {"uv": [0, 0, 1, 1], "texture": "#0"},
				"west": {"uv": [0, 0, 1, 1], "texture": "#0"},
				"up": {"uv": [0, 0, 1, 1], "texture": "#0"},
				"down": {"uv": [0, 0, 1, 1], "texture": "#0"}
			}
		},
		{
			"name": "hexadecagon",
			"from": [6.7957, 2.0538, 1.9456],
			"to": [9.2043, 13.4022, 14.0544],
			"rotation": {"angle": 45, "axis": "y", "origin": [8, 9.493, 8]},
			"faces": {
				"north": {"uv": [0, 0, 1, 1], "rotation": 270, "texture": "#1"},
				"east": {"uv": [0, 0, 1, 1], "rotation": 270, "texture": "#1"},
				"south": {"uv": [0, 0, 1, 1], "rotation": 270, "texture": "#1"},
				"west": {"uv": [0, 0, 1, 1], "rotation": 270, "texture": "#1"},
				"up": {"uv": [0, 0, 1, 1], "rotation": 270, "texture": "#1"},
				"down": {"uv": [0, 0, 1, 1], "rotation": 270, "texture": "#1"}
			}
		},
		{
			"name": "hexadecagon",
			"from": [1.9456, 2.0538, 6.7957],
			"to": [14.0544, 13.4022, 9.2043],
			"rotation": {"angle": -22.5, "axis": "y", "origin": [8, 9.493, 8]},
			"faces": {
				"north": {"uv": [0, 0, 1, 1], "texture": "#0"},
				"east": {"uv": [0, 0, 1, 1], "texture": "#0"},
				"south": {"uv": [0, 0, 1, 1], "texture": "#0"},
				"west": {"uv": [0, 0, 1, 1], "texture": "#0"},
				"up": {"uv": [0, 0, 1, 1], "texture": "#0"},
				"down": {"uv": [0, 0, 1, 1], "texture": "#0"}
			}
		},
		{
			"name": "hexadecagon",
			"from": [1.9456, 2.0538, 6.7957],
			"to": [14.0544, 13.4022, 9.2043],
			"faces": {
				"north": {"uv": [0, 0, 1, 1], "rotation": 270, "texture": "#1"},
				"east": {"uv": [0, 0, 1, 1], "rotation": 270, "texture": "#1"},
				"south": {"uv": [0, 0, 1, 1], "rotation": 270, "texture": "#1"},
				"west": {"uv": [0, 0, 1, 1], "rotation": 270, "texture": "#1"},
				"up": {"uv": [0, 0, 1, 1], "rotation": 270, "texture": "#1"},
				"down": {"uv": [0, 0, 1, 1], "rotation": 270, "texture": "#1"}
			}
		},
		{
			"name": "hexadecagon",
			"from": [1.9456, 2.0538, 6.7957],
			"to": [14.0544, 13.4022, 9.2043],
			"rotation": {"angle": 22.5, "axis": "y", "origin": [8, 9.493, 8]},
			"faces": {
				"north": {"uv": [0, 0, 1, 1], "texture": "#0"},
				"east": {"uv": [0, 0, 1, 1], "texture": "#0"},
				"south": {"uv": [0, 0, 1, 1], "texture": "#0"},
				"west": {"uv": [0, 0, 1, 1], "texture": "#0"},
				"up": {"uv": [0, 0, 1, 1], "texture": "#0"},
				"down": {"uv": [0, 0, 1, 1], "texture": "#0"}
			}
		},
		{
			"name": "hexadecagon",
			"from": [7.10882, 2.29981, 3.51974],
			"to": [8.89118, 15.69763, 12.48026],
			"rotation": {"angle": -45, "axis": "y", "origin": [8, 7.80482, 8]},
			"faces": {
				"north": {"uv": [0, 0, 1, 1], "texture": "#1"},
				"east": {"uv": [0, 0, 1, 1], "texture": "#1"},
				"south": {"uv": [0, 0, 1, 1], "texture": "#1"},
				"west": {"uv": [0, 0, 1, 1], "texture": "#1"},
				"up": {"uv": [0, 0, 1, 1], "texture": "#2"},
				"down": {"uv": [0, 0, 1, 1], "texture": "#1"}
			}
		},
		{
			"name": "hexadecagon",
			"from": [7.10882, 2.29981, 3.51974],
			"to": [8.89118, 15.69763, 12.48026],
			"rotation": {"angle": -22.5, "axis": "y", "origin": [8, 7.80482, 8]},
			"faces": {
				"north": {"uv": [0, 0, 1, 1], "texture": "#0"},
				"east": {"uv": [0, 0, 1, 1], "texture": "#0"},
				"south": {"uv": [0, 0, 1, 1], "texture": "#0"},
				"west": {"uv": [0, 0, 1, 1], "texture": "#0"},
				"up": {"uv": [0, 0, 1, 1], "texture": "#2"},
				"down": {"uv": [0, 0, 1, 1], "texture": "#0"}
			}
		},
		{
			"name": "hexadecagon",
			"from": [7.10882, 2.29981, 3.51974],
			"to": [8.89118, 15.69763, 12.48026],
			"faces": {
				"north": {"uv": [0, 0, 1, 1], "rotation": 270, "texture": "#1"},
				"east": {"uv": [0, 0, 1, 1], "rotation": 270, "texture": "#1"},
				"south": {"uv": [0, 0, 1, 1], "rotation": 270, "texture": "#1"},
				"west": {"uv": [0, 0, 1, 1], "rotation": 270, "texture": "#1"},
				"up": {"uv": [0, 0, 1, 1], "rotation": 270, "texture": "#2"},
				"down": {"uv": [0, 0, 1, 1], "rotation": 270, "texture": "#1"}
			}
		},
		{
			"name": "hexadecagon",
			"from": [7.10882, 2.29981, 3.51974],
			"to": [8.89118, 15.69763, 12.48026],
			"rotation": {"angle": 22.5, "axis": "y", "origin": [8, 7.80482, 8]},
			"faces": {
				"north": {"uv": [0, 0, 1, 1], "texture": "#0"},
				"east": {"uv": [0, 0, 1, 1], "texture": "#0"},
				"south": {"uv": [0, 0, 1, 1], "texture": "#0"},
				"west": {"uv": [0, 0, 1, 1], "texture": "#0"},
				"up": {"uv": [0, 0, 1, 1], "texture": "#2"},
				"down": {"uv": [0, 0, 1, 1], "texture": "#0"}
			}
		},
		{
			"name": "hexadecagon",
			"from": [7.10882, 2.29981, 3.51974],
			"to": [8.89118, 15.69763, 12.48026],
			"rotation": {"angle": 45, "axis": "y", "origin": [8, 7.80482, 8]},
			"faces": {
				"north": {"uv": [0, 0, 1, 1], "rotation": 270, "texture": "#1"},
				"east": {"uv": [0, 0, 1, 1], "rotation": 270, "texture": "#1"},
				"south": {"uv": [0, 0, 1, 1], "rotation": 270, "texture": "#1"},
				"west": {"uv": [0, 0, 1, 1], "rotation": 270, "texture": "#1"},
				"up": {"uv": [0, 0, 1, 1], "rotation": 270, "texture": "#2"},
				"down": {"uv": [0, 0, 1, 1], "rotation": 270, "texture": "#1"}
			}
		},
		{
			"name": "hexadecagon",
			"from": [3.51974, 2.29981, 7.10882],
			"to": [12.48026, 15.69763, 8.89118],
			"rotation": {"angle": -22.5, "axis": "y", "origin": [8, 7.80482, 8]},
			"faces": {
				"north": {"uv": [0, 0, 1, 1], "texture": "#0"},
				"east": {"uv": [0, 0, 1, 1], "texture": "#0"},
				"south": {"uv": [0, 0, 1, 1], "texture": "#0"},
				"west": {"uv": [0, 0, 1, 1], "texture": "#0"},
				"up": {"uv": [0, 0, 1, 1], "texture": "#2"},
				"down": {"uv": [0, 0, 1, 1], "texture": "#0"}
			}
		},
		{
			"name": "hexadecagon",
			"from": [3.51974, 2.29981, 7.10882],
			"to": [12.48026, 15.69763, 8.89118],
			"faces": {
				"north": {"uv": [0, 0, 1, 1], "rotation": 270, "texture": "#1"},
				"east": {"uv": [0, 0, 1, 1], "rotation": 270, "texture": "#1"},
				"south": {"uv": [0, 0, 1, 1], "rotation": 270, "texture": "#1"},
				"west": {"uv": [0, 0, 1, 1], "rotation": 270, "texture": "#1"},
				"up": {"uv": [0, 0, 1, 1], "rotation": 270, "texture": "#2"},
				"down": {"uv": [0, 0, 1, 1], "rotation": 270, "texture": "#1"}
			}
		},
		{
			"name": "hexadecagon",
			"from": [3.51974, 2.29981, 7.10882],
			"to": [12.48026, 15.69763, 8.89118],
			"rotation": {"angle": 22.5, "axis": "y", "origin": [8, 7.80482, 8]},
			"faces": {
				"north": {"uv": [0, 0, 1, 1], "texture": "#0"},
				"east": {"uv": [0, 0, 1, 1], "texture": "#0"},
				"south": {"uv": [0, 0, 1, 1], "texture": "#0"},
				"west": {"uv": [0, 0, 1, 1], "texture": "#0"},
				"up": {"uv": [0, 0, 1, 1], "texture": "#2"},
				"down": {"uv": [0, 0, 1, 1], "texture": "#0"}
			}
		},
		{
			"from": [3.84, 24.8, 3.84],
			"to": [12.16, 25.84, 12.16],
			"faces": {
				"north": {"uv": [0, 0, 16, 16], "texture": "#1_0"},
				"east": {"uv": [0, 0, 16, 16], "texture": "#1_0"},
				"south": {"uv": [0, 0, 16, 16], "texture": "#1_0"},
				"west": {"uv": [0, 0, 16, 16], "texture": "#1_0"},
				"up": {"uv": [0, 0, 16, 16], "texture": "#1_0"},
				"down": {"uv": [0, 0, 16, 16], "texture": "#1_0"}
			}
		},
		{
			"from": [4.36, 24.8, 4.36],
			"to": [11.64, 26.36, 11.64],
			"faces": {
				"north": {"uv": [0, 0, 14, 14], "texture": "#1_0"},
				"east": {"uv": [0, 0, 14, 14], "texture": "#1_0"},
				"south": {"uv": [0, 0, 14, 14], "texture": "#1_0"},
				"west": {"uv": [0, 0, 14, 14], "texture": "#1_0"},
				"up": {"uv": [0, 0, 14, 14], "texture": "#1_0"},
				"down": {"uv": [0, 0, 14, 14], "texture": "#1_0"}
			}
		},
		{
			"from": [5.4, 24.8, 5.4],
			"to": [10.6, 26.88, 10.6],
			"faces": {
				"north": {"uv": [0, 0, 10, 10], "texture": "#1_0"},
				"east": {"uv": [0, 0, 10, 10], "texture": "#1_0"},
				"south": {"uv": [0, 0, 10, 10], "texture": "#1_0"},
				"west": {"uv": [0, 0, 10, 10], "texture": "#1_0"},
				"up": {"uv": [0, 0, 10, 10], "texture": "#1_0"},
				"down": {"uv": [0, 0, 10, 10], "texture": "#1_0"}
			}
		},
		{
			"from": [11.64, 26.49, 7.48],
			"to": [12.68, 29.09, 8.52],
			"rotation": {"angle": -22.5, "axis": "z", "origin": [8, 28.96, 8]},
			"faces": {
				"north": {"uv": [0, 0, 10, 10], "texture": "#1_0"},
				"east": {"uv": [0, 0, 10, 10], "texture": "#1_0"},
				"south": {"uv": [0, 0, 10, 10], "texture": "#1_0"},
				"west": {"uv": [0, 0, 10, 10], "texture": "#1_0"},
				"up": {"uv": [0, 0, 10, 10], "texture": "#1_0"},
				"down": {"uv": [0, 0, 10, 10], "texture": "#1_0"}
			}
		},
		{
			"from": [3.32, 26.49, 7.48],
			"to": [4.36, 29.09, 8.52],
			"rotation": {"angle": 22.5, "axis": "z", "origin": [8, 28.96, 8]},
			"faces": {
				"north": {"uv": [0, 0, 10, 10], "texture": "#1_0"},
				"east": {"uv": [0, 0, 10, 10], "texture": "#1_0"},
				"south": {"uv": [0, 0, 10, 10], "texture": "#1_0"},
				"west": {"uv": [0, 0, 10, 10], "texture": "#1_0"},
				"up": {"uv": [0, 0, 10, 10], "texture": "#1_0"},
				"down": {"uv": [0, 0, 10, 10], "texture": "#1_0"}
			}
		},
		{
			"name": "hexadecagon",
			"from": [7.53661, 26.8072, 5.6704],
			"to": [8.46339, 27.3168, 10.3296],
			"rotation": {"angle": -45, "axis": "y", "origin": [8, 26.88, 8]},
			"faces": {
				"north": {"uv": [0, 0, 1, 1], "texture": "#1_0"},
				"east": {"uv": [0, 0, 1, 1], "texture": "#1_0"},
				"south": {"uv": [0, 0, 1, 1], "texture": "#1_0"},
				"west": {"uv": [0, 0, 1, 1], "texture": "#1_0"},
				"up": {"uv": [0, 0, 1, 1], "texture": "#1_0"},
				"down": {"uv": [0, 0, 1, 1], "texture": "#1_0"}
			}
		},
		{
			"name": "hexadecagon",
			"from": [7.53661, 26.8072, 5.6704],
			"to": [8.46339, 27.3168, 10.3296],
			"rotation": {"angle": -22.5, "axis": "y", "origin": [8, 26.88, 8]},
			"faces": {
				"north": {"uv": [0, 0, 1, 1], "texture": "#1_0"},
				"east": {"uv": [0, 0, 1, 1], "texture": "#1_0"},
				"south": {"uv": [0, 0, 1, 1], "texture": "#1_0"},
				"west": {"uv": [0, 0, 1, 1], "texture": "#1_0"},
				"up": {"uv": [0, 0, 1, 1], "texture": "#1_0"},
				"down": {"uv": [0, 0, 1, 1], "texture": "#1_0"}
			}
		},
		{
			"name": "hexadecagon",
			"from": [7.53661, 26.8072, 5.6704],
			"to": [8.46339, 27.3168, 10.3296],
			"faces": {
				"north": {"uv": [0, 0, 1, 1], "texture": "#1_0"},
				"east": {"uv": [0, 0, 1, 1], "texture": "#1_0"},
				"south": {"uv": [0, 0, 1, 1], "texture": "#1_0"},
				"west": {"uv": [0, 0, 1, 1], "texture": "#1_0"},
				"up": {"uv": [0, 0, 1, 1], "texture": "#1_0"},
				"down": {"uv": [0, 0, 1, 1], "texture": "#1_0"}
			}
		},
		{
			"name": "hexadecagon",
			"from": [7.53661, 26.8072, 5.6704],
			"to": [8.46339, 27.3168, 10.3296],
			"rotation": {"angle": 22.5, "axis": "y", "origin": [8, 26.88, 8]},
			"faces": {
				"north": {"uv": [0, 0, 1, 1], "texture": "#1_0"},
				"east": {"uv": [0, 0, 1, 1], "texture": "#1_0"},
				"south": {"uv": [0, 0, 1, 1], "texture": "#1_0"},
				"west": {"uv": [0, 0, 1, 1], "texture": "#1_0"},
				"up": {"uv": [0, 0, 1, 1], "texture": "#1_0"},
				"down": {"uv": [0, 0, 1, 1], "texture": "#1_0"}
			}
		},
		{
			"name": "hexadecagon",
			"from": [7.53661, 26.8072, 5.6704],
			"to": [8.46339, 27.3168, 10.3296],
			"rotation": {"angle": 45, "axis": "y", "origin": [8, 26.88, 8]},
			"faces": {
				"north": {"uv": [0, 0, 1, 1], "texture": "#1_0"},
				"east": {"uv": [0, 0, 1, 1], "texture": "#1_0"},
				"south": {"uv": [0, 0, 1, 1], "texture": "#1_0"},
				"west": {"uv": [0, 0, 1, 1], "texture": "#1_0"},
				"up": {"uv": [0, 0, 1, 1], "texture": "#1_0"},
				"down": {"uv": [0, 0, 1, 1], "texture": "#1_0"}
			}
		},
		{
			"name": "hexadecagon",
			"from": [5.6704, 26.8072, 7.53661],
			"to": [10.3296, 27.3168, 8.46339],
			"rotation": {"angle": -22.5, "axis": "y", "origin": [8, 26.88, 8]},
			"faces": {
				"north": {"uv": [0, 0, 1, 1], "texture": "#1_0"},
				"east": {"uv": [0, 0, 1, 1], "texture": "#1_0"},
				"south": {"uv": [0, 0, 1, 1], "texture": "#1_0"},
				"west": {"uv": [0, 0, 1, 1], "texture": "#1_0"},
				"up": {"uv": [0, 0, 1, 1], "texture": "#1_0"},
				"down": {"uv": [0, 0, 1, 1], "texture": "#1_0"}
			}
		},
		{
			"name": "hexadecagon",
			"from": [5.6704, 26.8072, 7.53661],
			"to": [10.3296, 27.3168, 8.46339],
			"faces": {
				"north": {"uv": [0, 0, 1, 1], "texture": "#1_0"},
				"east": {"uv": [0, 0, 1, 1], "texture": "#1_0"},
				"south": {"uv": [0, 0, 1, 1], "texture": "#1_0"},
				"west": {"uv": [0, 0, 1, 1], "texture": "#1_0"},
				"up": {"uv": [0, 0, 1, 1], "texture": "#1_0"},
				"down": {"uv": [0, 0, 1, 1], "texture": "#1_0"}
			}
		},
		{
			"name": "hexadecagon",
			"from": [5.6704, 26.8072, 7.53661],
			"to": [10.3296, 27.3168, 8.46339],
			"rotation": {"angle": 22.5, "axis": "y", "origin": [8, 26.88, 8]},
			"faces": {
				"north": {"uv": [0, 0, 1, 1], "texture": "#1_0"},
				"east": {"uv": [0, 0, 1, 1], "texture": "#1_0"},
				"south": {"uv": [0, 0, 1, 1], "texture": "#1_0"},
				"west": {"uv": [0, 0, 1, 1], "texture": "#1_0"},
				"up": {"uv": [0, 0, 1, 1], "texture": "#1_0"},
				"down": {"uv": [0, 0, 1, 1], "texture": "#1_0"}
			}
		},
		{
			"name": "hexadecagon",
			"from": [7.61075, 27.15165, 6.04314],
			"to": [8.38925, 27.57971, 9.95686],
			"rotation": {"angle": -45, "axis": "y", "origin": [8, 27.2128, 8]},
			"faces": {
				"north": {"uv": [0, 0, 1, 1], "texture": "#1_0"},
				"east": {"uv": [0, 0, 1, 1], "texture": "#1_0"},
				"south": {"uv": [0, 0, 1, 1], "texture": "#1_0"},
				"west": {"uv": [0, 0, 1, 1], "texture": "#1_0"},
				"up": {"uv": [0, 0, 1, 1], "texture": "#1_0"},
				"down": {"uv": [0, 0, 1, 1], "texture": "#1_0"}
			}
		},
		{
			"name": "hexadecagon",
			"from": [7.61075, 27.15165, 6.04314],
			"to": [8.38925, 27.57971, 9.95686],
			"rotation": {"angle": -22.5, "axis": "y", "origin": [8, 27.2128, 8]},
			"faces": {
				"north": {"uv": [0, 0, 1, 1], "texture": "#1_0"},
				"east": {"uv": [0, 0, 1, 1], "texture": "#1_0"},
				"south": {"uv": [0, 0, 1, 1], "texture": "#1_0"},
				"west": {"uv": [0, 0, 1, 1], "texture": "#1_0"},
				"up": {"uv": [0, 0, 1, 1], "texture": "#1_0"},
				"down": {"uv": [0, 0, 1, 1], "texture": "#1_0"}
			}
		},
		{
			"name": "hexadecagon",
			"from": [7.61075, 27.15165, 6.04314],
			"to": [8.38925, 27.57971, 9.95686],
			"faces": {
				"north": {"uv": [0, 0, 1, 1], "texture": "#1_0"},
				"east": {"uv": [0, 0, 1, 1], "texture": "#1_0"},
				"south": {"uv": [0, 0, 1, 1], "texture": "#1_0"},
				"west": {"uv": [0, 0, 1, 1], "texture": "#1_0"},
				"up": {"uv": [0, 0, 1, 1], "texture": "#1_0"},
				"down": {"uv": [0, 0, 1, 1], "texture": "#1_0"}
			}
		},
		{
			"name": "hexadecagon",
			"from": [7.09075, 27.15165, 7.08314],
			"to": [8.90925, 28.61971, 8.91686],
			"faces": {
				"north": {"uv": [0, 0, 1, 1], "texture": "#1_0"},
				"east": {"uv": [0, 0, 1, 1], "texture": "#1_0"},
				"south": {"uv": [0, 0, 1, 1], "texture": "#1_0"},
				"west": {"uv": [0, 0, 1, 1], "texture": "#1_0"},
				"up": {"uv": [0, 0, 1, 1], "texture": "#1_0"},
				"down": {"uv": [0, 0, 1, 1], "texture": "#1_0"}
			}
		},
		{
			"name": "hexadecagon",
			"from": [7.61075, 27.15165, 6.04314],
			"to": [8.38925, 27.57971, 9.95686],
			"rotation": {"angle": 22.5, "axis": "y", "origin": [8, 27.2128, 8]},
			"faces": {
				"north": {"uv": [0, 0, 1, 1], "texture": "#1_0"},
				"east": {"uv": [0, 0, 1, 1], "texture": "#1_0"},
				"south": {"uv": [0, 0, 1, 1], "texture": "#1_0"},
				"west": {"uv": [0, 0, 1, 1], "texture": "#1_0"},
				"up": {"uv": [0, 0, 1, 1], "texture": "#1_0"},
				"down": {"uv": [0, 0, 1, 1], "texture": "#1_0"}
			}
		},
		{
			"name": "hexadecagon",
			"from": [7.61075, 27.15165, 6.04314],
			"to": [8.38925, 27.57971, 9.95686],
			"rotation": {"angle": 45, "axis": "y", "origin": [8, 27.2128, 8]},
			"faces": {
				"north": {"uv": [0, 0, 1, 1], "texture": "#1_0"},
				"east": {"uv": [0, 0, 1, 1], "texture": "#1_0"},
				"south": {"uv": [0, 0, 1, 1], "texture": "#1_0"},
				"west": {"uv": [0, 0, 1, 1], "texture": "#1_0"},
				"up": {"uv": [0, 0, 1, 1], "texture": "#1_0"},
				"down": {"uv": [0, 0, 1, 1], "texture": "#1_0"}
			}
		},
		{
			"name": "hexadecagon",
			"from": [6.04314, 27.15165, 7.61075],
			"to": [9.95686, 27.57971, 8.38925],
			"rotation": {"angle": -22.5, "axis": "y", "origin": [8, 27.2128, 8]},
			"faces": {
				"north": {"uv": [0, 0, 1, 1], "texture": "#1_0"},
				"east": {"uv": [0, 0, 1, 1], "texture": "#1_0"},
				"south": {"uv": [0, 0, 1, 1], "texture": "#1_0"},
				"west": {"uv": [0, 0, 1, 1], "texture": "#1_0"},
				"up": {"uv": [0, 0, 1, 1], "texture": "#1_0"},
				"down": {"uv": [0, 0, 1, 1], "texture": "#1_0"}
			}
		},
		{
			"name": "hexadecagon",
			"from": [6.04314, 27.15165, 7.61075],
			"to": [9.95686, 27.57971, 8.38925],
			"faces": {
				"north": {"uv": [0, 0, 1, 1], "texture": "#1_0"},
				"east": {"uv": [0, 0, 1, 1], "texture": "#1_0"},
				"south": {"uv": [0, 0, 1, 1], "texture": "#1_0"},
				"west": {"uv": [0, 0, 1, 1], "texture": "#1_0"},
				"up": {"uv": [0, 0, 1, 1], "texture": "#1_0"},
				"down": {"uv": [0, 0, 1, 1], "texture": "#1_0"}
			}
		},
		{
			"name": "hexadecagon",
			"from": [6.04314, 27.15165, 7.61075],
			"to": [9.95686, 27.57971, 8.38925],
			"rotation": {"angle": 22.5, "axis": "y", "origin": [8, 27.2128, 8]},
			"faces": {
				"north": {"uv": [0, 0, 1, 1], "texture": "#1_0"},
				"east": {"uv": [0, 0, 1, 1], "texture": "#1_0"},
				"south": {"uv": [0, 0, 1, 1], "texture": "#1_0"},
				"west": {"uv": [0, 0, 1, 1], "texture": "#1_0"},
				"up": {"uv": [0, 0, 1, 1], "texture": "#1_0"},
				"down": {"uv": [0, 0, 1, 1], "texture": "#1_0"}
			}
		},
		{
			"from": [4.23, 17.13, 4.88],
			"to": [4.75, 24.93, 5.4],
			"faces": {
				"north": {"uv": [0, 0, 16, 6.5], "texture": "#1_1"},
				"east": {"uv": [0, 0, 16, 6.5], "texture": "#1_1"},
				"south": {"uv": [0, 0, 16, 6.5], "texture": "#1_1"},
				"west": {"uv": [0, 0, 16, 6.5], "texture": "#1_1"},
				"up": {"uv": [0, 0, 16, 6.5], "texture": "#1_1"},
				"down": {"uv": [0, 0, 16, 6.5], "texture": "#1_1"}
			}
		},
		{
			"from": [11.25, 17.13, 4.88],
			"to": [11.77, 24.93, 5.4],
			"faces": {
				"north": {"uv": [0, 0, 16, 6.5], "texture": "#1_1"},
				"east": {"uv": [0, 0, 16, 6.5], "texture": "#1_1"},
				"south": {"uv": [0, 0, 16, 6.5], "texture": "#1_1"},
				"west": {"uv": [0, 0, 16, 6.5], "texture": "#1_1"},
				"up": {"uv": [0, 0, 16, 6.5], "texture": "#1_1"},
				"down": {"uv": [0, 0, 16, 6.5], "texture": "#1_1"}
			}
		},
		{
			"from": [3.84, 17, 4.75],
			"to": [5.14, 17.52, 5.53],
			"faces": {
				"north": {"uv": [0, 0, 16, 6.5], "texture": "#1_2"},
				"east": {"uv": [0, 0, 16, 6.5], "texture": "#1_2"},
				"south": {"uv": [0, 0, 16, 6.5], "texture": "#1_2"},
				"west": {"uv": [0, 0, 16, 6.5], "texture": "#1_2"},
				"up": {"uv": [0, 0, 16, 6.5], "texture": "#1_2"},
				"down": {"uv": [0, 0, 16, 6.5], "texture": "#1_2"}
			}
		},
		{
			"from": [10.86, 17, 4.75],
			"to": [12.16, 17.52, 5.53],
			"faces": {
				"north": {"uv": [0, 0, 16, 6.5], "texture": "#1_2"},
				"east": {"uv": [0, 0, 16, 6.5], "texture": "#1_2"},
				"south": {"uv": [0, 0, 16, 6.5], "texture": "#1_2"},
				"west": {"uv": [0, 0, 16, 6.5], "texture": "#1_2"},
				"up": {"uv": [0, 0, 16, 6.5], "texture": "#1_2"},
				"down": {"uv": [0, 0, 16, 6.5], "texture": "#1_2"}
			}
		},
		{
			"from": [3.71, 16.87, 4.75],
			"to": [3.97, 17.65, 5.53],
			"faces": {
				"north": {"uv": [0, 0, 16, 6.5], "texture": "#1_2"},
				"east": {"uv": [0, 0, 16, 6.5], "texture": "#1_2"},
				"south": {"uv": [0, 0, 16, 6.5], "texture": "#1_2"},
				"west": {"uv": [0, 0, 16, 6.5], "texture": "#1_2"},
				"up": {"uv": [0, 0, 16, 6.5], "texture": "#1_2"},
				"down": {"uv": [0, 0, 16, 6.5], "texture": "#1_2"}
			}
		},
		{
			"from": [10.73, 16.87, 4.75],
			"to": [10.99, 17.65, 5.53],
			"faces": {
				"north": {"uv": [0, 0, 16, 6.5], "texture": "#1_2"},
				"east": {"uv": [0, 0, 16, 6.5], "texture": "#1_2"},
				"south": {"uv": [0, 0, 16, 6.5], "texture": "#1_2"},
				"west": {"uv": [0, 0, 16, 6.5], "texture": "#1_2"},
				"up": {"uv": [0, 0, 16, 6.5], "texture": "#1_2"},
				"down": {"uv": [0, 0, 16, 6.5], "texture": "#1_2"}
			}
		},
		{
			"from": [5.14, 16.87, 4.75],
			"to": [5.4, 17.65, 5.53],
			"faces": {
				"north": {"uv": [0, 0, 16, 6.5], "texture": "#1_2"},
				"east": {"uv": [0, 0, 16, 6.5], "texture": "#1_2"},
				"south": {"uv": [0, 0, 16, 6.5], "texture": "#1_2"},
				"west": {"uv": [0, 0, 16, 6.5], "texture": "#1_2"},
				"up": {"uv": [0, 0, 16, 6.5], "texture": "#1_2"},
				"down": {"uv": [0, 0, 16, 6.5], "texture": "#1_2"}
			}
		},
		{
			"from": [12.16, 16.87, 4.75],
			"to": [12.42, 17.65, 5.53],
			"faces": {
				"north": {"uv": [0, 0, 16, 6.5], "texture": "#1_2"},
				"east": {"uv": [0, 0, 16, 6.5], "texture": "#1_2"},
				"south": {"uv": [0, 0, 16, 6.5], "texture": "#1_2"},
				"west": {"uv": [0, 0, 16, 6.5], "texture": "#1_2"},
				"up": {"uv": [0, 0, 16, 6.5], "texture": "#1_2"},
				"down": {"uv": [0, 0, 16, 6.5], "texture": "#1_2"}
			}
		},
		{
			"name": "hexadecagon",
			"from": [7.05535, 13.5978, 3.25092],
			"to": [8.94465, 15.07949, 12.74908],
			"rotation": {"angle": -45, "axis": "y", "origin": [8, 7.24311, 8]},
			"faces": {
				"north": {"uv": [0, 0, 1, 1], "texture": "#7"},
				"east": {"uv": [0, 0, 1, 1], "texture": "#7"},
				"south": {"uv": [0, 0, 1, 1], "texture": "#7"},
				"west": {"uv": [0, 0, 1, 1], "texture": "#7"},
				"up": {"uv": [0, 0, 1, 1], "texture": "#7"},
				"down": {"uv": [0, 0, 1, 1], "texture": "#7"}
			}
		},
		{
			"name": "hexadecagon",
			"from": [7.05535, 13.5978, 3.25092],
			"to": [8.94465, 15.07949, 12.74908],
			"rotation": {"angle": -22.5, "axis": "y", "origin": [8, 7.24311, 8]},
			"faces": {
				"north": {"uv": [0, 0, 1, 1], "texture": "#7"},
				"east": {"uv": [0, 0, 1, 1], "texture": "#7"},
				"south": {"uv": [0, 0, 1, 1], "texture": "#7"},
				"west": {"uv": [0, 0, 1, 1], "texture": "#7"},
				"up": {"uv": [0, 0, 1, 1], "texture": "#7"},
				"down": {"uv": [0, 0, 1, 1], "texture": "#7"}
			}
		},
		{
			"name": "hexadecagon",
			"from": [7.05535, 13.5978, 3.25092],
			"to": [8.94465, 15.07949, 12.74908],
			"faces": {
				"north": {"uv": [0, 0, 1, 1], "rotation": 270, "texture": "#7"},
				"east": {"uv": [0, 0, 1, 1], "rotation": 270, "texture": "#7"},
				"south": {"uv": [0, 0, 1, 1], "rotation": 270, "texture": "#7"},
				"west": {"uv": [0, 0, 1, 1], "rotation": 270, "texture": "#7"},
				"up": {"uv": [0, 0, 1, 1], "rotation": 270, "texture": "#7"},
				"down": {"uv": [0, 0, 1, 1], "rotation": 270, "texture": "#7"}
			}
		},
		{
			"name": "hexadecagon",
			"from": [7.05535, 13.2978, 3.05092],
			"to": [8.94465, 15.37949, 12.74908],
			"faces": {
				"north": {"uv": [0, 0, 1, 1], "rotation": 270, "texture": "#8"},
				"east": {"uv": [0, 0, 1, 1], "rotation": 270, "texture": "#8"},
				"south": {"uv": [0, 0, 1, 1], "rotation": 270, "texture": "#8"},
				"west": {"uv": [0, 0, 1, 1], "rotation": 270, "texture": "#8"},
				"up": {"uv": [0, 0, 1, 1], "rotation": 270, "texture": "#8"},
				"down": {"uv": [0, 0, 1, 1], "rotation": 270, "texture": "#8"}
			}
		},
		{
			"name": "hexadecagon",
			"from": [7.65535, 13.9978, 2.95092],
			"to": [8.34465, 14.67949, 7.54908],
			"faces": {
				"north": {"uv": [0, 0, 1, 1], "rotation": 270, "texture": "#1"},
				"east": {"uv": [0, 0, 1, 1], "rotation": 270, "texture": "#1"},
				"south": {"uv": [0, 0, 1, 1], "rotation": 270, "texture": "#1"},
				"west": {"uv": [0, 0, 1, 1], "rotation": 270, "texture": "#1"},
				"up": {"uv": [0, 0, 1, 1], "rotation": 270, "texture": "#1"},
				"down": {"uv": [0, 0, 1, 1], "rotation": 270, "texture": "#1"}
			}
		},
		{
			"name": "hexadecagon",
			"from": [7.05535, 13.5978, 3.25092],
			"to": [8.94465, 15.07949, 12.74908],
			"rotation": {"angle": 22.5, "axis": "y", "origin": [8, 7.24311, 8]},
			"faces": {
				"north": {"uv": [0, 0, 1, 1], "texture": "#7"},
				"east": {"uv": [0, 0, 1, 1], "texture": "#7"},
				"south": {"uv": [0, 0, 1, 1], "texture": "#7"},
				"west": {"uv": [0, 0, 1, 1], "texture": "#7"},
				"up": {"uv": [0, 0, 1, 1], "texture": "#7"},
				"down": {"uv": [0, 0, 1, 1], "texture": "#7"}
			}
		},
		{
			"name": "hexadecagon",
			"from": [7.05535, 13.5978, 3.25092],
			"to": [8.94465, 15.07949, 12.74908],
			"rotation": {"angle": 45, "axis": "y", "origin": [8, 7.24311, 8]},
			"faces": {
				"north": {"uv": [0, 0, 1, 1], "rotation": 270, "texture": "#7"},
				"east": {"uv": [0, 0, 1, 1], "rotation": 270, "texture": "#7"},
				"south": {"uv": [0, 0, 1, 1], "rotation": 270, "texture": "#7"},
				"west": {"uv": [0, 0, 1, 1], "rotation": 270, "texture": "#7"},
				"up": {"uv": [0, 0, 1, 1], "rotation": 270, "texture": "#7"},
				"down": {"uv": [0, 0, 1, 1], "rotation": 270, "texture": "#7"}
			}
		},
		{
			"name": "hexadecagon",
			"from": [3.25092, 13.5978, 7.05535],
			"to": [12.74908, 15.07949, 8.94465],
			"rotation": {"angle": -22.5, "axis": "y", "origin": [8, 7.24311, 8]},
			"faces": {
				"north": {"uv": [0, 0, 1, 1], "texture": "#7"},
				"east": {"uv": [0, 0, 1, 1], "texture": "#7"},
				"south": {"uv": [0, 0, 1, 1], "texture": "#7"},
				"west": {"uv": [0, 0, 1, 1], "texture": "#7"},
				"up": {"uv": [0, 0, 1, 1], "texture": "#7"},
				"down": {"uv": [0, 0, 1, 1], "texture": "#7"}
			}
		},
		{
			"name": "hexadecagon",
			"from": [3.25092, 13.5978, 7.05535],
			"to": [12.74908, 15.07949, 8.94465],
			"faces": {
				"north": {"uv": [0, 0, 1, 1], "rotation": 270, "texture": "#7"},
				"east": {"uv": [0, 0, 1, 1], "rotation": 270, "texture": "#7"},
				"south": {"uv": [0, 0, 1, 1], "rotation": 270, "texture": "#7"},
				"west": {"uv": [0, 0, 1, 1], "rotation": 270, "texture": "#7"},
				"up": {"uv": [0, 0, 1, 1], "rotation": 270, "texture": "#7"},
				"down": {"uv": [0, 0, 1, 1], "rotation": 270, "texture": "#7"}
			}
		},
		{
			"name": "hexadecagon",
			"from": [3.25092, 13.5978, 7.05535],
			"to": [12.74908, 15.07949, 8.94465],
			"rotation": {"angle": 22.5, "axis": "y", "origin": [8, 7.24311, 8]},
			"faces": {
				"north": {"uv": [0, 0, 1, 1], "texture": "#7"},
				"east": {"uv": [0, 0, 1, 1], "texture": "#7"},
				"south": {"uv": [0, 0, 1, 1], "texture": "#7"},
				"west": {"uv": [0, 0, 1, 1], "texture": "#7"},
				"up": {"uv": [0, 0, 1, 1], "texture": "#7"},
				"down": {"uv": [0, 0, 1, 1], "texture": "#7"}
			}
		}
	],
	"display": {
		"thirdperson_righthand": {
			"translation": [0, 1.25, 0],
			"scale": [0.37, 0.36, 0.35]
		},
		"thirdperson_lefthand": {
			"translation": [0, 1.25, 0],
			"scale": [0.37, 0.36, 0.35]
		},
		"firstperson_righthand": {
			"translation": [4.75, 0, 0],
			"scale": [0.25, 0.26, 0.23]
		},
		"firstperson_lefthand": {
			"translation": [4.75, 0, 0],
			"scale": [0.25, 0.26, 0.23]
		},
		"ground": {
			"scale": [0.56, 0.55, 0.56]
		},
		"gui": {
			"translation": [0, -4, 0],
			"scale": [0.53, 0.53, 0.53]
		},
		"head": {
			"translation": [0, -26.25, 0],
			"scale": [1.84, 1.87, 1.92]
		},
		"fixed": {
			"translation": [0, -7, -5.75]
		}
	},
	"groups": [
		{
			"name": "hexadecagon",
			"origin": [8, 8, 8],
			"children": [0, 1, 2, 3, 4, 5, 6, 7]
		},
		{
			"name": "hexadecagon",
			"origin": [8, 8, 8],
			"children": [8, 9, 10, 11, 12, 13, 14, 15]
		},
		{
			"name": "hexadecagon",
			"origin": [8, 8, 8],
			"children": [16, 17, 18, 19, 20, 21, 22, 23]
		},
		{
			"name": "hexadecagon",
			"origin": [8, 8, 8],
			"children": [24, 25, 26, 27, 28, 29, 30, 31]
		},
		{
			"name": "hexadecagon",
			"origin": [8, 8, 8],
			"children": [32, 33, 34, 35, 36, 37, 38, 39]
		},
		{
			"name": "hexadecagon",
			"origin": [8, 8, 8],
			"children": [40, 41, 42, 43, 44, 45, 46, 47]
		},
		{
			"name": "magenta_dye",
			"origin": [8, 8, 8],
			"children": [48, 49, 50, 51, 52,
				{
					"name": "hexadecagon",
					"origin": [8, 8, 8],
					"children": [53, 54, 55, 56, 57, 58, 59, 60]
				},
				{
					"name": "hexadecagon",
					"origin": [8, 8, 8],
					"children": [61, 62, 63, 64, 65, 66, 67, 68, 69]
				}, 70, 71, 72, 73, 74, 75, 76, 77]
		},
		{
			"name": "hexadecagon",
			"origin": [8, 8, 8],
			"children": [78, 79, 80, 81, 82, 83, 84, 85, 86, 87]
		}
	]
}