{
	"credit": "Made with Blockbench",
	"textures": {
		"0": "block/chiseled_sandstone",
		"particle": "block/chiseled_sandstone"
	},
	"elements": [
		{
			"from": [0, 0, 1.75],
			"to": [16, 16, 2],
			"faces": {
				"north": {"uv": [0, 0, 16, 16], "texture": "#0"},
				"east": {"uv": [0, 0, 16, 16], "texture": "#0"},
				"south": {"uv": [0, 0, 16, 16], "texture": "#0"},
				"west": {"uv": [0, 0, 16, 16], "texture": "#0"},
				"up": {"uv": [0, 0, 16, 16], "texture": "#0"},
				"down": {"uv": [0, 0, 16, 16], "texture": "#0"}
			}
		}
	],
	"display": {
		"thirdperson_righthand": {
			"translation": [0, 0, 7]
		},
		"thirdperson_lefthand": {
			"translation": [0, 0, 7]
		},
		"firstperson_righthand": {
			"translation": [8.5, 0, 0]
		},
		"firstperson_lefthand": {
			"translation": [8.5, 0, 0]
		},
		"ground": {
			"translation": [0, 3.25, 6.75]
		},
		"head": {
			"translation": [0, 0, 2],
			"scale": [1.5, 1.5, 1.5]
		},
		"fixed": {
			"translation": [0, 0, 14],
			"scale": [2, 2, 2]
		}
	}
}