{
	"credit": "Made with Blockbench",
	"textures": {
		"0": "block/black_concrete",
		"1": "block/bone_block_side",
		"2": "block/gold_block",
		"3": "block/blue_orchid",
		"4": "block/cyan_concrete",
		"particle": "block/black_concrete"
	},
	"elements": [
		{
			"from": [0, 0, 0],
			"to": [16, 1.25, 16],
			"faces": {
				"north": {"uv": [0, 0, 16, 16], "texture": "#0"},
				"east": {"uv": [0, 0, 16, 16], "texture": "#0"},
				"south": {"uv": [0, 0, 16, 16], "texture": "#0"},
				"west": {"uv": [0, 0, 16, 16], "texture": "#0"},
				"up": {"uv": [0, 0, 16, 16], "texture": "#0"},
				"down": {"uv": [0, 0, 16, 16], "texture": "#0"}
			}
		},
		{
			"from": [2, 0, -1],
			"to": [14, 1.25, 17],
			"faces": {
				"north": {"uv": [0, 0, 12, 16], "texture": "#0"},
				"east": {"uv": [0, 0, 12, 16], "texture": "#0"},
				"south": {"uv": [0, 0, 12, 16], "texture": "#0"},
				"west": {"uv": [0, 0, 12, 16], "texture": "#0"},
				"up": {"uv": [0, 0, 12, 16], "texture": "#0"},
				"down": {"uv": [0, 0, 12, 16], "texture": "#0"}
			}
		},
		{
			"from": [-1, 0, 2],
			"to": [17, 1.25, 14],
			"faces": {
				"north": {"uv": [0, 0, 16, 12], "texture": "#0"},
				"east": {"uv": [0, 0, 16, 12], "texture": "#0"},
				"south": {"uv": [0, 0, 16, 12], "texture": "#0"},
				"west": {"uv": [0, 0, 16, 12], "texture": "#0"},
				"up": {"uv": [0, 0, 16, 12], "texture": "#0"},
				"down": {"uv": [0, 0, 16, 12], "texture": "#0"}
			}
		},
		{
			"from": [2, 0, 2],
			"to": [14, 9.75, 14],
			"faces": {
				"north": {"uv": [0, 0, 12, 12], "texture": "#0"},
				"east": {"uv": [0, 0, 12, 12], "texture": "#0"},
				"south": {"uv": [0, 0, 12, 12], "texture": "#0"},
				"west": {"uv": [0, 0, 12, 12], "texture": "#0"},
				"up": {"uv": [0, 0, 12, 12], "texture": "#0"},
				"down": {"uv": [0, 0, 12, 12], "texture": "#0"}
			}
		},
		{
			"from": [4, 0, 4],
			"to": [12, 11.75, 12],
			"faces": {
				"north": {"uv": [0, 0, 12, 12], "texture": "#0"},
				"east": {"uv": [0, 0, 12, 12], "texture": "#0"},
				"south": {"uv": [0, 0, 12, 12], "texture": "#0"},
				"west": {"uv": [0, 0, 12, 12], "texture": "#0"},
				"up": {"uv": [0, 0, 12, 12], "texture": "#0"},
				"down": {"uv": [0, 0, 12, 12], "texture": "#0"}
			}
		},
		{
			"from": [1.75, 1.75, 1.75],
			"to": [14.25, 4, 14.25],
			"faces": {
				"north": {"uv": [0, 0, 12, 12], "texture": "#1"},
				"east": {"uv": [0, 0, 12, 12], "texture": "#1"},
				"south": {"uv": [0, 0, 12, 12], "texture": "#1"},
				"west": {"uv": [0, 0, 12, 12], "texture": "#1"},
				"up": {"uv": [0, 0, 12, 12], "texture": "#1"},
				"down": {"uv": [0, 0, 12, 12], "texture": "#1"}
			}
		},
		{
			"from": [2.365, 4.325, 1.875],
			"to": [4.325, 7.755, 14.125],
			"rotation": {"angle": 22.5, "axis": "z", "origin": [8, 8, 8]},
			"faces": {
				"north": {"uv": [0, 0, 12, 12], "texture": "#2"},
				"east": {"uv": [0, 0, 12, 12], "texture": "#2"},
				"south": {"uv": [0, 0, 12, 12], "texture": "#2"},
				"west": {"uv": [0, 0, 12, 12], "texture": "#2"},
				"up": {"uv": [0, 0, 12, 12], "texture": "#2"},
				"down": {"uv": [0, 0, 12, 12], "texture": "#2"}
			}
		},
		{
			"from": [5, 0, 3],
			"to": [11, 10.75, 13],
			"faces": {
				"north": {"uv": [0, 0, 12, 12], "texture": "#0"},
				"east": {"uv": [0, 0, 12, 12], "texture": "#0"},
				"south": {"uv": [0, 0, 12, 12], "texture": "#0"},
				"west": {"uv": [0, 0, 12, 12], "texture": "#0"},
				"up": {"uv": [0, 0, 12, 12], "texture": "#0"},
				"down": {"uv": [0, 0, 12, 12], "texture": "#0"}
			}
		},
		{
			"from": [2, 11, 7.25],
			"to": [5.5, 16.5, 7.25],
			"rotation": {"angle": 22.5, "axis": "z", "origin": [4, 14, 7.5]},
			"faces": {
				"north": {"uv": [0, 0, 16, 16], "texture": "#3"},
				"south": {"uv": [0, 0, 16, 16], "texture": "#3"}
			}
		},
		{
			"from": [7.11063, 7, 2.75],
			"to": [7.86063, 13.5, 3.5],
			"faces": {
				"north": {"uv": [0, 0, 12, 12], "texture": "#4"},
				"east": {"uv": [0, 0, 12, 12], "texture": "#4"},
				"south": {"uv": [0, 0, 12, 12], "texture": "#4"},
				"west": {"uv": [0, 0, 12, 12], "texture": "#4"},
				"up": {"uv": [0, 0, 12, 12], "texture": "#4"},
				"down": {"uv": [0, 0, 12, 12], "texture": "#4"}
			}
		},
		{
			"from": [5.36063, 7, 2.75],
			"to": [6.11063, 13.5, 3.5],
			"faces": {
				"north": {"uv": [0, 0, 12, 12], "texture": "#4"},
				"east": {"uv": [0, 0, 12, 12], "texture": "#4"},
				"south": {"uv": [0, 0, 12, 12], "texture": "#4"},
				"west": {"uv": [0, 0, 12, 12], "texture": "#4"},
				"up": {"uv": [0, 0, 12, 12], "texture": "#4"},
				"down": {"uv": [0, 0, 12, 12], "texture": "#4"}
			}
		},
		{
			"from": [9.36063, 8.5, 2.75],
			"to": [10.11063, 15.5, 3.5],
			"rotation": {"angle": -22.5, "axis": "z", "origin": [6.11063, 8, 8]},
			"faces": {
				"north": {"uv": [0, 0, 12, 12], "texture": "#4"},
				"east": {"uv": [0, 0, 12, 12], "texture": "#4"},
				"south": {"uv": [0, 0, 12, 12], "texture": "#4"},
				"west": {"uv": [0, 0, 12, 12], "texture": "#4"},
				"up": {"uv": [0, 0, 12, 12], "texture": "#4"},
				"down": {"uv": [0, 0, 12, 12], "texture": "#4"}
			}
		},
		{
			"from": [10.36063, 5, 2.75],
			"to": [11.11063, 12, 3.5],
			"rotation": {"angle": 22.5, "axis": "z", "origin": [6.11063, 8, 8]},
			"faces": {
				"north": {"uv": [0, 0, 12, 12], "texture": "#4"},
				"east": {"uv": [0, 0, 12, 12], "texture": "#4"},
				"south": {"uv": [0, 0, 12, 12], "texture": "#4"},
				"west": {"uv": [0, 0, 12, 12], "texture": "#4"},
				"up": {"uv": [0, 0, 12, 12], "texture": "#4"},
				"down": {"uv": [0, 0, 12, 12], "texture": "#4"}
			}
		},
		{
			"from": [4.86063, 13, 2.75],
			"to": [6.11063, 13.5, 3.5],
			"faces": {
				"north": {"uv": [0, 0, 12, 12], "texture": "#4"},
				"east": {"uv": [0, 0, 12, 12], "texture": "#4"},
				"south": {"uv": [0, 0, 12, 12], "texture": "#4"},
				"west": {"uv": [0, 0, 12, 12], "texture": "#4"},
				"up": {"uv": [0, 0, 12, 12], "texture": "#4"},
				"down": {"uv": [0, 0, 12, 12], "texture": "#4"}
			}
		},
		{
			"from": [6.61063, 13.05, 2.75],
			"to": [7.11063, 13.555, 3.5],
			"rotation": {"angle": 22.5, "axis": "z", "origin": [6.11063, 8, 8]},
			"faces": {
				"north": {"uv": [0, 0, 12, 12], "texture": "#4"},
				"east": {"uv": [0, 0, 12, 12], "texture": "#4"},
				"south": {"uv": [0, 0, 12, 12], "texture": "#4"},
				"west": {"uv": [0, 0, 12, 12], "texture": "#4"},
				"up": {"uv": [0, 0, 12, 12], "texture": "#4"},
				"down": {"uv": [0, 0, 12, 12], "texture": "#4"}
			}
		},
		{
			"from": [8.36063, 12.343, 2.75],
			"to": [8.86063, 12.85305, 3.5],
			"rotation": {"angle": 45, "axis": "z", "origin": [6.11063, 8, 8]},
			"faces": {
				"north": {"uv": [0, 0, 12, 12], "texture": "#4"},
				"east": {"uv": [0, 0, 12, 12], "texture": "#4"},
				"south": {"uv": [0, 0, 12, 12], "texture": "#4"},
				"west": {"uv": [0, 0, 12, 12], "texture": "#4"},
				"up": {"uv": [0, 0, 12, 12], "texture": "#4"},
				"down": {"uv": [0, 0, 12, 12], "texture": "#4"}
			}
		},
		{
			"from": [2.50758, 11.5, 2.75],
			"to": [3.01763, 12, 3.5],
			"rotation": {"angle": -22.5, "axis": "z", "origin": [6.11063, 8, 8]},
			"faces": {
				"north": {"uv": [0, 0, 12, 12], "rotation": 90, "texture": "#4"},
				"east": {"uv": [0, 0, 12, 12], "rotation": 270, "texture": "#4"},
				"south": {"uv": [0, 0, 12, 12], "rotation": 270, "texture": "#4"},
				"west": {"uv": [0, 0, 12, 12], "rotation": 90, "texture": "#4"},
				"up": {"uv": [0, 0, 12, 12], "rotation": 270, "texture": "#4"},
				"down": {"uv": [0, 0, 12, 12], "rotation": 270, "texture": "#4"}
			}
		},
		{
			"from": [4.14531, 12.08, 2.75],
			"to": [4.63516, 12.59, 3.5],
			"faces": {
				"north": {"uv": [0, 0, 12, 12], "rotation": 90, "texture": "#4"},
				"east": {"uv": [0, 0, 12, 12], "rotation": 270, "texture": "#4"},
				"south": {"uv": [0, 0, 12, 12], "rotation": 270, "texture": "#4"},
				"west": {"uv": [0, 0, 12, 12], "rotation": 90, "texture": "#4"},
				"up": {"uv": [0, 0, 12, 12], "rotation": 270, "texture": "#4"},
				"down": {"uv": [0, 0, 12, 12], "rotation": 270, "texture": "#4"}
			}
		},
		{
			"from": [5.89531, 12.08, 2.75],
			"to": [6.38516, 12.59, 3.5],
			"rotation": {"angle": 22.5, "axis": "z", "origin": [6.16508, 8, 8]},
			"faces": {
				"north": {"uv": [0, 0, 12, 12], "rotation": 90, "texture": "#4"},
				"east": {"uv": [0, 0, 12, 12], "rotation": 270, "texture": "#4"},
				"south": {"uv": [0, 0, 12, 12], "rotation": 270, "texture": "#4"},
				"west": {"uv": [0, 0, 12, 12], "rotation": 90, "texture": "#4"},
				"up": {"uv": [0, 0, 12, 12], "rotation": 270, "texture": "#4"},
				"down": {"uv": [0, 0, 12, 12], "rotation": 270, "texture": "#4"}
			}
		},
		{
			"from": [7.3917, 11.3966, 2.75],
			"to": [7.90114, 11.9168, 3.5],
			"rotation": {"angle": 45, "axis": "z", "origin": [6.11226, 8, 8]},
			"faces": {
				"north": {"uv": [0, 0, 12, 12], "rotation": 90, "texture": "#4"},
				"east": {"uv": [0, 0, 12, 12], "rotation": 270, "texture": "#4"},
				"south": {"uv": [0, 0, 12, 12], "rotation": 270, "texture": "#4"},
				"west": {"uv": [0, 0, 12, 12], "rotation": 90, "texture": "#4"},
				"up": {"uv": [0, 0, 12, 12], "rotation": 270, "texture": "#4"},
				"down": {"uv": [0, 0, 12, 12], "rotation": 270, "texture": "#4"}
			}
		},
		{
			"from": [3.44546, 10.52944, 2.75],
			"to": [3.96566, 11.03889, 3.5],
			"rotation": {"angle": -22.5, "axis": "z", "origin": [6.11226, 8, 8]},
			"faces": {
				"north": {"uv": [0, 0, 12, 12], "rotation": 180, "texture": "#4"},
				"east": {"uv": [0, 0, 12, 12], "rotation": 180, "texture": "#4"},
				"south": {"uv": [0, 0, 12, 12], "rotation": 180, "texture": "#4"},
				"west": {"uv": [0, 0, 12, 12], "texture": "#4"},
				"up": {"uv": [0, 0, 12, 12], "rotation": 180, "texture": "#4"},
				"down": {"uv": [0, 0, 12, 12], "texture": "#4"}
			}
		},
		{
			"from": [4.94546, 11.15062, 2.75],
			"to": [5.46566, 11.68044, 3.5],
			"faces": {
				"north": {"uv": [0, 0, 12, 12], "rotation": 180, "texture": "#4"},
				"east": {"uv": [0, 0, 12, 12], "rotation": 180, "texture": "#4"},
				"south": {"uv": [0, 0, 12, 12], "rotation": 180, "texture": "#4"},
				"west": {"uv": [0, 0, 12, 12], "texture": "#4"},
				"up": {"uv": [0, 0, 12, 12], "rotation": 180, "texture": "#4"},
				"down": {"uv": [0, 0, 12, 12], "texture": "#4"}
			}
		}
	],
	"display": {
		"thirdperson_righthand": {
			"scale": [0.53, 0.51, 0.54]
		},
		"thirdperson_lefthand": {
			"scale": [0.53, 0.51, 0.54]
		},
		"firstperson_righthand": {
			"rotation": [0, 110, 0],
			"translation": [4.5, 0, 0],
			"scale": [0.5, 0.5, 0.5]
		},
		"firstperson_lefthand": {
			"rotation": [0, 110, 0],
			"translation": [4.5, 0, 0],
			"scale": [0.5, 0.5, 0.5]
		},
		"ground": {
			"translation": [0, 5.25, 0],
			"scale": [0.61, 0.61, 0.6]
		},
		"gui": {
			"rotation": [8, 169, 0],
			"translation": [0, 0.5, 0]
		},
		"head": {
			"rotation": [-1, -2, 8],
			"translation": [-1, 12.25, 0],
			"scale": [1.3, 1.3, 1.3]
		}
	}
}