{
	"credit": "Made with Blockbench",
	"textures": {
		"0": "block/acacia_log",
		"particle": "block/acacia_log"
	},
	"elements": [
		{
			"from": [7.25, 0, -10],
			"to": [8.75, 1.75, 26],
			"rotation": {"angle": 0, "axis": "y", "origin": [7, 0, 0]},
			"faces": {
				"north": {"uv": [0, 0, 16, 1.75], "texture": "#0"},
				"east": {"uv": [0, 0, 16, 1.75], "texture": "#0"},
				"south": {"uv": [0, 0, 16, 1.75], "texture": "#0"},
				"west": {"uv": [0, 0, 16, 1.75], "texture": "#0"},
				"up": {"uv": [0, 0, 16, 1.75], "texture": "#0"},
				"down": {"uv": [0, 0, 16, 1.75], "texture": "#0"}
			}
		}
	],
	"display": {
		"head": {
			"translation": [0, 17.5, 0],
			"scale": [3, 3, 3]
		}
	}
}