{
	"credit": "Made with Blockbench",
	"textures": {
		"0": "block/black_concrete",
		"1": "block/cauldron_inner",
		"2": "block/coal_block",
		"3": "block/bone_block_side",
		"4": "block/logo",
		"particle": "block/black_concrete"
	},
	"elements": [
		{
			"from": [0, 0, 7],
			"to": [16, 1, 8],
			"faces": {
				"north": {"uv": [0, 0, 16, 1], "texture": "#0"},
				"east": {"uv": [0, 0, 16, 1], "texture": "#0"},
				"south": {"uv": [0, 0, 16, 1], "texture": "#0"},
				"west": {"uv": [0, 0, 16, 1], "texture": "#0"},
				"up": {"uv": [0, 0, 16, 1], "texture": "#0"},
				"down": {"uv": [0, 0, 16, 1], "texture": "#0"}
			}
		},
		{
			"from": [0.48, 0, 7.765],
			"to": [15.52, 0.94, 8.705],
			"faces": {
				"north": {"uv": [0, 0, 16, 1], "texture": "#0"},
				"east": {"uv": [0, 0, 16, 1], "texture": "#0"},
				"south": {"uv": [0, 0, 16, 1], "texture": "#0"},
				"west": {"uv": [0, 0, 16, 1], "texture": "#0"},
				"up": {"uv": [0, 0, 16, 1], "texture": "#0"},
				"down": {"uv": [0, 0, 16, 1], "texture": "#0"}
			}
		},
		{
			"from": [0.9312, 0, 8.2791],
			"to": [15.0688, 0.8836, 9.1627],
			"faces": {
				"north": {"uv": [0, 0, 16, 1], "texture": "#0"},
				"east": {"uv": [0, 0, 16, 1], "texture": "#0"},
				"south": {"uv": [0, 0, 16, 1], "texture": "#0"},
				"west": {"uv": [0, 0, 16, 1], "texture": "#0"},
				"up": {"uv": [0, 0, 16, 1], "texture": "#0"},
				"down": {"uv": [0, 0, 16, 1], "texture": "#0"}
			}
		},
		{
			"from": [0.00893, 12.61285, 6.98608],
			"to": [16.00893, 13.61285, 7.98608],
			"faces": {
				"north": {"uv": [0, 1, 16, 0], "texture": "#0"},
				"east": {"uv": [0, 1, 16, 0], "texture": "#0"},
				"south": {"uv": [0, 1, 16, 0], "texture": "#0"},
				"west": {"uv": [0, 1, 16, 0], "texture": "#0"},
				"up": {"uv": [0, 1, 16, 0], "texture": "#0"},
				"down": {"uv": [0, 1, 16, 0], "texture": "#0"}
			}
		},
		{
			"from": [0.4884, 11.85608, 7.75191],
			"to": [15.5284, 12.79608, 8.69191],
			"faces": {
				"north": {"uv": [0, 1, 16, 2], "texture": "#0"},
				"east": {"uv": [0, 1, 16, 2], "texture": "#0"},
				"south": {"uv": [0, 1, 16, 2], "texture": "#0"},
				"west": {"uv": [0, 1, 16, 2], "texture": "#0"},
				"up": {"uv": [0, 1, 16, 2], "texture": "#0"},
				"down": {"uv": [0, 1, 16, 2], "texture": "#0"}
			}
		},
		{
			"from": [0.93909, 0.64472, 8.2668],
			"to": [15.07669, 12.02832, 9.1504],
			"faces": {
				"north": {"uv": [0, 1, 16, 2], "texture": "#0"},
				"east": {"uv": [0, 1, 16, 2], "texture": "#0"},
				"south": {"uv": [0, 1, 16, 2], "texture": "#0"},
				"west": {"uv": [0, 1, 16, 2], "texture": "#0"},
				"up": {"uv": [0, 1, 16, 2], "texture": "#0"},
				"down": {"uv": [0, 1, 16, 2], "texture": "#0"}
			}
		},
		{
			"from": [13.55391, -3.67471, 6.99786],
			"to": [14.55391, -2.67471, 7.99786],
			"rotation": {"angle": 22.5, "axis": "z", "origin": [5.55391, 4.32529, 7.99786]},
			"faces": {
				"north": {"uv": [0, 0, 1, 1], "texture": "#0"},
				"east": {"uv": [0, 0, 1, 1], "texture": "#0"},
				"south": {"uv": [0, 0, 1, 1], "texture": "#0"},
				"west": {"uv": [0, 0, 1, 1], "texture": "#0"},
				"up": {"uv": [0, 0, 1, 1], "texture": "#0"},
				"down": {"uv": [0, 0, 1, 1], "texture": "#0"}
			}
		},
		{
			"from": [13.22068, -3.45423, 7.76298],
			"to": [14.16068, -2.51423, 8.70298],
			"rotation": {"angle": 22.5, "axis": "z", "origin": [5.70068, 4.06577, 8.70298]},
			"faces": {
				"north": {"uv": [0, 0, 1, 1], "texture": "#0"},
				"east": {"uv": [0, 0, 1, 1], "texture": "#0"},
				"south": {"uv": [0, 0, 1, 1], "texture": "#0"},
				"west": {"uv": [0, 0, 1, 1], "texture": "#0"},
				"up": {"uv": [0, 0, 1, 1], "texture": "#0"},
				"down": {"uv": [0, 0, 1, 1], "texture": "#0"}
			}
		},
		{
			"from": [12.90743, -3.24697, 8.27721],
			"to": [13.79103, -2.11337, 9.16081],
			"rotation": {"angle": 22.5, "axis": "z", "origin": [5.83863, 3.82183, 9.16081]},
			"faces": {
				"north": {"uv": [0, 0, 1, 1], "texture": "#0"},
				"east": {"uv": [0, 0, 1, 1], "texture": "#0"},
				"south": {"uv": [0, 0, 1, 1], "texture": "#0"},
				"west": {"uv": [0, 0, 1, 1], "texture": "#0"},
				"up": {"uv": [0, 0, 1, 1], "texture": "#0"},
				"down": {"uv": [0, 0, 1, 1], "texture": "#0"}
			}
		},
		{
			"from": [13.56284, 16.28756, 6.98393],
			"to": [14.56284, 17.28756, 7.98393],
			"rotation": {"angle": -22.5, "axis": "z", "origin": [5.56284, 9.28756, 7.98393]},
			"faces": {
				"north": {"uv": [0, 1, 1, 0], "texture": "#0"},
				"east": {"uv": [0, 1, 1, 0], "texture": "#0"},
				"south": {"uv": [0, 1, 1, 0], "texture": "#0"},
				"west": {"uv": [0, 1, 1, 0], "texture": "#0"},
				"up": {"uv": [0, 1, 1, 0], "texture": "#0"},
				"down": {"uv": [0, 1, 1, 0], "texture": "#0"}
			}
		},
		{
			"from": [13.22907, 15.31031, 7.7499],
			"to": [14.16907, 16.25031, 8.6899],
			"rotation": {"angle": -22.5, "axis": "z", "origin": [5.70907, 8.73031, 8.6899]},
			"faces": {
				"north": {"uv": [0, 1, 1, 2], "texture": "#0"},
				"east": {"uv": [0, 1, 1, 2], "texture": "#0"},
				"south": {"uv": [0, 1, 1, 2], "texture": "#0"},
				"west": {"uv": [0, 1, 1, 2], "texture": "#0"},
				"up": {"uv": [0, 1, 1, 2], "texture": "#0"},
				"down": {"uv": [0, 1, 1, 2], "texture": "#0"}
			}
		},
		{
			"from": [12.91533, 14.14169, 8.2649],
			"to": [13.79893, 15.27529, 9.1485],
			"rotation": {"angle": -22.5, "axis": "z", "origin": [5.84653, 8.20649, 9.1485]},
			"faces": {
				"north": {"uv": [0, 1, 1, 2], "texture": "#0"},
				"east": {"uv": [0, 1, 1, 2], "texture": "#0"},
				"south": {"uv": [0, 1, 1, 2], "texture": "#0"},
				"west": {"uv": [0, 1, 1, 2], "texture": "#0"},
				"up": {"uv": [0, 1, 1, 2], "texture": "#0"},
				"down": {"uv": [0, 1, 1, 2], "texture": "#0"}
			}
		},
		{
			"from": [1.44609, -3.67471, 6.99786],
			"to": [2.44609, -2.67471, 7.99786],
			"rotation": {"angle": -22.5, "axis": "z", "origin": [10.44609, 4.32529, 7.99786]},
			"faces": {
				"north": {"uv": [1, 0, 0, 1], "texture": "#0"},
				"east": {"uv": [1, 0, 0, 1], "texture": "#0"},
				"south": {"uv": [1, 0, 0, 1], "texture": "#0"},
				"west": {"uv": [1, 0, 0, 1], "texture": "#0"},
				"up": {"uv": [1, 0, 0, 1], "texture": "#0"},
				"down": {"uv": [1, 0, 0, 1], "texture": "#0"}
			}
		},
		{
			"from": [1.83932, -3.45423, 7.76298],
			"to": [2.77932, -2.51423, 8.70298],
			"rotation": {"angle": -22.5, "axis": "z", "origin": [10.29932, 4.06577, 8.70298]},
			"faces": {
				"north": {"uv": [1, 0, 2, 1], "texture": "#0"},
				"east": {"uv": [1, 0, 2, 1], "texture": "#0"},
				"south": {"uv": [1, 0, 2, 1], "texture": "#0"},
				"west": {"uv": [1, 0, 2, 1], "texture": "#0"},
				"up": {"uv": [1, 0, 2, 1], "texture": "#0"},
				"down": {"uv": [1, 0, 2, 1], "texture": "#0"}
			}
		},
		{
			"from": [2.20897, -3.24697, 8.27721],
			"to": [3.09257, -1.86337, 9.16081],
			"rotation": {"angle": -22.5, "axis": "z", "origin": [10.16137, 3.82183, 9.16081]},
			"faces": {
				"north": {"uv": [1, 0, 2, 1], "texture": "#0"},
				"east": {"uv": [1, 0, 2, 1], "texture": "#0"},
				"south": {"uv": [1, 0, 2, 1], "texture": "#0"},
				"west": {"uv": [1, 0, 2, 1], "texture": "#0"},
				"up": {"uv": [1, 0, 2, 1], "texture": "#0"},
				"down": {"uv": [1, 0, 2, 1], "texture": "#0"}
			}
		},
		{
			"from": [1.45502, 16.28756, 6.98393],
			"to": [2.45502, 17.28756, 7.98393],
			"rotation": {"angle": 22.5, "axis": "z", "origin": [10.45502, 9.28756, 7.98393]},
			"faces": {
				"north": {"uv": [1, 1, 0, 0], "texture": "#0"},
				"east": {"uv": [1, 1, 0, 0], "texture": "#0"},
				"south": {"uv": [1, 1, 0, 0], "texture": "#0"},
				"west": {"uv": [1, 1, 0, 0], "texture": "#0"},
				"up": {"uv": [1, 1, 0, 0], "texture": "#0"},
				"down": {"uv": [1, 1, 0, 0], "texture": "#0"}
			}
		},
		{
			"from": [1.84772, 15.31031, 7.7499],
			"to": [2.78772, 16.25031, 8.6899],
			"rotation": {"angle": 22.5, "axis": "z", "origin": [10.30772, 8.73031, 8.6899]},
			"faces": {
				"north": {"uv": [1, 1, 2, 2], "texture": "#0"},
				"east": {"uv": [1, 1, 2, 2], "texture": "#0"},
				"south": {"uv": [1, 1, 2, 2], "texture": "#0"},
				"west": {"uv": [1, 1, 2, 2], "texture": "#0"},
				"up": {"uv": [1, 1, 2, 2], "texture": "#0"},
				"down": {"uv": [1, 1, 2, 2], "texture": "#0"}
			}
		},
		{
			"from": [2.21686, 13.89169, 8.2649],
			"to": [3.10046, 15.27529, 9.1485],
			"rotation": {"angle": 22.5, "axis": "z", "origin": [10.16926, 8.20649, 9.1485]},
			"faces": {
				"north": {"uv": [1, 1, 2, 2], "texture": "#0"},
				"east": {"uv": [1, 1, 2, 2], "texture": "#0"},
				"south": {"uv": [1, 1, 2, 2], "texture": "#0"},
				"west": {"uv": [1, 1, 2, 2], "texture": "#0"},
				"up": {"uv": [1, 1, 2, 2], "texture": "#0"},
				"down": {"uv": [1, 1, 2, 2], "texture": "#0"}
			}
		},
		{
			"from": [13.49223, 4.05048, 6.98178],
			"to": [14.49223, 5.05048, 7.98178],
			"rotation": {"angle": -22.5, "axis": "z", "origin": [6.49223, -3.94952, 7.98178]},
			"faces": {
				"north": {"uv": [0, 0, 1, 1], "rotation": 270, "texture": "#0"},
				"east": {"uv": [0, 0, 1, 1], "rotation": 270, "texture": "#0"},
				"south": {"uv": [0, 0, 1, 1], "rotation": 270, "texture": "#0"},
				"west": {"uv": [0, 0, 1, 1], "rotation": 270, "texture": "#0"},
				"up": {"uv": [0, 0, 1, 1], "rotation": 270, "texture": "#0"},
				"down": {"uv": [0, 0, 1, 1], "rotation": 270, "texture": "#0"}
			}
		},
		{
			"from": [13.1627, 3.80745, 7.74787],
			"to": [14.1027, 4.74745, 8.68787],
			"rotation": {"angle": -22.5, "axis": "z", "origin": [6.5827, -3.71255, 8.68787]},
			"faces": {
				"north": {"uv": [0, 0, 1, 1], "rotation": 270, "texture": "#0"},
				"east": {"uv": [0, 0, 1, 1], "rotation": 270, "texture": "#0"},
				"south": {"uv": [0, 0, 1, 1], "rotation": 270, "texture": "#0"},
				"west": {"uv": [0, 0, 1, 1], "rotation": 270, "texture": "#0"},
				"up": {"uv": [0, 0, 1, 1], "rotation": 270, "texture": "#0"},
				"down": {"uv": [0, 0, 1, 1], "rotation": 270, "texture": "#0"}
			}
		},
		{
			"from": [12.85294, 3.579, 8.263],
			"to": [13.73654, 4.4626, 9.1466],
			"rotation": {"angle": -22.5, "axis": "z", "origin": [6.66774, -3.4898, 9.1466]},
			"faces": {
				"north": {"uv": [0, 0, 1, 1], "rotation": 270, "texture": "#0"},
				"east": {"uv": [0, 0, 1, 1], "rotation": 270, "texture": "#0"},
				"south": {"uv": [0, 0, 1, 1], "rotation": 270, "texture": "#0"},
				"west": {"uv": [0, 0, 1, 1], "rotation": 270, "texture": "#0"},
				"up": {"uv": [0, 0, 1, 1], "rotation": 270, "texture": "#0"},
				"down": {"uv": [0, 0, 1, 1], "rotation": 270, "texture": "#0"}
			}
		},
		{
			"from": [13.50117, 8.56237, 6.96785],
			"to": [14.50117, 9.56237, 7.96785],
			"rotation": {"angle": 22.5, "axis": "z", "origin": [6.50117, 17.56237, 7.96785]},
			"faces": {
				"north": {"uv": [1, 0, 0, 1], "rotation": 270, "texture": "#0"},
				"east": {"uv": [1, 0, 0, 1], "rotation": 270, "texture": "#0"},
				"south": {"uv": [1, 0, 0, 1], "rotation": 270, "texture": "#0"},
				"west": {"uv": [1, 0, 0, 1], "rotation": 270, "texture": "#0"},
				"up": {"uv": [1, 0, 0, 1], "rotation": 270, "texture": "#0"},
				"down": {"uv": [1, 0, 0, 1], "rotation": 270, "texture": "#0"}
			}
		},
		{
			"from": [13.1711, 8.04863, 7.73478],
			"to": [14.1111, 8.98863, 8.67478],
			"rotation": {"angle": 22.5, "axis": "z", "origin": [6.5911, 16.50863, 8.67478]},
			"faces": {
				"north": {"uv": [1, 0, 2, 1], "rotation": 270, "texture": "#0"},
				"east": {"uv": [1, 0, 2, 1], "rotation": 270, "texture": "#0"},
				"south": {"uv": [1, 0, 2, 1], "rotation": 270, "texture": "#0"},
				"west": {"uv": [1, 0, 2, 1], "rotation": 270, "texture": "#0"},
				"up": {"uv": [1, 0, 2, 1], "rotation": 270, "texture": "#0"},
				"down": {"uv": [1, 0, 2, 1], "rotation": 270, "texture": "#0"}
			}
		},
		{
			"from": [12.86083, 7.56571, 8.25069],
			"to": [13.74443, 8.44931, 9.13429],
			"rotation": {"angle": 22.5, "axis": "z", "origin": [6.67563, 15.51811, 9.13429]},
			"faces": {
				"north": {"uv": [1, 0, 2, 1], "rotation": 270, "texture": "#0"},
				"east": {"uv": [1, 0, 2, 1], "rotation": 270, "texture": "#0"},
				"south": {"uv": [1, 0, 2, 1], "rotation": 270, "texture": "#0"},
				"west": {"uv": [1, 0, 2, 1], "rotation": 270, "texture": "#0"},
				"up": {"uv": [1, 0, 2, 1], "rotation": 270, "texture": "#0"},
				"down": {"uv": [1, 0, 2, 1], "rotation": 270, "texture": "#0"}
			}
		},
		{
			"from": [1.50777, 4.05048, 6.98178],
			"to": [2.50777, 5.05048, 7.98178],
			"rotation": {"angle": 22.5, "axis": "z", "origin": [9.50777, -3.94952, 7.98178]},
			"faces": {
				"north": {"uv": [0, 1, 1, 0], "rotation": 270, "texture": "#0"},
				"east": {"uv": [0, 1, 1, 0], "rotation": 270, "texture": "#0"},
				"south": {"uv": [0, 1, 1, 0], "rotation": 270, "texture": "#0"},
				"west": {"uv": [0, 1, 1, 0], "rotation": 270, "texture": "#0"},
				"up": {"uv": [0, 1, 1, 0], "rotation": 270, "texture": "#0"},
				"down": {"uv": [0, 1, 1, 0], "rotation": 270, "texture": "#0"}
			}
		},
		{
			"from": [1.8973, 3.80745, 7.74787],
			"to": [2.8373, 4.74745, 8.68787],
			"rotation": {"angle": 22.5, "axis": "z", "origin": [9.4173, -3.71255, 8.68787]},
			"faces": {
				"north": {"uv": [0, 1, 1, 2], "rotation": 270, "texture": "#0"},
				"east": {"uv": [0, 1, 1, 2], "rotation": 270, "texture": "#0"},
				"south": {"uv": [0, 1, 1, 2], "rotation": 270, "texture": "#0"},
				"west": {"uv": [0, 1, 1, 2], "rotation": 270, "texture": "#0"},
				"up": {"uv": [0, 1, 1, 2], "rotation": 270, "texture": "#0"},
				"down": {"uv": [0, 1, 1, 2], "rotation": 270, "texture": "#0"}
			}
		},
		{
			"from": [2.26346, 3.579, 8.263],
			"to": [3.14706, 4.4626, 9.1466],
			"rotation": {"angle": 22.5, "axis": "z", "origin": [9.33226, -3.4898, 9.1466]},
			"faces": {
				"north": {"uv": [0, 1, 1, 2], "rotation": 270, "texture": "#0"},
				"east": {"uv": [0, 1, 1, 2], "rotation": 270, "texture": "#0"},
				"south": {"uv": [0, 1, 1, 2], "rotation": 270, "texture": "#0"},
				"west": {"uv": [0, 1, 1, 2], "rotation": 270, "texture": "#0"},
				"up": {"uv": [0, 1, 1, 2], "rotation": 270, "texture": "#0"},
				"down": {"uv": [0, 1, 1, 2], "rotation": 270, "texture": "#0"}
			}
		},
		{
			"from": [1.5167, 8.56237, 6.96785],
			"to": [2.5167, 9.56237, 7.96785],
			"rotation": {"angle": -22.5, "axis": "z", "origin": [9.5167, 17.56237, 7.96785]},
			"faces": {
				"north": {"uv": [1, 1, 0, 0], "rotation": 270, "texture": "#0"},
				"east": {"uv": [1, 1, 0, 0], "rotation": 270, "texture": "#0"},
				"south": {"uv": [1, 1, 0, 0], "rotation": 270, "texture": "#0"},
				"west": {"uv": [1, 1, 0, 0], "rotation": 270, "texture": "#0"},
				"up": {"uv": [1, 1, 0, 0], "rotation": 270, "texture": "#0"},
				"down": {"uv": [1, 1, 0, 0], "rotation": 270, "texture": "#0"}
			}
		},
		{
			"from": [1.9057, 8.04863, 7.73478],
			"to": [2.8457, 8.98863, 8.67478],
			"rotation": {"angle": -22.5, "axis": "z", "origin": [9.4257, 16.50863, 8.67478]},
			"faces": {
				"north": {"uv": [1, 1, 2, 2], "rotation": 270, "texture": "#0"},
				"east": {"uv": [1, 1, 2, 2], "rotation": 270, "texture": "#0"},
				"south": {"uv": [1, 1, 2, 2], "rotation": 270, "texture": "#0"},
				"west": {"uv": [1, 1, 2, 2], "rotation": 270, "texture": "#0"},
				"up": {"uv": [1, 1, 2, 2], "rotation": 270, "texture": "#0"},
				"down": {"uv": [1, 1, 2, 2], "rotation": 270, "texture": "#0"}
			}
		},
		{
			"from": [2.27136, 7.56571, 8.25069],
			"to": [3.15496, 8.44931, 9.13429],
			"rotation": {"angle": -22.5, "axis": "z", "origin": [9.34016, 15.51811, 9.13429]},
			"faces": {
				"north": {"uv": [1, 1, 2, 2], "rotation": 270, "texture": "#0"},
				"east": {"uv": [1, 1, 2, 2], "rotation": 270, "texture": "#0"},
				"south": {"uv": [1, 1, 2, 2], "rotation": 270, "texture": "#0"},
				"west": {"uv": [1, 1, 2, 2], "rotation": 270, "texture": "#0"},
				"up": {"uv": [1, 1, 2, 2], "rotation": 270, "texture": "#0"},
				"down": {"uv": [1, 1, 2, 2], "rotation": 270, "texture": "#0"}
			}
		},
		{
			"from": [16.3322, 1.30889, 6.97203],
			"to": [17.3322, 12.30889, 7.97203],
			"faces": {
				"north": {"uv": [0, 0, 11, 1], "rotation": 270, "texture": "#0"},
				"east": {"uv": [0, 0, 11, 1], "rotation": 270, "texture": "#0"},
				"south": {"uv": [0, 0, 11, 1], "rotation": 270, "texture": "#0"},
				"west": {"uv": [0, 0, 11, 1], "rotation": 270, "texture": "#0"},
				"up": {"uv": [0, 0, 11, 1], "rotation": 270, "texture": "#0"},
				"down": {"uv": [0, 0, 11, 1], "rotation": 270, "texture": "#0"}
			}
		},
		{
			"from": [15.83227, 1.23036, 7.73871],
			"to": [16.77227, 11.57036, 8.67871],
			"faces": {
				"north": {"uv": [0, 0, 11, 1], "rotation": 270, "texture": "#0"},
				"east": {"uv": [0, 0, 11, 1], "rotation": 270, "texture": "#0"},
				"south": {"uv": [0, 0, 11, 1], "rotation": 270, "texture": "#0"},
				"west": {"uv": [0, 0, 11, 1], "rotation": 270, "texture": "#0"},
				"up": {"uv": [0, 0, 11, 1], "rotation": 270, "texture": "#0"},
				"down": {"uv": [0, 0, 11, 1], "rotation": 270, "texture": "#0"}
			}
		},
		{
			"from": [15.36234, 1.15654, 8.25439],
			"to": [16.24594, 10.87614, 9.13799],
			"faces": {
				"north": {"uv": [0, 0, 11, 1], "rotation": 270, "texture": "#0"},
				"east": {"uv": [0, 0, 11, 1], "rotation": 270, "texture": "#0"},
				"south": {"uv": [0, 0, 11, 1], "rotation": 270, "texture": "#0"},
				"west": {"uv": [0, 0, 11, 1], "rotation": 270, "texture": "#0"},
				"up": {"uv": [0, 0, 11, 1], "rotation": 270, "texture": "#0"},
				"down": {"uv": [0, 0, 11, 1], "rotation": 270, "texture": "#0"}
			}
		},
		{
			"from": [-1.3322, 1.30889, 6.97203],
			"to": [-0.3322, 12.30889, 7.97203],
			"faces": {
				"north": {"uv": [0, 1, 11, 0], "rotation": 270, "texture": "#0"},
				"east": {"uv": [0, 1, 11, 0], "rotation": 270, "texture": "#0"},
				"south": {"uv": [0, 1, 11, 0], "rotation": 270, "texture": "#0"},
				"west": {"uv": [0, 1, 11, 0], "rotation": 270, "texture": "#0"},
				"up": {"uv": [0, 1, 11, 0], "rotation": 270, "texture": "#0"},
				"down": {"uv": [0, 1, 11, 0], "rotation": 270, "texture": "#0"}
			}
		},
		{
			"from": [-0.77227, 1.23036, 7.73871],
			"to": [0.16773, 11.57036, 8.67871],
			"faces": {
				"north": {"uv": [0, 1, 11, 2], "rotation": 270, "texture": "#0"},
				"east": {"uv": [0, 1, 11, 2], "rotation": 270, "texture": "#0"},
				"south": {"uv": [0, 1, 11, 2], "rotation": 270, "texture": "#0"},
				"west": {"uv": [0, 1, 11, 2], "rotation": 270, "texture": "#0"},
				"up": {"uv": [0, 1, 11, 2], "rotation": 270, "texture": "#0"},
				"down": {"uv": [0, 1, 11, 2], "rotation": 270, "texture": "#0"}
			}
		},
		{
			"from": [-0.24594, 1.15654, 8.25439],
			"to": [15.63766, 10.87614, 9.13799],
			"faces": {
				"north": {"uv": [0, 1, 11, 2], "rotation": 270, "texture": "#0"},
				"east": {"uv": [0, 1, 11, 2], "rotation": 270, "texture": "#0"},
				"south": {"uv": [0, 1, 11, 2], "rotation": 270, "texture": "#0"},
				"west": {"uv": [0, 1, 11, 2], "rotation": 270, "texture": "#0"},
				"up": {"uv": [0, 1, 11, 2], "rotation": 270, "texture": "#0"},
				"down": {"uv": [0, 1, 11, 2], "rotation": 270, "texture": "#0"}
			}
		},
		{
			"from": [-0.24594, 1.15654, 7.95439],
			"to": [15.63766, 11.87614, 8.53799],
			"faces": {
				"north": {"uv": [0, 1, 11, 2], "rotation": 270, "texture": "#3"},
				"east": {"uv": [0, 1, 11, 2], "rotation": 270, "texture": "#3"},
				"south": {"uv": [0, 1, 11, 2], "rotation": 270, "texture": "#3"},
				"west": {"uv": [0, 1, 11, 2], "rotation": 270, "texture": "#3"},
				"up": {"uv": [0, 1, 11, 2], "rotation": 270, "texture": "#3"},
				"down": {"uv": [0, 1, 11, 2], "rotation": 270, "texture": "#3"}
			}
		},
		{
			"from": [2.75406, 2.15654, 7.85439],
			"to": [12.63766, 10.87614, 8.15439],
			"faces": {
				"north": {"uv": [0, 0.029, 15.993, 16], "texture": "#4"},
				"south": {"uv": [0, 1, 11, 2], "rotation": 270, "texture": "#3"}
			}
		},
		{
			"from": [8.16128, 0.30048, 6.9824],
			"to": [8.29568, 0.82464, 7.1168],
			"rotation": {"angle": -22.5, "axis": "z", "origin": [7.55648, 1.08, 6.848]},
			"faces": {
				"north": {"uv": [1, 0, 0, 3.9], "texture": "#1"},
				"east": {"uv": [1, 0, 0, 3.9], "texture": "#1"},
				"south": {"uv": [1, 0, 0, 3.9], "texture": "#1"},
				"west": {"uv": [1, 0, 0, 3.9], "texture": "#1"},
				"up": {"uv": [1, 0, 0, 3.9], "texture": "#1"},
				"down": {"uv": [1, 0, 0, 3.9], "texture": "#1"}
			}
		},
		{
			"from": [7.97312, 0.55584, 6.9824],
			"to": [8.10752, 0.69024, 7.1168],
			"faces": {
				"north": {"uv": [1, 0, 0, 1], "texture": "#1"},
				"east": {"uv": [1, 0, 0, 1], "texture": "#1"},
				"south": {"uv": [1, 0, 0, 1], "texture": "#1"},
				"west": {"uv": [1, 0, 0, 1], "texture": "#1"},
				"up": {"uv": [1, 0, 0, 1], "texture": "#1"},
				"down": {"uv": [1, 0, 0, 1], "texture": "#1"}
			}
		},
		{
			"from": [7.85216, 0.59616, 6.9824],
			"to": [7.98656, 0.73056, 7.1168],
			"faces": {
				"north": {"uv": [1, 0, 0, 1], "texture": "#1"},
				"east": {"uv": [1, 0, 0, 1], "texture": "#1"},
				"south": {"uv": [1, 0, 0, 1], "texture": "#1"},
				"west": {"uv": [1, 0, 0, 1], "texture": "#1"},
				"up": {"uv": [1, 0, 0, 1], "texture": "#1"},
				"down": {"uv": [1, 0, 0, 1], "texture": "#1"}
			}
		},
		{
			"from": [7.74464, 0.8112, 6.9824],
			"to": [7.87904, 0.9456, 7.1168],
			"faces": {
				"north": {"uv": [1, 0, 0, 1], "texture": "#1"},
				"east": {"uv": [1, 0, 0, 1], "texture": "#1"},
				"south": {"uv": [1, 0, 0, 1], "texture": "#1"},
				"west": {"uv": [1, 0, 0, 1], "texture": "#1"},
				"up": {"uv": [1, 0, 0, 1], "texture": "#1"},
				"down": {"uv": [1, 0, 0, 1], "texture": "#1"}
			}
		},
		{
			"from": [7.82528, 0.9456, 6.9824],
			"to": [8.22848, 1.08, 7.1168],
			"faces": {
				"north": {"uv": [3, 0, 0, 1], "texture": "#1"},
				"east": {"uv": [3, 0, 0, 1], "texture": "#1"},
				"south": {"uv": [3, 0, 0, 1], "texture": "#1"},
				"west": {"uv": [3, 0, 0, 1], "texture": "#1"},
				"up": {"uv": [3, 0, 0, 1], "texture": "#1"},
				"down": {"uv": [3, 0, 0, 1], "texture": "#1"}
			}
		},
		{
			"from": [7.74464, 0.69024, 6.9824],
			"to": [7.87904, 0.82464, 7.1168],
			"faces": {
				"north": {"uv": [1, 0, 0, 1], "texture": "#1"},
				"east": {"uv": [1, 0, 0, 1], "texture": "#1"},
				"south": {"uv": [1, 0, 0, 1], "texture": "#1"},
				"west": {"uv": [1, 0, 0, 1], "texture": "#1"},
				"up": {"uv": [1, 0, 0, 1], "texture": "#1"},
				"down": {"uv": [1, 0, 0, 1], "texture": "#1"}
			}
		},
		{
			"from": [8.09408, 0.11232, 6.9824],
			"to": [8.22848, 1.08, 7.1168],
			"faces": {
				"north": {"uv": [1, 0, 0, 7.2], "texture": "#1"},
				"east": {"uv": [1, 0, 0, 7.2], "texture": "#1"},
				"south": {"uv": [1, 0, 0, 7.2], "texture": "#1"},
				"west": {"uv": [1, 0, 0, 7.2], "texture": "#1"},
				"up": {"uv": [1, 0, 0, 7.2], "texture": "#1"},
				"down": {"uv": [1, 0, 0, 7.2], "texture": "#1"}
			}
		},
		{
			"from": [7.5, 0, 8.8],
			"to": [8.5, 6.2, 9.8],
			"faces": {
				"north": {"uv": [0, 0, 1, 6.2], "texture": "#2"},
				"east": {"uv": [0, 0, 1, 6.2], "texture": "#2"},
				"south": {"uv": [0, 0, 1, 6.2], "texture": "#2"},
				"west": {"uv": [0, 0, 1, 6.2], "texture": "#2"},
				"up": {"uv": [0, 0, 1, 6.2], "texture": "#2"},
				"down": {"uv": [0, 0, 1, 6.2], "texture": "#2"}
			}
		},
		{
			"from": [6.5, 0, 8.8],
			"to": [9.5, 3.1, 9.6],
			"faces": {
				"north": {"uv": [0, 0, 1, 6.2], "texture": "#2"},
				"east": {"uv": [0, 0, 1, 6.2], "texture": "#2"},
				"south": {"uv": [0, 0, 1, 6.2], "texture": "#2"},
				"west": {"uv": [0, 0, 1, 6.2], "texture": "#2"},
				"up": {"uv": [0, 0, 1, 6.2], "texture": "#2"},
				"down": {"uv": [0, 0, 1, 6.2], "texture": "#2"}
			}
		}
	],
	"display": {
		"thirdperson_righthand": {
			"rotation": [54, 149, 13],
			"translation": [-1.5, 3.25, 2.75],
			"scale": [0.48, 0.48, 0.48]
		},
		"thirdperson_lefthand": {
			"rotation": [54, 149, 13],
			"translation": [-1.5, 3.25, 2.75],
			"scale": [0.48, 0.48, 0.48]
		},
		"firstperson_righthand": {
			"rotation": [0, 121, 0],
			"translation": [0, 4.25, 0],
			"scale": [0.5, 0.5, 0.5]
		},
		"firstperson_lefthand": {
			"rotation": [0, 121, 0],
			"translation": [0, 4.25, 0],
			"scale": [0.5, 0.5, 0.5]
		},
		"ground": {
			"translation": [0, 2.75, 0],
			"scale": [0.5, 0.5, 0.5]
		},
		"gui": {
			"rotation": [23, 158, 0],
			"translation": [0, 1, 0]
		},
		"head": {
			"scale": [1.96, 1.96, 1.99]
		}
	},
	"groups": [0, 1, 2, 3, 4, 5, 6, 7, 8, 9, 10, 11, 12, 13, 14, 15, 16, 17, 18, 19, 20, 21, 22, 23, 24, 25, 26, 27, 28, 29, 30, 31, 32, 33, 34, 35, 36, 37,
		{
			"name": "R WOULA",
			"origin": [8, 8, 8],
			"children": [38, 39, 40, 41, 42, 43, 44]
		}, 45, 46]
}