{
	"credit": "Made with Blockbench",
	"textures": {
		"0": "block/led",
		"particle": "block/led"
	},
	"elements": [
		{
			"from": [7.25, 0, 17],
			"to": [8.75, 1.75, 26],
			"rotation": {"angle": 0, "axis": "y", "origin": [8, 0.875, 21.5]},
			"faces": {
				"north": {"uv": [0, 0, 1.5, 1.75], "texture": "#0"},
				"east": {"uv": [0, 0, 9, 1.75], "texture": "#0"},
				"south": {"uv": [0, 0, 1.5, 1.75], "texture": "#0"},
				"west": {"uv": [0, 0, 9, 1.75], "texture": "#0"},
				"up": {"uv": [0, 0, 1.5, 9], "texture": "#0"},
				"down": {"uv": [0, 0, 1.5, 9], "texture": "#0"}
			}
		},
		{
			"from": [5.58501, 0, 14.62955],
			"to": [7.08501, 1.75, 17.62955],
			"rotation": {"angle": 22.5, "axis": "y", "origin": [6.33501, 0.875, 13.12955]},
			"faces": {
				"north": {"uv": [0, 0, 1.5, 1.75], "texture": "#0"},
				"east": {"uv": [0, 0, 3, 1.75], "texture": "#0"},
				"south": {"uv": [0, 0, 1.5, 1.75], "texture": "#0"},
				"west": {"uv": [0, 0, 3, 1.75], "texture": "#0"},
				"up": {"uv": [0, 0, 1.5, 3], "texture": "#0"},
				"down": {"uv": [0, 0, 1.5, 3], "texture": "#0"}
			}
		},
		{
			"from": [8.1601, 0, 10.99717],
			"to": [9.6601, 1.75, 13.99717],
			"rotation": {"angle": 45, "axis": "y", "origin": [8.9101, 0.875, 16.59717]},
			"faces": {
				"north": {"uv": [0, 0, 1.5, 1.75], "texture": "#0"},
				"east": {"uv": [0, 0, 3, 1.75], "texture": "#0"},
				"south": {"uv": [0, 0, 1.5, 1.75], "texture": "#0"},
				"west": {"uv": [0, 0, 3, 1.75], "texture": "#0"},
				"up": {"uv": [0, 0, 1.5, 3], "texture": "#0"},
				"down": {"uv": [0, 0, 1.5, 3], "texture": "#0"}
			}
		},
		{
			"from": [5.51093, 0, 9.65233],
			"to": [7.01093, 1.75, 12.65233],
			"rotation": {"angle": 22.5, "axis": "y", "origin": [6.26093, 0.875, 15.65233]},
			"faces": {
				"north": {"uv": [0, 0, 1.5, 1.75], "texture": "#0"},
				"east": {"uv": [0, 0, 3, 1.75], "texture": "#0"},
				"south": {"uv": [0, 0, 1.5, 1.75], "texture": "#0"},
				"west": {"uv": [0, 0, 3, 1.75], "texture": "#0"},
				"up": {"uv": [0, 0, 1.5, 3], "texture": "#0"},
				"down": {"uv": [0, 0, 1.5, 3], "texture": "#0"}
			}
		},
		{
			"from": [3.27192, 0, 7.39606],
			"to": [4.77192, 1.75, 10.39606],
			"rotation": {"angle": 0, "axis": "y", "origin": [4.02192, 0.875, 8.89606]},
			"faces": {
				"north": {"uv": [0, 0, 1.5, 1.75], "texture": "#0"},
				"east": {"uv": [0, 0, 3, 1.75], "texture": "#0"},
				"south": {"uv": [0, 0, 1.5, 1.75], "texture": "#0"},
				"west": {"uv": [0, 0, 3, 1.75], "texture": "#0"},
				"up": {"uv": [0, 0, 1.5, 3], "texture": "#0"},
				"down": {"uv": [0, 0, 1.5, 3], "texture": "#0"}
			}
		},
		{
			"from": [6.10503, 0, -7.84692],
			"to": [7.60503, 1.75, -4.84692],
			"rotation": {"angle": 0, "axis": "y", "origin": [6.85503, 0.875, 14.65308]},
			"faces": {
				"north": {"uv": [0, 0, 1.5, 1.75], "texture": "#0"},
				"east": {"uv": [0, 0, 3, 1.75], "texture": "#0"},
				"south": {"uv": [0, 0, 1.5, 1.75], "texture": "#0"},
				"west": {"uv": [0, 0, 3, 1.75], "texture": "#0"},
				"up": {"uv": [0, 0, 1.5, 3], "texture": "#0"},
				"down": {"uv": [0, 0, 1.5, 3], "texture": "#0"}
			}
		},
		{
			"from": [2.21985, 0, 1.48516],
			"to": [3.71985, 1.75, 7.48516],
			"rotation": {"angle": -22.5, "axis": "y", "origin": [2.96985, 0.875, 10.08516]},
			"faces": {
				"north": {"uv": [0, 0, 1.5, 1.75], "texture": "#0"},
				"east": {"uv": [0, 0, 6, 1.75], "texture": "#0"},
				"south": {"uv": [0, 0, 1.5, 1.75], "texture": "#0"},
				"west": {"uv": [0, 0, 6, 1.75], "texture": "#0"},
				"up": {"uv": [0, 0, 1.5, 6], "texture": "#0"},
				"down": {"uv": [0, 0, 1.5, 6], "texture": "#0"}
			}
		},
		{
			"from": [5.45384, 0, -3.57319],
			"to": [6.95384, 1.75, 2.42681],
			"rotation": {"angle": 0, "axis": "y", "origin": [6.20384, 0.875, -0.57319]},
			"faces": {
				"north": {"uv": [0, 0, 1.5, 1.75], "texture": "#0"},
				"east": {"uv": [0, 0, 6, 1.75], "texture": "#0"},
				"south": {"uv": [0, 0, 1.5, 1.75], "texture": "#0"},
				"west": {"uv": [0, 0, 6, 1.75], "texture": "#0"},
				"up": {"uv": [0, 0, 1.5, 6], "texture": "#0"},
				"down": {"uv": [0, 0, 1.5, 6], "texture": "#0"}
			}
		},
		{
			"from": [6.5448, 0, -5.05782],
			"to": [8.0448, 1.75, -3.05782],
			"rotation": {"angle": -22.5, "axis": "y", "origin": [7.2948, 0.875, -6.05782]},
			"faces": {
				"north": {"uv": [0, 0, 1.5, 1.75], "texture": "#0"},
				"east": {"uv": [0, 0, 2, 1.75], "texture": "#0"},
				"south": {"uv": [0, 0, 1.5, 1.75], "texture": "#0"},
				"west": {"uv": [0, 0, 2, 1.75], "texture": "#0"},
				"up": {"uv": [0, 0, 1.5, 2], "texture": "#0"},
				"down": {"uv": [0, 0, 1.5, 2], "texture": "#0"}
			}
		}
	],
	"display": {
		"head": {
			"translation": [0, 17.5, 0],
			"scale": [3, 3, 3]
		}
	}
}