{
	"credit": "Made with Blockbench",
	"textures": {
		"0": "block/stripped_jungle_log",
		"1": "block/stripped_spruce_log",
		"particle": "block/stripped_jungle_log"
	},
	"elements": [
		{
			"from": [11, 0, 2.5],
			"to": [13, 9, 4.5],
			"rotation": {"angle": 0, "axis": "y", "origin": [16, 0, 2.5]},
			"faces": {
				"north": {"uv": [2, 0, 4, 9], "texture": "#1"},
				"east": {"uv": [2, 0, 4, 9], "texture": "#1"},
				"south": {"uv": [2, 0, 4, 9], "texture": "#1"},
				"west": {"uv": [2, 0, 4, 9], "texture": "#1"},
				"up": {"uv": [2, 0, 4, 9], "texture": "#1"},
				"down": {"uv": [2, 0, 4, 9], "texture": "#1"}
			}
		},
		{
			"from": [3, 0, 2.5],
			"to": [5, 9, 4.5],
			"rotation": {"angle": 0, "axis": "y", "origin": [0, 0, 2.5]},
			"faces": {
				"north": {"uv": [4, 0, 6, 9], "texture": "#1"},
				"east": {"uv": [4, 0, 6, 9], "texture": "#1"},
				"south": {"uv": [4, 0, 6, 9], "texture": "#1"},
				"west": {"uv": [4, 0, 6, 9], "texture": "#1"},
				"up": {"uv": [4, 0, 6, 9], "texture": "#1"},
				"down": {"uv": [4, 0, 6, 9], "texture": "#1"}
			}
		},
		{
			"from": [3, 0, 11.5],
			"to": [5, 12, 13.5],
			"rotation": {"angle": 0, "axis": "y", "origin": [0, 0, 18.5]},
			"faces": {
				"north": {"uv": [2, 0, 4, 12], "texture": "#1"},
				"east": {"uv": [2, 0, 4, 12], "texture": "#1"},
				"south": {"uv": [2, 0, 4, 12], "texture": "#1"},
				"west": {"uv": [2, 0, 4, 12], "texture": "#1"},
				"up": {"uv": [2, 0, 4, 12], "texture": "#1"},
				"down": {"uv": [2, 0, 4, 12], "texture": "#1"}
			}
		},
		{
			"from": [11, 0, 11.5],
			"to": [13, 12, 13.5],
			"rotation": {"angle": 0, "axis": "y", "origin": [16, 0, 18.5]},
			"faces": {
				"north": {"uv": [4, 0, 6, 12], "texture": "#1"},
				"east": {"uv": [4, 0, 6, 12], "texture": "#1"},
				"south": {"uv": [4, 0, 6, 12], "texture": "#1"},
				"west": {"uv": [4, 0, 6, 12], "texture": "#1"},
				"up": {"uv": [4, 0, 6, 12], "texture": "#1"},
				"down": {"uv": [4, 0, 6, 12], "texture": "#1"}
			}
		},
		{
			"from": [3, 14.00627, 12.49581],
			"to": [5, 22.10627, 14.49581],
			"rotation": {"angle": 0, "axis": "y", "origin": [0, -5.99373, 19.49581]},
			"faces": {
				"north": {"uv": [2, 0, 4, 8.1], "texture": "#1"},
				"east": {"uv": [2, 0, 4, 8.1], "texture": "#1"},
				"south": {"uv": [2, 0, 4, 8.1], "texture": "#1"},
				"west": {"uv": [2, 0, 4, 8.1], "texture": "#1"},
				"up": {"uv": [2, 0, 4, 8.1], "texture": "#1"},
				"down": {"uv": [2, 0, 4, 8.1], "texture": "#1"}
			}
		},
		{
			"from": [11, 14.00627, 12.49581],
			"to": [13, 22.10627, 14.49581],
			"rotation": {"angle": 0, "axis": "y", "origin": [16, -5.99373, 19.49581]},
			"faces": {
				"north": {"uv": [4, 0, 6, 8.1], "texture": "#1"},
				"east": {"uv": [4, 0, 6, 8.1], "texture": "#1"},
				"south": {"uv": [4, 0, 6, 8.1], "texture": "#1"},
				"west": {"uv": [4, 0, 6, 8.1], "texture": "#1"},
				"up": {"uv": [4, 0, 6, 8.1], "texture": "#1"},
				"down": {"uv": [4, 0, 6, 8.1], "texture": "#1"}
			}
		},
		{
			"from": [2, 16.00627, 12.19581],
			"to": [14, 22.00627, 14.39581],
			"rotation": {"angle": 0, "axis": "y", "origin": [16, -5.99373, 19.49581]},
			"faces": {
				"north": {"uv": [4, 0, 16, 6], "texture": "#0"},
				"east": {"uv": [4, 0, 16, 6], "texture": "#0"},
				"south": {"uv": [4, 0, 16, 6], "texture": "#0"},
				"west": {"uv": [4, 0, 16, 6], "texture": "#0"},
				"up": {"uv": [4, 0, 16, 6], "texture": "#0"},
				"down": {"uv": [4, 0, 16, 6], "texture": "#0"}
			}
		},
		{
			"from": [3, 11.16059, 13.71998],
			"to": [5, 14.16059, 15.71998],
			"rotation": {"angle": 22.5, "axis": "x", "origin": [8, 17.16059, 14.71998]},
			"faces": {
				"north": {"uv": [2, 0, 4, 3], "texture": "#1"},
				"east": {"uv": [2, 0, 4, 3], "texture": "#1"},
				"south": {"uv": [2, 0, 4, 3], "texture": "#1"},
				"west": {"uv": [2, 0, 4, 3], "texture": "#1"},
				"up": {"uv": [2, 0, 4, 3], "texture": "#1"},
				"down": {"uv": [2, 0, 4, 3], "texture": "#1"}
			}
		},
		{
			"from": [11, 11.16059, 13.71998],
			"to": [13, 14.16059, 15.71998],
			"rotation": {"angle": 22.5, "axis": "x", "origin": [8, 17.16059, 14.71998]},
			"faces": {
				"north": {"uv": [4, 0, 6, 3], "texture": "#1"},
				"east": {"uv": [4, 0, 6, 3], "texture": "#1"},
				"south": {"uv": [4, 0, 6, 3], "texture": "#1"},
				"west": {"uv": [4, 0, 6, 3], "texture": "#1"},
				"up": {"uv": [4, 0, 6, 3], "texture": "#1"},
				"down": {"uv": [4, 0, 6, 3], "texture": "#1"}
			}
		},
		{
			"from": [2.95, 9, 2.5],
			"to": [13.05, 10, 13.5],
			"rotation": {"angle": 0, "axis": "y", "origin": [15.95, 0, 18.5]},
			"faces": {
				"north": {"uv": [2, 2, 12, 13], "texture": "#0"},
				"east": {"uv": [2, 2, 12, 13], "texture": "#0"},
				"south": {"uv": [2, 2, 12, 13], "texture": "#0"},
				"west": {"uv": [2, 2, 12, 13], "texture": "#0"},
				"up": {"uv": [2, 2, 12, 13], "texture": "#0"},
				"down": {"uv": [2, 2, 12, 13], "texture": "#0"}
			}
		},
		{
			"from": [3, 8.84672, 1.7294],
			"to": [13, 9.84672, 2.7294],
			"rotation": {"angle": -22.5, "axis": "x", "origin": [8, 9.34672, 2.2294]},
			"faces": {
				"north": {"uv": [2, 2, 12, 3], "texture": "#0"},
				"east": {"uv": [2, 2, 12, 3], "texture": "#0"},
				"south": {"uv": [2, 2, 12, 3], "texture": "#0"},
				"west": {"uv": [2, 2, 12, 3], "texture": "#0"},
				"up": {"uv": [2, 2, 12, 3], "texture": "#0"},
				"down": {"uv": [2, 2, 12, 3], "texture": "#0"}
			}
		}
	],
	"display": {
		"head": {
			"translation": [0, -34.5, 0],
			"scale": [1.3, 1.3, 1.3]
		}
	}
}