{
	"credit": "Made with Blockbench",
	"textures": {
		"0": "block/red_terracotta",
		"1": "block/acacia_log",
		"2": "block/yellow_terracotta",
		"4": "block/brown_concrete",
		"5": "block/stripped_jungle_log",
		"6": "block/barrel_bottom",
		"7": "block/infospawn",
		"particle": "block/red_terracotta"
	},
	"elements": [
		{
			"from": [-16, 20.94532, 8],
			"to": [32, 22.94532, 10],
			"rotation": {"angle": 0, "axis": "y", "origin": [0, 20.94532, 8]},
			"faces": {
				"north": {"uv": [0, 0, 16, 2], "texture": "#0"},
				"east": {"uv": [0, 0, 16, 2], "texture": "#0"},
				"south": {"uv": [0, 0, 16, 2], "texture": "#0"},
				"west": {"uv": [0, 0, 16, 2], "texture": "#0"},
				"up": {"uv": [0, 0, 16, 2], "texture": "#0"},
				"down": {"uv": [0, 0, 16, 2], "texture": "#0"}
			}
		},
		{
			"from": [-16, 0.94532, 8],
			"to": [32, 2.94532, 10],
			"rotation": {"angle": 0, "axis": "y", "origin": [0, 20.94532, 8]},
			"faces": {
				"north": {"uv": [0, 0, 16, 2], "texture": "#0"},
				"east": {"uv": [0, 0, 16, 2], "texture": "#0"},
				"south": {"uv": [0, 0, 16, 2], "texture": "#0"},
				"west": {"uv": [0, 0, 16, 2], "texture": "#0"},
				"up": {"uv": [0, 0, 16, 2], "texture": "#0"},
				"down": {"uv": [0, 0, 16, 2], "texture": "#0"}
			}
		},
		{
			"from": [31, 2.94532, 8],
			"to": [32, 20.94532, 10],
			"rotation": {"angle": 0, "axis": "y", "origin": [0, 20.94532, 8]},
			"faces": {
				"north": {"uv": [0, 0, 16, 2], "texture": "#0"},
				"east": {"uv": [0, 0, 16, 2], "texture": "#0"},
				"south": {"uv": [0, 0, 16, 2], "texture": "#0"},
				"west": {"uv": [0, 0, 16, 2], "texture": "#0"},
				"up": {"uv": [0, 0, 16, 2], "texture": "#0"},
				"down": {"uv": [0, 0, 16, 2], "texture": "#0"}
			}
		},
		{
			"from": [28, -13, 10],
			"to": [30, 20.94532, 12],
			"rotation": {"angle": 0, "axis": "y", "origin": [0, 20.94532, 8]},
			"faces": {
				"north": {"uv": [0, 0, 6, 16], "texture": "#6"},
				"east": {"uv": [0, 0, 6, 16], "texture": "#6"},
				"south": {"uv": [0, 0, 6, 16], "texture": "#6"},
				"west": {"uv": [0, 0, 6, 16], "texture": "#6"},
				"up": {"uv": [0, 0, 6, 16], "texture": "#6"},
				"down": {"uv": [0, 0, 6, 16], "texture": "#6"}
			}
		},
		{
			"from": [-14, -13, 10],
			"to": [-12, 20.94532, 12],
			"rotation": {"angle": 0, "axis": "y", "origin": [16, 20.94532, 8]},
			"faces": {
				"north": {"uv": [0, 0, 6, 16], "texture": "#6"},
				"east": {"uv": [0, 0, 6, 16], "texture": "#6"},
				"south": {"uv": [0, 0, 6, 16], "texture": "#6"},
				"west": {"uv": [0, 0, 6, 16], "texture": "#6"},
				"up": {"uv": [0, 0, 6, 16], "texture": "#6"},
				"down": {"uv": [0, 0, 6, 16], "texture": "#6"}
			}
		},
		{
			"from": [-16, 2.94532, 8],
			"to": [-15, 20.94532, 10],
			"rotation": {"angle": 0, "axis": "y", "origin": [16, 20.94532, 8]},
			"faces": {
				"north": {"uv": [16, 0, 0, 2], "texture": "#0"},
				"east": {"uv": [16, 0, 0, 2], "texture": "#0"},
				"south": {"uv": [16, 0, 0, 2], "texture": "#0"},
				"west": {"uv": [16, 0, 0, 2], "texture": "#0"},
				"up": {"uv": [16, 0, 0, 2], "texture": "#0"},
				"down": {"uv": [16, 0, 0, 2], "texture": "#0"}
			}
		},
		{
			"from": [0, 29, 8],
			"to": [5, 31, 10],
			"rotation": {"angle": 0, "axis": "y", "origin": [0, 20, 8]},
			"faces": {
				"north": {"uv": [0, 0, 5, 2], "texture": "#0"},
				"east": {"uv": [0, 0, 5, 2], "texture": "#0"},
				"south": {"uv": [0, 0, 5, 2], "texture": "#0"},
				"west": {"uv": [0, 0, 5, 2], "texture": "#0"},
				"up": {"uv": [0, 0, 5, 2], "texture": "#0"},
				"down": {"uv": [0, 0, 5, 2], "texture": "#0"}
			}
		},
		{
			"from": [11, 29, 8],
			"to": [16, 31, 10],
			"rotation": {"angle": 0, "axis": "y", "origin": [16, 20, 8]},
			"faces": {
				"north": {"uv": [5, 0, 0, 2], "texture": "#0"},
				"east": {"uv": [5, 0, 0, 2], "texture": "#0"},
				"south": {"uv": [5, 0, 0, 2], "texture": "#0"},
				"west": {"uv": [5, 0, 0, 2], "texture": "#0"},
				"up": {"uv": [5, 0, 0, 2], "texture": "#0"},
				"down": {"uv": [5, 0, 0, 2], "texture": "#0"}
			}
		},
		{
			"from": [5.85, 29.93992, 8],
			"to": [10.15, 31.93992, 10],
			"rotation": {"angle": 0, "axis": "y", "origin": [19.15, 18.93992, 8]},
			"faces": {
				"north": {"uv": [5, 0, 9.3, 2], "texture": "#0"},
				"east": {"uv": [5, 0, 9.3, 2], "texture": "#0"},
				"south": {"uv": [5, 0, 9.3, 2], "texture": "#0"},
				"west": {"uv": [5, 0, 9.3, 2], "texture": "#0"},
				"up": {"uv": [5, 0, 9.3, 2], "texture": "#0"},
				"down": {"uv": [5, 0, 9.3, 2], "texture": "#0"}
			}
		},
		{
			"from": [14.175, 23.93992, 8],
			"to": [15.475, 27.93992, 9.7],
			"rotation": {"angle": 0, "axis": "y", "origin": [18.975, 18.93992, 8]},
			"faces": {
				"north": {"uv": [5, 0, 9.3, 2], "texture": "#2"},
				"east": {"uv": [5, 0, 9.3, 2], "texture": "#2"},
				"south": {"uv": [5, 0, 9.3, 2], "texture": "#2"},
				"west": {"uv": [5, 0, 9.3, 2], "texture": "#2"},
				"up": {"uv": [5, 0, 9.3, 2], "texture": "#2"},
				"down": {"uv": [5, 0, 9.3, 2], "texture": "#2"}
			}
		},
		{
			"from": [12.175, 23.93992, 8],
			"to": [13.475, 27.93992, 9.7],
			"rotation": {"angle": 0, "axis": "y", "origin": [18.975, 18.93992, 8]},
			"faces": {
				"north": {"uv": [5, 0, 9.3, 2], "texture": "#2"},
				"east": {"uv": [5, 0, 9.3, 2], "texture": "#2"},
				"south": {"uv": [5, 0, 9.3, 2], "texture": "#2"},
				"west": {"uv": [5, 0, 9.3, 2], "texture": "#2"},
				"up": {"uv": [5, 0, 9.3, 2], "texture": "#2"},
				"down": {"uv": [5, 0, 9.3, 2], "texture": "#2"}
			}
		},
		{
			"from": [11.275, 25.73992, 8],
			"to": [12.175, 26.93992, 9.7],
			"rotation": {"angle": 0, "axis": "y", "origin": [18.975, 18.93992, 8]},
			"faces": {
				"north": {"uv": [5, 0, 9.3, 2], "texture": "#2"},
				"east": {"uv": [5, 0, 9.3, 2], "texture": "#2"},
				"south": {"uv": [5, 0, 9.3, 2], "texture": "#2"},
				"west": {"uv": [5, 0, 9.3, 2], "texture": "#2"},
				"up": {"uv": [5, 0, 9.3, 2], "texture": "#2"},
				"down": {"uv": [5, 0, 9.3, 2], "texture": "#2"}
			}
		},
		{
			"from": [10.475, 24.53992, 8],
			"to": [11.275, 25.93992, 9.7],
			"rotation": {"angle": 0, "axis": "y", "origin": [18.975, 18.93992, 8]},
			"faces": {
				"north": {"uv": [5, 0, 9.3, 2], "texture": "#2"},
				"east": {"uv": [5, 0, 9.3, 2], "texture": "#2"},
				"south": {"uv": [5, 0, 9.3, 2], "texture": "#2"},
				"west": {"uv": [5, 0, 9.3, 2], "texture": "#2"},
				"up": {"uv": [5, 0, 9.3, 2], "texture": "#2"},
				"down": {"uv": [5, 0, 9.3, 2], "texture": "#2"}
			}
		},
		{
			"from": [9.175, 23.93992, 8],
			"to": [10.475, 27.93992, 9.7],
			"rotation": {"angle": 0, "axis": "y", "origin": [18.975, 18.93992, 8]},
			"faces": {
				"north": {"uv": [5, 0, 9.3, 2], "texture": "#2"},
				"east": {"uv": [5, 0, 9.3, 2], "texture": "#2"},
				"south": {"uv": [5, 0, 9.3, 2], "texture": "#2"},
				"west": {"uv": [5, 0, 9.3, 2], "texture": "#2"},
				"up": {"uv": [5, 0, 9.3, 2], "texture": "#2"},
				"down": {"uv": [5, 0, 9.3, 2], "texture": "#2"}
			}
		},
		{
			"from": [7.175, 23.93992, 8],
			"to": [8.475, 27.93992, 9.7],
			"rotation": {"angle": 0, "axis": "y", "origin": [18.975, 18.93992, 8]},
			"faces": {
				"north": {"uv": [5, 0, 9.3, 2], "texture": "#2"},
				"east": {"uv": [5, 0, 9.3, 2], "texture": "#2"},
				"south": {"uv": [5, 0, 9.3, 2], "texture": "#2"},
				"west": {"uv": [5, 0, 9.3, 2], "texture": "#2"},
				"up": {"uv": [5, 0, 9.3, 2], "texture": "#2"},
				"down": {"uv": [5, 0, 9.3, 2], "texture": "#2"}
			}
		},
		{
			"from": [5.175, 27.18992, 8],
			"to": [7.175, 27.93992, 9.7],
			"rotation": {"angle": 0, "axis": "y", "origin": [18.975, 18.93992, 8]},
			"faces": {
				"north": {"uv": [5, 0, 9.3, 2], "texture": "#2"},
				"east": {"uv": [5, 0, 9.3, 2], "texture": "#2"},
				"south": {"uv": [5, 0, 9.3, 2], "texture": "#2"},
				"west": {"uv": [5, 0, 9.3, 2], "texture": "#2"},
				"up": {"uv": [5, 0, 9.3, 2], "texture": "#2"},
				"down": {"uv": [5, 0, 9.3, 2], "texture": "#2"}
			}
		},
		{
			"from": [5.175, 25.68992, 8],
			"to": [7.175, 26.43992, 9.7],
			"rotation": {"angle": 0, "axis": "y", "origin": [18.975, 18.93992, 8]},
			"faces": {
				"north": {"uv": [5, 0, 9.3, 2], "texture": "#2"},
				"east": {"uv": [5, 0, 9.3, 2], "texture": "#2"},
				"south": {"uv": [5, 0, 9.3, 2], "texture": "#2"},
				"west": {"uv": [5, 0, 9.3, 2], "texture": "#2"},
				"up": {"uv": [5, 0, 9.3, 2], "texture": "#2"},
				"down": {"uv": [5, 0, 9.3, 2], "texture": "#2"}
			}
		},
		{
			"from": [14.175, 28.43992, 8],
			"to": [15.475, 28.93992, 9.7],
			"rotation": {"angle": 0, "axis": "y", "origin": [18.975, 18.93992, 8]},
			"faces": {
				"north": {"uv": [5, 0, 9.3, 2], "texture": "#2"},
				"east": {"uv": [5, 0, 9.3, 2], "texture": "#2"},
				"south": {"uv": [5, 0, 9.3, 2], "texture": "#2"},
				"west": {"uv": [5, 0, 9.3, 2], "texture": "#2"},
				"up": {"uv": [5, 0, 9.3, 2], "texture": "#2"},
				"down": {"uv": [5, 0, 9.3, 2], "texture": "#2"}
			}
		},
		{
			"from": [1.675, 26.93992, 8],
			"to": [3.675, 27.93992, 9.7],
			"rotation": {"angle": 0, "axis": "y", "origin": [18.975, 18.93992, 8]},
			"faces": {
				"north": {"uv": [5, 0, 9.3, 2], "texture": "#2"},
				"east": {"uv": [5, 0, 9.3, 2], "texture": "#2"},
				"south": {"uv": [5, 0, 9.3, 2], "texture": "#2"},
				"west": {"uv": [5, 0, 9.3, 2], "texture": "#2"},
				"up": {"uv": [5, 0, 9.3, 2], "texture": "#2"},
				"down": {"uv": [5, 0, 9.3, 2], "texture": "#2"}
			}
		},
		{
			"from": [1.675, 23.93992, 8],
			"to": [3.675, 24.93992, 9.7],
			"rotation": {"angle": 0, "axis": "y", "origin": [18.975, 18.93992, 8]},
			"faces": {
				"north": {"uv": [5, 0, 9.3, 2], "texture": "#2"},
				"east": {"uv": [5, 0, 9.3, 2], "texture": "#2"},
				"south": {"uv": [5, 0, 9.3, 2], "texture": "#2"},
				"west": {"uv": [5, 0, 9.3, 2], "texture": "#2"},
				"up": {"uv": [5, 0, 9.3, 2], "texture": "#2"},
				"down": {"uv": [5, 0, 9.3, 2], "texture": "#2"}
			}
		},
		{
			"from": [0.675, 24.93992, 8],
			"to": [1.675, 26.93992, 9.7],
			"rotation": {"angle": 0, "axis": "y", "origin": [18.975, 18.93992, 8]},
			"faces": {
				"north": {"uv": [5, 0, 9.3, 2], "texture": "#2"},
				"east": {"uv": [5, 0, 9.3, 2], "texture": "#2"},
				"south": {"uv": [5, 0, 9.3, 2], "texture": "#2"},
				"west": {"uv": [5, 0, 9.3, 2], "texture": "#2"},
				"up": {"uv": [5, 0, 9.3, 2], "texture": "#2"},
				"down": {"uv": [5, 0, 9.3, 2], "texture": "#2"}
			}
		},
		{
			"from": [3.675, 24.93992, 8],
			"to": [4.675, 26.93992, 9.7],
			"rotation": {"angle": 0, "axis": "y", "origin": [18.975, 18.93992, 8]},
			"faces": {
				"north": {"uv": [5, 0, 9.3, 2], "texture": "#2"},
				"east": {"uv": [5, 0, 9.3, 2], "texture": "#2"},
				"south": {"uv": [5, 0, 9.3, 2], "texture": "#2"},
				"west": {"uv": [5, 0, 9.3, 2], "texture": "#2"},
				"up": {"uv": [5, 0, 9.3, 2], "texture": "#2"},
				"down": {"uv": [5, 0, 9.3, 2], "texture": "#2"}
			}
		},
		{
			"from": [-2.05, 22.93992, 9.5],
			"to": [18.05, 29.93992, 9.75],
			"rotation": {"angle": 0, "axis": "y", "origin": [19.15, 18.93992, 8]},
			"faces": {
				"north": {"uv": [0, 0, 16, 16], "texture": "#1"},
				"east": {"uv": [0, 0, 16, 16], "texture": "#1"},
				"south": {"uv": [0, 0, 16, 16], "texture": "#4"},
				"west": {"uv": [0, 0, 16, 16], "texture": "#1"},
				"up": {"uv": [0, 0, 16, 16], "texture": "#1"},
				"down": {"uv": [0, 0, 16, 16], "texture": "#1"}
			}
		},
		{
			"from": [-15, 1.93992, 9.6],
			"to": [31, 22.93992, 9.85],
			"rotation": {"angle": 0, "axis": "y", "origin": [19.15, 18.93992, 8]},
			"faces": {
				"north": {"uv": [0, 0, 16, 16], "texture": "#5"},
				"east": {"uv": [0, 0, 16, 16], "texture": "#5"},
				"south": {"uv": [0, 0, 16, 16], "texture": "#4"},
				"west": {"uv": [0, 0, 16, 16], "texture": "#5"},
				"up": {"uv": [0, 0, 16, 16], "texture": "#5"},
				"down": {"uv": [0, 0, 16, 16], "texture": "#5"}
			}
		},
		{
			"from": [-15.025, 2.53992, 9.45],
			"to": [31.025, 21.33992, 9.75],
			"rotation": {"angle": 0, "axis": "y", "origin": [18.925, 18.93992, 6.55]},
			"faces": {
				"north": {"uv": [0, 0, 16, 16], "texture": "#7"},
				"east": {"uv": [0, 0, 16, 16], "texture": "#5"},
				"south": {"uv": [0, 0, 16, 16], "texture": "#4"},
				"west": {"uv": [0, 0, 16, 16], "texture": "#5"},
				"up": {"uv": [0, 0, 16, 16], "texture": "#5"},
				"down": {"uv": [0, 0, 16, 16], "texture": "#5"}
			}
		},
		{
			"from": [15.5412, 28.69344, 8],
			"to": [17.5412, 30.69344, 10],
			"rotation": {"angle": -22.5, "axis": "z", "origin": [16.5412, 29.69344, 9]},
			"faces": {
				"north": {"uv": [0, 0, 2, 2], "texture": "#0"},
				"east": {"uv": [0, 0, 2, 2], "texture": "#0"},
				"south": {"uv": [0, 0, 2, 2], "texture": "#0"},
				"west": {"uv": [0, 0, 2, 2], "texture": "#0"},
				"up": {"uv": [0, 0, 2, 2], "texture": "#0"},
				"down": {"uv": [0, 0, 2, 2], "texture": "#0"}
			}
		},
		{
			"from": [10.0588, 29.30656, 8],
			"to": [11.4588, 31.30656, 10],
			"rotation": {"angle": -22.5, "axis": "z", "origin": [10.4588, 30.30656, 9]},
			"faces": {
				"north": {"uv": [0, 0, 1.4, 2], "texture": "#0"},
				"east": {"uv": [0, 0, 1.4, 2], "texture": "#0"},
				"south": {"uv": [0, 0, 1.4, 2], "texture": "#0"},
				"west": {"uv": [0, 0, 1.4, 2], "texture": "#0"},
				"up": {"uv": [0, 0, 1.4, 2], "texture": "#0"},
				"down": {"uv": [0, 0, 1.4, 2], "texture": "#0"}
			}
		},
		{
			"from": [8.60362, 28.25291, 8],
			"to": [10.00362, 30.25291, 10],
			"rotation": {"angle": -45, "axis": "z", "origin": [11.40362, 29.25291, 9]},
			"faces": {
				"north": {"uv": [0, 0, 1.4, 2], "texture": "#0"},
				"east": {"uv": [0, 0, 1.4, 2], "texture": "#0"},
				"south": {"uv": [0, 0, 1.4, 2], "texture": "#0"},
				"west": {"uv": [0, 0, 1.4, 2], "texture": "#0"},
				"up": {"uv": [0, 0, 1.4, 2], "texture": "#0"},
				"down": {"uv": [0, 0, 1.4, 2], "texture": "#0"}
			}
		},
		{
			"from": [4.5412, 29.30656, 8],
			"to": [5.9412, 31.30656, 10],
			"rotation": {"angle": 22.5, "axis": "z", "origin": [5.5412, 30.30656, 9]},
			"faces": {
				"north": {"uv": [1.4, 0, 0, 2], "texture": "#0"},
				"east": {"uv": [1.4, 0, 0, 2], "texture": "#0"},
				"south": {"uv": [1.4, 0, 0, 2], "texture": "#0"},
				"west": {"uv": [1.4, 0, 0, 2], "texture": "#0"},
				"up": {"uv": [1.4, 0, 0, 2], "texture": "#0"},
				"down": {"uv": [1.4, 0, 0, 2], "texture": "#0"}
			}
		},
		{
			"from": [5.99638, 28.25291, 8],
			"to": [7.39638, 30.25291, 10],
			"rotation": {"angle": 45, "axis": "z", "origin": [4.59638, 29.25291, 9]},
			"faces": {
				"north": {"uv": [1.4, 0, 0, 2], "texture": "#0"},
				"east": {"uv": [1.4, 0, 0, 2], "texture": "#0"},
				"south": {"uv": [1.4, 0, 0, 2], "texture": "#0"},
				"west": {"uv": [1.4, 0, 0, 2], "texture": "#0"},
				"up": {"uv": [1.4, 0, 0, 2], "texture": "#0"},
				"down": {"uv": [1.4, 0, 0, 2], "texture": "#0"}
			}
		},
		{
			"from": [17.31639, 28.95179, 8],
			"to": [19.31639, 30.95179, 10],
			"rotation": {"angle": -45, "axis": "z", "origin": [16.71639, 29.95179, 9]},
			"faces": {
				"north": {"uv": [0, 0, 2, 2], "texture": "#0"},
				"east": {"uv": [0, 0, 2, 2], "texture": "#0"},
				"south": {"uv": [0, 0, 2, 2], "texture": "#0"},
				"west": {"uv": [0, 0, 2, 2], "texture": "#0"},
				"up": {"uv": [0, 0, 2, 2], "texture": "#0"},
				"down": {"uv": [0, 0, 2, 2], "texture": "#0"}
			}
		},
		{
			"from": [16.7258, 26.31594, 8],
			"to": [18.7258, 28.31594, 10],
			"rotation": {"angle": 22.5, "axis": "z", "origin": [17.7258, 29.91594, 9]},
			"faces": {
				"north": {"uv": [0, 0, 2, 2], "rotation": 270, "texture": "#0"},
				"east": {"uv": [0, 0, 2, 2], "rotation": 270, "texture": "#0"},
				"south": {"uv": [0, 0, 2, 2], "rotation": 270, "texture": "#0"},
				"west": {"uv": [0, 0, 2, 2], "rotation": 270, "texture": "#0"},
				"up": {"uv": [0, 0, 2, 2], "rotation": 270, "texture": "#0"},
				"down": {"uv": [0, 0, 2, 2], "rotation": 270, "texture": "#0"}
			}
		},
		{
			"from": [16.7258, 23.62938, 8],
			"to": [18.7258, 25.62938, 10],
			"rotation": {"angle": -22.5, "axis": "z", "origin": [17.7258, 22.02938, 9]},
			"faces": {
				"north": {"uv": [2, 0, 4, 2], "rotation": 270, "texture": "#0"},
				"east": {"uv": [2, 0, 4, 2], "rotation": 270, "texture": "#0"},
				"south": {"uv": [2, 0, 4, 2], "rotation": 270, "texture": "#0"},
				"west": {"uv": [2, 0, 4, 2], "rotation": 270, "texture": "#0"},
				"up": {"uv": [2, 0, 4, 2], "rotation": 270, "texture": "#0"},
				"down": {"uv": [2, 0, 4, 2], "rotation": 270, "texture": "#0"}
			}
		},
		{
			"from": [17.31639, 20.99353, 8],
			"to": [19.31639, 22.99353, 10],
			"rotation": {"angle": 45, "axis": "z", "origin": [16.71639, 21.99353, 9]},
			"faces": {
				"north": {"uv": [0, 2, 2, 4], "texture": "#0"},
				"east": {"uv": [0, 2, 2, 4], "texture": "#0"},
				"south": {"uv": [0, 2, 2, 4], "texture": "#0"},
				"west": {"uv": [0, 2, 2, 4], "texture": "#0"},
				"up": {"uv": [0, 2, 2, 4], "texture": "#0"},
				"down": {"uv": [0, 2, 2, 4], "texture": "#0"}
			}
		},
		{
			"from": [15.5412, 21.25188, 8],
			"to": [17.5412, 23.25188, 10],
			"rotation": {"angle": 22.5, "axis": "z", "origin": [16.5412, 22.25188, 9]},
			"faces": {
				"north": {"uv": [0, 2, 2, 4], "texture": "#0"},
				"east": {"uv": [0, 2, 2, 4], "texture": "#0"},
				"south": {"uv": [0, 2, 2, 4], "texture": "#0"},
				"west": {"uv": [0, 2, 2, 4], "texture": "#0"},
				"up": {"uv": [0, 2, 2, 4], "texture": "#0"},
				"down": {"uv": [0, 2, 2, 4], "texture": "#0"}
			}
		},
		{
			"from": [18.02734, 24.97266, 8],
			"to": [20.02734, 26.97266, 10],
			"rotation": {"angle": 0, "axis": "z", "origin": [19.02734, 29.27266, 9]},
			"faces": {
				"north": {"uv": [0, 0, 2, 2], "rotation": 270, "texture": "#0"},
				"east": {"uv": [0, 0, 2, 2], "rotation": 270, "texture": "#0"},
				"south": {"uv": [0, 0, 2, 2], "rotation": 270, "texture": "#0"},
				"west": {"uv": [0, 0, 2, 2], "rotation": 270, "texture": "#0"},
				"up": {"uv": [0, 0, 2, 2], "rotation": 270, "texture": "#0"},
				"down": {"uv": [0, 0, 2, 2], "rotation": 270, "texture": "#0"}
			}
		},
		{
			"from": [18.82734, 25.97266, 7.9],
			"to": [19.12734, 26.27266, 8.1],
			"rotation": {"angle": 0, "axis": "z", "origin": [19.02734, 29.27266, 9]},
			"faces": {
				"north": {"uv": [0, 0, 2, 2], "rotation": 270, "texture": "#4"},
				"east": {"uv": [0, 0, 2, 2], "rotation": 270, "texture": "#4"},
				"south": {"uv": [0, 0, 2, 2], "rotation": 270, "texture": "#4"},
				"west": {"uv": [0, 0, 2, 2], "rotation": 270, "texture": "#4"},
				"up": {"uv": [0, 0, 2, 2], "rotation": 270, "texture": "#4"},
				"down": {"uv": [0, 0, 2, 2], "rotation": 270, "texture": "#4"}
			}
		},
		{
			"from": [16.82734, 28.97266, 7.9],
			"to": [17.12734, 29.27266, 8.1],
			"rotation": {"angle": 0, "axis": "z", "origin": [19.02734, 29.27266, 9]},
			"faces": {
				"north": {"uv": [0, 0, 2, 2], "rotation": 270, "texture": "#4"},
				"east": {"uv": [0, 0, 2, 2], "rotation": 270, "texture": "#4"},
				"south": {"uv": [0, 0, 2, 2], "rotation": 270, "texture": "#4"},
				"west": {"uv": [0, 0, 2, 2], "rotation": 270, "texture": "#4"},
				"up": {"uv": [0, 0, 2, 2], "rotation": 270, "texture": "#4"},
				"down": {"uv": [0, 0, 2, 2], "rotation": 270, "texture": "#4"}
			}
		},
		{
			"from": [-1.12734, 28.97266, 7.9],
			"to": [-0.82734, 29.27266, 8.1],
			"rotation": {"angle": 0, "axis": "z", "origin": [-3.02734, 29.27266, 9]},
			"faces": {
				"north": {"uv": [0, 2, 2, 0], "rotation": 270, "texture": "#4"},
				"east": {"uv": [0, 2, 2, 0], "rotation": 270, "texture": "#4"},
				"south": {"uv": [0, 2, 2, 0], "rotation": 270, "texture": "#4"},
				"west": {"uv": [0, 2, 2, 0], "rotation": 270, "texture": "#4"},
				"up": {"uv": [0, 2, 2, 0], "rotation": 270, "texture": "#4"},
				"down": {"uv": [0, 2, 2, 0], "rotation": 270, "texture": "#4"}
			}
		},
		{
			"from": [-1.12734, 21.97266, 7.9],
			"to": [-0.82734, 22.27266, 8.1],
			"rotation": {"angle": 0, "axis": "z", "origin": [-3.02734, 29.27266, 9]},
			"faces": {
				"north": {"uv": [0, 2, 2, 0], "rotation": 270, "texture": "#4"},
				"east": {"uv": [0, 2, 2, 0], "rotation": 270, "texture": "#4"},
				"south": {"uv": [0, 2, 2, 0], "rotation": 270, "texture": "#4"},
				"west": {"uv": [0, 2, 2, 0], "rotation": 270, "texture": "#4"},
				"up": {"uv": [0, 2, 2, 0], "rotation": 270, "texture": "#4"},
				"down": {"uv": [0, 2, 2, 0], "rotation": 270, "texture": "#4"}
			}
		},
		{
			"from": [16.82734, 21.97266, 7.9],
			"to": [17.12734, 22.27266, 8.1],
			"rotation": {"angle": 0, "axis": "z", "origin": [19.02734, 29.27266, 9]},
			"faces": {
				"north": {"uv": [0, 0, 2, 2], "rotation": 270, "texture": "#4"},
				"east": {"uv": [0, 0, 2, 2], "rotation": 270, "texture": "#4"},
				"south": {"uv": [0, 0, 2, 2], "rotation": 270, "texture": "#4"},
				"west": {"uv": [0, 0, 2, 2], "rotation": 270, "texture": "#4"},
				"up": {"uv": [0, 0, 2, 2], "rotation": 270, "texture": "#4"},
				"down": {"uv": [0, 0, 2, 2], "rotation": 270, "texture": "#4"}
			}
		},
		{
			"from": [16.82734, 1.97266, 7.9],
			"to": [17.12734, 2.27266, 8.1],
			"rotation": {"angle": 0, "axis": "z", "origin": [19.02734, 29.27266, 9]},
			"faces": {
				"north": {"uv": [0, 0, 2, 2], "rotation": 270, "texture": "#4"},
				"east": {"uv": [0, 0, 2, 2], "rotation": 270, "texture": "#4"},
				"south": {"uv": [0, 0, 2, 2], "rotation": 270, "texture": "#4"},
				"west": {"uv": [0, 0, 2, 2], "rotation": 270, "texture": "#4"},
				"up": {"uv": [0, 0, 2, 2], "rotation": 270, "texture": "#4"},
				"down": {"uv": [0, 0, 2, 2], "rotation": 270, "texture": "#4"}
			}
		},
		{
			"from": [-1.12734, 1.97266, 7.9],
			"to": [-0.82734, 2.27266, 8.1],
			"rotation": {"angle": 0, "axis": "z", "origin": [-3.02734, 29.27266, 9]},
			"faces": {
				"north": {"uv": [0, 2, 2, 0], "rotation": 270, "texture": "#4"},
				"east": {"uv": [0, 2, 2, 0], "rotation": 270, "texture": "#4"},
				"south": {"uv": [0, 2, 2, 0], "rotation": 270, "texture": "#4"},
				"west": {"uv": [0, 2, 2, 0], "rotation": 270, "texture": "#4"},
				"up": {"uv": [0, 2, 2, 0], "rotation": 270, "texture": "#4"},
				"down": {"uv": [0, 2, 2, 0], "rotation": 270, "texture": "#4"}
			}
		},
		{
			"from": [30.82734, 21.97266, 7.9],
			"to": [31.12734, 22.27266, 8.1],
			"rotation": {"angle": 0, "axis": "z", "origin": [19.02734, 29.27266, 9]},
			"faces": {
				"north": {"uv": [0, 0, 2, 2], "rotation": 270, "texture": "#4"},
				"east": {"uv": [0, 0, 2, 2], "rotation": 270, "texture": "#4"},
				"south": {"uv": [0, 0, 2, 2], "rotation": 270, "texture": "#4"},
				"west": {"uv": [0, 0, 2, 2], "rotation": 270, "texture": "#4"},
				"up": {"uv": [0, 0, 2, 2], "rotation": 270, "texture": "#4"},
				"down": {"uv": [0, 0, 2, 2], "rotation": 270, "texture": "#4"}
			}
		},
		{
			"from": [-15.12734, 21.97266, 7.9],
			"to": [-14.82734, 22.27266, 8.1],
			"rotation": {"angle": 0, "axis": "z", "origin": [-3.02734, 29.27266, 9]},
			"faces": {
				"north": {"uv": [0, 2, 2, 0], "rotation": 270, "texture": "#4"},
				"east": {"uv": [0, 2, 2, 0], "rotation": 270, "texture": "#4"},
				"south": {"uv": [0, 2, 2, 0], "rotation": 270, "texture": "#4"},
				"west": {"uv": [0, 2, 2, 0], "rotation": 270, "texture": "#4"},
				"up": {"uv": [0, 2, 2, 0], "rotation": 270, "texture": "#4"},
				"down": {"uv": [0, 2, 2, 0], "rotation": 270, "texture": "#4"}
			}
		},
		{
			"from": [-15.12734, 1.97266, 7.9],
			"to": [-14.82734, 2.27266, 8.1],
			"rotation": {"angle": 0, "axis": "z", "origin": [-3.02734, 29.27266, 9]},
			"faces": {
				"north": {"uv": [0, 2, 2, 0], "rotation": 270, "texture": "#4"},
				"east": {"uv": [0, 2, 2, 0], "rotation": 270, "texture": "#4"},
				"south": {"uv": [0, 2, 2, 0], "rotation": 270, "texture": "#4"},
				"west": {"uv": [0, 2, 2, 0], "rotation": 270, "texture": "#4"},
				"up": {"uv": [0, 2, 2, 0], "rotation": 270, "texture": "#4"},
				"down": {"uv": [0, 2, 2, 0], "rotation": 270, "texture": "#4"}
			}
		},
		{
			"from": [30.82734, 1.97266, 7.9],
			"to": [31.12734, 2.27266, 8.1],
			"rotation": {"angle": 0, "axis": "z", "origin": [19.02734, 29.27266, 9]},
			"faces": {
				"north": {"uv": [0, 0, 2, 2], "rotation": 270, "texture": "#4"},
				"east": {"uv": [0, 0, 2, 2], "rotation": 270, "texture": "#4"},
				"south": {"uv": [0, 0, 2, 2], "rotation": 270, "texture": "#4"},
				"west": {"uv": [0, 0, 2, 2], "rotation": 270, "texture": "#4"},
				"up": {"uv": [0, 0, 2, 2], "rotation": 270, "texture": "#4"},
				"down": {"uv": [0, 0, 2, 2], "rotation": 270, "texture": "#4"}
			}
		},
		{
			"from": [-3.12734, 25.97266, 7.9],
			"to": [-2.82734, 26.27266, 8.1],
			"rotation": {"angle": 0, "axis": "z", "origin": [-3.02734, 29.27266, 9]},
			"faces": {
				"north": {"uv": [0, 2, 2, 0], "rotation": 270, "texture": "#4"},
				"east": {"uv": [0, 2, 2, 0], "rotation": 270, "texture": "#4"},
				"south": {"uv": [0, 2, 2, 0], "rotation": 270, "texture": "#4"},
				"west": {"uv": [0, 2, 2, 0], "rotation": 270, "texture": "#4"},
				"up": {"uv": [0, 2, 2, 0], "rotation": 270, "texture": "#4"},
				"down": {"uv": [0, 2, 2, 0], "rotation": 270, "texture": "#4"}
			}
		},
		{
			"from": [-1.5412, 28.69344, 8],
			"to": [0.4588, 30.69344, 10],
			"rotation": {"angle": 22.5, "axis": "z", "origin": [-0.5412, 29.69344, 9]},
			"faces": {
				"north": {"uv": [2, 0, 0, 2], "texture": "#0"},
				"east": {"uv": [2, 0, 0, 2], "texture": "#0"},
				"south": {"uv": [2, 0, 0, 2], "texture": "#0"},
				"west": {"uv": [2, 0, 0, 2], "texture": "#0"},
				"up": {"uv": [2, 0, 0, 2], "texture": "#0"},
				"down": {"uv": [2, 0, 0, 2], "texture": "#0"}
			}
		},
		{
			"from": [-3.31639, 28.95179, 8],
			"to": [-1.31639, 30.95179, 10],
			"rotation": {"angle": 45, "axis": "z", "origin": [-0.71639, 29.95179, 9]},
			"faces": {
				"north": {"uv": [2, 0, 0, 2], "texture": "#0"},
				"east": {"uv": [2, 0, 0, 2], "texture": "#0"},
				"south": {"uv": [2, 0, 0, 2], "texture": "#0"},
				"west": {"uv": [2, 0, 0, 2], "texture": "#0"},
				"up": {"uv": [2, 0, 0, 2], "texture": "#0"},
				"down": {"uv": [2, 0, 0, 2], "texture": "#0"}
			}
		},
		{
			"from": [-2.7258, 26.31594, 8],
			"to": [-0.7258, 28.31594, 10],
			"rotation": {"angle": -22.5, "axis": "z", "origin": [-1.7258, 29.91594, 9]},
			"faces": {
				"north": {"uv": [0, 2, 2, 0], "rotation": 270, "texture": "#0"},
				"east": {"uv": [0, 2, 2, 0], "rotation": 270, "texture": "#0"},
				"south": {"uv": [0, 2, 2, 0], "rotation": 270, "texture": "#0"},
				"west": {"uv": [0, 2, 2, 0], "rotation": 270, "texture": "#0"},
				"up": {"uv": [0, 2, 2, 0], "rotation": 270, "texture": "#0"},
				"down": {"uv": [0, 2, 2, 0], "rotation": 270, "texture": "#0"}
			}
		},
		{
			"from": [-4.02734, 24.97266, 8],
			"to": [-2.02734, 26.97266, 10],
			"rotation": {"angle": 0, "axis": "z", "origin": [-3.02734, 29.27266, 9]},
			"faces": {
				"north": {"uv": [0, 2, 2, 0], "rotation": 270, "texture": "#0"},
				"east": {"uv": [0, 2, 2, 0], "rotation": 270, "texture": "#0"},
				"south": {"uv": [0, 2, 2, 0], "rotation": 270, "texture": "#0"},
				"west": {"uv": [0, 2, 2, 0], "rotation": 270, "texture": "#0"},
				"up": {"uv": [0, 2, 2, 0], "rotation": 270, "texture": "#0"},
				"down": {"uv": [0, 2, 2, 0], "rotation": 270, "texture": "#0"}
			}
		},
		{
			"from": [-2.7258, 23.62938, 8],
			"to": [-0.7258, 25.62938, 10],
			"rotation": {"angle": 22.5, "axis": "z", "origin": [-1.7258, 22.02938, 9]},
			"faces": {
				"north": {"uv": [2, 2, 4, 0], "rotation": 270, "texture": "#0"},
				"east": {"uv": [2, 2, 4, 0], "rotation": 270, "texture": "#0"},
				"south": {"uv": [2, 2, 4, 0], "rotation": 270, "texture": "#0"},
				"west": {"uv": [2, 2, 4, 0], "rotation": 270, "texture": "#0"},
				"up": {"uv": [2, 2, 4, 0], "rotation": 270, "texture": "#0"},
				"down": {"uv": [2, 2, 4, 0], "rotation": 270, "texture": "#0"}
			}
		},
		{
			"from": [-3.31639, 20.99353, 8],
			"to": [-1.31639, 22.99353, 10],
			"rotation": {"angle": -45, "axis": "z", "origin": [-0.71639, 21.99353, 9]},
			"faces": {
				"north": {"uv": [2, 2, 0, 4], "texture": "#0"},
				"east": {"uv": [2, 2, 0, 4], "texture": "#0"},
				"south": {"uv": [2, 2, 0, 4], "texture": "#0"},
				"west": {"uv": [2, 2, 0, 4], "texture": "#0"},
				"up": {"uv": [2, 2, 0, 4], "texture": "#0"},
				"down": {"uv": [2, 2, 0, 4], "texture": "#0"}
			}
		},
		{
			"from": [-1.5412, 21.25188, 8],
			"to": [0.4588, 23.25188, 10],
			"rotation": {"angle": -22.5, "axis": "z", "origin": [-0.5412, 22.25188, 9]},
			"faces": {
				"north": {"uv": [2, 2, 0, 4], "texture": "#0"},
				"east": {"uv": [2, 2, 0, 4], "texture": "#0"},
				"south": {"uv": [2, 2, 0, 4], "texture": "#0"},
				"west": {"uv": [2, 2, 0, 4], "texture": "#0"},
				"up": {"uv": [2, 2, 0, 4], "texture": "#0"},
				"down": {"uv": [2, 2, 0, 4], "texture": "#0"}
			}
		}
	],
	"display": {
		"head": {
			"translation": [0, -11.5, 0],
			"scale": [2, 2, 2]
		}
	}
}