{
	"credit": "Made with Blockbench",
	"textures": {
		"0": "block/light_blue_wool",
		"1": "block/red_terracotta",
		"2": "block/gold_block",
		"3": "block/anvil",
		"4": "block/yellow_terracotta",
		"5": "block/polished_andesite",
		"6": "block/redstone_block",
		"7": "block/purple_terracotta",
		"8": "block/quartz_block_bottom",
		"9": "block/orange_terracotta",
		"particle": "block/light_blue_wool"
	},
	"elements": [
		{
			"from": [1, -5, 0],
			"to": [3, 19, 2],
			"rotation": {"angle": 0, "axis": "y", "origin": [1, -5, 0]},
			"faces": {
				"north": {"uv": [14, 0, 16, 16], "texture": "#2"},
				"east": {"uv": [0, 0, 2, 16], "texture": "#2"},
				"south": {"uv": [0, 0, 2, 16], "texture": "#2"},
				"west": {"uv": [0, 0, 2, 16], "texture": "#2"},
				"up": {"uv": [0, 0, 2, 16], "texture": "#2"},
				"down": {"uv": [0, 0, 2, 16], "texture": "#2"}
			}
		},
		{
			"from": [13, -5, 0],
			"to": [15, 19, 2],
			"rotation": {"angle": 0, "axis": "y", "origin": [13, -5, 0]},
			"faces": {
				"north": {"uv": [0, 0, 2, 16], "texture": "#2"},
				"east": {"uv": [0, 0, 2, 16], "texture": "#2"},
				"south": {"uv": [0, 0, 2, 16], "texture": "#2"},
				"west": {"uv": [0, 0, 2, 16], "texture": "#2"},
				"up": {"uv": [0, 0, 2, 16], "texture": "#2"},
				"down": {"uv": [0, 0, 2, 16], "texture": "#2"}
			}
		},
		{
			"from": [12.75, 22, 1],
			"to": [14.75, 25, 3],
			"rotation": {"angle": 0, "axis": "y", "origin": [12.75, 1, 1]},
			"faces": {
				"north": {"uv": [0, 0, 2, 16], "texture": "#4"},
				"east": {"uv": [0, 0, 2, 16], "texture": "#4"},
				"south": {"uv": [0, 0, 2, 16], "texture": "#4"},
				"west": {"uv": [0, 0, 2, 16], "texture": "#4"},
				"up": {"uv": [0, 0, 2, 16], "texture": "#4"},
				"down": {"uv": [0, 0, 2, 16], "texture": "#4"}
			}
		},
		{
			"from": [13.55, 23, 0.7],
			"to": [14.05, 23.5, 1],
			"rotation": {"angle": 0, "axis": "y", "origin": [12.55, 1, 1]},
			"faces": {
				"north": {"uv": [0, 0, 16, 16], "texture": "#8"},
				"east": {"uv": [0, 0, 16, 16], "texture": "#8"},
				"south": {"uv": [0, 0, 16, 16], "texture": "#8"},
				"west": {"uv": [0, 0, 16, 16], "texture": "#8"},
				"up": {"uv": [0, 0, 16, 16], "texture": "#8"},
				"down": {"uv": [0, 0, 16, 16], "texture": "#8"}
			}
		},
		{
			"from": [13.3, 25, 0.7],
			"to": [13.8, 25.5, 1],
			"rotation": {"angle": 0, "axis": "y", "origin": [12.3, 3, 1]},
			"faces": {
				"north": {"uv": [0, 0, 16, 16], "texture": "#8"},
				"east": {"uv": [0, 0, 16, 16], "texture": "#8"},
				"south": {"uv": [0, 0, 16, 16], "texture": "#8"},
				"west": {"uv": [0, 0, 16, 16], "texture": "#8"},
				"up": {"uv": [0, 0, 16, 16], "texture": "#8"},
				"down": {"uv": [0, 0, 16, 16], "texture": "#8"}
			}
		},
		{
			"from": [12.3, 26.6, 0.7],
			"to": [12.8, 27.1, 1],
			"rotation": {"angle": 0, "axis": "y", "origin": [11.3, 4.6, 1]},
			"faces": {
				"north": {"uv": [0, 0, 16, 16], "texture": "#8"},
				"east": {"uv": [0, 0, 16, 16], "texture": "#8"},
				"south": {"uv": [0, 0, 16, 16], "texture": "#8"},
				"west": {"uv": [0, 0, 16, 16], "texture": "#8"},
				"up": {"uv": [0, 0, 16, 16], "texture": "#8"},
				"down": {"uv": [0, 0, 16, 16], "texture": "#8"}
			}
		},
		{
			"from": [10.6, 27.6, 0.7],
			"to": [11.1, 28.1, 1],
			"rotation": {"angle": 0, "axis": "y", "origin": [9.6, 5.6, 1]},
			"faces": {
				"north": {"uv": [0, 0, 16, 16], "texture": "#8"},
				"east": {"uv": [0, 0, 16, 16], "texture": "#8"},
				"south": {"uv": [0, 0, 16, 16], "texture": "#8"},
				"west": {"uv": [0, 0, 16, 16], "texture": "#8"},
				"up": {"uv": [0, 0, 16, 16], "texture": "#8"},
				"down": {"uv": [0, 0, 16, 16], "texture": "#8"}
			}
		},
		{
			"from": [9.3, 28.8, 0.7],
			"to": [9.8, 29.3, 1],
			"rotation": {"angle": 0, "axis": "y", "origin": [8.3, 6.8, 1]},
			"faces": {
				"north": {"uv": [0, 0, 16, 16], "texture": "#8"},
				"east": {"uv": [0, 0, 16, 16], "texture": "#8"},
				"south": {"uv": [0, 0, 16, 16], "texture": "#8"},
				"west": {"uv": [0, 0, 16, 16], "texture": "#8"},
				"up": {"uv": [0, 0, 16, 16], "texture": "#8"},
				"down": {"uv": [0, 0, 16, 16], "texture": "#8"}
			}
		},
		{
			"from": [6.2, 28.8, 0.7],
			"to": [6.7, 29.3, 1],
			"rotation": {"angle": 0, "axis": "y", "origin": [7.7, 6.8, 1]},
			"faces": {
				"north": {"uv": [16, 0, 0, 16], "texture": "#8"},
				"east": {"uv": [16, 0, 0, 16], "texture": "#8"},
				"south": {"uv": [16, 0, 0, 16], "texture": "#8"},
				"west": {"uv": [16, 0, 0, 16], "texture": "#8"},
				"up": {"uv": [16, 0, 0, 16], "texture": "#8"},
				"down": {"uv": [16, 0, 0, 16], "texture": "#8"}
			}
		},
		{
			"from": [4.9, 27.6, 0.7],
			"to": [5.4, 28.1, 1],
			"rotation": {"angle": 0, "axis": "y", "origin": [6.4, 5.6, 1]},
			"faces": {
				"north": {"uv": [16, 0, 0, 16], "texture": "#8"},
				"east": {"uv": [16, 0, 0, 16], "texture": "#8"},
				"south": {"uv": [16, 0, 0, 16], "texture": "#8"},
				"west": {"uv": [16, 0, 0, 16], "texture": "#8"},
				"up": {"uv": [16, 0, 0, 16], "texture": "#8"},
				"down": {"uv": [16, 0, 0, 16], "texture": "#8"}
			}
		},
		{
			"from": [3.2, 26.6, 0.7],
			"to": [3.7, 27.1, 1],
			"rotation": {"angle": 0, "axis": "y", "origin": [4.7, 4.6, 1]},
			"faces": {
				"north": {"uv": [16, 0, 0, 16], "texture": "#8"},
				"east": {"uv": [16, 0, 0, 16], "texture": "#8"},
				"south": {"uv": [16, 0, 0, 16], "texture": "#8"},
				"west": {"uv": [16, 0, 0, 16], "texture": "#8"},
				"up": {"uv": [16, 0, 0, 16], "texture": "#8"},
				"down": {"uv": [16, 0, 0, 16], "texture": "#8"}
			}
		},
		{
			"from": [2.2, 25, 0.7],
			"to": [2.7, 25.5, 1],
			"rotation": {"angle": 0, "axis": "y", "origin": [3.7, 3, 1]},
			"faces": {
				"north": {"uv": [16, 0, 0, 16], "texture": "#8"},
				"east": {"uv": [16, 0, 0, 16], "texture": "#8"},
				"south": {"uv": [16, 0, 0, 16], "texture": "#8"},
				"west": {"uv": [16, 0, 0, 16], "texture": "#8"},
				"up": {"uv": [16, 0, 0, 16], "texture": "#8"},
				"down": {"uv": [16, 0, 0, 16], "texture": "#8"}
			}
		},
		{
			"from": [1.95, 23, 0.7],
			"to": [2.45, 23.5, 1],
			"rotation": {"angle": 0, "axis": "y", "origin": [3.45, 1, 1]},
			"faces": {
				"north": {"uv": [16, 0, 0, 16], "texture": "#8"},
				"east": {"uv": [16, 0, 0, 16], "texture": "#8"},
				"south": {"uv": [16, 0, 0, 16], "texture": "#8"},
				"west": {"uv": [16, 0, 0, 16], "texture": "#8"},
				"up": {"uv": [16, 0, 0, 16], "texture": "#8"},
				"down": {"uv": [16, 0, 0, 16], "texture": "#8"}
			}
		},
		{
			"from": [3.25, 22, 2.4],
			"to": [12.75, 28, 2.7],
			"rotation": {"angle": 0, "axis": "y", "origin": [12.75, 1, 1]},
			"faces": {
				"north": {"uv": [0, 0, 2, 16], "texture": "#7"},
				"east": {"uv": [0, 0, 2, 16], "texture": "#4"},
				"south": {"uv": [0, 0, 2, 16], "texture": "#4"},
				"west": {"uv": [0, 0, 2, 16], "texture": "#4"},
				"up": {"uv": [0, 0, 2, 16], "texture": "#4"},
				"down": {"uv": [0, 0, 2, 16], "texture": "#4"}
			}
		},
		{
			"from": [12.2521, 24.50314, 1],
			"to": [14.2521, 26.50314, 3],
			"rotation": {"angle": 22.5, "axis": "z", "origin": [13.2521, 26.00314, 3]},
			"faces": {
				"north": {"uv": [0, 0, 2, 16], "texture": "#4"},
				"east": {"uv": [0, 0, 2, 16], "texture": "#4"},
				"south": {"uv": [0, 0, 2, 16], "texture": "#4"},
				"west": {"uv": [0, 0, 2, 16], "texture": "#4"},
				"up": {"uv": [0, 0, 2, 16], "texture": "#4"},
				"down": {"uv": [0, 0, 2, 16], "texture": "#4"}
			}
		},
		{
			"from": [11.57042, 25.84776, 1],
			"to": [13.57042, 27.84776, 3],
			"rotation": {"angle": 45, "axis": "z", "origin": [12.57042, 26.84776, 2]},
			"faces": {
				"north": {"uv": [0, 0, 2, 16], "texture": "#4"},
				"east": {"uv": [0, 0, 2, 16], "texture": "#4"},
				"south": {"uv": [0, 0, 2, 16], "texture": "#4"},
				"west": {"uv": [0, 0, 2, 16], "texture": "#4"},
				"up": {"uv": [0, 0, 2, 16], "texture": "#4"},
				"down": {"uv": [0, 0, 2, 16], "texture": "#4"}
			}
		},
		{
			"from": [10.26386, 26.72078, 1],
			"to": [12.26386, 28.72078, 3],
			"rotation": {"angle": -22.5, "axis": "z", "origin": [11.26386, 27.72078, 2]},
			"faces": {
				"north": {"uv": [0, 0, 2, 16], "rotation": 90, "texture": "#4"},
				"east": {"uv": [0, 0, 2, 16], "rotation": 270, "texture": "#4"},
				"south": {"uv": [0, 0, 2, 16], "rotation": 270, "texture": "#4"},
				"west": {"uv": [0, 0, 2, 16], "rotation": 270, "texture": "#4"},
				"up": {"uv": [0, 0, 2, 16], "rotation": 270, "texture": "#4"},
				"down": {"uv": [0, 0, 2, 16], "rotation": 270, "texture": "#4"}
			}
		},
		{
			"from": [7.45729, 27.59379, 1],
			"to": [10.95729, 29.59379, 3],
			"rotation": {"angle": -45, "axis": "z", "origin": [9.95729, 28.59379, 2]},
			"faces": {
				"north": {"uv": [0, 0, 2, 16], "rotation": 90, "texture": "#4"},
				"east": {"uv": [0, 0, 2, 16], "rotation": 270, "texture": "#4"},
				"south": {"uv": [0, 0, 2, 16], "rotation": 270, "texture": "#4"},
				"west": {"uv": [0, 0, 2, 16], "rotation": 270, "texture": "#4"},
				"up": {"uv": [0, 0, 2, 16], "rotation": 270, "texture": "#4"},
				"down": {"uv": [0, 0, 2, 16], "rotation": 270, "texture": "#4"}
			}
		},
		{
			"from": [7, 27.59379, 0.9],
			"to": [9, 31.59379, 4],
			"rotation": {"angle": 0, "axis": "z", "origin": [8, 28.59379, 2]},
			"faces": {
				"north": {"uv": [0, 0, 2, 16], "texture": "#4"},
				"east": {"uv": [0, 0, 2, 16], "texture": "#4"},
				"south": {"uv": [0, 0, 2, 16], "texture": "#4"},
				"west": {"uv": [0, 0, 2, 16], "texture": "#4"},
				"up": {"uv": [0, 0, 2, 16], "texture": "#4"},
				"down": {"uv": [0, 0, 2, 16], "texture": "#4"}
			}
		},
		{
			"from": [7.75, 28.29379, 0.7],
			"to": [8.25, 30.69379, 0.9],
			"rotation": {"angle": 0, "axis": "z", "origin": [8, 28.59379, 2]},
			"faces": {
				"north": {"uv": [0, 0, 2, 16], "texture": "#9"},
				"east": {"uv": [0, 0, 2, 16], "texture": "#9"},
				"south": {"uv": [0, 0, 2, 16], "texture": "#9"},
				"west": {"uv": [0, 0, 2, 16], "texture": "#9"},
				"up": {"uv": [0, 0, 2, 16], "texture": "#9"},
				"down": {"uv": [0, 0, 2, 16], "texture": "#9"}
			}
		},
		{
			"from": [8.75, 13.29379, 1.4],
			"to": [9.25, 16.69379, 2.2],
			"rotation": {"angle": 0, "axis": "z", "origin": [9, 13.59379, 3]},
			"faces": {
				"north": {"uv": [0, 0, 2, 16], "texture": "#9"},
				"east": {"uv": [0, 0, 2, 16], "texture": "#9"},
				"south": {"uv": [0, 0, 2, 16], "texture": "#9"},
				"west": {"uv": [0, 0, 2, 16], "texture": "#9"},
				"up": {"uv": [0, 0, 2, 16], "texture": "#9"},
				"down": {"uv": [0, 0, 2, 16], "texture": "#9"}
			}
		},
		{
			"from": [10.75, 13.29379, 1.4],
			"to": [11.25, 16.69379, 2.2],
			"rotation": {"angle": 0, "axis": "z", "origin": [11, 13.59379, 3]},
			"faces": {
				"north": {"uv": [0, 0, 2, 16], "texture": "#9"},
				"east": {"uv": [0, 0, 2, 16], "texture": "#9"},
				"south": {"uv": [0, 0, 2, 16], "texture": "#9"},
				"west": {"uv": [0, 0, 2, 16], "texture": "#9"},
				"up": {"uv": [0, 0, 2, 16], "texture": "#9"},
				"down": {"uv": [0, 0, 2, 16], "texture": "#9"}
			}
		},
		{
			"from": [6.75, 13.29379, 1.4],
			"to": [7.25, 16.69379, 2.2],
			"rotation": {"angle": 0, "axis": "z", "origin": [7, 13.59379, 3]},
			"faces": {
				"north": {"uv": [0, 0, 2, 16], "texture": "#9"},
				"east": {"uv": [0, 0, 2, 16], "texture": "#9"},
				"south": {"uv": [0, 0, 2, 16], "texture": "#9"},
				"west": {"uv": [0, 0, 2, 16], "texture": "#9"},
				"up": {"uv": [0, 0, 2, 16], "texture": "#9"},
				"down": {"uv": [0, 0, 2, 16], "texture": "#9"}
			}
		},
		{
			"from": [4.75, 16.69379, 1.4],
			"to": [11.25, 17.19379, 2.2],
			"rotation": {"angle": 0, "axis": "z", "origin": [7, 13.59379, 3]},
			"faces": {
				"north": {"uv": [0, 0, 2, 16], "texture": "#9"},
				"east": {"uv": [0, 0, 2, 16], "texture": "#9"},
				"south": {"uv": [0, 0, 2, 16], "texture": "#9"},
				"west": {"uv": [0, 0, 2, 16], "texture": "#9"},
				"up": {"uv": [0, 0, 2, 16], "texture": "#9"},
				"down": {"uv": [0, 0, 2, 16], "texture": "#9"}
			}
		},
		{
			"from": [4.95, 13.29379, 1.6],
			"to": [11.05, 16.69379, 2.2],
			"rotation": {"angle": 0, "axis": "z", "origin": [7, 13.59379, 3]},
			"faces": {
				"north": {"uv": [0, 0, 2, 16], "texture": "#8"},
				"east": {"uv": [0, 0, 2, 16], "texture": "#8"},
				"south": {"uv": [0, 0, 2, 16], "texture": "#8"},
				"west": {"uv": [0, 0, 2, 16], "texture": "#8"},
				"up": {"uv": [0, 0, 2, 16], "texture": "#8"},
				"down": {"uv": [0, 0, 2, 16], "texture": "#8"}
			}
		},
		{
			"from": [4.75, 12.79379, 1.4],
			"to": [11.25, 13.29379, 2.2],
			"rotation": {"angle": 0, "axis": "z", "origin": [7, 9.69379, 3]},
			"faces": {
				"north": {"uv": [0, 0, 2, 16], "texture": "#9"},
				"east": {"uv": [0, 0, 2, 16], "texture": "#9"},
				"south": {"uv": [0, 0, 2, 16], "texture": "#9"},
				"west": {"uv": [0, 0, 2, 16], "texture": "#9"},
				"up": {"uv": [0, 0, 2, 16], "texture": "#9"},
				"down": {"uv": [0, 0, 2, 16], "texture": "#9"}
			}
		},
		{
			"from": [5.75, 9.79379, 1.4],
			"to": [10.25, 11.29379, 2.2],
			"rotation": {"angle": 0, "axis": "z", "origin": [7, 7.69379, 3]},
			"faces": {
				"north": {"uv": [0, 0, 2, 16], "texture": "#3"},
				"east": {"uv": [0, 0, 2, 16], "texture": "#3"},
				"south": {"uv": [0, 0, 2, 16], "texture": "#3"},
				"west": {"uv": [0, 0, 2, 16], "texture": "#3"},
				"up": {"uv": [0, 0, 2, 16], "texture": "#3"},
				"down": {"uv": [0, 0, 2, 16], "texture": "#3"}
			}
		},
		{
			"from": [4.75, 13.29379, 1.4],
			"to": [5.25, 16.69379, 2.2],
			"rotation": {"angle": 0, "axis": "z", "origin": [5, 13.59379, 3]},
			"faces": {
				"north": {"uv": [0, 0, 2, 16], "texture": "#9"},
				"east": {"uv": [0, 0, 2, 16], "texture": "#9"},
				"south": {"uv": [0, 0, 2, 16], "texture": "#9"},
				"west": {"uv": [0, 0, 2, 16], "texture": "#9"},
				"up": {"uv": [0, 0, 2, 16], "texture": "#9"},
				"down": {"uv": [0, 0, 2, 16], "texture": "#9"}
			}
		},
		{
			"from": [7, 27.15288, 3.11665],
			"to": [9, 31.15288, 8.21665],
			"rotation": {"angle": 22.5, "axis": "x", "origin": [8, 29.15288, 4.66665]},
			"faces": {
				"north": {"uv": [0, 0, 2, 16], "texture": "#4"},
				"east": {"uv": [0, 0, 2, 16], "texture": "#4"},
				"south": {"uv": [0, 0, 2, 16], "texture": "#4"},
				"west": {"uv": [0, 0, 2, 16], "texture": "#4"},
				"up": {"uv": [0, 0, 2, 16], "texture": "#4"},
				"down": {"uv": [0, 0, 2, 16], "texture": "#4"}
			}
		},
		{
			"from": [7, 24.42477, 6.55069],
			"to": [9, 28.42477, 14.85069],
			"rotation": {"angle": 45, "axis": "x", "origin": [8, 26.42477, 9.10069]},
			"faces": {
				"north": {"uv": [0, 0, 2, 16], "texture": "#4"},
				"east": {"uv": [0, 0, 2, 16], "texture": "#4"},
				"south": {"uv": [0, 0, 2, 16], "texture": "#4"},
				"west": {"uv": [0, 0, 2, 16], "texture": "#4"},
				"up": {"uv": [0, 0, 2, 16], "texture": "#4"},
				"down": {"uv": [0, 0, 2, 16], "texture": "#4"}
			}
		},
		{
			"from": [7, 21.47312, 10.58077],
			"to": [9, 23.77312, 14.58077],
			"rotation": {"angle": 0, "axis": "x", "origin": [8, 22.62312, 12.58077]},
			"faces": {
				"north": {"uv": [0, 0, 2, 16], "rotation": 180, "texture": "#4"},
				"east": {"uv": [0, 0, 2, 16], "rotation": 270, "texture": "#4"},
				"south": {"uv": [0, 0, 2, 16], "texture": "#4"},
				"west": {"uv": [0, 0, 2, 16], "rotation": 90, "texture": "#4"},
				"up": {"uv": [0, 0, 2, 16], "rotation": 180, "texture": "#4"},
				"down": {"uv": [0, 0, 2, 16], "texture": "#4"}
			}
		},
		{
			"from": [3.73614, 26.72078, 1],
			"to": [5.73614, 28.72078, 3],
			"rotation": {"angle": 22.5, "axis": "z", "origin": [4.73614, 27.72078, 2]},
			"faces": {
				"north": {"uv": [0, 16, 2, 0], "rotation": 90, "texture": "#4"},
				"east": {"uv": [0, 16, 2, 0], "rotation": 270, "texture": "#4"},
				"south": {"uv": [0, 16, 2, 0], "rotation": 270, "texture": "#4"},
				"west": {"uv": [0, 16, 2, 0], "rotation": 270, "texture": "#4"},
				"up": {"uv": [0, 16, 2, 0], "rotation": 270, "texture": "#4"},
				"down": {"uv": [0, 16, 2, 0], "rotation": 270, "texture": "#4"}
			}
		},
		{
			"from": [2.42958, 25.84776, 1],
			"to": [4.42958, 27.84776, 3],
			"rotation": {"angle": -45, "axis": "z", "origin": [3.42958, 26.84776, 2]},
			"faces": {
				"north": {"uv": [2, 0, 0, 16], "texture": "#4"},
				"east": {"uv": [2, 0, 0, 16], "texture": "#4"},
				"south": {"uv": [2, 0, 0, 16], "texture": "#4"},
				"west": {"uv": [2, 0, 0, 16], "texture": "#4"},
				"up": {"uv": [2, 0, 0, 16], "texture": "#4"},
				"down": {"uv": [2, 0, 0, 16], "texture": "#4"}
			}
		},
		{
			"from": [1.7479, 24.50314, 1],
			"to": [3.7479, 26.50314, 3],
			"rotation": {"angle": -22.5, "axis": "z", "origin": [2.7479, 26.00314, 3]},
			"faces": {
				"north": {"uv": [2, 0, 0, 16], "texture": "#4"},
				"east": {"uv": [2, 0, 0, 16], "texture": "#4"},
				"south": {"uv": [2, 0, 0, 16], "texture": "#4"},
				"west": {"uv": [2, 0, 0, 16], "texture": "#4"},
				"up": {"uv": [2, 0, 0, 16], "texture": "#4"},
				"down": {"uv": [2, 0, 0, 16], "texture": "#4"}
			}
		},
		{
			"from": [1.25, 22, 1],
			"to": [3.25, 25, 3],
			"rotation": {"angle": 0, "axis": "y", "origin": [3.25, 1, 1]},
			"faces": {
				"north": {"uv": [2, 0, 0, 16], "texture": "#4"},
				"east": {"uv": [2, 0, 0, 16], "texture": "#4"},
				"south": {"uv": [2, 0, 0, 16], "texture": "#4"},
				"west": {"uv": [2, 0, 0, 16], "texture": "#4"},
				"up": {"uv": [2, 0, 0, 16], "texture": "#4"},
				"down": {"uv": [2, 0, 0, 16], "texture": "#4"}
			}
		},
		{
			"from": [5.04271, 27.59379, 1],
			"to": [8.54271, 29.59379, 3],
			"rotation": {"angle": 45, "axis": "z", "origin": [6.04271, 28.59379, 2]},
			"faces": {
				"north": {"uv": [0, 16, 2, 0], "rotation": 90, "texture": "#4"},
				"east": {"uv": [0, 16, 2, 0], "rotation": 270, "texture": "#4"},
				"south": {"uv": [0, 16, 2, 0], "rotation": 270, "texture": "#4"},
				"west": {"uv": [0, 16, 2, 0], "rotation": 270, "texture": "#4"},
				"up": {"uv": [0, 16, 2, 0], "rotation": 270, "texture": "#4"},
				"down": {"uv": [0, 16, 2, 0], "rotation": 270, "texture": "#4"}
			}
		},
		{
			"from": [13, -5, 14],
			"to": [15, 19, 16],
			"rotation": {"angle": 0, "axis": "y", "origin": [13, -5, 16]},
			"faces": {
				"north": {"uv": [2, 0, 0, 16], "texture": "#2"},
				"east": {"uv": [2, 0, 0, 16], "texture": "#2"},
				"south": {"uv": [2, 0, 0, 16], "texture": "#2"},
				"west": {"uv": [2, 0, 0, 16], "texture": "#2"},
				"up": {"uv": [0, 16, 2, 0], "texture": "#2"},
				"down": {"uv": [0, 16, 2, 0], "texture": "#2"}
			}
		},
		{
			"from": [1, -5, 14],
			"to": [3, 19, 16],
			"rotation": {"angle": 0, "axis": "y", "origin": [1, -5, 16]},
			"faces": {
				"north": {"uv": [2, 0, 0, 16], "texture": "#2"},
				"east": {"uv": [2, 0, 0, 16], "texture": "#2"},
				"south": {"uv": [16, 0, 14, 16], "texture": "#2"},
				"west": {"uv": [2, 0, 0, 16], "texture": "#2"},
				"up": {"uv": [0, 16, 2, 0], "texture": "#2"},
				"down": {"uv": [0, 16, 2, 0], "texture": "#2"}
			}
		},
		{
			"from": [2, -5, 1],
			"to": [14, 6, 15],
			"rotation": {"angle": 0, "axis": "y", "origin": [14, -5, 0]},
			"faces": {
				"north": {"uv": [0, 0, 12, 11], "texture": "#1"},
				"east": {"uv": [0, 0, 12, 11], "texture": "#1"},
				"south": {"uv": [0, 0, 12, 11], "texture": "#1"},
				"west": {"uv": [0, 0, 12, 11], "texture": "#1"},
				"up": {"uv": [0, 0, 12, 11], "texture": "#1"},
				"down": {"uv": [0, 0, 12, 11], "texture": "#1"}
			}
		},
		{
			"from": [5, -3.5, 0.6],
			"to": [11, 2.5, 15.3],
			"rotation": {"angle": 45, "axis": "z", "origin": [8, -0.5, 8]},
			"faces": {
				"north": {"uv": [0, 0, 12, 11], "texture": "#9"},
				"east": {"uv": [0, 0, 12, 11], "texture": "#9"},
				"south": {"uv": [0, 0, 12, 11], "texture": "#9"},
				"west": {"uv": [0, 0, 12, 11], "texture": "#9"},
				"up": {"uv": [0, 0, 12, 11], "texture": "#9"},
				"down": {"uv": [0, 0, 12, 11], "texture": "#9"}
			}
		},
		{
			"from": [2, 6, 2],
			"to": [14, 19, 15],
			"rotation": {"angle": 0, "axis": "y", "origin": [14, 8, 0]},
			"faces": {
				"north": {"uv": [0, 0, 12, 13], "texture": "#0"},
				"east": {"uv": [0, 0, 12, 13], "texture": "#3"},
				"south": {"uv": [0, 0, 12, 13], "texture": "#3"},
				"west": {"uv": [0, 0, 12, 13], "texture": "#3"},
				"up": {"uv": [0, 0, 12, 13], "texture": "#0"},
				"down": {"uv": [0, 0, 12, 13], "texture": "#0"}
			}
		},
		{
			"from": [0.5, 10, 4],
			"to": [2, 12, 6],
			"rotation": {"angle": 0, "axis": "y", "origin": [14, 8, 0]},
			"faces": {
				"north": {"uv": [0, 0, 12, 13], "texture": "#3"},
				"east": {"uv": [0, 0, 12, 13], "texture": "#3"},
				"south": {"uv": [0, 0, 12, 13], "texture": "#3"},
				"west": {"uv": [0, 0, 12, 13], "texture": "#3"},
				"up": {"uv": [0, 0, 12, 13], "texture": "#3"},
				"down": {"uv": [0, 0, 12, 13], "texture": "#3"}
			}
		},
		{
			"from": [-0.5, 10.29931, 2.17888],
			"to": [0.5, 18.59931, 3.17888],
			"rotation": {"angle": -22.5, "axis": "x", "origin": [0, 16.79931, 2.67888]},
			"faces": {
				"north": {"uv": [0, 0, 12, 13], "rotation": 180, "texture": "#5"},
				"east": {"uv": [0, 0, 12, 13], "rotation": 270, "texture": "#5"},
				"south": {"uv": [0, 0, 12, 13], "texture": "#5"},
				"west": {"uv": [0, 0, 12, 13], "rotation": 90, "texture": "#5"},
				"up": {"uv": [0, 0, 12, 13], "rotation": 180, "texture": "#5"},
				"down": {"uv": [0, 0, 12, 13], "texture": "#5"}
			}
		},
		{
			"from": [-0.6, 18.59931, 2.07888],
			"to": [0.6, 19.69931, 3.27888],
			"rotation": {"angle": -22.5, "axis": "x", "origin": [0, 16.79931, 2.67888]},
			"faces": {
				"north": {"uv": [0, 0, 12, 13], "rotation": 180, "texture": "#6"},
				"east": {"uv": [0, 0, 12, 13], "rotation": 270, "texture": "#6"},
				"south": {"uv": [0, 0, 12, 13], "texture": "#6"},
				"west": {"uv": [0, 0, 12, 13], "rotation": 90, "texture": "#6"},
				"up": {"uv": [0, 0, 12, 13], "rotation": 180, "texture": "#6"},
				"down": {"uv": [0, 0, 12, 13], "texture": "#6"}
			}
		},
		{
			"from": [1, 19, 0],
			"to": [15, 20, 16],
			"rotation": {"angle": 0, "axis": "y", "origin": [14, 8, 0]},
			"faces": {
				"north": {"uv": [0, 0, 16, 1], "texture": "#2"},
				"east": {"uv": [0, 0, 16, 1], "texture": "#2"},
				"south": {"uv": [0, 0, 16, 1], "texture": "#2"},
				"west": {"uv": [0, 0, 16, 1], "texture": "#2"},
				"up": {"uv": [0, 0, 16, 16], "texture": "#2"},
				"down": {"uv": [0, 0, 16, 16], "texture": "#2"}
			}
		},
		{
			"from": [1.5, 6, -0.25],
			"to": [14.5, 7, 15.6],
			"rotation": {"angle": 0, "axis": "y", "origin": [14, -5, 0]},
			"faces": {
				"north": {"uv": [0, 0, 16, 1], "texture": "#2"},
				"east": {"uv": [0, 0, 16, 1], "texture": "#2"},
				"south": {"uv": [0, 0, 16, 1], "texture": "#2"},
				"west": {"uv": [0, 0, 16, 1], "texture": "#2"},
				"up": {"uv": [0, 0, 16, 16], "texture": "#2"},
				"down": {"uv": [0, 0, 16, 16], "texture": "#2"}
			}
		},
		{
			"from": [1.6, 8, -4.25],
			"to": [14.4, 8.3, -0.1],
			"rotation": {"angle": -22.5, "axis": "x", "origin": [8.1, 7.8, 3.675]},
			"faces": {
				"north": {"uv": [0, 0, 16, 1], "texture": "#2"},
				"east": {"uv": [0, 0, 16, 1], "texture": "#2"},
				"south": {"uv": [0, 0, 16, 1], "texture": "#2"},
				"west": {"uv": [0, 0, 16, 1], "texture": "#2"},
				"up": {"uv": [0, 0, 16, 16], "texture": "#2"},
				"down": {"uv": [0, 0, 16, 16], "texture": "#2"}
			}
		},
		{
			"from": [1.6, 6.7, -4.25],
			"to": [14.4, 7, -0.1],
			"rotation": {"angle": -22.5, "axis": "x", "origin": [8.1, 7.8, 3.675]},
			"faces": {
				"north": {"uv": [0, 0, 16, 1], "texture": "#2"},
				"east": {"uv": [0, 0, 16, 1], "texture": "#2"},
				"south": {"uv": [0, 0, 16, 1], "texture": "#2"},
				"west": {"uv": [0, 0, 16, 1], "texture": "#2"},
				"up": {"uv": [0, 0, 16, 16], "texture": "#2"},
				"down": {"uv": [0, 0, 16, 16], "texture": "#2"}
			}
		},
		{
			"from": [1.85, 6.9, -4],
			"to": [14.15, 8.2, -0.1],
			"rotation": {"angle": -22.5, "axis": "x", "origin": [8.1, 7.8, 3.675]},
			"faces": {
				"north": {"uv": [0, 0, 16, 1], "texture": "#1"},
				"east": {"uv": [0, 0, 16, 1], "texture": "#1"},
				"south": {"uv": [0, 0, 16, 1], "texture": "#1"},
				"west": {"uv": [0, 0, 16, 1], "texture": "#1"},
				"up": {"uv": [0, 0, 16, 1], "texture": "#1"},
				"down": {"uv": [0, 0, 16, 1], "texture": "#1"}
			}
		},
		{
			"from": [1, 21, 0],
			"to": [15, 22, 16],
			"rotation": {"angle": 0, "axis": "y", "origin": [14, 10, 0]},
			"faces": {
				"north": {"uv": [0, 0, 16, 1], "texture": "#2"},
				"east": {"uv": [0, 0, 16, 1], "texture": "#2"},
				"south": {"uv": [0, 0, 16, 1], "texture": "#2"},
				"west": {"uv": [0, 0, 16, 1], "texture": "#2"},
				"up": {"uv": [0, 0, 16, 16], "texture": "#4"},
				"down": {"uv": [0, 0, 16, 16], "texture": "#2"}
			}
		},
		{
			"from": [2, 20, 1],
			"to": [14, 21, 15],
			"rotation": {"angle": 0, "axis": "y", "origin": [14, 9, 0]},
			"faces": {
				"north": {"uv": [0, 0, 16, 1], "texture": "#1"},
				"east": {"uv": [0, 0, 16, 1], "texture": "#1"},
				"south": {"uv": [0, 0, 16, 1], "texture": "#1"},
				"west": {"uv": [0, 0, 16, 1], "texture": "#1"},
				"up": {"uv": [0, 0, 16, 1], "texture": "#1"},
				"down": {"uv": [0, 0, 16, 1], "texture": "#1"}
			}
		}
	],
	"display": {
		"thirdperson_righthand": {
			"rotation": [47, 0, 0],
			"translation": [-1, 1, 0],
			"scale": [0.3, 0.3, 0.3]
		},
		"thirdperson_lefthand": {
			"rotation": [47, 0, 0],
			"translation": [-1, 1, 0],
			"scale": [0.3, 0.3, 0.3]
		},
		"firstperson_righthand": {
			"rotation": [0, 127, 0],
			"scale": [0.3, 0.3, 0.3]
		},
		"firstperson_lefthand": {
			"rotation": [0, 127, 0],
			"scale": [0.3, 0.3, 0.3]
		},
		"ground": {
			"translation": [0, 2.75, 0],
			"scale": [0.3, 0.3, 0.3]
		},
		"gui": {
			"rotation": [24, 154, 0],
			"translation": [0, -1, 0],
			"scale": [0.5, 0.5, 0.5]
		},
		"head": {
			"translation": [0, -20.25, 0],
			"scale": [1.91, 1.8, 1.8]
		}
	}
}