{
	"credit": "Made with Blockbench",
	"textures": {
		"0": "block/yellow_terracotta",
		"2": "block/loppass2024",
		"3": "block/acacia_log",
		"particle": "block/yellow_terracotta"
	},
	"elements": [
		{
			"from": [-15, -10, 7],
			"to": [-13, 28, 9],
			"rotation": {"angle": 45, "axis": "y", "origin": [-14, 16, 8]},
			"faces": {
				"north": {"uv": [0, 0, 2, 16], "texture": "#0"},
				"east": {"uv": [0, 0, 2, 16], "texture": "#0"},
				"south": {"uv": [0, 0, 2, 16], "texture": "#0"},
				"west": {"uv": [0, 0, 2, 16], "texture": "#0"},
				"up": {"uv": [0, 0, 2, 16], "texture": "#0"},
				"down": {"uv": [0, 0, 2, 16], "texture": "#0"}
			}
		},
		{
			"from": [-15.5, -10, 6.5],
			"to": [-12.5, 1, 9.5],
			"rotation": {"angle": 45, "axis": "y", "origin": [-14, 16, 8]},
			"faces": {
				"north": {"uv": [0, 0, 2, 16], "texture": "#3"},
				"east": {"uv": [0, 0, 2, 16], "texture": "#3"},
				"south": {"uv": [0, 0, 2, 16], "texture": "#3"},
				"west": {"uv": [0, 0, 2, 16], "texture": "#3"},
				"up": {"uv": [0, 0, 2, 16], "texture": "#3"},
				"down": {"uv": [0, 0, 2, 16], "texture": "#3"}
			}
		},
		{
			"from": [28.5, -10, 6.5],
			"to": [31.5, 1, 9.5],
			"rotation": {"angle": -45, "axis": "y", "origin": [30, 16, 8]},
			"faces": {
				"north": {"uv": [2, 0, 0, 16], "texture": "#3"},
				"east": {"uv": [2, 0, 0, 16], "texture": "#3"},
				"south": {"uv": [2, 0, 0, 16], "texture": "#3"},
				"west": {"uv": [2, 0, 0, 16], "texture": "#3"},
				"up": {"uv": [2, 0, 0, 16], "texture": "#3"},
				"down": {"uv": [2, 0, 0, 16], "texture": "#3"}
			}
		},
		{
			"from": [29, -10, 7],
			"to": [31, 28, 9],
			"rotation": {"angle": -45, "axis": "y", "origin": [30, 16, 8]},
			"faces": {
				"north": {"uv": [2, 0, 0, 16], "texture": "#0"},
				"east": {"uv": [2, 0, 0, 16], "texture": "#0"},
				"south": {"uv": [2, 0, 0, 16], "texture": "#0"},
				"west": {"uv": [2, 0, 0, 16], "texture": "#0"},
				"up": {"uv": [2, 0, 0, 16], "texture": "#0"},
				"down": {"uv": [2, 0, 0, 16], "texture": "#0"}
			}
		},
		{
			"from": [-13, -2, 7.65],
			"to": [29, 27, 8.35],
			"rotation": {"angle": 0, "axis": "y", "origin": [0, 3, 5.95]},
			"faces": {
				"north": {"uv": [0, 0, 16, 16], "texture": "#2"},
				"east": {"uv": [0, 0, 0.7, 16], "texture": "#missing"},
				"south": {"uv": [0, 0, 16, 16], "texture": "#2"},
				"west": {"uv": [0, 0, 0.7, 16], "texture": "#missing"},
				"up": {"uv": [0, 0, 16, 0.7], "texture": "#0"},
				"down": {"uv": [0, 0, 16, 0.7], "texture": "#0"}
			}
		}
	],
	"display": {
		"thirdperson_righthand": {
			"scale": [0.1, 0.1, 0.1]
		},
		"thirdperson_lefthand": {
			"scale": [0.1, 0.1, 0.1]
		},
		"firstperson_righthand": {
			"translation": [-9, 5.5, 0],
			"scale": [0.73, 0.61, 0.41]
		},
		"firstperson_lefthand": {
			"translation": [-9, 5.5, 0],
			"scale": [0.73, 0.61, 0.41]
		},
		"gui": {
			"scale": [0.27, 0.27, 0.27]
		},
		"head": {
			"translation": [0, -7.25, 0],
			"scale": [2.25, 2.25, 2.25]
		},
		"fixed": {
			"translation": [0, 0, 1],
			"scale": [1.3, 1.3, 1.3]
		}
	}
}