{
	"credit": "Made with Blockbench",
	"textures": {
		"0": "block/woody",
		"particle": "block/woody"
	},
	"elements": [
		{
			"name": "head",
			"from": [4, 8.5, 4],
			"to": [12, 16.5, 12],
			"rotation": {"angle": -22.5, "axis": "y", "origin": [8, 12.5, 8]},
			"faces": {
				"north": {"uv": [2, 2, 4, 4], "texture": "#0"},
				"east": {"uv": [0, 2, 2, 4], "texture": "#0"},
				"south": {"uv": [6, 2, 8, 4], "texture": "#0"},
				"west": {"uv": [4, 2, 6, 4], "texture": "#0"},
				"up": {"uv": [4, 2, 2, 0], "texture": "#0"},
				"down": {"uv": [6, 0, 4, 2], "texture": "#0"}
			}
		},
		{
			"name": "body",
			"from": [4, -3.5, 6],
			"to": [12, 8.5, 10],
			"rotation": {"angle": 0, "axis": "y", "origin": [0, -15, 0]},
			"faces": {
				"north": {"uv": [5, 5, 7, 7.98], "texture": "#0"},
				"east": {"uv": [7, 5, 8, 7.75], "texture": "#0"},
				"south": {"uv": [8, 5, 10, 8], "texture": "#0"},
				"west": {"uv": [7, 5, 8, 7.75], "texture": "#0"},
				"up": {"uv": [5, 4.25, 7, 5], "texture": "#0"},
				"down": {"uv": [8, 5, 10, 6.5], "texture": "#0"}
			}
		},
		{
			"name": "left_arm",
			"from": [-10, 3.5, 5.5],
			"to": [1, 7.5, 9.5],
			"rotation": {"angle": -45, "axis": "z", "origin": [2, 2.5, 8]},
			"faces": {
				"north": {"uv": [14.25, 4.75, 15.25, 6.5], "texture": "#0"},
				"east": {"uv": [14.25, 4.75, 15.25, 6.5], "texture": "#0"},
				"south": {"uv": [14.25, 4.75, 15.25, 6.5], "texture": "#0"},
				"west": {"uv": [14.25, 4.75, 15.25, 6.5], "texture": "#0"},
				"up": {"uv": [14.25, 4.75, 15.25, 6.5], "texture": "#0"},
				"down": {"uv": [14.25, 4.75, 15.25, 6.5], "texture": "#0"}
			}
		},
		{
			"name": "left_arm",
			"from": [-10.1, 3.4, 5.4],
			"to": [-7.4, 7.6, 9.6],
			"rotation": {"angle": -45, "axis": "z", "origin": [2, 2.5, 8]},
			"faces": {
				"north": {"uv": [10.25, 7, 11.25, 8], "texture": "#0"},
				"east": {"uv": [10.25, 7, 11.25, 8], "texture": "#0"},
				"south": {"uv": [10.25, 7, 11.25, 8], "texture": "#0"},
				"west": {"uv": [10.25, 7, 11.25, 8], "texture": "#0"},
				"up": {"uv": [10.25, 7, 11.25, 8], "texture": "#0"},
				"down": {"uv": [10.25, 7, 11.25, 8], "texture": "#0"}
			}
		},
		{
			"name": "left_arm",
			"from": [23.4, 3.4, 5.4],
			"to": [26.1, 7.6, 9.6],
			"rotation": {"angle": 45, "axis": "z", "origin": [14, 2.5, 8]},
			"faces": {
				"north": {"uv": [11.25, 7, 10.25, 8], "texture": "#0"},
				"east": {"uv": [11.25, 7, 10.25, 8], "texture": "#0"},
				"south": {"uv": [11.25, 7, 10.25, 8], "texture": "#0"},
				"west": {"uv": [11.25, 7, 10.25, 8], "texture": "#0"},
				"up": {"uv": [11.25, 7, 10.25, 8], "texture": "#0"},
				"down": {"uv": [11.25, 7, 10.25, 8], "texture": "#0"}
			}
		},
		{
			"name": "left_arm",
			"from": [15, 3.5, 5.5],
			"to": [26, 7.5, 9.5],
			"rotation": {"angle": 45, "axis": "z", "origin": [14, 2.5, 8]},
			"faces": {
				"north": {"uv": [14.25, 4.75, 15.25, 6.5], "texture": "#0"},
				"east": {"uv": [14.25, 4.75, 15.25, 6.5], "texture": "#0"},
				"south": {"uv": [14.25, 4.75, 15.25, 6.5], "texture": "#0"},
				"west": {"uv": [14.25, 4.75, 15.25, 6.5], "texture": "#0"},
				"up": {"uv": [14.25, 4.75, 15.25, 6.5], "texture": "#0"},
				"down": {"uv": [14.25, 4.75, 15.25, 6.5], "texture": "#0"}
			}
		},
		{
			"name": "right_leg",
			"from": [8, -15.5, 8.1],
			"to": [12, -3.5, 12.1],
			"rotation": {"angle": -22.5, "axis": "x", "origin": [10, -9.5, 8]},
			"faces": {
				"north": {"uv": [1, 5, 2, 8], "texture": "#0"},
				"east": {"uv": [0, 5, 1, 8], "texture": "#0"},
				"south": {"uv": [3, 5, 4, 8], "texture": "#0"},
				"west": {"uv": [2, 5, 3, 8], "texture": "#0"},
				"up": {"uv": [2, 5, 1, 4], "texture": "#0"},
				"down": {"uv": [3, 4, 2, 5], "texture": "#0"}
			}
		},
		{
			"name": "left_leg",
			"from": [3.9, -15.5, 5.8],
			"to": [7.9, -3.5, 9.8],
			"rotation": {"angle": 0, "axis": "z", "origin": [6, -9.5, 8]},
			"faces": {
				"north": {"uv": [5, 13, 6, 16], "texture": "#0"},
				"east": {"uv": [4, 13, 5, 16], "texture": "#0"},
				"south": {"uv": [7, 13, 8, 16], "texture": "#0"},
				"west": {"uv": [6, 13, 7, 16], "texture": "#0"},
				"up": {"uv": [6, 13, 5, 12], "texture": "#0"},
				"down": {"uv": [7, 12, 6, 13], "texture": "#0"}
			}
		},
		{
			"name": "head_2nd_layer",
			"from": [3.5, 8, 3.5],
			"to": [12.5, 17, 12.5],
			"rotation": {"angle": -22.5, "axis": "y", "origin": [8, 12.5, 8]},
			"faces": {
				"north": {"uv": [10, 2, 12, 4], "texture": "#0"},
				"east": {"uv": [8, 2, 10, 4], "texture": "#0"},
				"south": {"uv": [14, 2, 16, 4], "texture": "#0"},
				"west": {"uv": [12, 2, 14, 4], "texture": "#0"},
				"up": {"uv": [12, 2, 10, 0], "texture": "#0"},
				"down": {"uv": [14, 0, 12, 2], "texture": "#0"}
			}
		},
		{
			"name": "head_2nd_layer",
			"from": [4.1, 8.6, 2.8],
			"to": [11.9, 10, 4.3],
			"rotation": {"angle": -22.5, "axis": "y", "origin": [8, 12.5, 8]},
			"faces": {
				"north": {"uv": [2.25, 3.75, 3, 4.75], "texture": "#0"},
				"east": {"uv": [2.25, 3.75, 3, 4.75], "texture": "#0"},
				"south": {"uv": [2.25, 3.75, 3, 4.75], "texture": "#0"},
				"west": {"uv": [2.25, 3.75, 3, 4.75], "texture": "#0"},
				"up": {"uv": [2.25, 3.75, 3, 4.75], "texture": "#0"},
				"down": {"uv": [2.25, 3.75, 3, 4.75], "texture": "#0"}
			}
		},
		{
			"name": "head_2nd_layer",
			"from": [6.1, 10, 3.3],
			"to": [9.9, 11, 4.3],
			"rotation": {"angle": -22.5, "axis": "y", "origin": [8, 12.5, 8]},
			"faces": {
				"north": {"uv": [2.25, 3.75, 3, 4.75], "texture": "#0"},
				"east": {"uv": [2.25, 3.75, 3, 4.75], "texture": "#0"},
				"south": {"uv": [2.25, 3.75, 3, 4.75], "texture": "#0"},
				"west": {"uv": [2.25, 3.75, 3, 4.75], "texture": "#0"},
				"up": {"uv": [2.25, 3.75, 3, 4.75], "texture": "#0"},
				"down": {"uv": [2.25, 3.75, 3, 4.75], "texture": "#0"}
			}
		},
		{
			"from": [6.8, 16, 7.3],
			"to": [9.1, 17.1, 9.7],
			"rotation": {"angle": 22.5, "axis": "y", "origin": [7, 17, 8]},
			"faces": {
				"north": {"uv": [2, 0, 2.55, 0.65], "texture": "#0"},
				"east": {"uv": [2, 0, 2.55, 0.65], "texture": "#0"},
				"south": {"uv": [2, 0, 2.55, 0.65], "texture": "#0"},
				"west": {"uv": [2, 0, 2.55, 0.65], "texture": "#0"},
				"up": {"uv": [2, 0, 2.55, 0.65], "texture": "#0"},
				"down": {"uv": [2, 0, 2.55, 0.65], "texture": "#0"}
			}
		}
	],
	"display": {
		"head": {
			"translation": [0, -7.5, -0.25],
			"scale": [1.61, 1.61, 1.61]
		}
	},
	"groups": [
		{
			"name": "steve",
			"origin": [8, 8, 8],
			"color": 0,
			"children": [0, 1, 2, 3, 4, 5, 6, 7, 8, 9, 10, 11]
		}
	]
}