{
	"credit": "Made with Blockbench",
	"textures": {
		"0": "block/light_gray_concrete",
		"1": "block/anvil",
		"2": "block/polished_diorite",
		"particle": "block/light_gray_concrete"
	},
	"elements": [
		{
			"name": "head",
			"from": [6.08327, 5.835, 5.62894],
			"to": [10.64327, 10.395, 10.18894],
			"rotation": {"angle": -22.5, "axis": "y", "origin": [7.20642, 8.10075, 6.75531]},
			"faces": {
				"north": {"uv": [2, 2, 4, 4], "texture": "#0"},
				"east": {"uv": [2, 2, 4, 4], "texture": "#0"},
				"south": {"uv": [2, 2, 4, 4], "texture": "#0"},
				"west": {"uv": [2, 2, 4, 4], "texture": "#0"},
				"up": {"uv": [2, 2, 4, 4], "texture": "#0"},
				"down": {"uv": [2, 2, 4, 4], "texture": "#0"}
			}
		},
		{
			"name": "body",
			"from": [5.72, -1.005, 6.86],
			"to": [10.28, 5.835, 9.14],
			"rotation": {"angle": 0, "axis": "y", "origin": [3.44, -7.56, 3.44]},
			"faces": {
				"north": {"uv": [5, 5, 7, 7.98], "texture": "#0"},
				"east": {"uv": [5, 5, 7, 7.98], "texture": "#0"},
				"south": {"uv": [5, 5, 7, 7.98], "texture": "#0"},
				"west": {"uv": [5, 5, 7, 7.98], "texture": "#0"},
				"up": {"uv": [5, 5, 7, 7.98], "texture": "#0"},
				"down": {"uv": [5, 5, 7, 7.98], "texture": "#0"}
			}
		},
		{
			"name": "body",
			"from": [7.43, 3.555, 6.4325],
			"to": [8.57, 4.125, 6.86],
			"rotation": {"angle": 0, "axis": "y", "origin": [3.44, -7.56, 3.44]},
			"faces": {
				"north": {"uv": [5, 5, 7, 7.98], "texture": "#1"},
				"east": {"uv": [5, 5, 7, 7.98], "texture": "#1"},
				"south": {"uv": [5, 5, 7, 7.98], "texture": "#1"},
				"west": {"uv": [5, 5, 7, 7.98], "texture": "#1"},
				"up": {"uv": [5, 5, 7, 7.98], "texture": "#1"},
				"down": {"uv": [5, 5, 7, 7.98], "texture": "#1"}
			}
		},
		{
			"name": "body",
			"from": [13.86, 20.305, 6.4325],
			"to": [16.7, 21.125, 7.86],
			"rotation": {"angle": 0, "axis": "y", "origin": [9.87, -4.56, 3.44]},
			"faces": {
				"north": {"uv": [5, 5, 7, 7.98], "texture": "#1"},
				"east": {"uv": [5, 5, 7, 7.98], "texture": "#1"},
				"south": {"uv": [5, 5, 7, 7.98], "texture": "#1"},
				"west": {"uv": [5, 5, 7, 7.98], "texture": "#1"},
				"up": {"uv": [5, 5, 7, 7.98], "texture": "#1"},
				"down": {"uv": [5, 5, 7, 7.98], "texture": "#1"}
			}
		},
		{
			"name": "body",
			"from": [14.06, 18.105, 6.4325],
			"to": [16, 18.925, 7.86],
			"rotation": {"angle": 0, "axis": "y", "origin": [9.87, -4.56, 3.44]},
			"faces": {
				"north": {"uv": [5, 5, 7, 7.98], "texture": "#1"},
				"east": {"uv": [5, 5, 7, 7.98], "texture": "#1"},
				"south": {"uv": [5, 5, 7, 7.98], "texture": "#1"},
				"west": {"uv": [5, 5, 7, 7.98], "texture": "#1"},
				"up": {"uv": [5, 5, 7, 7.98], "texture": "#1"},
				"down": {"uv": [5, 5, 7, 7.98], "texture": "#1"}
			}
		},
		{
			"name": "body",
			"from": [16, 18.505, 6.4325],
			"to": [17, 20.325, 7.86],
			"rotation": {"angle": 0, "axis": "y", "origin": [9.87, -4.56, 3.44]},
			"faces": {
				"north": {"uv": [5, 5, 7, 7.98], "texture": "#1"},
				"east": {"uv": [5, 5, 7, 7.98], "texture": "#1"},
				"south": {"uv": [5, 5, 7, 7.98], "texture": "#1"},
				"west": {"uv": [5, 5, 7, 7.98], "texture": "#1"},
				"up": {"uv": [5, 5, 7, 7.98], "texture": "#1"},
				"down": {"uv": [5, 5, 7, 7.98], "texture": "#1"}
			}
		},
		{
			"name": "body",
			"from": [12, 17.005, 6.4325],
			"to": [13, 20.625, 7.86],
			"rotation": {"angle": 0, "axis": "y", "origin": [9.87, -4.56, 3.44]},
			"faces": {
				"north": {"uv": [5, 5, 7, 7.98], "texture": "#1"},
				"east": {"uv": [5, 5, 7, 7.98], "texture": "#1"},
				"south": {"uv": [5, 5, 7, 7.98], "texture": "#1"},
				"west": {"uv": [5, 5, 7, 7.98], "texture": "#1"},
				"up": {"uv": [5, 5, 7, 7.98], "texture": "#1"},
				"down": {"uv": [5, 5, 7, 7.98], "texture": "#1"}
			}
		},
		{
			"name": "body",
			"from": [10, 20.325, 6.4325],
			"to": [12, 21.325, 7.86],
			"rotation": {"angle": 0, "axis": "y", "origin": [9.87, -4.56, 3.44]},
			"faces": {
				"north": {"uv": [5, 5, 7, 7.98], "texture": "#1"},
				"east": {"uv": [5, 5, 7, 7.98], "texture": "#1"},
				"south": {"uv": [5, 5, 7, 7.98], "texture": "#1"},
				"west": {"uv": [5, 5, 7, 7.98], "texture": "#1"},
				"up": {"uv": [5, 5, 7, 7.98], "texture": "#1"},
				"down": {"uv": [5, 5, 7, 7.98], "texture": "#1"}
			}
		},
		{
			"name": "body",
			"from": [10, 16.325, 6.4325],
			"to": [12, 17.325, 7.86],
			"rotation": {"angle": 0, "axis": "y", "origin": [9.87, -4.56, 3.44]},
			"faces": {
				"north": {"uv": [5, 5, 7, 7.98], "texture": "#1"},
				"east": {"uv": [5, 5, 7, 7.98], "texture": "#1"},
				"south": {"uv": [5, 5, 7, 7.98], "texture": "#1"},
				"west": {"uv": [5, 5, 7, 7.98], "texture": "#1"},
				"up": {"uv": [5, 5, 7, 7.98], "texture": "#1"},
				"down": {"uv": [5, 5, 7, 7.98], "texture": "#1"}
			}
		},
		{
			"name": "body",
			"from": [9, 17.005, 6.4325],
			"to": [10, 20.625, 7.86],
			"rotation": {"angle": 0, "axis": "y", "origin": [9.87, -4.56, 3.44]},
			"faces": {
				"north": {"uv": [5, 5, 7, 7.98], "texture": "#1"},
				"east": {"uv": [5, 5, 7, 7.98], "texture": "#1"},
				"south": {"uv": [5, 5, 7, 7.98], "texture": "#1"},
				"west": {"uv": [5, 5, 7, 7.98], "texture": "#1"},
				"up": {"uv": [5, 5, 7, 7.98], "texture": "#1"},
				"down": {"uv": [5, 5, 7, 7.98], "texture": "#1"}
			}
		},
		{
			"name": "body",
			"from": [7, 17.005, 6.4325],
			"to": [8, 20.625, 7.86],
			"rotation": {"angle": 0, "axis": "y", "origin": [9.87, -4.56, 3.44]},
			"faces": {
				"north": {"uv": [5, 5, 7, 7.98], "texture": "#1"},
				"east": {"uv": [5, 5, 7, 7.98], "texture": "#1"},
				"south": {"uv": [5, 5, 7, 7.98], "texture": "#1"},
				"west": {"uv": [5, 5, 7, 7.98], "texture": "#1"},
				"up": {"uv": [5, 5, 7, 7.98], "texture": "#1"},
				"down": {"uv": [5, 5, 7, 7.98], "texture": "#1"}
			}
		},
		{
			"name": "body",
			"from": [4, 17.005, 6.4325],
			"to": [5, 20.625, 7.86],
			"rotation": {"angle": 0, "axis": "y", "origin": [9.87, -4.56, 3.44]},
			"faces": {
				"north": {"uv": [5, 5, 7, 7.98], "texture": "#1"},
				"east": {"uv": [5, 5, 7, 7.98], "texture": "#1"},
				"south": {"uv": [5, 5, 7, 7.98], "texture": "#1"},
				"west": {"uv": [5, 5, 7, 7.98], "texture": "#1"},
				"up": {"uv": [5, 5, 7, 7.98], "texture": "#1"},
				"down": {"uv": [5, 5, 7, 7.98], "texture": "#1"}
			}
		},
		{
			"name": "body",
			"from": [2, 16.355, 6.4325],
			"to": [3, 21.225, 7.86],
			"rotation": {"angle": 0, "axis": "y", "origin": [9.87, -4.56, 3.44]},
			"faces": {
				"north": {"uv": [5, 5, 7, 7.98], "texture": "#1"},
				"east": {"uv": [5, 5, 7, 7.98], "texture": "#1"},
				"south": {"uv": [5, 5, 7, 7.98], "texture": "#1"},
				"west": {"uv": [5, 5, 7, 7.98], "texture": "#1"},
				"up": {"uv": [5, 5, 7, 7.98], "texture": "#1"},
				"down": {"uv": [5, 5, 7, 7.98], "texture": "#1"}
			}
		},
		{
			"name": "body",
			"from": [1, 18.355, 6.4325],
			"to": [2, 20.225, 7.86],
			"rotation": {"angle": 0, "axis": "y", "origin": [9.87, -4.56, 3.44]},
			"faces": {
				"north": {"uv": [5, 5, 7, 7.98], "texture": "#1"},
				"east": {"uv": [5, 5, 7, 7.98], "texture": "#1"},
				"south": {"uv": [5, 5, 7, 7.98], "texture": "#1"},
				"west": {"uv": [5, 5, 7, 7.98], "texture": "#1"},
				"up": {"uv": [5, 5, 7, 7.98], "texture": "#1"},
				"down": {"uv": [5, 5, 7, 7.98], "texture": "#1"}
			}
		},
		{
			"name": "body",
			"from": [0, 17.355, 6.4325],
			"to": [1, 19.225, 7.86],
			"rotation": {"angle": 0, "axis": "y", "origin": [9.87, -4.56, 3.44]},
			"faces": {
				"north": {"uv": [5, 5, 7, 7.98], "texture": "#1"},
				"east": {"uv": [5, 5, 7, 7.98], "texture": "#1"},
				"south": {"uv": [5, 5, 7, 7.98], "texture": "#1"},
				"west": {"uv": [5, 5, 7, 7.98], "texture": "#1"},
				"up": {"uv": [5, 5, 7, 7.98], "texture": "#1"},
				"down": {"uv": [5, 5, 7, 7.98], "texture": "#1"}
			}
		},
		{
			"name": "body",
			"from": [-1, 16.355, 6.4325],
			"to": [0, 21.225, 7.86],
			"rotation": {"angle": 0, "axis": "y", "origin": [9.87, -4.56, 3.44]},
			"faces": {
				"north": {"uv": [5, 5, 7, 7.98], "texture": "#1"},
				"east": {"uv": [5, 5, 7, 7.98], "texture": "#1"},
				"south": {"uv": [5, 5, 7, 7.98], "texture": "#1"},
				"west": {"uv": [5, 5, 7, 7.98], "texture": "#1"},
				"up": {"uv": [5, 5, 7, 7.98], "texture": "#1"},
				"down": {"uv": [5, 5, 7, 7.98], "texture": "#1"}
			}
		},
		{
			"name": "body",
			"from": [5, 20.325, 6.4325],
			"to": [7, 21.325, 7.86],
			"rotation": {"angle": 0, "axis": "y", "origin": [9.87, -4.56, 3.44]},
			"faces": {
				"north": {"uv": [5, 5, 7, 7.98], "texture": "#1"},
				"east": {"uv": [5, 5, 7, 7.98], "texture": "#1"},
				"south": {"uv": [5, 5, 7, 7.98], "texture": "#1"},
				"west": {"uv": [5, 5, 7, 7.98], "texture": "#1"},
				"up": {"uv": [5, 5, 7, 7.98], "texture": "#1"},
				"down": {"uv": [5, 5, 7, 7.98], "texture": "#1"}
			}
		},
		{
			"name": "body",
			"from": [5, 16.325, 6.4325],
			"to": [7, 17.325, 7.86],
			"rotation": {"angle": 0, "axis": "y", "origin": [9.87, -4.56, 3.44]},
			"faces": {
				"north": {"uv": [5, 5, 7, 7.98], "texture": "#1"},
				"east": {"uv": [5, 5, 7, 7.98], "texture": "#1"},
				"south": {"uv": [5, 5, 7, 7.98], "texture": "#1"},
				"west": {"uv": [5, 5, 7, 7.98], "texture": "#1"},
				"up": {"uv": [5, 5, 7, 7.98], "texture": "#1"},
				"down": {"uv": [5, 5, 7, 7.98], "texture": "#1"}
			}
		},
		{
			"name": "body",
			"from": [13.9, 16.605, 6.4325],
			"to": [14.9, 18.125, 7.86],
			"rotation": {"angle": 0, "axis": "y", "origin": [9.87, -4.56, 3.44]},
			"faces": {
				"north": {"uv": [5, 5, 7, 7.98], "texture": "#1"},
				"east": {"uv": [5, 5, 7, 7.98], "texture": "#1"},
				"south": {"uv": [5, 5, 7, 7.98], "texture": "#1"},
				"west": {"uv": [5, 5, 7, 7.98], "texture": "#1"},
				"up": {"uv": [5, 5, 7, 7.98], "texture": "#1"},
				"down": {"uv": [5, 5, 7, 7.98], "texture": "#1"}
			}
		},
		{
			"name": "body",
			"from": [14.86, 16.305, 6.4325],
			"to": [17, 17.125, 7.86],
			"rotation": {"angle": 0, "axis": "y", "origin": [9.87, -4.56, 3.44]},
			"faces": {
				"north": {"uv": [5, 5, 7, 7.98], "texture": "#1"},
				"east": {"uv": [5, 5, 7, 7.98], "texture": "#1"},
				"south": {"uv": [5, 5, 7, 7.98], "texture": "#1"},
				"west": {"uv": [5, 5, 7, 7.98], "texture": "#1"},
				"up": {"uv": [5, 5, 7, 7.98], "texture": "#1"},
				"down": {"uv": [5, 5, 7, 7.98], "texture": "#1"}
			}
		},
		{
			"name": "body",
			"from": [8.57, 2.985, 6.4325],
			"to": [9.14, 3.555, 6.86],
			"rotation": {"angle": 0, "axis": "y", "origin": [3.44, -7.56, 3.44]},
			"faces": {
				"north": {"uv": [5, 5, 7, 7.98], "texture": "#1"},
				"east": {"uv": [5, 5, 7, 7.98], "texture": "#1"},
				"south": {"uv": [5, 5, 7, 7.98], "texture": "#1"},
				"west": {"uv": [5, 5, 7, 7.98], "texture": "#1"},
				"up": {"uv": [5, 5, 7, 7.98], "texture": "#1"},
				"down": {"uv": [5, 5, 7, 7.98], "texture": "#1"}
			}
		},
		{
			"name": "body",
			"from": [6.86, 2.415, 6.4325],
			"to": [7.43, 3.555, 6.86],
			"rotation": {"angle": 0, "axis": "y", "origin": [3.44, -7.56, 3.44]},
			"faces": {
				"north": {"uv": [5, 5, 7, 7.98], "texture": "#1"},
				"east": {"uv": [5, 5, 7, 7.98], "texture": "#1"},
				"south": {"uv": [5, 5, 7, 7.98], "texture": "#1"},
				"west": {"uv": [5, 5, 7, 7.98], "texture": "#1"},
				"up": {"uv": [5, 5, 7, 7.98], "texture": "#1"},
				"down": {"uv": [5, 5, 7, 7.98], "texture": "#1"}
			}
		},
		{
			"name": "body",
			"from": [7.145, 1.9875, 6.4325],
			"to": [7.715, 2.415, 6.86],
			"rotation": {"angle": 0, "axis": "y", "origin": [3.44, -7.56, 3.44]},
			"faces": {
				"north": {"uv": [5, 5, 7, 7.98], "texture": "#1"},
				"east": {"uv": [5, 5, 7, 7.98], "texture": "#1"},
				"south": {"uv": [5, 5, 7, 7.98], "texture": "#1"},
				"west": {"uv": [5, 5, 7, 7.98], "texture": "#1"},
				"up": {"uv": [5, 5, 7, 7.98], "texture": "#1"},
				"down": {"uv": [5, 5, 7, 7.98], "texture": "#1"}
			}
		},
		{
			"name": "body",
			"from": [7.43, 1.56, 6.4325],
			"to": [8, 1.9875, 6.86],
			"rotation": {"angle": 0, "axis": "y", "origin": [3.44, -7.56, 3.44]},
			"faces": {
				"north": {"uv": [5, 5, 7, 7.98], "texture": "#1"},
				"east": {"uv": [5, 5, 7, 7.98], "texture": "#1"},
				"south": {"uv": [5, 5, 7, 7.98], "texture": "#1"},
				"west": {"uv": [5, 5, 7, 7.98], "texture": "#1"},
				"up": {"uv": [5, 5, 7, 7.98], "texture": "#1"},
				"down": {"uv": [5, 5, 7, 7.98], "texture": "#1"}
			}
		},
		{
			"name": "body",
			"from": [7.715, 0.8475, 6.4325],
			"to": [8.285, 1.56, 6.86],
			"rotation": {"angle": 0, "axis": "y", "origin": [3.44, -7.56, 3.44]},
			"faces": {
				"north": {"uv": [5, 5, 7, 7.98], "texture": "#1"},
				"east": {"uv": [5, 5, 7, 7.98], "texture": "#1"},
				"south": {"uv": [5, 5, 7, 7.98], "texture": "#1"},
				"west": {"uv": [5, 5, 7, 7.98], "texture": "#1"},
				"up": {"uv": [5, 5, 7, 7.98], "texture": "#1"},
				"down": {"uv": [5, 5, 7, 7.98], "texture": "#1"}
			}
		},
		{
			"name": "body",
			"from": [7.715, 0.135, 6.4325],
			"to": [8.285, 0.42, 6.86],
			"rotation": {"angle": 0, "axis": "y", "origin": [3.44, -7.56, 3.44]},
			"faces": {
				"north": {"uv": [5, 5, 7, 7.98], "texture": "#1"},
				"east": {"uv": [5, 5, 7, 7.98], "texture": "#1"},
				"south": {"uv": [5, 5, 7, 7.98], "texture": "#1"},
				"west": {"uv": [5, 5, 7, 7.98], "texture": "#1"},
				"up": {"uv": [5, 5, 7, 7.98], "texture": "#1"},
				"down": {"uv": [5, 5, 7, 7.98], "texture": "#1"}
			}
		},
		{
			"name": "body",
			"from": [7.88415, 9.597, 5.49225],
			"to": [9.02415, 10.167, 5.72025],
			"rotation": {"angle": -22.5, "axis": "y", "origin": [7.20642, 8.10075, 6.75531]},
			"faces": {
				"north": {"uv": [5, 5, 7, 7.98], "texture": "#1"},
				"east": {"uv": [5, 5, 7, 7.98], "texture": "#1"},
				"south": {"uv": [5, 5, 7, 7.98], "texture": "#1"},
				"west": {"uv": [5, 5, 7, 7.98], "texture": "#1"},
				"up": {"uv": [5, 5, 7, 7.98], "texture": "#1"},
				"down": {"uv": [5, 5, 7, 7.98], "texture": "#1"}
			}
		},
		{
			"name": "body",
			"from": [9.02415, 9.027, 5.49225],
			"to": [9.59415, 9.597, 5.72025],
			"rotation": {"angle": -22.5, "axis": "y", "origin": [7.20642, 8.10075, 6.75531]},
			"faces": {
				"north": {"uv": [5, 5, 7, 7.98], "texture": "#1"},
				"east": {"uv": [5, 5, 7, 7.98], "texture": "#1"},
				"south": {"uv": [5, 5, 7, 7.98], "texture": "#1"},
				"west": {"uv": [5, 5, 7, 7.98], "texture": "#1"},
				"up": {"uv": [5, 5, 7, 7.98], "texture": "#1"},
				"down": {"uv": [5, 5, 7, 7.98], "texture": "#1"}
			}
		},
		{
			"name": "body",
			"from": [7.31415, 8.457, 5.49225],
			"to": [7.88415, 9.597, 5.72025],
			"rotation": {"angle": -22.5, "axis": "y", "origin": [7.20642, 8.10075, 6.75531]},
			"faces": {
				"north": {"uv": [5, 5, 7, 7.98], "texture": "#1"},
				"east": {"uv": [5, 5, 7, 7.98], "texture": "#1"},
				"south": {"uv": [5, 5, 7, 7.98], "texture": "#1"},
				"west": {"uv": [5, 5, 7, 7.98], "texture": "#1"},
				"up": {"uv": [5, 5, 7, 7.98], "texture": "#1"},
				"down": {"uv": [5, 5, 7, 7.98], "texture": "#1"}
			}
		},
		{
			"name": "body",
			"from": [7.59915, 8.0295, 5.49225],
			"to": [8.16915, 8.457, 5.72025],
			"rotation": {"angle": -22.5, "axis": "y", "origin": [7.20642, 8.10075, 6.75531]},
			"faces": {
				"north": {"uv": [5, 5, 7, 7.98], "texture": "#1"},
				"east": {"uv": [5, 5, 7, 7.98], "texture": "#1"},
				"south": {"uv": [5, 5, 7, 7.98], "texture": "#1"},
				"west": {"uv": [5, 5, 7, 7.98], "texture": "#1"},
				"up": {"uv": [5, 5, 7, 7.98], "texture": "#1"},
				"down": {"uv": [5, 5, 7, 7.98], "texture": "#1"}
			}
		},
		{
			"name": "body",
			"from": [7.88415, 7.602, 5.49225],
			"to": [8.45415, 8.0295, 5.72025],
			"rotation": {"angle": -22.5, "axis": "y", "origin": [7.20642, 8.10075, 6.75531]},
			"faces": {
				"north": {"uv": [5, 5, 7, 7.98], "texture": "#1"},
				"east": {"uv": [5, 5, 7, 7.98], "texture": "#1"},
				"south": {"uv": [5, 5, 7, 7.98], "texture": "#1"},
				"west": {"uv": [5, 5, 7, 7.98], "texture": "#1"},
				"up": {"uv": [5, 5, 7, 7.98], "texture": "#1"},
				"down": {"uv": [5, 5, 7, 7.98], "texture": "#1"}
			}
		},
		{
			"name": "body",
			"from": [8.16915, 6.8895, 5.49225],
			"to": [8.73915, 7.602, 5.72025],
			"rotation": {"angle": -22.5, "axis": "y", "origin": [7.20642, 8.10075, 6.75531]},
			"faces": {
				"north": {"uv": [5, 5, 7, 7.98], "texture": "#1"},
				"east": {"uv": [5, 5, 7, 7.98], "texture": "#1"},
				"south": {"uv": [5, 5, 7, 7.98], "texture": "#1"},
				"west": {"uv": [5, 5, 7, 7.98], "texture": "#1"},
				"up": {"uv": [5, 5, 7, 7.98], "texture": "#1"},
				"down": {"uv": [5, 5, 7, 7.98], "texture": "#1"}
			}
		},
		{
			"name": "body",
			"from": [8.16915, 6.177, 5.49225],
			"to": [8.73915, 6.462, 5.72025],
			"rotation": {"angle": -22.5, "axis": "y", "origin": [7.20642, 8.10075, 6.75531]},
			"faces": {
				"north": {"uv": [5, 5, 7, 7.98], "texture": "#1"},
				"east": {"uv": [5, 5, 7, 7.98], "texture": "#1"},
				"south": {"uv": [5, 5, 7, 7.98], "texture": "#1"},
				"west": {"uv": [5, 5, 7, 7.98], "texture": "#1"},
				"up": {"uv": [5, 5, 7, 7.98], "texture": "#1"},
				"down": {"uv": [5, 5, 7, 7.98], "texture": "#1"}
			}
		},
		{
			"name": "right_arm",
			"from": [4.58, 3.783, 6.746],
			"to": [5.72, 6.063, 9.026],
			"rotation": {"angle": 0, "axis": "z", "origin": [4.58, 2.415, 8.456]},
			"faces": {
				"north": {"uv": [11, 8, 12, 5], "rotation": 90, "texture": "#0"},
				"east": {"uv": [11, 8, 12, 5], "rotation": 270, "texture": "#0"},
				"south": {"uv": [11, 8, 12, 5], "rotation": 270, "texture": "#0"},
				"west": {"uv": [11, 8, 12, 5], "rotation": 270, "texture": "#0"},
				"up": {"uv": [11, 8, 12, 5], "rotation": 270, "texture": "#0"},
				"down": {"uv": [11, 8, 12, 5], "rotation": 270, "texture": "#0"}
			}
		},
		{
			"name": "right_arm",
			"from": [3.91965, 3.65165, 6.746],
			"to": [5.05965, 5.93165, 9.026],
			"rotation": {"angle": 22.5, "axis": "z", "origin": [4.48965, 4.79165, 7.886]},
			"faces": {
				"north": {"uv": [11, 8, 12, 5], "rotation": 90, "texture": "#0"},
				"east": {"uv": [11, 8, 12, 5], "rotation": 270, "texture": "#0"},
				"south": {"uv": [11, 8, 12, 5], "rotation": 270, "texture": "#0"},
				"west": {"uv": [11, 8, 12, 5], "rotation": 270, "texture": "#0"},
				"up": {"uv": [11, 8, 12, 5], "rotation": 270, "texture": "#0"},
				"down": {"uv": [11, 8, 12, 5], "rotation": 270, "texture": "#0"}
			}
		},
		{
			"name": "right_arm",
			"from": [3.50297, 3.06335, 6.746],
			"to": [4.64297, 5.34335, 9.026],
			"rotation": {"angle": 45, "axis": "z", "origin": [3.7428, 4.13768, 7.886]},
			"faces": {
				"north": {"uv": [11, 8, 12, 5], "rotation": 90, "texture": "#0"},
				"east": {"uv": [11, 8, 12, 5], "rotation": 270, "texture": "#0"},
				"south": {"uv": [11, 8, 12, 5], "rotation": 270, "texture": "#0"},
				"west": {"uv": [11, 8, 12, 5], "rotation": 270, "texture": "#0"},
				"up": {"uv": [11, 8, 12, 5], "rotation": 270, "texture": "#0"},
				"down": {"uv": [11, 8, 12, 5], "rotation": 270, "texture": "#0"}
			}
		},
		{
			"name": "right_arm",
			"from": [2.53712, 2.6675, 6.746],
			"to": [4.81712, 4.3775, 9.026],
			"rotation": {"angle": -22.5, "axis": "z", "origin": [3.7428, 4.13768, 7.886]},
			"faces": {
				"north": {"uv": [12, 5, 11, 8], "texture": "#0"},
				"east": {"uv": [12, 5, 11, 8], "texture": "#0"},
				"south": {"uv": [12, 5, 11, 8], "texture": "#0"},
				"west": {"uv": [12, 5, 11, 8], "texture": "#0"},
				"up": {"uv": [12, 5, 11, 8], "texture": "#0"},
				"down": {"uv": [12, 5, 11, 8], "texture": "#0"}
			}
		},
		{
			"name": "right_arm",
			"from": [2.06629, 1.53081, 6.746],
			"to": [4.34629, 3.24081, 9.026],
			"rotation": {"angle": 0, "axis": "z", "origin": [3.20629, 2.38581, 7.886]},
			"faces": {
				"north": {"uv": [12, 5, 11, 8], "texture": "#0"},
				"east": {"uv": [12, 5, 11, 8], "texture": "#0"},
				"south": {"uv": [12, 5, 11, 8], "texture": "#0"},
				"west": {"uv": [12, 5, 11, 8], "texture": "#0"},
				"up": {"uv": [12, 5, 11, 8], "texture": "#0"},
				"down": {"uv": [12, 5, 11, 8], "texture": "#0"}
			}
		},
		{
			"name": "right_arm",
			"from": [2.21945, 0.76079, 6.746],
			"to": [4.49945, 2.01479, 9.026],
			"rotation": {"angle": 22.5, "axis": "z", "origin": [3.35945, 1.38779, 7.886]},
			"faces": {
				"north": {"uv": [12, 5, 11, 8], "texture": "#0"},
				"east": {"uv": [12, 5, 11, 8], "texture": "#0"},
				"south": {"uv": [12, 5, 11, 8], "texture": "#0"},
				"west": {"uv": [12, 5, 11, 8], "texture": "#0"},
				"up": {"uv": [12, 5, 11, 8], "texture": "#0"},
				"down": {"uv": [12, 5, 11, 8], "texture": "#0"}
			}
		},
		{
			"name": "right_arm",
			"from": [2.65563, -1.60199, 6.746],
			"to": [4.93563, 1.36201, 9.026],
			"rotation": {"angle": 45, "axis": "z", "origin": [3.79563, 0.73501, 7.886]},
			"faces": {
				"north": {"uv": [12, 5, 11, 8], "texture": "#0"},
				"east": {"uv": [12, 5, 11, 8], "texture": "#0"},
				"south": {"uv": [12, 5, 11, 8], "texture": "#0"},
				"west": {"uv": [12, 5, 11, 8], "texture": "#0"},
				"up": {"uv": [12, 5, 11, 8], "texture": "#0"},
				"down": {"uv": [12, 5, 11, 8], "texture": "#0"}
			}
		},
		{
			"name": "left_arm",
			"from": [8.8061, 3.88051, 6.689],
			"to": [12.7961, 6.16051, 8.969],
			"rotation": {"angle": 22.5, "axis": "z", "origin": [12.2261, 6.44551, 7.829]},
			"faces": {
				"north": {"uv": [9, 16, 10, 13], "rotation": 270, "texture": "#0"},
				"east": {"uv": [9, 16, 10, 13], "rotation": 90, "texture": "#0"},
				"south": {"uv": [9, 16, 10, 13], "rotation": 90, "texture": "#0"},
				"west": {"uv": [9, 16, 10, 13], "rotation": 90, "texture": "#0"},
				"up": {"uv": [9, 16, 10, 13], "rotation": 90, "texture": "#0"},
				"down": {"uv": [9, 16, 10, 13], "rotation": 90, "texture": "#0"}
			}
		},
		{
			"name": "left_arm",
			"from": [12.34387, 5.37067, 6.689],
			"to": [13.48387, 7.65067, 8.969],
			"rotation": {"angle": 45, "axis": "z", "origin": [14.33887, 6.51067, 7.829]},
			"faces": {
				"north": {"uv": [9, 16, 10, 13], "rotation": 270, "texture": "#0"},
				"east": {"uv": [9, 16, 10, 13], "rotation": 90, "texture": "#0"},
				"south": {"uv": [9, 16, 10, 13], "rotation": 90, "texture": "#0"},
				"west": {"uv": [9, 16, 10, 13], "rotation": 90, "texture": "#0"},
				"up": {"uv": [9, 16, 10, 13], "rotation": 90, "texture": "#0"},
				"down": {"uv": [9, 16, 10, 13], "rotation": 90, "texture": "#0"}
			}
		},
		{
			"name": "left_arm",
			"from": [12.5653, 5.49286, 6.689],
			"to": [14.8453, 7.20286, 8.969],
			"rotation": {"angle": -22.5, "axis": "z", "origin": [13.7053, 6.06286, 7.829]},
			"faces": {
				"north": {"uv": [10, 13, 9, 16], "rotation": 180, "texture": "#0"},
				"east": {"uv": [10, 13, 9, 16], "rotation": 180, "texture": "#0"},
				"south": {"uv": [10, 13, 9, 16], "rotation": 180, "texture": "#0"},
				"west": {"uv": [10, 13, 9, 16], "rotation": 180, "texture": "#0"},
				"up": {"uv": [10, 13, 9, 16], "rotation": 180, "texture": "#0"},
				"down": {"uv": [10, 13, 9, 16], "rotation": 180, "texture": "#0"}
			}
		},
		{
			"name": "right_leg",
			"from": [8, -7.845, 6.86],
			"to": [10.28, -1.005, 9.14],
			"rotation": {"angle": 0, "axis": "y", "origin": [3.44, -7.56, 3.44]},
			"faces": {
				"north": {"uv": [1, 5, 2, 8], "texture": "#0"},
				"east": {"uv": [1, 5, 2, 8], "texture": "#0"},
				"south": {"uv": [1, 5, 2, 8], "texture": "#0"},
				"west": {"uv": [1, 5, 2, 8], "texture": "#0"},
				"up": {"uv": [1, 5, 2, 8], "texture": "#0"},
				"down": {"uv": [1, 5, 2, 8], "texture": "#0"}
			}
		},
		{
			"name": "left_leg",
			"from": [6.19524, -8.01534, 5.846],
			"to": [8.47524, -1.17534, 8.126],
			"shade": false,
			"rotation": {"angle": 22.5, "axis": "x", "origin": [7.33524, -3.99534, 8.486]},
			"faces": {
				"north": {"uv": [5, 13, 6, 16], "texture": "#0"},
				"east": {"uv": [5, 13, 6, 16], "texture": "#0"},
				"south": {"uv": [5, 13, 6, 16], "texture": "#0"},
				"west": {"uv": [5, 13, 6, 16], "texture": "#0"},
				"up": {"uv": [5, 13, 6, 16], "texture": "#0"},
				"down": {"uv": [5, 13, 6, 16], "texture": "#0"}
			}
		},
		{
			"from": [-4, 23, 10],
			"to": [2, 29, 16],
			"rotation": {"angle": -45, "axis": "y", "origin": [-1, 24, 13]},
			"faces": {
				"north": {"uv": [0, 0, 6, 6], "texture": "#2"},
				"east": {"uv": [0, 0, 6, 6], "texture": "#2"},
				"south": {"uv": [0, 0, 6, 6], "texture": "#2"},
				"west": {"uv": [0, 0, 6, 6], "texture": "#2"},
				"up": {"uv": [0, 0, 6, 6], "texture": "#2"},
				"down": {"uv": [0, 0, 6, 6], "texture": "#2"}
			}
		},
		{
			"from": [22, 16.25, 10],
			"to": [26, 20.25, 14],
			"rotation": {"angle": 45, "axis": "y", "origin": [17, 24, 13]},
			"faces": {
				"north": {"uv": [6, 0, 0, 6], "texture": "#2"},
				"east": {"uv": [6, 0, 0, 6], "texture": "#2"},
				"south": {"uv": [6, 0, 0, 6], "texture": "#2"},
				"west": {"uv": [6, 0, 0, 6], "texture": "#2"},
				"up": {"uv": [6, 0, 0, 6], "texture": "#2"},
				"down": {"uv": [6, 0, 0, 6], "texture": "#2"}
			}
		}
	],
	"display": {
		"head": {
			"translation": [0, -17.5, 0],
			"scale": [3, 3, 3]
		}
	},
	"groups": [
		{
			"name": "steve",
			"origin": [8, 8, 8],
			"color": 0,
			"nbt": "{}",
			"children": [0, 1, 2, 3, 4, 5, 6, 7, 8, 9, 10, 11, 12, 13, 14, 15, 16, 17, 18, 19, 20, 21, 22, 23, 24, 25, 26, 27, 28, 29, 30, 31, 32, 33, 34, 35, 36, 37, 38, 39, 40, 41, 42, 43, 44]
		},
		45,
		46
	]
}