{
	"credit": "Made with Blockbench",
	"textures": {
		"0": "block/cobblestone",
		"1": "block/stripped_spruce_log",
		"2": "block/beehive_end",
		"3": "block/packed_ice",
		"4": "block/bricks",
		"5": "block/acacia_log",
		"6": "block/acacia_planks",
		"7": "block/brown_mushroom_block",
		"8": "block/coarse_dirt",
		"particle": "block/cobblestone"
	},
	"elements": [
		{
			"name": "hexadecagon",
			"from": [7.4994, -4.97171, 2.45472],
			"to": [9.70545, 1.7528, 3.56378],
			"rotation": {"angle": -45, "axis": "y", "origin": [8.60242, 7.34074, 8]},
			"faces": {
				"north": {"uv": [0, 0, 4, 4], "texture": "#0"},
				"east": {"uv": [0, 0, 4, 4], "texture": "#0"},
				"south": {"uv": [0, 0, 4, 4], "texture": "#0"},
				"west": {"uv": [0, 0, 4, 4], "texture": "#0"},
				"up": {"uv": [0, 0, 4, 4], "texture": "#0"},
				"down": {"uv": [0, 0, 4, 4], "texture": "#0"}
			}
		},
		{
			"name": "hexadecagon",
			"from": [7.54182, -4.92906, 2.668],
			"to": [9.66302, 1.71014, 3.7344],
			"rotation": {"angle": -22.5, "axis": "y", "origin": [8.60242, 7.04214, 8]},
			"faces": {
				"north": {"uv": [0, 0, 4, 4], "texture": "#0"},
				"east": {"uv": [0, 0, 4, 4], "texture": "#0"},
				"south": {"uv": [0, 0, 4, 4], "texture": "#0"},
				"west": {"uv": [0, 0, 4, 4], "texture": "#0"},
				"up": {"uv": [0, 0, 4, 4], "texture": "#0"},
				"down": {"uv": [0, 0, 4, 4], "texture": "#0"}
			}
		},
		{
			"name": "hexadecagon",
			"from": [7.4994, -4.97171, 2.45472],
			"to": [9.70545, 1.7528, 3.56378],
			"rotation": {"angle": 0, "axis": "y", "origin": [8.60242, 7.34074, 8]},
			"faces": {
				"north": {"uv": [0, 0, 4, 4], "texture": "#0"},
				"east": {"uv": [0, 0, 4, 4], "texture": "#0"},
				"south": {"uv": [0, 0, 4, 4], "texture": "#0"},
				"west": {"uv": [0, 0, 4, 4], "texture": "#0"},
				"up": {"uv": [0, 0, 4, 4], "texture": "#0"},
				"down": {"uv": [0, 0, 4, 4], "texture": "#0"}
			}
		},
		{
			"name": "hexadecagon",
			"from": [7.54182, -4.92906, 2.668],
			"to": [9.66302, 1.71014, 3.7344],
			"rotation": {"angle": 22.5, "axis": "y", "origin": [8.60242, 7.04214, 8]},
			"faces": {
				"north": {"uv": [0, 0, 4, 4], "texture": "#0"},
				"east": {"uv": [0, 0, 4, 4], "texture": "#0"},
				"south": {"uv": [0, 0, 4, 4], "texture": "#0"},
				"west": {"uv": [0, 0, 4, 4], "texture": "#0"},
				"up": {"uv": [0, 0, 4, 4], "texture": "#0"},
				"down": {"uv": [0, 0, 4, 4], "texture": "#0"}
			}
		},
		{
			"name": "hexadecagon",
			"from": [7.4994, -4.97171, 2.45472],
			"to": [9.70545, 1.7528, 3.56378],
			"rotation": {"angle": 45, "axis": "y", "origin": [8.60242, 7.34074, 8]},
			"faces": {
				"north": {"uv": [0, 0, 4, 4], "texture": "#0"},
				"east": {"uv": [0, 0, 4, 4], "texture": "#0"},
				"south": {"uv": [0, 0, 4, 4], "texture": "#0"},
				"west": {"uv": [0, 0, 4, 4], "texture": "#0"},
				"up": {"uv": [0, 0, 4, 4], "texture": "#0"},
				"down": {"uv": [0, 0, 4, 4], "texture": "#0"}
			}
		},
		{
			"name": "hexadecagon",
			"from": [7.4994, -4.97171, 12.43622],
			"to": [9.70545, 1.7528, 13.54528],
			"rotation": {"angle": -45, "axis": "y", "origin": [8.60242, 7.34074, 8]},
			"faces": {
				"north": {"uv": [0, 0, 4, 4], "texture": "#0"},
				"east": {"uv": [0, 0, 4, 4], "texture": "#0"},
				"south": {"uv": [0, 0, 4, 4], "texture": "#0"},
				"west": {"uv": [0, 0, 4, 4], "texture": "#0"},
				"up": {"uv": [0, 0, 4, 4], "texture": "#0"},
				"down": {"uv": [0, 0, 4, 4], "texture": "#0"}
			}
		},
		{
			"name": "hexadecagon",
			"from": [7.54182, -4.92906, 12.2656],
			"to": [9.66302, 1.71014, 13.332],
			"rotation": {"angle": -22.5, "axis": "y", "origin": [8.60242, 7.04214, 8]},
			"faces": {
				"north": {"uv": [0, 0, 4, 4], "texture": "#0"},
				"east": {"uv": [0, 0, 4, 4], "texture": "#0"},
				"south": {"uv": [0, 0, 4, 4], "texture": "#0"},
				"west": {"uv": [0, 0, 4, 4], "texture": "#0"},
				"up": {"uv": [0, 0, 4, 4], "texture": "#0"},
				"down": {"uv": [0, 0, 4, 4], "texture": "#0"}
			}
		},
		{
			"name": "hexadecagon",
			"from": [7.4994, -4.97171, 12.43622],
			"to": [9.70545, 1.7528, 13.54528],
			"rotation": {"angle": 0, "axis": "y", "origin": [8.60242, 7.34074, 8]},
			"faces": {
				"north": {"uv": [0, 0, 4, 4], "texture": "#0"},
				"east": {"uv": [0, 0, 4, 4], "texture": "#0"},
				"south": {"uv": [0, 0, 4, 4], "texture": "#0"},
				"west": {"uv": [0, 0, 4, 4], "texture": "#0"},
				"up": {"uv": [0, 0, 4, 4], "texture": "#0"},
				"down": {"uv": [0, 0, 4, 4], "texture": "#0"}
			}
		},
		{
			"name": "hexadecagon",
			"from": [7.54182, -4.92906, 12.2656],
			"to": [9.66302, 1.71014, 13.332],
			"rotation": {"angle": 22.5, "axis": "y", "origin": [8.60242, 7.04214, 8]},
			"faces": {
				"north": {"uv": [0, 0, 4, 4], "texture": "#0"},
				"east": {"uv": [0, 0, 4, 4], "texture": "#0"},
				"south": {"uv": [0, 0, 4, 4], "texture": "#0"},
				"west": {"uv": [0, 0, 4, 4], "texture": "#0"},
				"up": {"uv": [0, 0, 4, 4], "texture": "#0"},
				"down": {"uv": [0, 0, 4, 4], "texture": "#0"}
			}
		},
		{
			"name": "hexadecagon",
			"from": [7.4994, -4.97171, 12.43622],
			"to": [9.70545, 1.7528, 13.54528],
			"rotation": {"angle": 45, "axis": "y", "origin": [8.60242, 7.34074, 8]},
			"faces": {
				"north": {"uv": [0, 0, 4, 4], "texture": "#0"},
				"east": {"uv": [0, 0, 4, 4], "texture": "#0"},
				"south": {"uv": [0, 0, 4, 4], "texture": "#0"},
				"west": {"uv": [0, 0, 4, 4], "texture": "#0"},
				"up": {"uv": [0, 0, 4, 4], "texture": "#0"},
				"down": {"uv": [0, 0, 4, 4], "texture": "#0"}
			}
		},
		{
			"name": "hexadecagon",
			"from": [3.27042, -4.92906, 6.9394],
			"to": [4.33682, 1.71014, 9.0606],
			"rotation": {"angle": -22.5, "axis": "y", "origin": [8.60242, 7.04214, 8]},
			"faces": {
				"north": {"uv": [0, 0, 4, 4], "texture": "#0"},
				"east": {"uv": [0, 0, 4, 4], "texture": "#0"},
				"south": {"uv": [0, 0, 4, 4], "texture": "#0"},
				"west": {"uv": [0, 0, 4, 4], "texture": "#0"},
				"up": {"uv": [0, 0, 4, 4], "texture": "#0"},
				"down": {"uv": [0, 0, 4, 4], "texture": "#0"}
			}
		},
		{
			"name": "hexadecagon",
			"from": [3.05714, -4.97171, 6.89698],
			"to": [4.1662, 1.7528, 9.10302],
			"rotation": {"angle": 0, "axis": "y", "origin": [8.60242, 7.34074, 8]},
			"faces": {
				"north": {"uv": [0, 0, 4, 4], "texture": "#0"},
				"east": {"uv": [0, 0, 4, 4], "texture": "#0"},
				"south": {"uv": [0, 0, 4, 4], "texture": "#0"},
				"west": {"uv": [0, 0, 4, 4], "texture": "#0"},
				"up": {"uv": [0, 0, 4, 4], "texture": "#0"},
				"down": {"uv": [0, 0, 4, 4], "texture": "#0"}
			}
		},
		{
			"name": "hexadecagon",
			"from": [3.27042, -4.92906, 6.9394],
			"to": [4.33682, 1.71014, 9.0606],
			"rotation": {"angle": 22.5, "axis": "y", "origin": [8.60242, 7.04214, 8]},
			"faces": {
				"north": {"uv": [0, 0, 4, 4], "texture": "#0"},
				"east": {"uv": [0, 0, 4, 4], "texture": "#0"},
				"south": {"uv": [0, 0, 4, 4], "texture": "#0"},
				"west": {"uv": [0, 0, 4, 4], "texture": "#0"},
				"up": {"uv": [0, 0, 4, 4], "texture": "#0"},
				"down": {"uv": [0, 0, 4, 4], "texture": "#0"}
			}
		},
		{
			"name": "hexadecagon",
			"from": [12.86802, -4.92906, 6.9394],
			"to": [13.93442, 1.71014, 9.0606],
			"rotation": {"angle": -22.5, "axis": "y", "origin": [8.60242, 7.04214, 8]},
			"faces": {
				"north": {"uv": [0, 0, 4, 4], "texture": "#0"},
				"east": {"uv": [0, 0, 4, 4], "texture": "#0"},
				"south": {"uv": [0, 0, 4, 4], "texture": "#0"},
				"west": {"uv": [0, 0, 4, 4], "texture": "#0"},
				"up": {"uv": [0, 0, 4, 4], "texture": "#0"},
				"down": {"uv": [0, 0, 4, 4], "texture": "#0"}
			}
		},
		{
			"name": "hexadecagon",
			"from": [13.03865, -4.97171, 6.89698],
			"to": [14.1477, 1.7528, 9.10302],
			"rotation": {"angle": 0, "axis": "y", "origin": [8.60242, 7.34074, 8]},
			"faces": {
				"north": {"uv": [0, 0, 4, 4], "texture": "#0"},
				"east": {"uv": [0, 0, 4, 4], "texture": "#0"},
				"south": {"uv": [0, 0, 4, 4], "texture": "#0"},
				"west": {"uv": [0, 0, 4, 4], "texture": "#0"},
				"up": {"uv": [0, 0, 4, 4], "texture": "#0"},
				"down": {"uv": [0, 0, 4, 4], "texture": "#0"}
			}
		},
		{
			"name": "hexadecagon",
			"from": [13.1157, 1.56429, 7.54198],
			"to": [13.9757, 11.2128, 8.45802],
			"rotation": {"angle": 0, "axis": "y", "origin": [8.60242, 7.34074, 7.785]},
			"faces": {
				"north": {"uv": [0, 0, 2, 16], "texture": "#1"},
				"east": {"uv": [0, 0, 2, 16], "texture": "#1"},
				"south": {"uv": [0, 0, 2, 16], "texture": "#1"},
				"west": {"uv": [0, 0, 2, 16], "texture": "#1"},
				"up": {"uv": [0, 0, 2, 16], "texture": "#1"},
				"down": {"uv": [0, 0, 2, 16], "texture": "#1"}
			}
		},
		{
			"name": "hexadecagon",
			"from": [3.01242, 8.6328, 7.54198],
			"to": [14.19242, 9.4928, 8.45802],
			"rotation": {"angle": 0, "axis": "y", "origin": [8.81914, 7.34074, 7.785]},
			"faces": {
				"north": {"uv": [0, 0, 2, 16], "texture": "#1"},
				"east": {"uv": [0, 0, 2, 16], "texture": "#1"},
				"south": {"uv": [0, 0, 2, 16], "texture": "#1"},
				"west": {"uv": [0, 0, 2, 16], "texture": "#1"},
				"up": {"uv": [0, 0, 2, 16], "texture": "#1"},
				"down": {"uv": [0, 0, 2, 16], "texture": "#1"}
			}
		},
		{
			"name": "hexadecagon",
			"from": [2.84042, 11.5568, 7.54198],
			"to": [14.36442, 12.4168, 8.45802],
			"rotation": {"angle": 0, "axis": "y", "origin": [8.81914, 7.34074, 7.785]},
			"faces": {
				"north": {"uv": [0, 0, 16, 16], "texture": "#6"},
				"east": {"uv": [0, 0, 16, 16], "texture": "#6"},
				"south": {"uv": [0, 0, 16, 16], "texture": "#6"},
				"west": {"uv": [0, 0, 16, 16], "texture": "#6"},
				"up": {"uv": [0, 0, 16, 16], "texture": "#6"},
				"down": {"uv": [0, 0, 16, 16], "texture": "#6"}
			}
		},
		{
			"name": "hexadecagon",
			"from": [3.01242, 6.4828, 6.68198],
			"to": [14.19242, 11.6428, 7.59802],
			"rotation": {"angle": 45, "axis": "x", "origin": [8.60242, 10.7828, 8]},
			"faces": {
				"north": {"uv": [0, 0, 16, 16], "texture": "#4"},
				"east": {"uv": [0, 0, 16, 16], "texture": "#4"},
				"south": {"uv": [0, 0, 16, 16], "texture": "#4"},
				"west": {"uv": [0, 0, 16, 16], "texture": "#4"},
				"up": {"uv": [0, 0, 16, 16], "texture": "#4"},
				"down": {"uv": [0, 0, 16, 16], "texture": "#4"}
			}
		},
		{
			"name": "hexadecagon",
			"from": [3.01242, 6.4828, 8.40198],
			"to": [14.19242, 11.6428, 9.31802],
			"rotation": {"angle": -45, "axis": "x", "origin": [8.60242, 10.7828, 8]},
			"faces": {
				"north": {"uv": [0, 0, 16, 16], "texture": "#4"},
				"east": {"uv": [0, 0, 16, 16], "texture": "#4"},
				"south": {"uv": [0, 0, 16, 16], "texture": "#4"},
				"west": {"uv": [0, 0, 16, 16], "texture": "#4"},
				"up": {"uv": [0, 0, 16, 16], "texture": "#4"},
				"down": {"uv": [0, 0, 16, 16], "texture": "#4"}
			}
		},
		{
			"name": "hexadecagon",
			"from": [3.01242, -5.1272, 2.38198],
			"to": [14.19242, -5.1272, 13.61802],
			"rotation": {"angle": 0, "axis": "y", "origin": [8.81914, 7.34074, 7.785]},
			"faces": {
				"north": {"uv": [0, 0, 2, 16], "texture": "#3"},
				"east": {"uv": [0, 0, 2, 16], "texture": "#3"},
				"south": {"uv": [0, 0, 2, 16], "texture": "#3"},
				"west": {"uv": [0, 0, 2, 16], "texture": "#3"},
				"up": {"uv": [0, 0, 2, 16], "texture": "#3"},
				"down": {"uv": [0, 0, 2, 16], "texture": "#3"}
			}
		},
		{
			"name": "hexadecagon",
			"from": [0.43242, 6.4828, 7.75698],
			"to": [14.19242, 6.9128, 8.24302],
			"rotation": {"angle": 0, "axis": "y", "origin": [8.81914, 7.34074, 7.57]},
			"faces": {
				"north": {"uv": [0, 0, 2, 16], "texture": "#1"},
				"east": {"uv": [0, 0, 2, 16], "texture": "#1"},
				"south": {"uv": [0, 0, 2, 16], "texture": "#1"},
				"west": {"uv": [0, 0, 2, 16], "texture": "#1"},
				"up": {"uv": [0, 0, 2, 16], "texture": "#1"},
				"down": {"uv": [0, 0, 2, 16], "texture": "#1"}
			}
		},
		{
			"name": "hexadecagon",
			"from": [0.51842, 5.51734, 5.8508],
			"to": [0.94842, 5.94734, 8.05685],
			"rotation": {"angle": -45, "axis": "x", "origin": [0.21742, 6.24834, 6.95383]},
			"faces": {
				"north": {"uv": [0, 0, 2, 16], "texture": "#7"},
				"east": {"uv": [0, 0, 2, 16], "texture": "#7"},
				"south": {"uv": [0, 0, 2, 16], "texture": "#7"},
				"west": {"uv": [0, 0, 2, 16], "texture": "#7"},
				"up": {"uv": [0, 0, 2, 16], "texture": "#7"},
				"down": {"uv": [0, 0, 2, 16], "texture": "#7"}
			}
		},
		{
			"name": "hexadecagon",
			"from": [6.45242, 6.0528, 7.32698],
			"to": [10.75242, 7.3428, 8.67302],
			"rotation": {"angle": 0, "axis": "y", "origin": [12.25914, 7.34074, 7.57]},
			"faces": {
				"north": {"uv": [0, 0, 16, 16], "texture": "#2"},
				"east": {"uv": [0, 0, 16, 16], "texture": "#2"},
				"south": {"uv": [0, 0, 16, 16], "texture": "#2"},
				"west": {"uv": [0, 0, 16, 16], "texture": "#2"},
				"up": {"uv": [0, 0, 16, 16], "texture": "#2"},
				"down": {"uv": [0, 0, 16, 16], "texture": "#2"}
			}
		},
		{
			"name": "hexadecagon",
			"from": [8.51642, 0.2048, 7.75698],
			"to": [8.68842, 0.5488, 8.24302],
			"rotation": {"angle": 0, "axis": "y", "origin": [12.08714, 7.34074, 6.968]},
			"faces": {
				"north": {"uv": [0, 0, 16, 16], "texture": "#6"},
				"east": {"uv": [0, 0, 16, 16], "texture": "#6"},
				"south": {"uv": [0, 0, 16, 16], "texture": "#6"},
				"west": {"uv": [0, 0, 16, 16], "texture": "#6"},
				"up": {"uv": [0, 0, 16, 16], "texture": "#6"},
				"down": {"uv": [0, 0, 16, 16], "texture": "#6"}
			}
		},
		{
			"name": "hexadecagon",
			"from": [8.51642, -0.4832, 7.92898],
			"to": [8.68842, -0.1392, 8.24302],
			"rotation": {"angle": 0, "axis": "y", "origin": [12.08714, 7.34074, 6.968]},
			"faces": {
				"north": {"uv": [0, 0, 16, 16], "texture": "#6"},
				"east": {"uv": [0, 0, 16, 16], "texture": "#6"},
				"south": {"uv": [0, 0, 16, 16], "texture": "#6"},
				"west": {"uv": [0, 0, 16, 16], "texture": "#6"},
				"up": {"uv": [0, 0, 16, 16], "texture": "#6"},
				"down": {"uv": [0, 0, 16, 16], "texture": "#6"}
			}
		},
		{
			"name": "hexadecagon",
			"from": [8.51642, -0.1392, 8.10098],
			"to": [8.68842, 0.2048, 8.24302],
			"rotation": {"angle": 0, "axis": "y", "origin": [12.08714, 7.34074, 6.968]},
			"faces": {
				"north": {"uv": [0, 0, 16, 16], "texture": "#6"},
				"east": {"uv": [0, 0, 16, 16], "texture": "#6"},
				"south": {"uv": [0, 0, 16, 16], "texture": "#6"},
				"west": {"uv": [0, 0, 16, 16], "texture": "#6"},
				"up": {"uv": [0, 0, 16, 16], "texture": "#6"},
				"down": {"uv": [0, 0, 16, 16], "texture": "#6"}
			}
		},
		{
			"name": "hexadecagon",
			"from": [8.51642, 0.5488, 7.92898],
			"to": [8.68842, 6.0528, 8.07102],
			"rotation": {"angle": 0, "axis": "y", "origin": [12.08714, 7.34074, 6.968]},
			"faces": {
				"north": {"uv": [0, 0, 16, 16], "texture": "#5"},
				"east": {"uv": [0, 0, 16, 16], "texture": "#5"},
				"south": {"uv": [0, 0, 16, 16], "texture": "#5"},
				"west": {"uv": [0, 0, 16, 16], "texture": "#5"},
				"up": {"uv": [0, 0, 16, 16], "texture": "#5"},
				"down": {"uv": [0, 0, 16, 16], "texture": "#5"}
			}
		},
		{
			"name": "hexadecagon",
			"from": [3.22914, 1.56429, 7.54198],
			"to": [4.08914, 11.2128, 8.45802],
			"rotation": {"angle": 0, "axis": "y", "origin": [8.60242, 7.34074, 7.785]},
			"faces": {
				"north": {"uv": [2, 0, 0, 16], "texture": "#1"},
				"east": {"uv": [2, 0, 0, 16], "texture": "#1"},
				"south": {"uv": [2, 0, 0, 16], "texture": "#1"},
				"west": {"uv": [2, 0, 0, 16], "texture": "#1"},
				"up": {"uv": [2, 0, 0, 16], "texture": "#1"},
				"down": {"uv": [2, 0, 0, 16], "texture": "#1"}
			}
		},
		{
			"name": "hexadecagon",
			"from": [12.86802, -4.92906, 6.9394],
			"to": [13.93442, 1.71014, 9.0606],
			"rotation": {"angle": 22.5, "axis": "y", "origin": [8.60242, 7.04214, 8]},
			"faces": {
				"north": {"uv": [0, 0, 4, 4], "texture": "#0"},
				"east": {"uv": [0, 0, 4, 4], "texture": "#0"},
				"south": {"uv": [0, 0, 4, 4], "texture": "#0"},
				"west": {"uv": [0, 0, 4, 4], "texture": "#0"},
				"up": {"uv": [0, 0, 4, 4], "texture": "#0"},
				"down": {"uv": [0, 0, 4, 4], "texture": "#0"}
			}
		},
		{
			"name": "hexadecagon",
			"from": [5.97436, -1.6, -5.2],
			"to": [11.22564, -1.5, 2.72],
			"rotation": {"angle": -45, "axis": "y", "origin": [8.6, 19.52, 8]},
			"faces": {
				"north": {"uv": [0, 0, 16, 16], "texture": "#8"},
				"east": {"uv": [0, 0, 16, 16], "texture": "#8"},
				"south": {"uv": [0, 0, 16, 16], "texture": "#8"},
				"west": {"uv": [0, 0, 16, 16], "texture": "#8"},
				"up": {"uv": [0, 0, 16, 16], "texture": "#8"},
				"down": {"uv": [0, 0, 16, 16], "texture": "#8"}
			}
		},
		{
			"name": "hexadecagon",
			"from": [5.97436, -1.6, -5.2],
			"to": [11.22564, -1.6, 2.72],
			"rotation": {"angle": -22.5, "axis": "y", "origin": [8.6, 19.52, 8]},
			"faces": {
				"north": {"uv": [0, 0, 16, 16], "texture": "#8"},
				"east": {"uv": [0, 0, 16, 16], "texture": "#8"},
				"south": {"uv": [0, 0, 16, 16], "texture": "#8"},
				"west": {"uv": [0, 0, 16, 16], "texture": "#8"},
				"up": {"uv": [0, 0, 16, 16], "texture": "#8"},
				"down": {"uv": [0, 0, 16, 16], "texture": "#8"}
			}
		},
		{
			"name": "hexadecagon",
			"from": [5.97436, -1.6, -5.2],
			"to": [11.22564, -1.5, 2.72],
			"rotation": {"angle": 0, "axis": "y", "origin": [8.6, 19.52, 8]},
			"faces": {
				"north": {"uv": [0, 0, 16, 16], "texture": "#8"},
				"east": {"uv": [0, 0, 16, 16], "texture": "#8"},
				"south": {"uv": [0, 0, 16, 16], "texture": "#8"},
				"west": {"uv": [0, 0, 16, 16], "texture": "#8"},
				"up": {"uv": [0, 0, 16, 16], "texture": "#8"},
				"down": {"uv": [0, 0, 16, 16], "texture": "#8"}
			}
		},
		{
			"name": "hexadecagon",
			"from": [5.97436, -1.6, -5.2],
			"to": [11.22564, -1.6, 2.72],
			"rotation": {"angle": 22.5, "axis": "y", "origin": [8.6, 19.52, 8]},
			"faces": {
				"north": {"uv": [0, 0, 16, 16], "texture": "#8"},
				"east": {"uv": [0, 0, 16, 16], "texture": "#8"},
				"south": {"uv": [0, 0, 16, 16], "texture": "#8"},
				"west": {"uv": [0, 0, 16, 16], "texture": "#8"},
				"up": {"uv": [0, 0, 16, 16], "texture": "#8"},
				"down": {"uv": [0, 0, 16, 16], "texture": "#8"}
			}
		},
		{
			"name": "hexadecagon",
			"from": [5.97436, -1.6, -5.2],
			"to": [11.22564, -1.5, 2.72],
			"rotation": {"angle": 45, "axis": "y", "origin": [8.6, 19.52, 8]},
			"faces": {
				"north": {"uv": [0, 0, 16, 16], "texture": "#8"},
				"east": {"uv": [0, 0, 16, 16], "texture": "#8"},
				"south": {"uv": [0, 0, 16, 16], "texture": "#8"},
				"west": {"uv": [0, 0, 16, 16], "texture": "#8"},
				"up": {"uv": [0, 0, 16, 16], "texture": "#8"},
				"down": {"uv": [0, 0, 16, 16], "texture": "#8"}
			}
		},
		{
			"name": "hexadecagon",
			"from": [5.97436, -1.6, 13.28],
			"to": [11.22564, -1.5, 21.2],
			"rotation": {"angle": -45, "axis": "y", "origin": [8.6, 19.52, 8]},
			"faces": {
				"north": {"uv": [0, 0, 16, 16], "texture": "#8"},
				"east": {"uv": [0, 0, 16, 16], "texture": "#8"},
				"south": {"uv": [0, 0, 16, 16], "texture": "#8"},
				"west": {"uv": [0, 0, 16, 16], "texture": "#8"},
				"up": {"uv": [0, 0, 16, 16], "texture": "#8"},
				"down": {"uv": [0, 0, 16, 16], "texture": "#8"}
			}
		},
		{
			"name": "hexadecagon",
			"from": [5.97436, -1.6, 13.28],
			"to": [11.22564, -1.6, 21.2],
			"rotation": {"angle": -22.5, "axis": "y", "origin": [8.6, 19.52, 8]},
			"faces": {
				"north": {"uv": [0, 0, 16, 16], "texture": "#8"},
				"east": {"uv": [0, 0, 16, 16], "texture": "#8"},
				"south": {"uv": [0, 0, 16, 16], "texture": "#8"},
				"west": {"uv": [0, 0, 16, 16], "texture": "#8"},
				"up": {"uv": [0, 0, 16, 16], "texture": "#8"},
				"down": {"uv": [0, 0, 16, 16], "texture": "#8"}
			}
		},
		{
			"name": "hexadecagon",
			"from": [5.97436, -1.6, 13.28],
			"to": [11.22564, -1.5, 21.2],
			"rotation": {"angle": 0, "axis": "y", "origin": [8.6, 19.52, 8]},
			"faces": {
				"north": {"uv": [0, 0, 16, 16], "texture": "#8"},
				"east": {"uv": [0, 0, 16, 16], "texture": "#8"},
				"south": {"uv": [0, 0, 16, 16], "texture": "#8"},
				"west": {"uv": [0, 0, 16, 16], "texture": "#8"},
				"up": {"uv": [0, 0, 16, 16], "texture": "#8"},
				"down": {"uv": [0, 0, 16, 16], "texture": "#8"}
			}
		},
		{
			"name": "hexadecagon",
			"from": [5.97436, -1.6, 13.28],
			"to": [11.22564, -1.6, 21.2],
			"rotation": {"angle": 22.5, "axis": "y", "origin": [8.6, 19.52, 8]},
			"faces": {
				"north": {"uv": [0, 0, 16, 16], "texture": "#8"},
				"east": {"uv": [0, 0, 16, 16], "texture": "#8"},
				"south": {"uv": [0, 0, 16, 16], "texture": "#8"},
				"west": {"uv": [0, 0, 16, 16], "texture": "#8"},
				"up": {"uv": [0, 0, 16, 16], "texture": "#8"},
				"down": {"uv": [0, 0, 16, 16], "texture": "#8"}
			}
		},
		{
			"name": "hexadecagon",
			"from": [5.97436, -1.6, 13.28],
			"to": [11.22564, -1.5, 21.2],
			"rotation": {"angle": 45, "axis": "y", "origin": [8.6, 19.52, 8]},
			"faces": {
				"north": {"uv": [0, 0, 16, 16], "texture": "#8"},
				"east": {"uv": [0, 0, 16, 16], "texture": "#8"},
				"south": {"uv": [0, 0, 16, 16], "texture": "#8"},
				"west": {"uv": [0, 0, 16, 16], "texture": "#8"},
				"up": {"uv": [0, 0, 16, 16], "texture": "#8"},
				"down": {"uv": [0, 0, 16, 16], "texture": "#8"}
			}
		},
		{
			"name": "hexadecagon",
			"from": [-4.6, -1.6, 5.37436],
			"to": [3.32, -1.6, 10.62564],
			"rotation": {"angle": -22.5, "axis": "y", "origin": [8.6, 19.52, 8]},
			"faces": {
				"north": {"uv": [0, 0, 16, 16], "texture": "#8"},
				"east": {"uv": [0, 0, 16, 16], "texture": "#8"},
				"south": {"uv": [0, 0, 16, 16], "texture": "#8"},
				"west": {"uv": [0, 0, 16, 16], "texture": "#8"},
				"up": {"uv": [0, 0, 16, 16], "texture": "#8"},
				"down": {"uv": [0, 0, 16, 16], "texture": "#8"}
			}
		},
		{
			"name": "hexadecagon",
			"from": [-4.6, -1.6, 5.37436],
			"to": [3.32, -1.5, 10.62564],
			"rotation": {"angle": 0, "axis": "y", "origin": [8.6, 19.52, 8]},
			"faces": {
				"north": {"uv": [0, 0, 16, 16], "texture": "#8"},
				"east": {"uv": [0, 0, 16, 16], "texture": "#8"},
				"south": {"uv": [0, 0, 16, 16], "texture": "#8"},
				"west": {"uv": [0, 0, 16, 16], "texture": "#8"},
				"up": {"uv": [0, 0, 16, 16], "texture": "#8"},
				"down": {"uv": [0, 0, 16, 16], "texture": "#8"}
			}
		},
		{
			"name": "hexadecagon",
			"from": [-4.6, -1.6, 5.37436],
			"to": [3.32, -1.6, 10.62564],
			"rotation": {"angle": 22.5, "axis": "y", "origin": [8.6, 19.52, 8]},
			"faces": {
				"north": {"uv": [0, 0, 16, 16], "texture": "#8"},
				"east": {"uv": [0, 0, 16, 16], "texture": "#8"},
				"south": {"uv": [0, 0, 16, 16], "texture": "#8"},
				"west": {"uv": [0, 0, 16, 16], "texture": "#8"},
				"up": {"uv": [0, 0, 16, 16], "texture": "#8"},
				"down": {"uv": [0, 0, 16, 16], "texture": "#8"}
			}
		},
		{
			"name": "hexadecagon",
			"from": [13.88, -1.6, 5.37436],
			"to": [21.8, -1.6, 10.62564],
			"rotation": {"angle": -22.5, "axis": "y", "origin": [8.6, 19.52, 8]},
			"faces": {
				"north": {"uv": [0, 0, 16, 16], "texture": "#8"},
				"east": {"uv": [0, 0, 16, 16], "texture": "#8"},
				"south": {"uv": [0, 0, 16, 16], "texture": "#8"},
				"west": {"uv": [0, 0, 16, 16], "texture": "#8"},
				"up": {"uv": [0, 0, 16, 16], "texture": "#8"},
				"down": {"uv": [0, 0, 16, 16], "texture": "#8"}
			}
		},
		{
			"name": "hexadecagon",
			"from": [13.88, -1.6, 5.37436],
			"to": [21.8, -1.5, 10.62564],
			"rotation": {"angle": 0, "axis": "y", "origin": [8.6, 19.52, 8]},
			"faces": {
				"north": {"uv": [0, 0, 16, 16], "texture": "#8"},
				"east": {"uv": [0, 0, 16, 16], "texture": "#8"},
				"south": {"uv": [0, 0, 16, 16], "texture": "#8"},
				"west": {"uv": [0, 0, 16, 16], "texture": "#8"},
				"up": {"uv": [0, 0, 16, 16], "texture": "#8"},
				"down": {"uv": [0, 0, 16, 16], "texture": "#8"}
			}
		},
		{
			"name": "hexadecagon",
			"from": [13.88, -1.6, 5.37436],
			"to": [21.8, -1.6, 10.62564],
			"rotation": {"angle": 22.5, "axis": "y", "origin": [8.6, 19.52, 8]},
			"faces": {
				"north": {"uv": [0, 0, 16, 16], "texture": "#8"},
				"east": {"uv": [0, 0, 16, 16], "texture": "#8"},
				"south": {"uv": [0, 0, 16, 16], "texture": "#8"},
				"west": {"uv": [0, 0, 16, 16], "texture": "#8"},
				"up": {"uv": [0, 0, 16, 16], "texture": "#8"},
				"down": {"uv": [0, 0, 16, 16], "texture": "#8"}
			}
		}
	],
	"display": {
		"head": {
			"scale": [4, 4, 4]
		}
	},
	"groups": [
		{
			"name": "hexadecagon",
			"origin": [8, 8, 8],
			"color": 0,
			"children": [0, 1, 2, 3, 4, 5, 6, 7, 8, 9, 10, 11, 12, 13, 14, 15, 16, 17, 18, 19, 20, 21, 22, 23, 24, 25, 26, 27, 28, 29]
		},
		{
			"name": "hexadecagon",
			"origin": [8, 8, 8],
			"color": 0,
			"children": [30, 31, 32, 33, 34, 35, 36, 37, 38, 39, 40, 41, 42, 43, 44, 45]
		}
	]
}