{
	"credit": "Made with Blockbench",
	"textures": {
		"0": "block/lime_terracotta",
		"1": "block/acacia_log",
		"2": "block/yellow_terracotta",
		"3": "block/red_terracotta",
		"4": "block/brown_concrete",
		"particle": "block/lime_terracotta"
	},
	"elements": [
		{
			"from": [0, 0.94532, 0],
			"to": [16, 2.94532, 2],
			"rotation": {"angle": 0, "axis": "y", "origin": [0, 0.94532, 0]},
			"faces": {
				"north": {"uv": [0, 0, 16, 2], "texture": "#0"},
				"east": {"uv": [0, 0, 16, 2], "texture": "#0"},
				"south": {"uv": [0, 0, 16, 2], "texture": "#0"},
				"west": {"uv": [0, 0, 16, 2], "texture": "#0"},
				"up": {"uv": [0, 0, 16, 2], "texture": "#0"},
				"down": {"uv": [0, 0, 16, 2], "texture": "#0"}
			}
		},
		{
			"from": [0, 9, 0],
			"to": [5, 11, 2],
			"faces": {
				"north": {"uv": [0, 0, 5, 2], "texture": "#0"},
				"east": {"uv": [0, 0, 5, 2], "texture": "#0"},
				"south": {"uv": [0, 0, 5, 2], "texture": "#0"},
				"west": {"uv": [0, 0, 5, 2], "texture": "#0"},
				"up": {"uv": [0, 0, 5, 2], "texture": "#0"},
				"down": {"uv": [0, 0, 5, 2], "texture": "#0"}
			}
		},
		{
			"from": [11, 9, 0],
			"to": [16, 11, 2],
			"rotation": {"angle": 0, "axis": "y", "origin": [16, 0, 0]},
			"faces": {
				"north": {"uv": [5, 0, 0, 2], "texture": "#0"},
				"east": {"uv": [5, 0, 0, 2], "texture": "#0"},
				"south": {"uv": [5, 0, 0, 2], "texture": "#0"},
				"west": {"uv": [5, 0, 0, 2], "texture": "#0"},
				"up": {"uv": [5, 0, 0, 2], "texture": "#0"},
				"down": {"uv": [5, 0, 0, 2], "texture": "#0"}
			}
		},
		{
			"from": [5.85, 9.93992, 0],
			"to": [10.15, 11.93992, 2],
			"rotation": {"angle": 0, "axis": "y", "origin": [19.15, -1.06008, 0]},
			"faces": {
				"north": {"uv": [5, 0, 9.3, 2], "texture": "#0"},
				"east": {"uv": [5, 0, 9.3, 2], "texture": "#0"},
				"south": {"uv": [5, 0, 9.3, 2], "texture": "#0"},
				"west": {"uv": [5, 0, 9.3, 2], "texture": "#0"},
				"up": {"uv": [5, 0, 9.3, 2], "texture": "#0"},
				"down": {"uv": [5, 0, 9.3, 2], "texture": "#0"}
			}
		},
		{
			"from": [7.35, 3.93992, 0],
			"to": [8.65, 7.93992, 1.7],
			"rotation": {"angle": 0, "axis": "y", "origin": [19.15, -1.06008, 0]},
			"faces": {
				"north": {"uv": [5, 0, 9.3, 2], "texture": "#2"},
				"east": {"uv": [5, 0, 9.3, 2], "texture": "#2"},
				"south": {"uv": [5, 0, 9.3, 2], "texture": "#2"},
				"west": {"uv": [5, 0, 9.3, 2], "texture": "#2"},
				"up": {"uv": [5, 0, 9.3, 2], "texture": "#2"},
				"down": {"uv": [5, 0, 9.3, 2], "texture": "#2"}
			}
		},
		{
			"from": [8.35, -0.86008, -0.1],
			"to": [9.65, 2.93992, 0],
			"rotation": {"angle": -22.5, "axis": "z", "origin": [9, 1.93992, -0.05]},
			"faces": {
				"north": {"uv": [5, 0, 9.3, 2], "texture": "#3"},
				"east": {"uv": [5, 0, 9.3, 2], "texture": "#3"},
				"south": {"uv": [5, 0, 9.3, 2], "texture": "#3"},
				"west": {"uv": [5, 0, 9.3, 2], "texture": "#3"},
				"up": {"uv": [5, 0, 9.3, 2], "texture": "#3"},
				"down": {"uv": [5, 0, 9.3, 2], "texture": "#3"}
			}
		},
		{
			"from": [6.35, -0.86008, -0.1],
			"to": [7.65, 2.93992, 0],
			"rotation": {"angle": 22.5, "axis": "z", "origin": [7, 1.93992, -0.05]},
			"faces": {
				"north": {"uv": [9.3, 0, 5, 2], "texture": "#3"},
				"east": {"uv": [9.3, 0, 5, 2], "texture": "#3"},
				"south": {"uv": [9.3, 0, 5, 2], "texture": "#3"},
				"west": {"uv": [9.3, 0, 5, 2], "texture": "#3"},
				"up": {"uv": [9.3, 0, 5, 2], "texture": "#3"},
				"down": {"uv": [9.3, 0, 5, 2], "texture": "#3"}
			}
		},
		{
			"from": [7.35, 8.43992, 0],
			"to": [8.65, 8.93992, 1.7],
			"rotation": {"angle": 0, "axis": "y", "origin": [19.15, -1.06008, 0]},
			"faces": {
				"north": {"uv": [5, 0, 9.3, 2], "texture": "#2"},
				"east": {"uv": [5, 0, 9.3, 2], "texture": "#2"},
				"south": {"uv": [5, 0, 9.3, 2], "texture": "#2"},
				"west": {"uv": [5, 0, 9.3, 2], "texture": "#2"},
				"up": {"uv": [5, 0, 9.3, 2], "texture": "#2"},
				"down": {"uv": [5, 0, 9.3, 2], "texture": "#2"}
			}
		},
		{
			"from": [1.35, 3.93992, 0],
			"to": [2.65, 7.93992, 1.7],
			"rotation": {"angle": 0, "axis": "y", "origin": [19.15, -1.06008, 0]},
			"faces": {
				"north": {"uv": [5, 0, 9.3, 2], "texture": "#2"},
				"east": {"uv": [5, 0, 9.3, 2], "texture": "#2"},
				"south": {"uv": [5, 0, 9.3, 2], "texture": "#2"},
				"west": {"uv": [5, 0, 9.3, 2], "texture": "#2"},
				"up": {"uv": [5, 0, 9.3, 2], "texture": "#2"},
				"down": {"uv": [5, 0, 9.3, 2], "texture": "#2"}
			}
		},
		{
			"from": [0.35, 6.93992, 0],
			"to": [1.35, 7.93992, 1.7],
			"rotation": {"angle": 0, "axis": "y", "origin": [19.15, -1.06008, 0]},
			"faces": {
				"north": {"uv": [5, 0, 9.3, 2], "texture": "#2"},
				"east": {"uv": [5, 0, 9.3, 2], "texture": "#2"},
				"south": {"uv": [5, 0, 9.3, 2], "texture": "#2"},
				"west": {"uv": [5, 0, 9.3, 2], "texture": "#2"},
				"up": {"uv": [5, 0, 9.3, 2], "texture": "#2"},
				"down": {"uv": [5, 0, 9.3, 2], "texture": "#2"}
			}
		},
		{
			"from": [0.35, 4.93992, 0],
			"to": [1.35, 5.93992, 1.7],
			"rotation": {"angle": 0, "axis": "y", "origin": [19.15, -1.06008, 0]},
			"faces": {
				"north": {"uv": [5, 0, 9.3, 2], "texture": "#2"},
				"east": {"uv": [5, 0, 9.3, 2], "texture": "#2"},
				"south": {"uv": [5, 0, 9.3, 2], "texture": "#2"},
				"west": {"uv": [5, 0, 9.3, 2], "texture": "#2"},
				"up": {"uv": [5, 0, 9.3, 2], "texture": "#2"},
				"down": {"uv": [5, 0, 9.3, 2], "texture": "#2"}
			}
		},
		{
			"from": [-0.65, 5.93992, 0],
			"to": [0.35, 6.93992, 1.7],
			"rotation": {"angle": 0, "axis": "y", "origin": [19.15, -1.06008, 0]},
			"faces": {
				"north": {"uv": [5, 0, 9.3, 2], "texture": "#2"},
				"east": {"uv": [5, 0, 9.3, 2], "texture": "#2"},
				"south": {"uv": [5, 0, 9.3, 2], "texture": "#2"},
				"west": {"uv": [5, 0, 9.3, 2], "texture": "#2"},
				"up": {"uv": [5, 0, 9.3, 2], "texture": "#2"},
				"down": {"uv": [5, 0, 9.3, 2], "texture": "#2"}
			}
		},
		{
			"from": [15.35, 4.93992, 0],
			"to": [16.65, 7.93992, 1.7],
			"rotation": {"angle": 0, "axis": "y", "origin": [19.15, -1.06008, 0]},
			"faces": {
				"north": {"uv": [5, 0, 9.3, 2], "texture": "#2"},
				"east": {"uv": [5, 0, 9.3, 2], "texture": "#2"},
				"south": {"uv": [5, 0, 9.3, 2], "texture": "#2"},
				"west": {"uv": [5, 0, 9.3, 2], "texture": "#2"},
				"up": {"uv": [5, 0, 9.3, 2], "texture": "#2"},
				"down": {"uv": [5, 0, 9.3, 2], "texture": "#2"}
			}
		},
		{
			"from": [13.6, 3.93992, 0],
			"to": [15.35, 4.93992, 1.7],
			"rotation": {"angle": 0, "axis": "y", "origin": [19.15, -1.06008, 0]},
			"faces": {
				"north": {"uv": [5, 0, 9.3, 2], "texture": "#2"},
				"east": {"uv": [5, 0, 9.3, 2], "texture": "#2"},
				"south": {"uv": [5, 0, 9.3, 2], "texture": "#2"},
				"west": {"uv": [5, 0, 9.3, 2], "texture": "#2"},
				"up": {"uv": [5, 0, 9.3, 2], "texture": "#2"},
				"down": {"uv": [5, 0, 9.3, 2], "texture": "#2"}
			}
		},
		{
			"from": [12.35, 4.93992, 0],
			"to": [13.65, 7.93992, 1.7],
			"rotation": {"angle": 0, "axis": "y", "origin": [19.15, -1.06008, 0]},
			"faces": {
				"north": {"uv": [5, 0, 9.3, 2], "texture": "#2"},
				"east": {"uv": [5, 0, 9.3, 2], "texture": "#2"},
				"south": {"uv": [5, 0, 9.3, 2], "texture": "#2"},
				"west": {"uv": [5, 0, 9.3, 2], "texture": "#2"},
				"up": {"uv": [5, 0, 9.3, 2], "texture": "#2"},
				"down": {"uv": [5, 0, 9.3, 2], "texture": "#2"}
			}
		},
		{
			"from": [-2.05, 2.93992, 1.5],
			"to": [18.05, 9.93992, 1.75],
			"rotation": {"angle": 0, "axis": "y", "origin": [19.15, -1.06008, 0]},
			"faces": {
				"north": {"uv": [0, 0, 16, 16], "texture": "#1"},
				"east": {"uv": [0, 0, 16, 16], "texture": "#1"},
				"south": {"uv": [0, 0, 16, 16], "texture": "#1"},
				"west": {"uv": [0, 0, 16, 16], "texture": "#1"},
				"up": {"uv": [0, 0, 16, 16], "texture": "#1"},
				"down": {"uv": [0, 0, 16, 16], "texture": "#1"}
			}
		},
		{
			"from": [15.5412, 8.69344, 0],
			"to": [17.5412, 10.69344, 2],
			"rotation": {"angle": -22.5, "axis": "z", "origin": [16.5412, 9.69344, 1]},
			"faces": {
				"north": {"uv": [0, 0, 2, 2], "texture": "#0"},
				"east": {"uv": [0, 0, 2, 2], "texture": "#0"},
				"south": {"uv": [0, 0, 2, 2], "texture": "#0"},
				"west": {"uv": [0, 0, 2, 2], "texture": "#0"},
				"up": {"uv": [0, 0, 2, 2], "texture": "#0"},
				"down": {"uv": [0, 0, 2, 2], "texture": "#0"}
			}
		},
		{
			"from": [10.0588, 9.30656, 0],
			"to": [11.4588, 11.30656, 2],
			"rotation": {"angle": -22.5, "axis": "z", "origin": [10.4588, 10.30656, 1]},
			"faces": {
				"north": {"uv": [0, 0, 1.4, 2], "texture": "#0"},
				"east": {"uv": [0, 0, 1.4, 2], "texture": "#0"},
				"south": {"uv": [0, 0, 1.4, 2], "texture": "#0"},
				"west": {"uv": [0, 0, 1.4, 2], "texture": "#0"},
				"up": {"uv": [0, 0, 1.4, 2], "texture": "#0"},
				"down": {"uv": [0, 0, 1.4, 2], "texture": "#0"}
			}
		},
		{
			"from": [8.60362, 8.25291, 0],
			"to": [10.00362, 10.25291, 2],
			"rotation": {"angle": -45, "axis": "z", "origin": [11.40362, 9.25291, 1]},
			"faces": {
				"north": {"uv": [0, 0, 1.4, 2], "texture": "#0"},
				"east": {"uv": [0, 0, 1.4, 2], "texture": "#0"},
				"south": {"uv": [0, 0, 1.4, 2], "texture": "#0"},
				"west": {"uv": [0, 0, 1.4, 2], "texture": "#0"},
				"up": {"uv": [0, 0, 1.4, 2], "texture": "#0"},
				"down": {"uv": [0, 0, 1.4, 2], "texture": "#0"}
			}
		},
		{
			"from": [4.5412, 9.30656, 0],
			"to": [5.9412, 11.30656, 2],
			"rotation": {"angle": 22.5, "axis": "z", "origin": [5.5412, 10.30656, 1]},
			"faces": {
				"north": {"uv": [1.4, 0, 0, 2], "texture": "#0"},
				"east": {"uv": [1.4, 0, 0, 2], "texture": "#0"},
				"south": {"uv": [1.4, 0, 0, 2], "texture": "#0"},
				"west": {"uv": [1.4, 0, 0, 2], "texture": "#0"},
				"up": {"uv": [1.4, 0, 0, 2], "texture": "#0"},
				"down": {"uv": [1.4, 0, 0, 2], "texture": "#0"}
			}
		},
		{
			"from": [5.99638, 8.25291, 0],
			"to": [7.39638, 10.25291, 2],
			"rotation": {"angle": 45, "axis": "z", "origin": [4.59638, 9.25291, 1]},
			"faces": {
				"north": {"uv": [1.4, 0, 0, 2], "texture": "#0"},
				"east": {"uv": [1.4, 0, 0, 2], "texture": "#0"},
				"south": {"uv": [1.4, 0, 0, 2], "texture": "#0"},
				"west": {"uv": [1.4, 0, 0, 2], "texture": "#0"},
				"up": {"uv": [1.4, 0, 0, 2], "texture": "#0"},
				"down": {"uv": [1.4, 0, 0, 2], "texture": "#0"}
			}
		},
		{
			"from": [17.31639, 8.95179, 0],
			"to": [19.31639, 10.95179, 2],
			"rotation": {"angle": -45, "axis": "z", "origin": [16.71639, 9.95179, 1]},
			"faces": {
				"north": {"uv": [0, 0, 2, 2], "texture": "#0"},
				"east": {"uv": [0, 0, 2, 2], "texture": "#0"},
				"south": {"uv": [0, 0, 2, 2], "texture": "#0"},
				"west": {"uv": [0, 0, 2, 2], "texture": "#0"},
				"up": {"uv": [0, 0, 2, 2], "texture": "#0"},
				"down": {"uv": [0, 0, 2, 2], "texture": "#0"}
			}
		},
		{
			"from": [16.7258, 6.31594, 0],
			"to": [18.7258, 8.31594, 2],
			"rotation": {"angle": 22.5, "axis": "z", "origin": [17.7258, 9.91594, 1]},
			"faces": {
				"north": {"uv": [0, 0, 2, 2], "rotation": 270, "texture": "#0"},
				"east": {"uv": [0, 0, 2, 2], "rotation": 270, "texture": "#0"},
				"south": {"uv": [0, 0, 2, 2], "rotation": 270, "texture": "#0"},
				"west": {"uv": [0, 0, 2, 2], "rotation": 270, "texture": "#0"},
				"up": {"uv": [0, 0, 2, 2], "rotation": 270, "texture": "#0"},
				"down": {"uv": [0, 0, 2, 2], "rotation": 270, "texture": "#0"}
			}
		},
		{
			"from": [16.7258, 3.62938, 0],
			"to": [18.7258, 5.62938, 2],
			"rotation": {"angle": -22.5, "axis": "z", "origin": [17.7258, 2.02938, 1]},
			"faces": {
				"north": {"uv": [2, 0, 4, 2], "rotation": 270, "texture": "#0"},
				"east": {"uv": [2, 0, 4, 2], "rotation": 270, "texture": "#0"},
				"south": {"uv": [2, 0, 4, 2], "rotation": 270, "texture": "#0"},
				"west": {"uv": [2, 0, 4, 2], "rotation": 270, "texture": "#0"},
				"up": {"uv": [2, 0, 4, 2], "rotation": 270, "texture": "#0"},
				"down": {"uv": [2, 0, 4, 2], "rotation": 270, "texture": "#0"}
			}
		},
		{
			"from": [17.31639, 0.99353, 0],
			"to": [19.31639, 2.99353, 2],
			"rotation": {"angle": 45, "axis": "z", "origin": [16.71639, 1.99353, 1]},
			"faces": {
				"north": {"uv": [0, 2, 2, 4], "texture": "#0"},
				"east": {"uv": [0, 2, 2, 4], "texture": "#0"},
				"south": {"uv": [0, 2, 2, 4], "texture": "#0"},
				"west": {"uv": [0, 2, 2, 4], "texture": "#0"},
				"up": {"uv": [0, 2, 2, 4], "texture": "#0"},
				"down": {"uv": [0, 2, 2, 4], "texture": "#0"}
			}
		},
		{
			"from": [15.5412, 1.25188, 0],
			"to": [17.5412, 3.25188, 2],
			"rotation": {"angle": 22.5, "axis": "z", "origin": [16.5412, 2.25188, 1]},
			"faces": {
				"north": {"uv": [0, 2, 2, 4], "texture": "#0"},
				"east": {"uv": [0, 2, 2, 4], "texture": "#0"},
				"south": {"uv": [0, 2, 2, 4], "texture": "#0"},
				"west": {"uv": [0, 2, 2, 4], "texture": "#0"},
				"up": {"uv": [0, 2, 2, 4], "texture": "#0"},
				"down": {"uv": [0, 2, 2, 4], "texture": "#0"}
			}
		},
		{
			"from": [18.02734, 4.97266, 0],
			"to": [20.02734, 6.97266, 2],
			"rotation": {"angle": 0, "axis": "z", "origin": [19.02734, 9.27266, 1]},
			"faces": {
				"north": {"uv": [0, 0, 2, 2], "rotation": 270, "texture": "#0"},
				"east": {"uv": [0, 0, 2, 2], "rotation": 270, "texture": "#0"},
				"south": {"uv": [0, 0, 2, 2], "rotation": 270, "texture": "#0"},
				"west": {"uv": [0, 0, 2, 2], "rotation": 270, "texture": "#0"},
				"up": {"uv": [0, 0, 2, 2], "rotation": 270, "texture": "#0"},
				"down": {"uv": [0, 0, 2, 2], "rotation": 270, "texture": "#0"}
			}
		},
		{
			"from": [18.82734, 5.97266, -0.1],
			"to": [19.12734, 6.27266, 0.1],
			"rotation": {"angle": 0, "axis": "z", "origin": [19.02734, 9.27266, 1]},
			"faces": {
				"north": {"uv": [0, 0, 2, 2], "rotation": 270, "texture": "#4"},
				"east": {"uv": [0, 0, 2, 2], "rotation": 270, "texture": "#4"},
				"south": {"uv": [0, 0, 2, 2], "rotation": 270, "texture": "#4"},
				"west": {"uv": [0, 0, 2, 2], "rotation": 270, "texture": "#4"},
				"up": {"uv": [0, 0, 2, 2], "rotation": 270, "texture": "#4"},
				"down": {"uv": [0, 0, 2, 2], "rotation": 270, "texture": "#4"}
			}
		},
		{
			"from": [16.82734, 8.97266, -0.1],
			"to": [17.12734, 9.27266, 0.1],
			"rotation": {"angle": 0, "axis": "z", "origin": [19.02734, 9.27266, 1]},
			"faces": {
				"north": {"uv": [0, 0, 2, 2], "rotation": 270, "texture": "#4"},
				"east": {"uv": [0, 0, 2, 2], "rotation": 270, "texture": "#4"},
				"south": {"uv": [0, 0, 2, 2], "rotation": 270, "texture": "#4"},
				"west": {"uv": [0, 0, 2, 2], "rotation": 270, "texture": "#4"},
				"up": {"uv": [0, 0, 2, 2], "rotation": 270, "texture": "#4"},
				"down": {"uv": [0, 0, 2, 2], "rotation": 270, "texture": "#4"}
			}
		},
		{
			"from": [-1.12734, 8.97266, -0.1],
			"to": [-0.82734, 9.27266, 0.1],
			"rotation": {"angle": 0, "axis": "z", "origin": [-3.02734, 9.27266, 1]},
			"faces": {
				"north": {"uv": [0, 2, 2, 0], "rotation": 270, "texture": "#4"},
				"east": {"uv": [0, 2, 2, 0], "rotation": 270, "texture": "#4"},
				"south": {"uv": [0, 2, 2, 0], "rotation": 270, "texture": "#4"},
				"west": {"uv": [0, 2, 2, 0], "rotation": 270, "texture": "#4"},
				"up": {"uv": [0, 2, 2, 0], "rotation": 270, "texture": "#4"},
				"down": {"uv": [0, 2, 2, 0], "rotation": 270, "texture": "#4"}
			}
		},
		{
			"from": [-1.12734, 1.97266, -0.1],
			"to": [-0.82734, 2.27266, 0.1],
			"rotation": {"angle": 0, "axis": "z", "origin": [-3.02734, 9.27266, 1]},
			"faces": {
				"north": {"uv": [0, 2, 2, 0], "rotation": 270, "texture": "#4"},
				"east": {"uv": [0, 2, 2, 0], "rotation": 270, "texture": "#4"},
				"south": {"uv": [0, 2, 2, 0], "rotation": 270, "texture": "#4"},
				"west": {"uv": [0, 2, 2, 0], "rotation": 270, "texture": "#4"},
				"up": {"uv": [0, 2, 2, 0], "rotation": 270, "texture": "#4"},
				"down": {"uv": [0, 2, 2, 0], "rotation": 270, "texture": "#4"}
			}
		},
		{
			"from": [16.82734, 1.97266, -0.1],
			"to": [17.12734, 2.27266, 0.1],
			"rotation": {"angle": 0, "axis": "z", "origin": [19.02734, 9.27266, 1]},
			"faces": {
				"north": {"uv": [0, 0, 2, 2], "rotation": 270, "texture": "#4"},
				"east": {"uv": [0, 0, 2, 2], "rotation": 270, "texture": "#4"},
				"south": {"uv": [0, 0, 2, 2], "rotation": 270, "texture": "#4"},
				"west": {"uv": [0, 0, 2, 2], "rotation": 270, "texture": "#4"},
				"up": {"uv": [0, 0, 2, 2], "rotation": 270, "texture": "#4"},
				"down": {"uv": [0, 0, 2, 2], "rotation": 270, "texture": "#4"}
			}
		},
		{
			"from": [-3.12734, 5.97266, -0.1],
			"to": [-2.82734, 6.27266, 0.1],
			"rotation": {"angle": 0, "axis": "z", "origin": [-3.02734, 9.27266, 1]},
			"faces": {
				"north": {"uv": [0, 2, 2, 0], "rotation": 270, "texture": "#4"},
				"east": {"uv": [0, 2, 2, 0], "rotation": 270, "texture": "#4"},
				"south": {"uv": [0, 2, 2, 0], "rotation": 270, "texture": "#4"},
				"west": {"uv": [0, 2, 2, 0], "rotation": 270, "texture": "#4"},
				"up": {"uv": [0, 2, 2, 0], "rotation": 270, "texture": "#4"},
				"down": {"uv": [0, 2, 2, 0], "rotation": 270, "texture": "#4"}
			}
		},
		{
			"from": [-1.5412, 8.69344, 0],
			"to": [0.4588, 10.69344, 2],
			"rotation": {"angle": 22.5, "axis": "z", "origin": [-0.5412, 9.69344, 1]},
			"faces": {
				"north": {"uv": [2, 0, 0, 2], "texture": "#0"},
				"east": {"uv": [2, 0, 0, 2], "texture": "#0"},
				"south": {"uv": [2, 0, 0, 2], "texture": "#0"},
				"west": {"uv": [2, 0, 0, 2], "texture": "#0"},
				"up": {"uv": [2, 0, 0, 2], "texture": "#0"},
				"down": {"uv": [2, 0, 0, 2], "texture": "#0"}
			}
		},
		{
			"from": [-3.31639, 8.95179, 0],
			"to": [-1.31639, 10.95179, 2],
			"rotation": {"angle": 45, "axis": "z", "origin": [-0.71639, 9.95179, 1]},
			"faces": {
				"north": {"uv": [2, 0, 0, 2], "texture": "#0"},
				"east": {"uv": [2, 0, 0, 2], "texture": "#0"},
				"south": {"uv": [2, 0, 0, 2], "texture": "#0"},
				"west": {"uv": [2, 0, 0, 2], "texture": "#0"},
				"up": {"uv": [2, 0, 0, 2], "texture": "#0"},
				"down": {"uv": [2, 0, 0, 2], "texture": "#0"}
			}
		},
		{
			"from": [-2.7258, 6.31594, 0],
			"to": [-0.7258, 8.31594, 2],
			"rotation": {"angle": -22.5, "axis": "z", "origin": [-1.7258, 9.91594, 1]},
			"faces": {
				"north": {"uv": [0, 2, 2, 0], "rotation": 270, "texture": "#0"},
				"east": {"uv": [0, 2, 2, 0], "rotation": 270, "texture": "#0"},
				"south": {"uv": [0, 2, 2, 0], "rotation": 270, "texture": "#0"},
				"west": {"uv": [0, 2, 2, 0], "rotation": 270, "texture": "#0"},
				"up": {"uv": [0, 2, 2, 0], "rotation": 270, "texture": "#0"},
				"down": {"uv": [0, 2, 2, 0], "rotation": 270, "texture": "#0"}
			}
		},
		{
			"from": [-4.02734, 4.97266, 0],
			"to": [-2.02734, 6.97266, 2],
			"rotation": {"angle": 0, "axis": "z", "origin": [-3.02734, 9.27266, 1]},
			"faces": {
				"north": {"uv": [0, 2, 2, 0], "rotation": 270, "texture": "#0"},
				"east": {"uv": [0, 2, 2, 0], "rotation": 270, "texture": "#0"},
				"south": {"uv": [0, 2, 2, 0], "rotation": 270, "texture": "#0"},
				"west": {"uv": [0, 2, 2, 0], "rotation": 270, "texture": "#0"},
				"up": {"uv": [0, 2, 2, 0], "rotation": 270, "texture": "#0"},
				"down": {"uv": [0, 2, 2, 0], "rotation": 270, "texture": "#0"}
			}
		},
		{
			"from": [-2.7258, 3.62938, 0],
			"to": [-0.7258, 5.62938, 2],
			"rotation": {"angle": 22.5, "axis": "z", "origin": [-1.7258, 2.02938, 1]},
			"faces": {
				"north": {"uv": [2, 2, 4, 0], "rotation": 270, "texture": "#0"},
				"east": {"uv": [2, 2, 4, 0], "rotation": 270, "texture": "#0"},
				"south": {"uv": [2, 2, 4, 0], "rotation": 270, "texture": "#0"},
				"west": {"uv": [2, 2, 4, 0], "rotation": 270, "texture": "#0"},
				"up": {"uv": [2, 2, 4, 0], "rotation": 270, "texture": "#0"},
				"down": {"uv": [2, 2, 4, 0], "rotation": 270, "texture": "#0"}
			}
		},
		{
			"from": [-3.31639, 0.99353, 0],
			"to": [-1.31639, 2.99353, 2],
			"rotation": {"angle": -45, "axis": "z", "origin": [-0.71639, 1.99353, 1]},
			"faces": {
				"north": {"uv": [2, 2, 0, 4], "texture": "#0"},
				"east": {"uv": [2, 2, 0, 4], "texture": "#0"},
				"south": {"uv": [2, 2, 0, 4], "texture": "#0"},
				"west": {"uv": [2, 2, 0, 4], "texture": "#0"},
				"up": {"uv": [2, 2, 0, 4], "texture": "#0"},
				"down": {"uv": [2, 2, 0, 4], "texture": "#0"}
			}
		},
		{
			"from": [-1.5412, 1.25188, 0],
			"to": [0.4588, 3.25188, 2],
			"rotation": {"angle": -22.5, "axis": "z", "origin": [-0.5412, 2.25188, 1]},
			"faces": {
				"north": {"uv": [2, 2, 0, 4], "texture": "#0"},
				"east": {"uv": [2, 2, 0, 4], "texture": "#0"},
				"south": {"uv": [2, 2, 0, 4], "texture": "#0"},
				"west": {"uv": [2, 2, 0, 4], "texture": "#0"},
				"up": {"uv": [2, 2, 0, 4], "texture": "#0"},
				"down": {"uv": [2, 2, 0, 4], "texture": "#0"}
			}
		}
	],
	"display": {
		"head": {
			"translation": [0, 0, 14.5],
			"scale": [2, 2, 2]
		}
	}
}