{
	"credit": "Made by remi",
	"textures": {
		"0": "block/rules2",
		"1": "block/brown_mushroom_block",
		"particle": "block/rules"
	},
	"elements": [
		{
			"from": [-15, 0, 2],
			"to": [31, 24, 2],
			"faces": {
				"north": {"uv": [0, 0, 16, 16], "texture": "#0"},
				"east": {"uv": [0, 0, 0, 16], "texture": "#missing"},
				"south": {"uv": [0, 0, 16, 16], "texture": "#missing"},
				"west": {"uv": [0, 0, 0, 16], "texture": "#missing"},
				"down": {"uv": [0, 0, 16, 0], "texture": "#missing"}
			}
		},
		{
			"from": [-16, -1, 0.8],
			"to": [32, 1, 2.8],
			"faces": {
				"north": {"uv": [0, 0, 2, 2], "texture": "#1"},
				"east": {"uv": [0, 0, 2, 2], "texture": "#1"},
				"south": {"uv": [0, 0, 2, 2], "texture": "#1"},
				"west": {"uv": [0, 0, 2, 2], "texture": "#1"},
				"up": {"uv": [0, 0, 2, 2], "texture": "#1"},
				"down": {"uv": [0, 0, 2, 2], "texture": "#1"}
			}
		},
		{
			"from": [31, 1, 0.8],
			"to": [32, 24, 2.8],
			"faces": {
				"north": {"uv": [0, 0, 2, 2], "texture": "#1"},
				"east": {"uv": [0, 0, 2, 2], "texture": "#1"},
				"south": {"uv": [0, 0, 2, 2], "texture": "#1"},
				"west": {"uv": [0, 0, 2, 2], "texture": "#1"},
				"up": {"uv": [0, 0, 2, 2], "texture": "#1"},
				"down": {"uv": [0, 0, 2, 2], "texture": "#1"}
			}
		},
		{
			"from": [-16, 1, 0.8],
			"to": [-15, 24, 2.8],
			"rotation": {"angle": 0, "axis": "y", "origin": [16, 0, 0]},
			"faces": {
				"north": {"uv": [2, 0, 0, 2], "texture": "#1"},
				"east": {"uv": [2, 0, 0, 2], "texture": "#1"},
				"south": {"uv": [2, 0, 0, 2], "texture": "#1"},
				"west": {"uv": [2, 0, 0, 2], "texture": "#1"},
				"up": {"uv": [2, 0, 0, 2], "texture": "#1"},
				"down": {"uv": [2, 0, 0, 2], "texture": "#1"}
			}
		},
		{
			"from": [-16, 24, 0.8],
			"to": [32, 26, 2.8],
			"faces": {
				"north": {"uv": [0, 0, 2, 2], "texture": "#1"},
				"east": {"uv": [0, 0, 2, 2], "texture": "#1"},
				"south": {"uv": [0, 0, 2, 2], "texture": "#1"},
				"west": {"uv": [0, 0, 2, 2], "texture": "#1"},
				"up": {"uv": [0, 0, 2, 2], "texture": "#1"},
				"down": {"uv": [0, 0, 2, 2], "texture": "#1"}
			}
		}
	],
	"display": {
		"gui": {
			"rotation": [27, 157, 0],
			"translation": [1.25, -0.75, 0],
			"scale": [0.5, 0.5, 0.5]
		},
		"head": {
			"translation": [0, -15.25, 16],
			"scale": [2.1, 2.1, 2.1]
		},
		"fixed": {
			"translation": [0, -4.75, 25],
			"scale": [4, 4, 4]
		}
	},
	"groups": [
		{
			"name": "hexadecagon",
			"origin": [16.2, 8, 11.28],
			"color": 0,
			"nbt": "{}",
			"children": []
		},
		{
			"name": "hexadecagon",
			"origin": [16.2, 8, -2.72],
			"color": 0,
			"nbt": "{}",
			"children": []
		},
		0,
		1,
		2,
		3,
		4
	]
}