{
	"credit": "Made with Blockbench",
	"textures": {
		"0": "block/barrel_bottom",
		"1": "block/acacia_log",
		"2": "block/barrel_side",
		"3": "block/black_terracotta",
		"4": "block/soul_lantern",
		"particle": "block/barrel_bottom"
	},
	"elements": [
		{
			"from": [0, -1, 0],
			"to": [16, 2, 16],
			"faces": {
				"north": {"uv": [0, 0, 16, 16], "texture": "#1"},
				"east": {"uv": [0, 0, 16, 16], "texture": "#1"},
				"south": {"uv": [0, 0, 16, 16], "texture": "#1"},
				"west": {"uv": [0, 0, 16, 16], "texture": "#1"},
				"up": {"uv": [0, 0, 16, 16], "texture": "#1"},
				"down": {"uv": [0, 0, 16, 16], "texture": "#1"}
			}
		},
		{
			"from": [1, -1, 1.6],
			"to": [15, 5, 15.6],
			"rotation": {"angle": -22.5, "axis": "x", "origin": [8, 1, 8]},
			"faces": {
				"north": {"uv": [0, 0, 16, 16], "texture": "#0"},
				"east": {"uv": [0, 0, 16, 16], "texture": "#0"},
				"south": {"uv": [0, 0, 16, 16], "texture": "#0"},
				"west": {"uv": [0, 0, 16, 16], "texture": "#0"},
				"up": {"uv": [0, 0, 16, 16], "texture": "#3"},
				"down": {"uv": [0, 0, 16, 16], "texture": "#0"}
			}
		},
		{
			"from": [0.975, 5, 1.6],
			"to": [7.975, 5.1, 15.6],
			"rotation": {"angle": -22.5, "axis": "x", "origin": [7.975, 1, 8]},
			"faces": {
				"north": {"uv": [0, 0, 16, 16], "texture": "#2"},
				"east": {"uv": [0, 0, 16, 16], "texture": "#2"},
				"south": {"uv": [0, 0, 16, 16], "texture": "#2"},
				"west": {"uv": [0, 0, 16, 16], "texture": "#2"},
				"up": {"uv": [0, 0, 16, 16], "texture": "#2"},
				"down": {"uv": [0, 0, 16, 16], "texture": "#2"}
			}
		},
		{
			"from": [0.775, 4.8, 11.2],
			"to": [1.175, 5.3, 13],
			"rotation": {"angle": -22.5, "axis": "x", "origin": [7.975, 1, 8]},
			"faces": {
				"north": {"uv": [13, 3, 16, 5], "texture": "#2"},
				"east": {"uv": [13, 3, 16, 5], "texture": "#2"},
				"south": {"uv": [13, 3, 16, 5], "texture": "#2"},
				"west": {"uv": [13, 3, 16, 5], "texture": "#2"},
				"up": {"uv": [13, 3, 16, 5], "texture": "#2"},
				"down": {"uv": [13, 3, 16, 5], "texture": "#2"}
			}
		},
		{
			"from": [0.775, 4.8, 4.2],
			"to": [1.175, 5.3, 6],
			"rotation": {"angle": -22.5, "axis": "x", "origin": [7.975, 1, 8]},
			"faces": {
				"north": {"uv": [13, 3, 16, 5], "texture": "#2"},
				"east": {"uv": [13, 3, 16, 5], "texture": "#2"},
				"south": {"uv": [13, 3, 16, 5], "texture": "#2"},
				"west": {"uv": [13, 3, 16, 5], "texture": "#2"},
				"up": {"uv": [13, 3, 16, 5], "texture": "#2"},
				"down": {"uv": [13, 3, 16, 5], "texture": "#2"}
			}
		},
		{
			"from": [14.825, 4.8, 4.2],
			"to": [15.225, 5.3, 6],
			"rotation": {"angle": -22.5, "axis": "x", "origin": [8.025, 1, 8]},
			"faces": {
				"north": {"uv": [16, 3, 13, 5], "texture": "#2"},
				"east": {"uv": [16, 3, 13, 5], "texture": "#2"},
				"south": {"uv": [16, 3, 13, 5], "texture": "#2"},
				"west": {"uv": [16, 3, 13, 5], "texture": "#2"},
				"up": {"uv": [16, 3, 13, 5], "texture": "#2"},
				"down": {"uv": [16, 3, 13, 5], "texture": "#2"}
			}
		},
		{
			"from": [14.825, 4.8, 11.2],
			"to": [15.225, 5.3, 13],
			"rotation": {"angle": -22.5, "axis": "x", "origin": [8.025, 1, 8]},
			"faces": {
				"north": {"uv": [16, 3, 13, 5], "texture": "#2"},
				"east": {"uv": [16, 3, 13, 5], "texture": "#2"},
				"south": {"uv": [16, 3, 13, 5], "texture": "#2"},
				"west": {"uv": [16, 3, 13, 5], "texture": "#2"},
				"up": {"uv": [16, 3, 13, 5], "texture": "#2"},
				"down": {"uv": [16, 3, 13, 5], "texture": "#2"}
			}
		},
		{
			"from": [8.075, 5, 1.6],
			"to": [14.975, 5.1, 15.6],
			"rotation": {"angle": -22.5, "axis": "x", "origin": [7.975, 1, 8]},
			"faces": {
				"north": {"uv": [16, 0, 0, 16], "texture": "#2"},
				"east": {"uv": [16, 0, 0, 16], "texture": "#2"},
				"south": {"uv": [16, 0, 0, 16], "texture": "#2"},
				"west": {"uv": [16, 0, 0, 16], "texture": "#2"},
				"up": {"uv": [16, 0, 0, 16], "texture": "#2"},
				"down": {"uv": [16, 0, 0, 16], "texture": "#2"}
			}
		},
		{
			"from": [8.275, 5.1, 6.6],
			"to": [8.975, 5.3, 7.6],
			"rotation": {"angle": -22.5, "axis": "x", "origin": [7.975, 1, 8]},
			"faces": {
				"north": {"uv": [16, 0, 0, 16], "texture": "#1"},
				"east": {"uv": [16, 0, 0, 16], "texture": "#1"},
				"south": {"uv": [16, 0, 0, 16], "texture": "#1"},
				"west": {"uv": [16, 0, 0, 16], "texture": "#1"},
				"up": {"uv": [16, 0, 0, 16], "texture": "#1"},
				"down": {"uv": [16, 0, 0, 16], "texture": "#1"}
			}
		},
		{
			"from": [7.675, 5.1, 6.9],
			"to": [8.275, 5.2, 7.2],
			"rotation": {"angle": -22.5, "axis": "x", "origin": [7.975, 1, 8]},
			"faces": {
				"north": {"uv": [14, 1, 11, 5], "texture": "#4"},
				"east": {"uv": [14, 1, 11, 5], "texture": "#4"},
				"south": {"uv": [14, 1, 11, 5], "texture": "#4"},
				"west": {"uv": [14, 1, 11, 5], "texture": "#4"},
				"up": {"uv": [14, 1, 11, 5], "texture": "#4"},
				"down": {"uv": [14, 1, 11, 5], "texture": "#4"}
			}
		},
		{
			"from": [7.025, 5.1, 6.6],
			"to": [7.725, 5.3, 7.6],
			"rotation": {"angle": -22.5, "axis": "x", "origin": [8.025, 1, 8]},
			"faces": {
				"north": {"uv": [0, 0, 16, 16], "texture": "#1"},
				"east": {"uv": [0, 0, 16, 16], "texture": "#1"},
				"south": {"uv": [0, 0, 16, 16], "texture": "#1"},
				"west": {"uv": [0, 0, 16, 16], "texture": "#1"},
				"up": {"uv": [0, 0, 16, 16], "texture": "#1"},
				"down": {"uv": [0, 0, 16, 16], "texture": "#1"}
			}
		}
	],
	"display": {
		"head": {
			"translation": [0, -16, 0],
			"scale": [3, 3, 3]
		}
	}
}