{
	"credit": "Made with Blockbench",
	"textures": {
		"0": "block/asterix",
		"1": "item/iron_sword",
		"particle": "block/asterix"
	},
	"elements": [
		{
			"name": "head",
			"from": [4, 8.5, 4],
			"to": [12, 16.5, 12],
			"rotation": {"angle": 22.5, "axis": "y", "origin": [8, 12.5, 8]},
			"faces": {
				"north": {"uv": [2, 2, 4, 4], "texture": "#0"},
				"east": {"uv": [0, 2, 2, 4], "texture": "#0"},
				"south": {"uv": [6, 2, 8, 4], "texture": "#0"},
				"west": {"uv": [4, 2, 6, 4], "texture": "#0"},
				"up": {"uv": [4, 2, 2, 0], "texture": "#0"},
				"down": {"uv": [6, 0, 4, 2], "texture": "#0"}
			}
		},
		{
			"name": "body",
			"from": [4, -3.5, 6],
			"to": [12, 8.5, 10],
			"rotation": {"angle": 0, "axis": "y", "origin": [0, -15, 0]},
			"faces": {
				"north": {"uv": [5, 5, 7, 7.98], "texture": "#0"},
				"east": {"uv": [7, 5, 8, 7.75], "texture": "#0"},
				"south": {"uv": [8, 5, 10, 8], "texture": "#0"},
				"west": {"uv": [7, 5, 8, 7.75], "texture": "#0"},
				"up": {"uv": [5, 4.25, 7, 5], "texture": "#0"},
				"down": {"uv": [8, 5, 10, 6.5], "texture": "#0"}
			}
		},
		{
			"name": "right_arm",
			"from": [12, 3.5, 6],
			"to": [16, 8.5, 10],
			"rotation": {"angle": 0, "axis": "z", "origin": [14, 6, 8]},
			"faces": {
				"north": {"uv": [11, 5, 12, 6.5], "texture": "#0"},
				"east": {"uv": [11, 5, 12, 6.5], "texture": "#0"},
				"south": {"uv": [11, 5, 12, 6.5], "texture": "#0"},
				"west": {"uv": [11, 5, 12, 6.5], "texture": "#0"},
				"up": {"uv": [11, 5, 12, 6.5], "texture": "#0"},
				"down": {"uv": [11, 5, 12, 6.5], "texture": "#0"}
			}
		},
		{
			"name": "right_arm",
			"from": [12, -0.54433, 5.19553],
			"to": [16, 4.45567, 9.19553],
			"rotation": {"angle": 22.5, "axis": "x", "origin": [14, 1.95567, 7.19553]},
			"faces": {
				"north": {"uv": [11, 5, 12, 6.5], "texture": "#0"},
				"east": {"uv": [11, 5, 12, 6.5], "texture": "#0"},
				"south": {"uv": [11, 5, 12, 6.5], "texture": "#0"},
				"west": {"uv": [11, 5, 12, 6.5], "texture": "#0"},
				"up": {"uv": [11, 5, 12, 6.5], "texture": "#0"},
				"down": {"uv": [11, 5, 12, 6.5], "texture": "#0"}
			}
		},
		{
			"name": "right_arm",
			"from": [12, -1.41229, 3.96526],
			"to": [16, 0.58771, 7.96526],
			"rotation": {"angle": 45, "axis": "x", "origin": [14, -0.41229, 5.96526]},
			"faces": {
				"north": {"uv": [11, 5, 12, 6.5], "texture": "#0"},
				"east": {"uv": [11, 5, 12, 6.5], "texture": "#0"},
				"south": {"uv": [11, 5, 12, 6.5], "texture": "#0"},
				"west": {"uv": [11, 5, 12, 6.5], "texture": "#0"},
				"up": {"uv": [11, 5, 12, 6.5], "texture": "#0"},
				"down": {"uv": [11, 5, 12, 6.5], "texture": "#0"}
			}
		},
		{
			"name": "right_arm",
			"from": [17.1, -2.91229, -5.02245],
			"to": [17.1, 9.08771, 6.56526],
			"rotation": {"angle": -22.5, "axis": "y", "origin": [15.1, 2.78771, 0.37141]},
			"faces": {
				"north": {"uv": [0, 0, 16, 16], "rotation": 180, "texture": "#1"},
				"east": {"uv": [0, 16, 16, 0], "rotation": 270, "texture": "#1"},
				"south": {"uv": [0, 0, 16, 16], "texture": "#1"},
				"west": {"uv": [16, 16, 0, 0], "rotation": 90, "texture": "#1"},
				"up": {"uv": [0, 0, 16, 16], "rotation": 180, "texture": "#1"},
				"down": {"uv": [0, 0, 16, 16], "texture": "#1"}
			}
		},
		{
			"name": "left_arm",
			"from": [-10, 3.5, 5.5],
			"to": [0, 7.5, 9.5],
			"rotation": {"angle": -45, "axis": "z", "origin": [2, 2.5, 8]},
			"faces": {
				"north": {"uv": [11, 5, 12, 6.5], "texture": "#0"},
				"east": {"uv": [11, 5, 12, 6.5], "texture": "#0"},
				"south": {"uv": [11, 5, 12, 6.5], "texture": "#0"},
				"west": {"uv": [11, 5, 12, 6.5], "texture": "#0"},
				"up": {"uv": [11, 5, 12, 6.5], "texture": "#0"},
				"down": {"uv": [11, 5, 12, 6.5], "texture": "#0"}
			}
		},
		{
			"name": "left_arm",
			"from": [5.80689, 5.31473, 5.5],
			"to": [7.80689, 9.31473, 9.5],
			"rotation": {"angle": -22.5, "axis": "z", "origin": [1.80689, 16.31473, 7.5]},
			"faces": {
				"north": {"uv": [9, 13, 10, 14], "rotation": 270, "texture": "#0"},
				"east": {"uv": [10, 13, 9, 12], "rotation": 90, "texture": "#0"},
				"south": {"uv": [11, 13, 12, 16], "rotation": 90, "texture": "#0"},
				"west": {"uv": [11, 12, 10, 13], "rotation": 90, "texture": "#0"},
				"up": {"uv": [10, 13, 11, 16], "rotation": 90, "texture": "#0"},
				"down": {"uv": [8, 13, 9, 16], "rotation": 90, "texture": "#0"}
			}
		},
		{
			"name": "right_leg",
			"from": [8, -15.5, 6],
			"to": [12, -3.5, 10],
			"rotation": {"angle": -22.5, "axis": "y", "origin": [10, -9.5, 8]},
			"faces": {
				"north": {"uv": [1, 5, 2, 8], "texture": "#0"},
				"east": {"uv": [0, 5, 1, 8], "texture": "#0"},
				"south": {"uv": [3, 5, 4, 8], "texture": "#0"},
				"west": {"uv": [2, 5, 3, 8], "texture": "#0"},
				"up": {"uv": [2, 5, 1, 4], "texture": "#0"},
				"down": {"uv": [3, 4, 2, 5], "texture": "#0"}
			}
		},
		{
			"name": "left_leg",
			"from": [0.9, -15.5, 5.8],
			"to": [4.9, -3.5, 9.8],
			"rotation": {"angle": -22.5, "axis": "z", "origin": [6, -9.5, 8]},
			"faces": {
				"north": {"uv": [5, 13, 6, 16], "texture": "#0"},
				"east": {"uv": [4, 13, 5, 16], "texture": "#0"},
				"south": {"uv": [7, 13, 8, 16], "texture": "#0"},
				"west": {"uv": [6, 13, 7, 16], "texture": "#0"},
				"up": {"uv": [6, 13, 5, 12], "texture": "#0"},
				"down": {"uv": [7, 12, 6, 13], "texture": "#0"}
			}
		},
		{
			"name": "head_2nd_layer",
			"from": [3.5, 8, 3.5],
			"to": [12.5, 17, 12.5],
			"rotation": {"angle": 22.5, "axis": "y", "origin": [8, 12.5, 8]},
			"faces": {
				"north": {"uv": [10, 2, 12, 4], "texture": "#0"},
				"east": {"uv": [8, 2, 10, 4], "texture": "#0"},
				"south": {"uv": [14, 2, 16, 4], "texture": "#0"},
				"west": {"uv": [12, 2, 14, 4], "texture": "#0"},
				"up": {"uv": [12, 2, 10, 0], "texture": "#0"},
				"down": {"uv": [14, 0, 12, 2], "texture": "#0"}
			}
		},
		{
			"from": [6.8, 16, 7.3],
			"to": [9.1, 17.1, 9.7],
			"rotation": {"angle": 22.5, "axis": "y", "origin": [7, 17, 8]},
			"faces": {
				"north": {"uv": [2, 0, 2.55, 0.65], "texture": "#0"},
				"east": {"uv": [2, 0, 2.55, 0.65], "texture": "#0"},
				"south": {"uv": [2, 0, 2.55, 0.65], "texture": "#0"},
				"west": {"uv": [2, 0, 2.55, 0.65], "texture": "#0"},
				"up": {"uv": [2, 0, 2.55, 0.65], "texture": "#0"},
				"down": {"uv": [2, 0, 2.55, 0.65], "texture": "#0"}
			}
		}
	],
	"display": {
		"head": {
			"translation": [0, -7.5, -0.25],
			"scale": [1.61, 1.61, 1.61]
		}
	},
	"groups": [
		{
			"name": "steve",
			"origin": [8, 8, 8],
			"color": 0,
			"children": [0, 1, 2, 3, 4, 5, 6, 7, 8, 9, 10, 11]
		}
	]
}