{
	"credit": "Made with Blockbench",
	"textures": {
		"1": "block/yellow_terracotta",
		"2": "block/blue_terracotta",
		"3": "block/orange_terracotta",
		"7": "block/blue_concrete",
		"particle": "block/yellow_terracotta"
	},
	"elements": [
		{
			"from": [-0.44, 0.44243, 0.96],
			"to": [0.44, 3.96243, 2.72],
			"rotation": {"angle": 0, "axis": "y", "origin": [1.08, 0.44243, 0.96]},
			"faces": {
				"north": {"uv": [0, 0, 16, 16], "texture": "#7"},
				"east": {"uv": [0, 0, 16, 16], "texture": "#7"},
				"south": {"uv": [0, 0, 16, 16], "texture": "#7"},
				"west": {"uv": [0, 0, 16, 16], "texture": "#7"},
				"up": {"uv": [0, 0, 16, 16], "texture": "#7"},
				"down": {"uv": [0, 0, 16, 16], "texture": "#7"}
			}
		},
		{
			"from": [-1.32, 3.96243, 0.96],
			"to": [1.32, 4.84243, 2.72],
			"rotation": {"angle": 0, "axis": "y", "origin": [1.08, 0.44243, 0.96]},
			"faces": {
				"north": {"uv": [0, 0, 16, 16], "texture": "#7"},
				"east": {"uv": [0, 0, 16, 16], "texture": "#7"},
				"south": {"uv": [0, 0, 16, 16], "texture": "#7"},
				"west": {"uv": [0, 0, 16, 16], "texture": "#7"},
				"up": {"uv": [0, 0, 16, 16], "texture": "#7"},
				"down": {"uv": [0, 0, 16, 16], "texture": "#7"}
			}
		},
		{
			"from": [4.84, 0.44243, 0.96],
			"to": [5.72, 4.84243, 2.72],
			"rotation": {"angle": 0, "axis": "y", "origin": [1.08, 0.44243, 0.96]},
			"faces": {
				"north": {"uv": [0, 0, 16, 16], "texture": "#7"},
				"east": {"uv": [0, 0, 16, 16], "texture": "#7"},
				"south": {"uv": [0, 0, 16, 16], "texture": "#7"},
				"west": {"uv": [0, 0, 16, 16], "texture": "#7"},
				"up": {"uv": [0, 0, 16, 16], "texture": "#7"},
				"down": {"uv": [0, 0, 16, 16], "texture": "#7"}
			}
		},
		{
			"from": [2.2, 0.44243, 0.96],
			"to": [3.08, 4.84243, 2.72],
			"rotation": {"angle": 0, "axis": "y", "origin": [1.08, 0.44243, 0.96]},
			"faces": {
				"north": {"uv": [0, 0, 16, 16], "texture": "#7"},
				"east": {"uv": [0, 0, 16, 16], "texture": "#7"},
				"south": {"uv": [0, 0, 16, 16], "texture": "#7"},
				"west": {"uv": [0, 0, 16, 16], "texture": "#7"},
				"up": {"uv": [0, 0, 16, 16], "texture": "#7"},
				"down": {"uv": [0, 0, 16, 16], "texture": "#7"}
			}
		},
		{
			"from": [3.96, 2.20243, 0.96],
			"to": [4.84, 3.96243, 2.72],
			"rotation": {"angle": 0, "axis": "y", "origin": [1.08, 0.44243, 0.96]},
			"faces": {
				"north": {"uv": [0, 0, 16, 16], "texture": "#7"},
				"east": {"uv": [0, 0, 16, 16], "texture": "#7"},
				"south": {"uv": [0, 0, 16, 16], "texture": "#7"},
				"west": {"uv": [0, 0, 16, 16], "texture": "#7"},
				"up": {"uv": [0, 0, 16, 16], "texture": "#7"},
				"down": {"uv": [0, 0, 16, 16], "texture": "#7"}
			}
		},
		{
			"from": [3.08, 1.32243, 0.96],
			"to": [3.96, 2.20243, 2.72],
			"rotation": {"angle": 0, "axis": "y", "origin": [1.08, 0.44243, 0.96]},
			"faces": {
				"north": {"uv": [0, 0, 16, 16], "texture": "#7"},
				"east": {"uv": [0, 0, 16, 16], "texture": "#7"},
				"south": {"uv": [0, 0, 16, 16], "texture": "#7"},
				"west": {"uv": [0, 0, 16, 16], "texture": "#7"},
				"up": {"uv": [0, 0, 16, 16], "texture": "#7"},
				"down": {"uv": [0, 0, 16, 16], "texture": "#7"}
			}
		},
		{
			"from": [18.92, 0.44243, 0.96],
			"to": [19.8, 3.96243, 2.72],
			"rotation": {"angle": 0, "axis": "y", "origin": [1.08, 0.44243, 0.96]},
			"faces": {
				"north": {"uv": [0, 0, 16, 16], "texture": "#7"},
				"east": {"uv": [0, 0, 16, 16], "texture": "#7"},
				"south": {"uv": [0, 0, 16, 16], "texture": "#7"},
				"west": {"uv": [0, 0, 16, 16], "texture": "#7"},
				"up": {"uv": [0, 0, 16, 16], "texture": "#7"},
				"down": {"uv": [0, 0, 16, 16], "texture": "#7"}
			}
		},
		{
			"from": [18.04, 3.96243, 0.96],
			"to": [20.68, 4.84243, 2.72],
			"rotation": {"angle": 0, "axis": "y", "origin": [1.08, 0.44243, 0.96]},
			"faces": {
				"north": {"uv": [0, 0, 16, 16], "texture": "#7"},
				"east": {"uv": [0, 0, 16, 16], "texture": "#7"},
				"south": {"uv": [0, 0, 16, 16], "texture": "#7"},
				"west": {"uv": [0, 0, 16, 16], "texture": "#7"},
				"up": {"uv": [0, 0, 16, 16], "texture": "#7"},
				"down": {"uv": [0, 0, 16, 16], "texture": "#7"}
			}
		},
		{
			"from": [16.28, 0.44243, 0.96],
			"to": [17.16, 3.96243, 2.72],
			"rotation": {"angle": 0, "axis": "y", "origin": [1.08, 0.44243, 0.96]},
			"faces": {
				"north": {"uv": [0, 0, 16, 16], "texture": "#7"},
				"east": {"uv": [0, 0, 16, 16], "texture": "#7"},
				"south": {"uv": [0, 0, 16, 16], "texture": "#7"},
				"west": {"uv": [0, 0, 16, 16], "texture": "#7"},
				"up": {"uv": [0, 0, 16, 16], "texture": "#7"},
				"down": {"uv": [0, 0, 16, 16], "texture": "#7"}
			}
		},
		{
			"from": [14.52, 3.96243, 0.96],
			"to": [16.28, 4.84243, 2.72],
			"rotation": {"angle": 0, "axis": "y", "origin": [1.08, 0.44243, 0.96]},
			"faces": {
				"north": {"uv": [0, 0, 16, 16], "texture": "#7"},
				"east": {"uv": [0, 0, 16, 16], "texture": "#7"},
				"south": {"uv": [0, 0, 16, 16], "texture": "#7"},
				"west": {"uv": [0, 0, 16, 16], "texture": "#7"},
				"up": {"uv": [0, 0, 16, 16], "texture": "#7"},
				"down": {"uv": [0, 0, 16, 16], "texture": "#7"}
			}
		},
		{
			"from": [13.64, 0.44243, 0.96],
			"to": [14.52, 3.96243, 2.72],
			"rotation": {"angle": 0, "axis": "y", "origin": [1.08, 0.44243, 0.96]},
			"faces": {
				"north": {"uv": [0, 0, 16, 16], "texture": "#7"},
				"east": {"uv": [0, 0, 16, 16], "texture": "#7"},
				"south": {"uv": [0, 0, 16, 16], "texture": "#7"},
				"west": {"uv": [0, 0, 16, 16], "texture": "#7"},
				"up": {"uv": [0, 0, 16, 16], "texture": "#7"},
				"down": {"uv": [0, 0, 16, 16], "texture": "#7"}
			}
		},
		{
			"from": [14.52, 1.32243, 0.96],
			"to": [16.28, 2.20243, 2.72],
			"rotation": {"angle": 0, "axis": "y", "origin": [1.08, 0.44243, 0.96]},
			"faces": {
				"north": {"uv": [0, 0, 16, 16], "texture": "#7"},
				"east": {"uv": [0, 0, 16, 16], "texture": "#7"},
				"south": {"uv": [0, 0, 16, 16], "texture": "#7"},
				"west": {"uv": [0, 0, 16, 16], "texture": "#7"},
				"up": {"uv": [0, 0, 16, 16], "texture": "#7"},
				"down": {"uv": [0, 0, 16, 16], "texture": "#7"}
			}
		},
		{
			"from": [-12.68, 3.96243, 0.96],
			"to": [-10.92, 4.84243, 2.72],
			"rotation": {"angle": 0, "axis": "y", "origin": [1.08, 0.44243, 0.96]},
			"faces": {
				"north": {"uv": [0, 0, 16, 16], "texture": "#7"},
				"east": {"uv": [0, 0, 16, 16], "texture": "#7"},
				"south": {"uv": [0, 0, 16, 16], "texture": "#7"},
				"west": {"uv": [0, 0, 16, 16], "texture": "#7"},
				"up": {"uv": [0, 0, 16, 16], "texture": "#7"},
				"down": {"uv": [0, 0, 16, 16], "texture": "#7"}
			}
		},
		{
			"from": [-10.92, 0.44243, 0.96],
			"to": [-10.04, 3.96243, 2.72],
			"rotation": {"angle": 0, "axis": "y", "origin": [1.08, 0.44243, 0.96]},
			"faces": {
				"north": {"uv": [0, 0, 16, 16], "texture": "#7"},
				"east": {"uv": [0, 0, 16, 16], "texture": "#7"},
				"south": {"uv": [0, 0, 16, 16], "texture": "#7"},
				"west": {"uv": [0, 0, 16, 16], "texture": "#7"},
				"up": {"uv": [0, 0, 16, 16], "texture": "#7"},
				"down": {"uv": [0, 0, 16, 16], "texture": "#7"}
			}
		},
		{
			"from": [-12.68, 1.32243, 0.96],
			"to": [-10.92, 2.20243, 2.72],
			"rotation": {"angle": 0, "axis": "y", "origin": [1.08, 0.44243, 0.96]},
			"faces": {
				"north": {"uv": [0, 0, 16, 16], "texture": "#7"},
				"east": {"uv": [0, 0, 16, 16], "texture": "#7"},
				"south": {"uv": [0, 0, 16, 16], "texture": "#7"},
				"west": {"uv": [0, 0, 16, 16], "texture": "#7"},
				"up": {"uv": [0, 0, 16, 16], "texture": "#7"},
				"down": {"uv": [0, 0, 16, 16], "texture": "#7"}
			}
		},
		{
			"from": [-13.56, 0.44243, 0.96],
			"to": [-12.68, 3.96243, 2.72],
			"rotation": {"angle": 0, "axis": "y", "origin": [1.08, 0.44243, 0.96]},
			"faces": {
				"north": {"uv": [0, 0, 16, 16], "texture": "#7"},
				"east": {"uv": [0, 0, 16, 16], "texture": "#7"},
				"south": {"uv": [0, 0, 16, 16], "texture": "#7"},
				"west": {"uv": [0, 0, 16, 16], "texture": "#7"},
				"up": {"uv": [0, 0, 16, 16], "texture": "#7"},
				"down": {"uv": [0, 0, 16, 16], "texture": "#7"}
			}
		},
		{
			"from": [6.6, 3.96243, 0.96],
			"to": [9.24, 4.84243, 2.72],
			"rotation": {"angle": 0, "axis": "y", "origin": [1.08, 0.44243, 0.96]},
			"faces": {
				"north": {"uv": [0, 0, 3, 1], "texture": "#7"},
				"east": {"uv": [0, 0, 3, 1], "texture": "#7"},
				"south": {"uv": [0, 0, 3, 1], "texture": "#7"},
				"west": {"uv": [0, 0, 3, 1], "texture": "#7"},
				"up": {"uv": [0, 0, 3, 1], "texture": "#7"},
				"down": {"uv": [0, 0, 3, 1], "texture": "#7"}
			}
		},
		{
			"from": [1.6, 7.96243, 0.96],
			"to": [14.24, 9.84243, 2.72],
			"rotation": {"angle": 22.5, "axis": "x", "origin": [7.94, 8.05743, 1.84]},
			"faces": {
				"north": {"uv": [0, 0, 3, 1], "texture": "#1"},
				"east": {"uv": [0, 0, 3, 1], "texture": "#1"},
				"south": {"uv": [0, 0, 3, 1], "texture": "#1"},
				"west": {"uv": [0, 0, 3, 1], "texture": "#1"},
				"up": {"uv": [0, 0, 3, 1], "texture": "#1"},
				"down": {"uv": [0, 0, 3, 1], "texture": "#1"}
			}
		},
		{
			"from": [14.24, 6.46243, 0.96],
			"to": [20.24, 7.96243, 2.72],
			"rotation": {"angle": 22.5, "axis": "x", "origin": [7.94, 8.05743, 1.84]},
			"faces": {
				"north": {"uv": [0, 0, 3, 1], "texture": "#1"},
				"east": {"uv": [0, 0, 3, 1], "texture": "#1"},
				"south": {"uv": [0, 0, 3, 1], "texture": "#1"},
				"west": {"uv": [0, 0, 3, 1], "texture": "#1"},
				"up": {"uv": [0, 0, 3, 1], "texture": "#1"},
				"down": {"uv": [0, 0, 3, 1], "texture": "#1"}
			}
		},
		{
			"from": [-4.36, 6.46243, 0.96],
			"to": [1.64, 7.96243, 2.72],
			"rotation": {"angle": 22.5, "axis": "x", "origin": [7.94, 8.05743, 1.84]},
			"faces": {
				"north": {"uv": [0, 0, 3, 1], "texture": "#1"},
				"east": {"uv": [0, 0, 3, 1], "texture": "#1"},
				"south": {"uv": [0, 0, 3, 1], "texture": "#1"},
				"west": {"uv": [0, 0, 3, 1], "texture": "#1"},
				"up": {"uv": [0, 0, 3, 1], "texture": "#1"},
				"down": {"uv": [0, 0, 3, 1], "texture": "#1"}
			}
		},
		{
			"from": [-11.36, 6.46243, -0.04],
			"to": [-8.36, 9.96243, 3.72],
			"rotation": {"angle": 45, "axis": "y", "origin": [-9.86, 8.21243, 1.84]},
			"faces": {
				"north": {"uv": [0, 0, 3, 1], "texture": "#3"},
				"east": {"uv": [0, 0, 3, 1], "texture": "#3"},
				"south": {"uv": [0, 0, 3, 1], "texture": "#3"},
				"west": {"uv": [0, 0, 3, 1], "texture": "#3"},
				"up": {"uv": [0, 0, 3, 1], "texture": "#3"},
				"down": {"uv": [0, 0, 3, 1], "texture": "#3"}
			}
		},
		{
			"from": [14.24, -3.96243, 0.96],
			"to": [20.24, -2.46243, 2.72],
			"rotation": {"angle": -22.5, "axis": "x", "origin": [7.94, -4.05743, 1.84]},
			"faces": {
				"north": {"uv": [0, 1, 3, 0], "texture": "#2"},
				"east": {"uv": [0, 1, 3, 0], "texture": "#2"},
				"south": {"uv": [0, 1, 3, 0], "texture": "#2"},
				"west": {"uv": [0, 1, 3, 0], "texture": "#2"},
				"up": {"uv": [0, 1, 3, 0], "texture": "#2"},
				"down": {"uv": [0, 1, 3, 0], "texture": "#2"}
			}
		},
		{
			"from": [1.6, -5.84243, 0.96],
			"to": [14.24, -3.96243, 2.72],
			"rotation": {"angle": -22.5, "axis": "x", "origin": [7.94, -4.05743, 1.84]},
			"faces": {
				"north": {"uv": [0, 1, 3, 0], "texture": "#2"},
				"east": {"uv": [0, 1, 3, 0], "texture": "#2"},
				"south": {"uv": [0, 1, 3, 0], "texture": "#2"},
				"west": {"uv": [0, 1, 3, 0], "texture": "#2"},
				"up": {"uv": [0, 1, 3, 0], "texture": "#2"},
				"down": {"uv": [0, 1, 3, 0], "texture": "#2"}
			}
		},
		{
			"from": [-4.36, -3.96243, 0.96],
			"to": [1.64, -2.46243, 2.72],
			"rotation": {"angle": -22.5, "axis": "x", "origin": [7.94, -4.05743, 1.84]},
			"faces": {
				"north": {"uv": [0, 1, 3, 0], "texture": "#2"},
				"east": {"uv": [0, 1, 3, 0], "texture": "#2"},
				"south": {"uv": [0, 1, 3, 0], "texture": "#2"},
				"west": {"uv": [0, 1, 3, 0], "texture": "#2"},
				"up": {"uv": [0, 1, 3, 0], "texture": "#2"},
				"down": {"uv": [0, 1, 3, 0], "texture": "#2"}
			}
		},
		{
			"from": [8.36, 1.32243, 0.96],
			"to": [9.24, 3.96243, 2.72],
			"rotation": {"angle": 0, "axis": "y", "origin": [1.08, 0.44243, 0.96]},
			"faces": {
				"north": {"uv": [0, 0, 1, 3], "texture": "#7"},
				"east": {"uv": [0, 0, 1, 3], "texture": "#7"},
				"south": {"uv": [0, 0, 1, 3], "texture": "#7"},
				"west": {"uv": [0, 0, 1, 3], "texture": "#7"},
				"up": {"uv": [0, 0, 1, 3], "texture": "#7"},
				"down": {"uv": [0, 0, 1, 3], "texture": "#7"}
			}
		},
		{
			"from": [6.6, 2.20243, 0.96],
			"to": [8.36, 3.08243, 2.72],
			"rotation": {"angle": 0, "axis": "y", "origin": [1.08, 0.44243, 0.96]},
			"faces": {
				"north": {"uv": [0, 0, 2, 1], "texture": "#7"},
				"east": {"uv": [0, 0, 2, 1], "texture": "#7"},
				"south": {"uv": [0, 0, 2, 1], "texture": "#7"},
				"west": {"uv": [0, 0, 2, 1], "texture": "#7"},
				"up": {"uv": [0, 0, 2, 1], "texture": "#7"},
				"down": {"uv": [0, 0, 2, 1], "texture": "#7"}
			}
		},
		{
			"from": [6.6, 0.44243, 0.96],
			"to": [9.24, 1.32243, 2.72],
			"rotation": {"angle": 0, "axis": "y", "origin": [1.08, 0.44243, 0.96]},
			"faces": {
				"north": {"uv": [0, 0, 3, 1], "texture": "#7"},
				"east": {"uv": [0, 0, 3, 1], "texture": "#7"},
				"south": {"uv": [0, 0, 3, 1], "texture": "#7"},
				"west": {"uv": [0, 0, 3, 1], "texture": "#7"},
				"up": {"uv": [0, 0, 3, 1], "texture": "#7"},
				"down": {"uv": [0, 0, 3, 1], "texture": "#7"}
			}
		},
		{
			"from": [30.36, 0.44243, 0.96],
			"to": [31.24, 3.96243, 2.72],
			"rotation": {"angle": 0, "axis": "y", "origin": [1.08, 0.44243, 0.96]},
			"faces": {
				"north": {"uv": [0, 0, 1, 4], "texture": "#7"},
				"east": {"uv": [0, 0, 1, 4], "texture": "#7"},
				"south": {"uv": [0, 0, 1, 4], "texture": "#7"},
				"west": {"uv": [0, 0, 1, 4], "texture": "#7"},
				"up": {"uv": [0, 0, 1, 4], "texture": "#7"},
				"down": {"uv": [0, 0, 1, 4], "texture": "#7"}
			}
		},
		{
			"from": [29.48, 3.96243, 0.96],
			"to": [31.24, 4.84243, 2.72],
			"rotation": {"angle": 0, "axis": "y", "origin": [1.08, 0.44243, 0.96]},
			"faces": {
				"north": {"uv": [0, 0, 2, 1], "texture": "#7"},
				"east": {"uv": [0, 0, 2, 1], "texture": "#7"},
				"south": {"uv": [0, 0, 2, 1], "texture": "#7"},
				"west": {"uv": [0, 0, 2, 1], "texture": "#7"},
				"up": {"uv": [0, 0, 2, 1], "texture": "#7"},
				"down": {"uv": [0, 0, 2, 1], "texture": "#7"}
			}
		},
		{
			"from": [28.6, 3.08243, 0.96],
			"to": [29.48, 3.96243, 2.72],
			"rotation": {"angle": 0, "axis": "y", "origin": [1.08, 0.44243, 0.96]},
			"faces": {
				"north": {"uv": [0, 0, 1, 1], "texture": "#7"},
				"east": {"uv": [0, 0, 1, 1], "texture": "#7"},
				"south": {"uv": [0, 0, 1, 1], "texture": "#7"},
				"west": {"uv": [0, 0, 1, 1], "texture": "#7"},
				"up": {"uv": [0, 0, 1, 1], "texture": "#7"},
				"down": {"uv": [0, 0, 1, 1], "texture": "#7"}
			}
		},
		{
			"from": [29.48, 2.20243, 0.96],
			"to": [30.36, 3.08243, 2.72],
			"rotation": {"angle": 0, "axis": "y", "origin": [1.08, 0.44243, 0.96]},
			"faces": {
				"north": {"uv": [0, 0, 1, 1], "texture": "#7"},
				"east": {"uv": [0, 0, 1, 1], "texture": "#7"},
				"south": {"uv": [0, 0, 1, 1], "texture": "#7"},
				"west": {"uv": [0, 0, 1, 1], "texture": "#7"},
				"up": {"uv": [0, 0, 1, 1], "texture": "#7"},
				"down": {"uv": [0, 0, 1, 1], "texture": "#7"}
			}
		},
		{
			"from": [26.84, 1.32243, 0.96],
			"to": [27.72, 3.96243, 2.72],
			"rotation": {"angle": 0, "axis": "y", "origin": [1.08, 0.44243, 0.96]},
			"faces": {
				"north": {"uv": [0, 0, 1, 4], "texture": "#7"},
				"east": {"uv": [0, 0, 1, 4], "texture": "#7"},
				"south": {"uv": [0, 0, 1, 4], "texture": "#7"},
				"west": {"uv": [0, 0, 1, 4], "texture": "#7"},
				"up": {"uv": [0, 0, 1, 4], "texture": "#7"},
				"down": {"uv": [0, 0, 1, 4], "texture": "#7"}
			}
		},
		{
			"from": [25.96, 3.96243, 0.96],
			"to": [26.84, 4.84243, 2.72],
			"rotation": {"angle": 0, "axis": "y", "origin": [1.08, 0.44243, 0.96]},
			"faces": {
				"north": {"uv": [0, 0, 2, 1], "texture": "#7"},
				"east": {"uv": [0, 0, 2, 1], "texture": "#7"},
				"south": {"uv": [0, 0, 2, 1], "texture": "#7"},
				"west": {"uv": [0, 0, 2, 1], "texture": "#7"},
				"up": {"uv": [0, 0, 2, 1], "texture": "#7"},
				"down": {"uv": [0, 0, 2, 1], "texture": "#7"}
			}
		},
		{
			"from": [25.08, 1.32243, 0.96],
			"to": [25.96, 3.96243, 2.72],
			"rotation": {"angle": 0, "axis": "y", "origin": [1.08, 0.44243, 0.96]},
			"faces": {
				"north": {"uv": [0, 0, 1, 1], "texture": "#7"},
				"east": {"uv": [0, 0, 1, 1], "texture": "#7"},
				"south": {"uv": [0, 0, 1, 1], "texture": "#7"},
				"west": {"uv": [0, 0, 1, 1], "texture": "#7"},
				"up": {"uv": [0, 0, 1, 1], "texture": "#7"},
				"down": {"uv": [0, 0, 1, 1], "texture": "#7"}
			}
		},
		{
			"from": [25.96, 0.44243, 0.96],
			"to": [26.84, 1.32243, 2.72],
			"rotation": {"angle": 0, "axis": "y", "origin": [1.08, 0.44243, 0.96]},
			"faces": {
				"north": {"uv": [0, 0, 1, 1], "texture": "#7"},
				"east": {"uv": [0, 0, 1, 1], "texture": "#7"},
				"south": {"uv": [0, 0, 1, 1], "texture": "#7"},
				"west": {"uv": [0, 0, 1, 1], "texture": "#7"},
				"up": {"uv": [0, 0, 1, 1], "texture": "#7"},
				"down": {"uv": [0, 0, 1, 1], "texture": "#7"}
			}
		},
		{
			"from": [22.44, 3.96243, 0.96],
			"to": [24.2, 4.84243, 2.72],
			"rotation": {"angle": 0, "axis": "y", "origin": [1.08, 0.44243, 0.96]},
			"faces": {
				"north": {"uv": [0, 0, 2, 1], "texture": "#7"},
				"east": {"uv": [0, 0, 2, 1], "texture": "#7"},
				"south": {"uv": [0, 0, 2, 1], "texture": "#7"},
				"west": {"uv": [0, 0, 2, 1], "texture": "#7"},
				"up": {"uv": [0, 0, 2, 1], "texture": "#7"},
				"down": {"uv": [0, 0, 2, 1], "texture": "#7"}
			}
		},
		{
			"from": [21.56, 3.08243, 0.96],
			"to": [22.44, 3.96243, 2.72],
			"rotation": {"angle": 0, "axis": "y", "origin": [1.08, 0.44243, 0.96]},
			"faces": {
				"north": {"uv": [0, 0, 1, 1], "texture": "#7"},
				"east": {"uv": [0, 0, 1, 1], "texture": "#7"},
				"south": {"uv": [0, 0, 1, 1], "texture": "#7"},
				"west": {"uv": [0, 0, 1, 1], "texture": "#7"},
				"up": {"uv": [0, 0, 1, 1], "texture": "#7"},
				"down": {"uv": [0, 0, 1, 1], "texture": "#7"}
			}
		},
		{
			"from": [23.32, 0.44243, 0.96],
			"to": [24.2, 3.96243, 2.72],
			"rotation": {"angle": 0, "axis": "y", "origin": [1.08, 0.44243, 0.96]},
			"faces": {
				"north": {"uv": [0, 0, 1, 4], "texture": "#7"},
				"east": {"uv": [0, 0, 1, 4], "texture": "#7"},
				"south": {"uv": [0, 0, 1, 4], "texture": "#7"},
				"west": {"uv": [0, 0, 1, 4], "texture": "#7"},
				"up": {"uv": [0, 0, 1, 4], "texture": "#7"},
				"down": {"uv": [0, 0, 1, 4], "texture": "#7"}
			}
		},
		{
			"from": [22.44, 2.20243, 0.96],
			"to": [23.32, 3.08243, 2.72],
			"rotation": {"angle": 0, "axis": "y", "origin": [1.08, 0.44243, 0.96]},
			"faces": {
				"north": {"uv": [0, 0, 1, 1], "texture": "#7"},
				"east": {"uv": [0, 0, 1, 1], "texture": "#7"},
				"south": {"uv": [0, 0, 1, 1], "texture": "#7"},
				"west": {"uv": [0, 0, 1, 1], "texture": "#7"},
				"up": {"uv": [0, 0, 1, 1], "texture": "#7"},
				"down": {"uv": [0, 0, 1, 1], "texture": "#7"}
			}
		},
		{
			"from": [21.56, 0.44243, 0.96],
			"to": [22.44, 2.20243, 2.72],
			"rotation": {"angle": 0, "axis": "y", "origin": [1.08, 0.44243, 0.96]},
			"faces": {
				"north": {"uv": [0, 0, 1, 2], "texture": "#7"},
				"east": {"uv": [0, 0, 1, 2], "texture": "#7"},
				"south": {"uv": [0, 0, 1, 2], "texture": "#7"},
				"west": {"uv": [0, 0, 1, 2], "texture": "#7"},
				"up": {"uv": [0, 0, 1, 2], "texture": "#7"},
				"down": {"uv": [0, 0, 1, 2], "texture": "#7"}
			}
		},
		{
			"from": [-9.24, 3.08243, 0.96],
			"to": [-8.36, 3.96243, 2.72],
			"rotation": {"angle": 0, "axis": "y", "origin": [1.08, 0.44243, 0.96]},
			"faces": {
				"north": {"uv": [0, 0, 1, 1], "texture": "#7"},
				"east": {"uv": [0, 0, 1, 1], "texture": "#7"},
				"south": {"uv": [0, 0, 1, 1], "texture": "#7"},
				"west": {"uv": [0, 0, 1, 1], "texture": "#7"},
				"up": {"uv": [0, 0, 1, 1], "texture": "#7"},
				"down": {"uv": [0, 0, 1, 1], "texture": "#7"}
			}
		},
		{
			"from": [-8.36, 3.96243, 0.96],
			"to": [-6.6, 4.84243, 2.72],
			"rotation": {"angle": 0, "axis": "y", "origin": [1.08, 0.44243, 0.96]},
			"faces": {
				"north": {"uv": [0, 0, 2, 1], "texture": "#7"},
				"east": {"uv": [0, 0, 2, 1], "texture": "#7"},
				"south": {"uv": [0, 0, 2, 1], "texture": "#7"},
				"west": {"uv": [0, 0, 2, 1], "texture": "#7"},
				"up": {"uv": [0, 0, 2, 1], "texture": "#7"},
				"down": {"uv": [0, 0, 2, 1], "texture": "#7"}
			}
		},
		{
			"from": [-7.48, 0.44243, 0.96],
			"to": [-6.6, 3.96243, 2.72],
			"rotation": {"angle": 0, "axis": "y", "origin": [1.08, 0.44243, 0.96]},
			"faces": {
				"north": {"uv": [0, 0, 1, 4], "texture": "#7"},
				"east": {"uv": [0, 0, 1, 4], "texture": "#7"},
				"south": {"uv": [0, 0, 1, 4], "texture": "#7"},
				"west": {"uv": [0, 0, 1, 4], "texture": "#7"},
				"up": {"uv": [0, 0, 1, 4], "texture": "#7"},
				"down": {"uv": [0, 0, 1, 4], "texture": "#7"}
			}
		},
		{
			"from": [-8.36, 2.20243, 0.96],
			"to": [-7.48, 3.08243, 2.72],
			"rotation": {"angle": 0, "axis": "y", "origin": [1.08, 0.44243, 0.96]},
			"faces": {
				"north": {"uv": [0, 0, 1, 1], "texture": "#7"},
				"east": {"uv": [0, 0, 1, 1], "texture": "#7"},
				"south": {"uv": [0, 0, 1, 1], "texture": "#7"},
				"west": {"uv": [0, 0, 1, 1], "texture": "#7"},
				"up": {"uv": [0, 0, 1, 1], "texture": "#7"},
				"down": {"uv": [0, 0, 1, 1], "texture": "#7"}
			}
		},
		{
			"from": [-9.24, 0.44243, 0.96],
			"to": [-8.36, 2.20243, 2.72],
			"rotation": {"angle": 0, "axis": "y", "origin": [1.08, 0.44243, 0.96]},
			"faces": {
				"north": {"uv": [0, 0, 1, 2], "texture": "#7"},
				"east": {"uv": [0, 0, 1, 2], "texture": "#7"},
				"south": {"uv": [0, 0, 1, 2], "texture": "#7"},
				"west": {"uv": [0, 0, 1, 2], "texture": "#7"},
				"up": {"uv": [0, 0, 1, 2], "texture": "#7"},
				"down": {"uv": [0, 0, 1, 2], "texture": "#7"}
			}
		},
		{
			"from": [11.88, 1.32243, 0.96],
			"to": [12.76, 4.84243, 2.72],
			"rotation": {"angle": 0, "axis": "y", "origin": [1.08, 0.44243, 0.96]},
			"faces": {
				"north": {"uv": [0, 0, 1, 2], "texture": "#7"},
				"east": {"uv": [0, 0, 1, 2], "texture": "#7"},
				"south": {"uv": [0, 0, 1, 2], "texture": "#7"},
				"west": {"uv": [0, 0, 1, 2], "texture": "#7"},
				"up": {"uv": [0, 0, 1, 2], "texture": "#7"},
				"down": {"uv": [0, 0, 1, 2], "texture": "#7"}
			}
		},
		{
			"from": [10.12, 1.32243, 0.96],
			"to": [11, 4.84243, 2.72],
			"rotation": {"angle": 0, "axis": "y", "origin": [1.08, 0.44243, 0.96]},
			"faces": {
				"north": {"uv": [0, 0, 1, 2], "texture": "#7"},
				"east": {"uv": [0, 0, 1, 2], "texture": "#7"},
				"south": {"uv": [0, 0, 1, 2], "texture": "#7"},
				"west": {"uv": [0, 0, 1, 2], "texture": "#7"},
				"up": {"uv": [0, 0, 1, 2], "texture": "#7"},
				"down": {"uv": [0, 0, 1, 2], "texture": "#7"}
			}
		},
		{
			"from": [11, 0.44243, 0.96],
			"to": [11.88, 1.32243, 2.72],
			"rotation": {"angle": 0, "axis": "y", "origin": [1.08, 0.44243, 0.96]},
			"faces": {
				"north": {"uv": [0, 0, 1, 1], "texture": "#7"},
				"east": {"uv": [0, 0, 1, 1], "texture": "#7"},
				"south": {"uv": [0, 0, 1, 1], "texture": "#7"},
				"west": {"uv": [0, 0, 1, 1], "texture": "#7"},
				"up": {"uv": [0, 0, 1, 1], "texture": "#7"},
				"down": {"uv": [0, 0, 1, 1], "texture": "#7"}
			}
		},
		{
			"from": [-5.72, 1.32243, 0.96],
			"to": [-4.84, 4.84243, 2.72],
			"rotation": {"angle": 0, "axis": "y", "origin": [1.08, 0.44243, 0.96]},
			"faces": {
				"north": {"uv": [0, 0, 1, 2], "texture": "#7"},
				"east": {"uv": [0, 0, 1, 2], "texture": "#7"},
				"south": {"uv": [0, 0, 1, 2], "texture": "#7"},
				"west": {"uv": [0, 0, 1, 2], "texture": "#7"},
				"up": {"uv": [0, 0, 1, 2], "texture": "#7"},
				"down": {"uv": [0, 0, 1, 2], "texture": "#7"}
			}
		},
		{
			"from": [-3.08, 1.32243, 0.96],
			"to": [-2.2, 4.84243, 2.72],
			"rotation": {"angle": 0, "axis": "y", "origin": [1.08, 0.44243, 0.96]},
			"faces": {
				"north": {"uv": [0, 0, 1, 2], "texture": "#7"},
				"east": {"uv": [0, 0, 1, 2], "texture": "#7"},
				"south": {"uv": [0, 0, 1, 2], "texture": "#7"},
				"west": {"uv": [0, 0, 1, 2], "texture": "#7"},
				"up": {"uv": [0, 0, 1, 2], "texture": "#7"},
				"down": {"uv": [0, 0, 1, 2], "texture": "#7"}
			}
		},
		{
			"from": [-4.84, 0.44243, 0.96],
			"to": [-3.08, 1.32243, 2.72],
			"rotation": {"angle": 0, "axis": "y", "origin": [1.08, 0.44243, 0.96]},
			"faces": {
				"north": {"uv": [0, 0, 1, 1], "texture": "#7"},
				"east": {"uv": [0, 0, 1, 1], "texture": "#7"},
				"south": {"uv": [0, 0, 1, 1], "texture": "#7"},
				"west": {"uv": [0, 0, 1, 1], "texture": "#7"},
				"up": {"uv": [0, 0, 1, 1], "texture": "#7"},
				"down": {"uv": [0, 0, 1, 1], "texture": "#7"}
			}
		}
	],
	"display": {
		"head": {
			"translation": [0, 4, 10],
			"scale": [4, 4, 4]
		}
	},
	"groups": [
		{
			"name": "asterix",
			"origin": [0, 0, 0],
			"color": 0,
			"children": [
				0,
				1,
				2,
				3,
				4,
				5,
				6,
				7,
				8,
				9,
				10,
				11,
				12,
				13,
				14,
				15,
				16,
				17,
				18,
				19,
				20,
				21,
				22,
				23,
				24,
				25,
				26,
				27,
				28,
				29,
				30,
				31,
				32,
				33,
				34,
				35,
				36,
				37,
				38,
				39,
				40,
				41,
				42,
				43,
				44,
				45,
				46,
				47,
				48,
				49,
				50
			]
		}
	]
}