{
	"credit": "Made with Blockbench",
	"textures": {
		"0": "block/anvil",
		"1": "block/yellow_terracotta",
		"2": "block/barrel_bottom",
		"4": "block/top",
		"particle": "block/anvil"
	},
	"elements": [
		{
			"from": [0, -2, 0],
			"to": [16, 0, 16],
			"faces": {
				"north": {"uv": [0, 0, 16, 2], "texture": "#1"},
				"east": {"uv": [0, 0, 16, 2], "texture": "#1"},
				"south": {"uv": [0, 0, 16, 2], "texture": "#1"},
				"west": {"uv": [0, 0, 16, 2], "texture": "#1"},
				"up": {"uv": [0, 0, 16, 2], "texture": "#1"},
				"down": {"uv": [0, 0, 16, 2], "texture": "#1"}
			}
		},
		{
			"from": [0, 5, 0],
			"to": [16, 7, 16],
			"faces": {
				"north": {"uv": [0, 0, 16, 2], "texture": "#1"},
				"east": {"uv": [0, 0, 16, 2], "texture": "#1"},
				"south": {"uv": [0, 0, 16, 2], "texture": "#1"},
				"west": {"uv": [0, 0, 16, 2], "texture": "#1"},
				"up": {"uv": [0, 0, 16, 2], "texture": "#1"},
				"down": {"uv": [0, 0, 16, 2], "texture": "#1"}
			}
		},
		{
			"from": [1, 0, 1],
			"to": [15, 6, 15],
			"faces": {
				"north": {"uv": [0, 0, 14, 6], "texture": "#0"},
				"east": {"uv": [0, 0, 14, 6], "texture": "#0"},
				"south": {"uv": [0, 0, 14, 6], "texture": "#0"},
				"west": {"uv": [0, 0, 14, 6], "texture": "#0"},
				"up": {"uv": [0, 0, 14, 6], "texture": "#0"},
				"down": {"uv": [0, 0, 14, 6], "texture": "#0"}
			}
		},
		{
			"from": [2, 0, 0],
			"to": [14, 5, 2],
			"rotation": {"angle": 22.5, "axis": "x", "origin": [8, 2.5, 0.5]},
			"faces": {
				"north": {"uv": [0, 0, 16, 16], "texture": "#2"},
				"east": {"uv": [0, 0, 16, 16], "texture": "#2"},
				"south": {"uv": [0, 0, 16, 16], "texture": "#2"},
				"west": {"uv": [0, 0, 16, 16], "texture": "#2"},
				"up": {"uv": [0, 0, 16, 16], "texture": "#2"},
				"down": {"uv": [0, 0, 16, 16], "texture": "#2"}
			}
		},
		{
			"from": [2, 0, -0.25],
			"to": [14, 4.5, 0],
			"rotation": {"angle": 22.5, "axis": "x", "origin": [8, 2.5, 0.5]},
			"faces": {
				"north": {"uv": [0, 1.06667, 16, 13.51111], "texture": "#4"}
			}
		},
		{
			"from": [3, 6, 3],
			"to": [13, 12, 13],
			"faces": {
				"north": {"uv": [0, 0, 10, 6], "texture": "#0"},
				"east": {"uv": [0, 0, 10, 6], "texture": "#0"},
				"south": {"uv": [0, 0, 10, 6], "texture": "#0"},
				"west": {"uv": [0, 0, 10, 6], "texture": "#0"},
				"up": {"uv": [0, 0, 10, 6], "texture": "#0"},
				"down": {"uv": [0, 0, 10, 6], "texture": "#0"}
			}
		},
		{
			"from": [2, 6, 2],
			"to": [14, 9, 14],
			"faces": {
				"north": {"uv": [0, 0, 10, 6], "texture": "#0"},
				"east": {"uv": [0, 0, 10, 6], "texture": "#0"},
				"south": {"uv": [0, 0, 10, 6], "texture": "#0"},
				"west": {"uv": [0, 0, 10, 6], "texture": "#0"},
				"up": {"uv": [0, 0, 10, 6], "texture": "#0"},
				"down": {"uv": [0, 0, 10, 6], "texture": "#0"}
			}
		}
	],
	"display": {
		"ground": {
			"translation": [0, 3.5, 0],
			"scale": [0.65, 0.65, 0.65]
		},
		"gui": {
			"rotation": [15, 155, 0],
			"scale": [0.72, 0.72, 0.72]
		},
		"head": {
			"translation": [0, -15.25, 0],
			"scale": [3.08, 3.08, 3.08]
		}
	},
	"groups": [
		0,
		1,
		2,
		3,
		4,
		5,
		6,
		{
			"name": "steve",
			"origin": [8, 8, 8],
			"color": 0,
			"nbt": "{}",
			"children": []
		}
	]
}