{
  "parent": "minecraft:item/wooden_shovel",
  "overrides": [
    { "predicate": { "custom_model_data":1 }, "model": "minecraft:item/merch/bouclier_romain" },
    { "predicate": { "custom_model_data":2 }, "model": "minecraft:item/merch/casque_asterix" },
    { "predicate": { "custom_model_data":3 }, "model": "minecraft:item/merch/casque_chantier" },
    { "predicate": { "custom_model_data":4 }, "model": "minecraft:item/merch/drapeau_ferrari" },
    { "predicate": { "custom_model_data":5 }, "model": "minecraft:item/merch/drone" },
    { "predicate": { "custom_model_data":6 }, "model": "minecraft:item/merch/gauffre" },
    { "predicate": { "custom_model_data":7 }, "model": "minecraft:item/merch/lance" },
    { "predicate": { "custom_model_data":8 }, "model": "minecraft:item/merch/or_idefix" },
    { "predicate": { "custom_model_data":9 }, "model": "minecraft:item/merch/or_shrek" },
    { "predicate": { "custom_model_data":10 }, "model": "minecraft:item/merch/parapluie_bleu_jaune" },
    { "predicate": { "custom_model_data":11 }, "model": "minecraft:item/merch/pass_gaulois" },
    { "predicate": { "custom_model_data":12 }, "model": "minecraft:item/merch/pins_ferrari" },
    { "predicate": { "custom_model_data":13 }, "model": "minecraft:item/merch/pins_touta" },
    { "predicate": { "custom_model_data":14 }, "model": "minecraft:item/merch/tronco" },
    { "predicate": { "custom_model_data":15 }, "model": "minecraft:item/merch/chapeaunoel" },
    { "predicate": { "custom_model_data":16 }, "model": "minecraft:item/merch/boiscerf" },
    { "predicate": { "custom_model_data":17 }, "model": "minecraft:item/merch/echarpe" },
    { "predicate": { "custom_model_data":18 }, "model": "minecraft:item/merch/sucreorge" },
    { "predicate": { "custom_model_data":19 }, "model": "minecraft:item/merch/papanoel" },
    { "predicate": { "custom_model_data":20 }, "model": "minecraft:item/merch/chapeaunoelgold" }
  ]
}