{
	"credit": "Made with Blockbench",
	"textures": {
		"0": "block/anvil",
		"1": "block/bone_block_side",
		"2": "block/rideop",
		"particle": "block/anvil"
	},
	"elements": [
		{
			"from": [6.5, 0, 5.385],
			"to": [9.5, 3, 9.385],
			"rotation": {"angle": 0, "axis": "y", "origin": [1.5, 8, 14.385]},
			"faces": {
				"north": {"uv": [5, 3, 4, 4], "texture": "#0"},
				"east": {"uv": [5, 3, 4, 4], "texture": "#0"},
				"south": {"uv": [5, 3, 4, 4], "texture": "#0"},
				"west": {"uv": [5, 3, 4, 4], "texture": "#0"},
				"up": {"uv": [5, 3, 4, 4], "texture": "#0"},
				"down": {"uv": [5, 3, 4, 4], "texture": "#0"}
			}
		},
		{
			"from": [6.5, 3, 5.385],
			"to": [9.5, 3.1, 6.585],
			"rotation": {"angle": 0, "axis": "y", "origin": [1.5, 8, 14.385]},
			"faces": {
				"north": {"uv": [5, 3, 4, 4], "texture": "#0"},
				"east": {"uv": [5, 3, 4, 4], "texture": "#0"},
				"south": {"uv": [5, 3, 4, 4], "texture": "#0"},
				"west": {"uv": [5, 3, 4, 4], "texture": "#0"},
				"up": {"uv": [1.047, 0.453, 8.593, 1.76], "rotation": 180, "texture": "#2"},
				"down": {"uv": [5, 3, 4, 4], "texture": "#0"}
			}
		},
		{
			"name": "hexadecagon",
			"from": [6.72, 2.82, 7.63039],
			"to": [9.28, 3.08, 8.13961],
			"rotation": {"angle": 22.5, "axis": "y", "origin": [8, 3, 7.885]},
			"faces": {
				"north": {"uv": [12, 2, 11, 3], "texture": "#1"},
				"east": {"uv": [12, 2, 11, 3], "texture": "#1"},
				"south": {"uv": [12, 2, 11, 3], "texture": "#1"},
				"west": {"uv": [12, 2, 11, 3], "texture": "#1"},
				"up": {"uv": [12, 2, 11, 3], "rotation": 90, "texture": "#1"},
				"down": {"uv": [12, 2, 11, 3], "rotation": 270, "texture": "#1"}
			}
		},
		{
			"name": "hexadecagon",
			"from": [6.72, 2.82, 7.63039],
			"to": [9.28, 3.08, 8.13961],
			"rotation": {"angle": 0, "axis": "y", "origin": [8, 3, 7.885]},
			"faces": {
				"north": {"uv": [12, 2, 11, 3], "texture": "#1"},
				"east": {"uv": [12, 2, 11, 3], "texture": "#1"},
				"south": {"uv": [12, 2, 11, 3], "texture": "#1"},
				"west": {"uv": [12, 2, 11, 3], "texture": "#1"},
				"up": {"uv": [12, 2, 11, 3], "rotation": 90, "texture": "#1"},
				"down": {"uv": [12, 2, 11, 3], "rotation": 270, "texture": "#1"}
			}
		},
		{
			"name": "hexadecagon",
			"from": [6.72, 2.82, 7.63039],
			"to": [9.28, 3.08, 8.13961],
			"rotation": {"angle": -22.5, "axis": "y", "origin": [8, 3, 7.885]},
			"faces": {
				"north": {"uv": [12, 2, 11, 3], "texture": "#1"},
				"east": {"uv": [12, 2, 11, 3], "texture": "#1"},
				"south": {"uv": [12, 2, 11, 3], "texture": "#1"},
				"west": {"uv": [12, 2, 11, 3], "texture": "#1"},
				"up": {"uv": [12, 2, 11, 3], "rotation": 90, "texture": "#1"},
				"down": {"uv": [12, 2, 11, 3], "rotation": 270, "texture": "#1"}
			}
		},
		{
			"name": "hexadecagon",
			"from": [6.72, 2.82, 7.63039],
			"to": [9.28, 3.08, 8.13961],
			"rotation": {"angle": -45, "axis": "y", "origin": [8, 3, 7.885]},
			"faces": {
				"north": {"uv": [12, 2, 11, 3], "texture": "#1"},
				"east": {"uv": [12, 2, 11, 3], "texture": "#1"},
				"south": {"uv": [12, 2, 11, 3], "texture": "#1"},
				"west": {"uv": [12, 2, 11, 3], "texture": "#1"},
				"up": {"uv": [11, 3, 12, 2], "rotation": 270, "texture": "#1"},
				"down": {"uv": [11, 3, 12, 2], "rotation": 90, "texture": "#1"}
			}
		},
		{
			"name": "hexadecagon",
			"from": [7.74539, 2.82, 6.605],
			"to": [8.25461, 3.08, 9.165],
			"rotation": {"angle": 22.5, "axis": "y", "origin": [8, 3, 7.885]},
			"faces": {
				"north": {"uv": [12, 2, 11, 3], "texture": "#1"},
				"east": {"uv": [12, 2, 11, 3], "texture": "#1"},
				"south": {"uv": [12, 2, 11, 3], "texture": "#1"},
				"west": {"uv": [12, 2, 11, 3], "texture": "#1"},
				"up": {"uv": [11, 3, 12, 2], "texture": "#1"},
				"down": {"uv": [11, 3, 12, 2], "texture": "#1"}
			}
		},
		{
			"name": "hexadecagon",
			"from": [7.74539, 2.82, 6.605],
			"to": [8.25461, 3.08, 9.165],
			"rotation": {"angle": 0, "axis": "y", "origin": [8, 3, 7.885]},
			"faces": {
				"north": {"uv": [12, 2, 11, 3], "texture": "#1"},
				"east": {"uv": [12, 2, 11, 3], "texture": "#1"},
				"south": {"uv": [12, 2, 11, 3], "texture": "#1"},
				"west": {"uv": [12, 2, 11, 3], "texture": "#1"},
				"up": {"uv": [12, 2, 11, 3], "rotation": 90, "texture": "#1"},
				"down": {"uv": [12, 2, 11, 3], "rotation": 270, "texture": "#1"}
			}
		},
		{
			"name": "hexadecagon",
			"from": [7.74539, 2.82, 6.605],
			"to": [8.25461, 3.08, 9.165],
			"rotation": {"angle": -22.5, "axis": "y", "origin": [8, 3, 7.885]},
			"faces": {
				"north": {"uv": [12, 2, 11, 3], "texture": "#1"},
				"east": {"uv": [12, 2, 11, 3], "texture": "#1"},
				"south": {"uv": [12, 2, 11, 3], "texture": "#1"},
				"west": {"uv": [12, 2, 11, 3], "texture": "#1"},
				"up": {"uv": [12, 2, 11, 3], "rotation": 90, "texture": "#1"},
				"down": {"uv": [12, 2, 11, 3], "rotation": 270, "texture": "#1"}
			}
		},
		{
			"name": "hexadecagon",
			"from": [7.74539, 2.82, 6.605],
			"to": [8.25461, 3.28, 9.165],
			"rotation": {"angle": -45, "axis": "y", "origin": [8, 3, 7.885]},
			"faces": {
				"north": {"uv": [15, 6, 14, 7], "texture": "#0"},
				"east": {"uv": [15, 6, 14, 7], "texture": "#0"},
				"south": {"uv": [15, 6, 14, 7], "texture": "#0"},
				"west": {"uv": [15, 6, 14, 7], "texture": "#0"},
				"up": {"uv": [14, 7, 15, 6], "rotation": 270, "texture": "#0"},
				"down": {"uv": [14, 7, 15, 6], "rotation": 90, "texture": "#0"}
			}
		},
		{
			"name": "hexadecagon",
			"from": [7.94539, 2.82, 8.805],
			"to": [8.05461, 3.38, 9.265],
			"rotation": {"angle": -45, "axis": "y", "origin": [8, 3, 7.885]},
			"faces": {
				"north": {"uv": [14, 7, 15, 6], "rotation": 270, "texture": "#1"},
				"east": {"uv": [14, 7, 15, 6], "rotation": 270, "texture": "#1"},
				"south": {"uv": [14, 7, 15, 6], "rotation": 270, "texture": "#1"},
				"west": {"uv": [14, 7, 15, 6], "rotation": 270, "texture": "#1"},
				"up": {"uv": [14, 7, 15, 6], "rotation": 270, "texture": "#1"},
				"down": {"uv": [14, 7, 15, 6], "rotation": 270, "texture": "#1"}
			}
		}
	],
	"display": {
		"head": {
			"translation": [0, 10.75, 0],
			"scale": [1.25, 1.25, 1.25]
		}
	},
	"groups": [0, 1,
		{
			"name": "hexadecagon",
			"origin": [8, 8, 8],
			"children": [2, 3, 4, 5, 6, 7, 8, 9, 10]
		}
	]
}