{
	"credit": "Made with Blockbench",
	"textures": {
		"0": "block/anvil",
		"1": "block/lime_concrete",
		"2": "block/rideop2",
		"particle": "block/anvil"
	},
	"elements": [
		{
			"from": [6.55, 0, 5.385],
			"to": [9.45, 3, 9.335],
			"rotation": {"angle": 0, "axis": "y", "origin": [1.5, 8, 14.385]},
			"faces": {
				"north": {"uv": [5, 3, 4, 4], "texture": "#0"},
				"east": {"uv": [5, 3, 4, 4], "texture": "#0"},
				"south": {"uv": [5, 3, 4, 4], "texture": "#0"},
				"west": {"uv": [5, 3, 4, 4], "texture": "#0"},
				"up": {"uv": [5, 3, 4, 4], "texture": "#0"},
				"down": {"uv": [5, 3, 4, 4], "texture": "#0"}
			}
		},
		{
			"from": [6.55, 3, 5.385],
			"to": [9.45, 3.2, 6.435],
			"rotation": {"angle": 0, "axis": "y", "origin": [1.5, 8, 14.385]},
			"faces": {
				"north": {"uv": [5, 3, 4, 4], "texture": "#0"},
				"east": {"uv": [5, 3, 4, 4], "texture": "#0"},
				"south": {"uv": [5, 3, 4, 4], "texture": "#0"},
				"west": {"uv": [5, 3, 4, 4], "texture": "#0"},
				"up": {"uv": [0, 7.33333, 12.40476, 9.80952], "rotation": 180, "texture": "#2"},
				"down": {"uv": [5, 3, 4, 4], "texture": "#0"}
			}
		},
		{
			"name": "hexadecagon",
			"from": [6.72, 2.82, 7.63039],
			"to": [9.28, 4.08, 8.13961],
			"rotation": {"angle": 22.5, "axis": "y", "origin": [8, 3, 7.885]},
			"faces": {
				"north": {"uv": [15, 12, 14, 13], "rotation": 90, "texture": "#1"},
				"east": {"uv": [15, 12, 14, 13], "rotation": 90, "texture": "#1"},
				"south": {"uv": [15, 12, 14, 13], "rotation": 90, "texture": "#1"},
				"west": {"uv": [15, 12, 14, 13], "rotation": 90, "texture": "#1"},
				"up": {"uv": [15, 12, 14, 13], "rotation": 90, "texture": "#1"},
				"down": {"uv": [15, 12, 14, 13], "rotation": 90, "texture": "#1"}
			}
		},
		{
			"name": "hexadecagon",
			"from": [6.72, 2.82, 7.63039],
			"to": [9.28, 4.08, 8.13961],
			"rotation": {"angle": 0, "axis": "y", "origin": [8, 3, 7.885]},
			"faces": {
				"north": {"uv": [15, 12, 14, 13], "rotation": 90, "texture": "#1"},
				"east": {"uv": [15, 12, 14, 13], "rotation": 90, "texture": "#1"},
				"south": {"uv": [15, 12, 14, 13], "rotation": 90, "texture": "#1"},
				"west": {"uv": [15, 12, 14, 13], "rotation": 90, "texture": "#1"},
				"up": {"uv": [15, 12, 14, 13], "rotation": 90, "texture": "#1"},
				"down": {"uv": [15, 12, 14, 13], "rotation": 90, "texture": "#1"}
			}
		},
		{
			"name": "hexadecagon",
			"from": [6.72, 2.82, 7.63039],
			"to": [9.28, 4.08, 8.13961],
			"rotation": {"angle": -22.5, "axis": "y", "origin": [8, 3, 7.885]},
			"faces": {
				"north": {"uv": [15, 12, 14, 13], "rotation": 90, "texture": "#1"},
				"east": {"uv": [15, 12, 14, 13], "rotation": 90, "texture": "#1"},
				"south": {"uv": [15, 12, 14, 13], "rotation": 90, "texture": "#1"},
				"west": {"uv": [15, 12, 14, 13], "rotation": 90, "texture": "#1"},
				"up": {"uv": [15, 12, 14, 13], "rotation": 90, "texture": "#1"},
				"down": {"uv": [15, 12, 14, 13], "rotation": 90, "texture": "#1"}
			}
		},
		{
			"name": "hexadecagon",
			"from": [7.74539, 2.82, 6.605],
			"to": [8.25461, 4.08, 9.165],
			"rotation": {"angle": 45, "axis": "y", "origin": [8, 3, 7.885]},
			"faces": {
				"north": {"uv": [15, 12, 14, 13], "texture": "#1"},
				"east": {"uv": [15, 12, 14, 13], "texture": "#1"},
				"south": {"uv": [15, 12, 14, 13], "texture": "#1"},
				"west": {"uv": [15, 12, 14, 13], "texture": "#1"},
				"up": {"uv": [15, 12, 14, 13], "texture": "#1"},
				"down": {"uv": [15, 12, 14, 13], "texture": "#1"}
			}
		},
		{
			"name": "hexadecagon",
			"from": [7.74539, 2.82, 6.605],
			"to": [8.25461, 4.08, 9.165],
			"rotation": {"angle": 22.5, "axis": "y", "origin": [8, 3, 7.885]},
			"faces": {
				"north": {"uv": [15, 12, 14, 13], "texture": "#1"},
				"east": {"uv": [15, 12, 14, 13], "texture": "#1"},
				"south": {"uv": [15, 12, 14, 13], "texture": "#1"},
				"west": {"uv": [15, 12, 14, 13], "texture": "#1"},
				"up": {"uv": [15, 12, 14, 13], "texture": "#1"},
				"down": {"uv": [15, 12, 14, 13], "texture": "#1"}
			}
		},
		{
			"name": "hexadecagon",
			"from": [7.74539, 2.82, 6.605],
			"to": [8.25461, 4.08, 9.165],
			"rotation": {"angle": 0, "axis": "y", "origin": [8, 3, 7.885]},
			"faces": {
				"north": {"uv": [15, 12, 14, 13], "rotation": 90, "texture": "#1"},
				"east": {"uv": [15, 12, 14, 13], "rotation": 90, "texture": "#1"},
				"south": {"uv": [15, 12, 14, 13], "rotation": 90, "texture": "#1"},
				"west": {"uv": [15, 12, 14, 13], "rotation": 90, "texture": "#1"},
				"up": {"uv": [15, 12, 14, 13], "rotation": 90, "texture": "#1"},
				"down": {"uv": [15, 12, 14, 13], "rotation": 90, "texture": "#1"}
			}
		},
		{
			"name": "hexadecagon",
			"from": [7.74539, 2.82, 6.605],
			"to": [8.25461, 4.08, 9.165],
			"rotation": {"angle": -22.5, "axis": "y", "origin": [8, 3, 7.885]},
			"faces": {
				"north": {"uv": [15, 12, 14, 13], "rotation": 90, "texture": "#1"},
				"east": {"uv": [15, 12, 14, 13], "rotation": 90, "texture": "#1"},
				"south": {"uv": [15, 12, 14, 13], "rotation": 90, "texture": "#1"},
				"west": {"uv": [15, 12, 14, 13], "rotation": 90, "texture": "#1"},
				"up": {"uv": [15, 12, 14, 13], "rotation": 90, "texture": "#1"},
				"down": {"uv": [15, 12, 14, 13], "rotation": 90, "texture": "#1"}
			}
		},
		{
			"name": "hexadecagon",
			"from": [6.72, 2.82, 7.63039],
			"to": [9.28, 4.08, 8.13961],
			"rotation": {"angle": 45, "axis": "y", "origin": [8, 3, 7.885]},
			"faces": {
				"north": {"uv": [15, 12, 14, 13], "texture": "#1"},
				"east": {"uv": [15, 12, 14, 13], "texture": "#1"},
				"south": {"uv": [15, 12, 14, 13], "texture": "#1"},
				"west": {"uv": [15, 12, 14, 13], "texture": "#1"},
				"up": {"uv": [15, 12, 14, 13], "texture": "#1"},
				"down": {"uv": [15, 12, 14, 13], "texture": "#1"}
			}
		},
		{
			"name": "hexadecagon",
			"from": [7.71993, 3.036, 6.492],
			"to": [8.28007, 3.264, 6.668],
			"rotation": {"angle": -45, "axis": "y", "origin": [8, 3.124, 7.9]},
			"faces": {
				"north": {"uv": [15, 12, 16, 13], "texture": "#0"},
				"east": {"uv": [15, 12, 16, 13], "texture": "#0"},
				"south": {"uv": [15, 12, 16, 13], "texture": "#0"},
				"west": {"uv": [15, 12, 16, 13], "texture": "#0"},
				"up": {"uv": [15, 12, 16, 13], "texture": "#0"},
				"down": {"uv": [15, 12, 16, 13], "texture": "#0"}
			}
		},
		{
			"name": "hexadecagon",
			"from": [7.71993, 3.036, 6.492],
			"to": [8.28007, 3.264, 6.668],
			"rotation": {"angle": -22.5, "axis": "y", "origin": [8, 3.124, 7.9]},
			"faces": {
				"north": {"uv": [15, 12, 16, 13], "texture": "#0"},
				"east": {"uv": [15, 12, 16, 13], "texture": "#0"},
				"south": {"uv": [15, 12, 16, 13], "texture": "#0"},
				"west": {"uv": [15, 12, 16, 13], "texture": "#0"},
				"up": {"uv": [15, 12, 16, 13], "texture": "#0"},
				"down": {"uv": [15, 12, 16, 13], "texture": "#0"}
			}
		},
		{
			"name": "hexadecagon",
			"from": [7.71993, 3.036, 6.492],
			"to": [8.28007, 3.264, 6.668],
			"rotation": {"angle": 0, "axis": "y", "origin": [8, 3.124, 7.9]},
			"faces": {
				"north": {"uv": [15, 12, 16, 13], "texture": "#0"},
				"east": {"uv": [15, 12, 16, 13], "texture": "#0"},
				"south": {"uv": [15, 12, 16, 13], "texture": "#0"},
				"west": {"uv": [15, 12, 16, 13], "texture": "#0"},
				"up": {"uv": [15, 12, 16, 13], "texture": "#0"},
				"down": {"uv": [15, 12, 16, 13], "texture": "#0"}
			}
		},
		{
			"name": "hexadecagon",
			"from": [7.71993, 3.036, 6.492],
			"to": [8.28007, 3.264, 6.668],
			"rotation": {"angle": 22.5, "axis": "y", "origin": [8, 3.124, 7.9]},
			"faces": {
				"north": {"uv": [15, 12, 16, 13], "texture": "#0"},
				"east": {"uv": [15, 12, 16, 13], "texture": "#0"},
				"south": {"uv": [15, 12, 16, 13], "texture": "#0"},
				"west": {"uv": [15, 12, 16, 13], "texture": "#0"},
				"up": {"uv": [15, 12, 16, 13], "texture": "#0"},
				"down": {"uv": [15, 12, 16, 13], "texture": "#0"}
			}
		},
		{
			"name": "hexadecagon",
			"from": [7.71993, 3.036, 6.492],
			"to": [8.28007, 3.264, 6.668],
			"rotation": {"angle": 45, "axis": "y", "origin": [8, 3.124, 7.9]},
			"faces": {
				"north": {"uv": [15, 12, 16, 13], "texture": "#0"},
				"east": {"uv": [15, 12, 16, 13], "texture": "#0"},
				"south": {"uv": [15, 12, 16, 13], "texture": "#0"},
				"west": {"uv": [15, 12, 16, 13], "texture": "#0"},
				"up": {"uv": [15, 12, 16, 13], "texture": "#0"},
				"down": {"uv": [15, 12, 16, 13], "texture": "#0"}
			}
		},
		{
			"name": "hexadecagon",
			"from": [7.71993, 3.036, 9.132],
			"to": [8.28007, 3.264, 9.308],
			"rotation": {"angle": -45, "axis": "y", "origin": [8, 3.124, 7.9]},
			"faces": {
				"north": {"uv": [15, 12, 16, 13], "texture": "#0"},
				"east": {"uv": [15, 12, 16, 13], "texture": "#0"},
				"south": {"uv": [15, 12, 16, 13], "texture": "#0"},
				"west": {"uv": [15, 12, 16, 13], "texture": "#0"},
				"up": {"uv": [15, 12, 16, 13], "texture": "#0"},
				"down": {"uv": [15, 12, 16, 13], "texture": "#0"}
			}
		},
		{
			"name": "hexadecagon",
			"from": [7.71993, 3.036, 9.132],
			"to": [8.28007, 3.264, 9.308],
			"rotation": {"angle": -22.5, "axis": "y", "origin": [8, 3.124, 7.9]},
			"faces": {
				"north": {"uv": [15, 12, 16, 13], "texture": "#0"},
				"east": {"uv": [15, 12, 16, 13], "texture": "#0"},
				"south": {"uv": [15, 12, 16, 13], "texture": "#0"},
				"west": {"uv": [15, 12, 16, 13], "texture": "#0"},
				"up": {"uv": [15, 12, 16, 13], "texture": "#0"},
				"down": {"uv": [15, 12, 16, 13], "texture": "#0"}
			}
		},
		{
			"name": "hexadecagon",
			"from": [7.71993, 3.036, 9.132],
			"to": [8.28007, 3.264, 9.308],
			"rotation": {"angle": 0, "axis": "y", "origin": [8, 3.124, 7.9]},
			"faces": {
				"north": {"uv": [15, 12, 16, 13], "texture": "#0"},
				"east": {"uv": [15, 12, 16, 13], "texture": "#0"},
				"south": {"uv": [15, 12, 16, 13], "texture": "#0"},
				"west": {"uv": [15, 12, 16, 13], "texture": "#0"},
				"up": {"uv": [15, 12, 16, 13], "texture": "#0"},
				"down": {"uv": [15, 12, 16, 13], "texture": "#0"}
			}
		},
		{
			"name": "hexadecagon",
			"from": [7.71993, 3.036, 9.132],
			"to": [8.28007, 3.264, 9.308],
			"rotation": {"angle": 22.5, "axis": "y", "origin": [8, 3.124, 7.9]},
			"faces": {
				"north": {"uv": [15, 12, 16, 13], "texture": "#0"},
				"east": {"uv": [15, 12, 16, 13], "texture": "#0"},
				"south": {"uv": [15, 12, 16, 13], "texture": "#0"},
				"west": {"uv": [15, 12, 16, 13], "texture": "#0"},
				"up": {"uv": [15, 12, 16, 13], "texture": "#0"},
				"down": {"uv": [15, 12, 16, 13], "texture": "#0"}
			}
		},
		{
			"name": "hexadecagon",
			"from": [7.71993, 3.036, 9.132],
			"to": [8.28007, 3.264, 9.308],
			"rotation": {"angle": 45, "axis": "y", "origin": [8, 3.124, 7.9]},
			"faces": {
				"north": {"uv": [15, 12, 16, 13], "texture": "#0"},
				"east": {"uv": [15, 12, 16, 13], "texture": "#0"},
				"south": {"uv": [15, 12, 16, 13], "texture": "#0"},
				"west": {"uv": [15, 12, 16, 13], "texture": "#0"},
				"up": {"uv": [15, 12, 16, 13], "texture": "#0"},
				"down": {"uv": [15, 12, 16, 13], "texture": "#0"}
			}
		},
		{
			"name": "hexadecagon",
			"from": [6.592, 3.036, 7.61993],
			"to": [6.768, 3.264, 8.18007],
			"rotation": {"angle": -22.5, "axis": "y", "origin": [8, 3.124, 7.9]},
			"faces": {
				"north": {"uv": [15, 12, 16, 13], "texture": "#0"},
				"east": {"uv": [15, 12, 16, 13], "texture": "#0"},
				"south": {"uv": [15, 12, 16, 13], "texture": "#0"},
				"west": {"uv": [15, 12, 16, 13], "texture": "#0"},
				"up": {"uv": [15, 12, 16, 13], "texture": "#0"},
				"down": {"uv": [15, 12, 16, 13], "texture": "#0"}
			}
		},
		{
			"name": "hexadecagon",
			"from": [6.592, 3.036, 7.61993],
			"to": [6.768, 3.264, 8.18007],
			"rotation": {"angle": 0, "axis": "y", "origin": [8, 3.124, 7.9]},
			"faces": {
				"north": {"uv": [15, 12, 16, 13], "texture": "#0"},
				"east": {"uv": [15, 12, 16, 13], "texture": "#0"},
				"south": {"uv": [15, 12, 16, 13], "texture": "#0"},
				"west": {"uv": [15, 12, 16, 13], "texture": "#0"},
				"up": {"uv": [15, 12, 16, 13], "texture": "#0"},
				"down": {"uv": [15, 12, 16, 13], "texture": "#0"}
			}
		},
		{
			"name": "hexadecagon",
			"from": [6.592, 3.036, 7.61993],
			"to": [6.768, 3.264, 8.18007],
			"rotation": {"angle": 22.5, "axis": "y", "origin": [8, 3.124, 7.9]},
			"faces": {
				"north": {"uv": [15, 12, 16, 13], "texture": "#0"},
				"east": {"uv": [15, 12, 16, 13], "texture": "#0"},
				"south": {"uv": [15, 12, 16, 13], "texture": "#0"},
				"west": {"uv": [15, 12, 16, 13], "texture": "#0"},
				"up": {"uv": [15, 12, 16, 13], "texture": "#0"},
				"down": {"uv": [15, 12, 16, 13], "texture": "#0"}
			}
		},
		{
			"name": "hexadecagon",
			"from": [9.232, 3.036, 7.61993],
			"to": [9.408, 3.264, 8.18007],
			"rotation": {"angle": -22.5, "axis": "y", "origin": [8, 3.124, 7.9]},
			"faces": {
				"north": {"uv": [15, 12, 16, 13], "texture": "#0"},
				"east": {"uv": [15, 12, 16, 13], "texture": "#0"},
				"south": {"uv": [15, 12, 16, 13], "texture": "#0"},
				"west": {"uv": [15, 12, 16, 13], "texture": "#0"},
				"up": {"uv": [15, 12, 16, 13], "texture": "#0"},
				"down": {"uv": [15, 12, 16, 13], "texture": "#0"}
			}
		},
		{
			"name": "hexadecagon",
			"from": [9.232, 3.036, 7.61993],
			"to": [9.408, 3.264, 8.18007],
			"rotation": {"angle": 0, "axis": "y", "origin": [8, 3.124, 7.9]},
			"faces": {
				"north": {"uv": [15, 12, 16, 13], "texture": "#0"},
				"east": {"uv": [15, 12, 16, 13], "texture": "#0"},
				"south": {"uv": [15, 12, 16, 13], "texture": "#0"},
				"west": {"uv": [15, 12, 16, 13], "texture": "#0"},
				"up": {"uv": [15, 12, 16, 13], "texture": "#0"},
				"down": {"uv": [15, 12, 16, 13], "texture": "#0"}
			}
		},
		{
			"name": "hexadecagon",
			"from": [9.232, 3.036, 7.61993],
			"to": [9.408, 3.264, 8.18007],
			"rotation": {"angle": 22.5, "axis": "y", "origin": [8, 3.124, 7.9]},
			"faces": {
				"north": {"uv": [15, 12, 16, 13], "texture": "#0"},
				"east": {"uv": [15, 12, 16, 13], "texture": "#0"},
				"south": {"uv": [15, 12, 16, 13], "texture": "#0"},
				"west": {"uv": [15, 12, 16, 13], "texture": "#0"},
				"up": {"uv": [15, 12, 16, 13], "texture": "#0"},
				"down": {"uv": [15, 12, 16, 13], "texture": "#0"}
			}
		}
	],
	"display": {
		"head": {
			"translation": [0, 10.75, 0],
			"scale": [1.25, 1.25, 1.25]
		}
	},
	"groups": [0, 1,
		{
			"name": "hexadecagon",
			"origin": [8, 8, 8],
			"children": [2, 3, 4, 5, 6, 7, 8, 9]
		},
		{
			"name": "hexadecagon",
			"origin": [8, 8, 8],
			"children": [10, 11, 12, 13, 14, 15, 16, 17, 18, 19, 20, 21, 22, 23, 24, 25]
		}
	]
}