{
	"credit": "Made with Blockbench",
	"textures": {
		"0": "block/black_terracotta",
		"1": "block/azalea_top",
		"2": "block/andesite",
		"3": "block/yellow_terracotta",
		"4": "block/yellow_glazed_terracotta",
		"particle": "block/black_terracotta"
	},
	"elements": [
		{
			"name": "hexadecagon",
			"from": [3.145, 7.82993, -16],
			"to": [4.855, 8.17007, 32],
			"rotation": {"angle": -45, "axis": "z", "origin": [4, 8, 8]},
			"faces": {
				"north": {"uv": [1, 0, 0, 1], "rotation": 270, "texture": "#0"},
				"east": {"uv": [1, 0, 0, 1], "rotation": 270, "texture": "#0"},
				"south": {"uv": [1, 0, 0, 1], "rotation": 270, "texture": "#0"},
				"west": {"uv": [1, 0, 0, 1], "rotation": 270, "texture": "#0"},
				"up": {"uv": [1, 0, 0, 1], "rotation": 270, "texture": "#0"},
				"down": {"uv": [1, 0, 0, 1], "rotation": 270, "texture": "#0"}
			}
		},
		{
			"name": "hexadecagon",
			"from": [3.145, 7.82993, -16],
			"to": [4.855, 8.17007, 32],
			"rotation": {"angle": -22.5, "axis": "z", "origin": [4, 8, 8]},
			"faces": {
				"north": {"uv": [1, 0, 0, 1], "rotation": 270, "texture": "#0"},
				"east": {"uv": [1, 0, 0, 1], "rotation": 270, "texture": "#0"},
				"south": {"uv": [1, 0, 0, 1], "rotation": 270, "texture": "#0"},
				"west": {"uv": [1, 0, 0, 1], "rotation": 270, "texture": "#0"},
				"up": {"uv": [1, 0, 0, 1], "rotation": 270, "texture": "#0"},
				"down": {"uv": [1, 0, 0, 1], "rotation": 270, "texture": "#0"}
			}
		},
		{
			"name": "hexadecagon",
			"from": [3.145, 7.82993, -16],
			"to": [4.855, 8.17007, 32],
			"rotation": {"angle": 0, "axis": "x", "origin": [4, 8, 8]},
			"faces": {
				"north": {"uv": [1, 0, 0, 1], "rotation": 270, "texture": "#0"},
				"east": {"uv": [1, 0, 0, 1], "rotation": 270, "texture": "#0"},
				"south": {"uv": [1, 0, 0, 1], "rotation": 270, "texture": "#0"},
				"west": {"uv": [1, 0, 0, 1], "rotation": 270, "texture": "#0"},
				"up": {"uv": [1, 0, 0, 1], "rotation": 270, "texture": "#0"},
				"down": {"uv": [1, 0, 0, 1], "rotation": 270, "texture": "#0"}
			}
		},
		{
			"name": "hexadecagon",
			"from": [3.145, 7.82993, -16],
			"to": [4.855, 8.17007, 32],
			"rotation": {"angle": 22.5, "axis": "z", "origin": [4, 8, 8]},
			"faces": {
				"north": {"uv": [1, 0, 0, 1], "rotation": 270, "texture": "#0"},
				"east": {"uv": [1, 0, 0, 1], "rotation": 270, "texture": "#0"},
				"south": {"uv": [1, 0, 0, 1], "rotation": 270, "texture": "#0"},
				"west": {"uv": [1, 0, 0, 1], "rotation": 270, "texture": "#0"},
				"up": {"uv": [1, 0, 0, 1], "rotation": 270, "texture": "#0"},
				"down": {"uv": [1, 0, 0, 1], "rotation": 270, "texture": "#0"}
			}
		},
		{
			"name": "hexadecagon",
			"from": [3.145, 7.82993, -16],
			"to": [4.855, 8.17007, 32],
			"rotation": {"angle": 45, "axis": "z", "origin": [4, 8, 8]},
			"faces": {
				"north": {"uv": [1, 0, 0, 1], "rotation": 270, "texture": "#0"},
				"east": {"uv": [1, 0, 0, 1], "rotation": 270, "texture": "#0"},
				"south": {"uv": [1, 0, 0, 1], "rotation": 270, "texture": "#0"},
				"west": {"uv": [1, 0, 0, 1], "rotation": 270, "texture": "#0"},
				"up": {"uv": [1, 0, 0, 1], "rotation": 270, "texture": "#0"},
				"down": {"uv": [1, 0, 0, 1], "rotation": 270, "texture": "#0"}
			}
		},
		{
			"name": "hexadecagon",
			"from": [3.82993, 7.145, -16],
			"to": [4.17007, 8.855, 32],
			"rotation": {"angle": -22.5, "axis": "z", "origin": [4, 8, 8]},
			"faces": {
				"north": {"uv": [1, 0, 0, 1], "rotation": 270, "texture": "#0"},
				"east": {"uv": [1, 0, 0, 1], "rotation": 270, "texture": "#0"},
				"south": {"uv": [1, 0, 0, 1], "rotation": 270, "texture": "#0"},
				"west": {"uv": [1, 0, 0, 1], "rotation": 270, "texture": "#0"},
				"up": {"uv": [1, 0, 0, 1], "rotation": 270, "texture": "#0"},
				"down": {"uv": [1, 0, 0, 1], "rotation": 270, "texture": "#0"}
			}
		},
		{
			"name": "hexadecagon",
			"from": [3.82993, 7.145, -16],
			"to": [4.17007, 8.855, 32],
			"rotation": {"angle": 0, "axis": "x", "origin": [4, 8, 8]},
			"faces": {
				"north": {"uv": [1, 0, 0, 1], "rotation": 270, "texture": "#0"},
				"east": {"uv": [1, 0, 0, 1], "rotation": 270, "texture": "#0"},
				"south": {"uv": [1, 0, 0, 1], "rotation": 270, "texture": "#0"},
				"west": {"uv": [1, 0, 0, 1], "rotation": 270, "texture": "#0"},
				"up": {"uv": [1, 0, 0, 1], "rotation": 270, "texture": "#0"},
				"down": {"uv": [1, 0, 0, 1], "rotation": 270, "texture": "#0"}
			}
		},
		{
			"name": "hexadecagon",
			"from": [3.82993, 7.145, -16],
			"to": [4.17007, 8.855, 32],
			"rotation": {"angle": 22.5, "axis": "z", "origin": [4, 8, 8]},
			"faces": {
				"north": {"uv": [1, 0, 0, 1], "rotation": 270, "texture": "#0"},
				"east": {"uv": [1, 0, 0, 1], "rotation": 270, "texture": "#0"},
				"south": {"uv": [1, 0, 0, 1], "rotation": 270, "texture": "#0"},
				"west": {"uv": [1, 0, 0, 1], "rotation": 270, "texture": "#0"},
				"up": {"uv": [1, 0, 0, 1], "rotation": 270, "texture": "#0"},
				"down": {"uv": [1, 0, 0, 1], "rotation": 270, "texture": "#0"}
			}
		},
		{
			"name": "hexadecagon",
			"from": [11.145, 7.82993, -16],
			"to": [12.855, 8.17007, 32],
			"rotation": {"angle": 45, "axis": "z", "origin": [12, 8, 8]},
			"faces": {
				"north": {"uv": [1, 1, 0, 0], "rotation": 270, "texture": "#0"},
				"east": {"uv": [1, 1, 0, 0], "rotation": 270, "texture": "#0"},
				"south": {"uv": [1, 1, 0, 0], "rotation": 270, "texture": "#0"},
				"west": {"uv": [1, 1, 0, 0], "rotation": 270, "texture": "#0"},
				"up": {"uv": [1, 1, 0, 0], "rotation": 270, "texture": "#0"},
				"down": {"uv": [1, 1, 0, 0], "rotation": 270, "texture": "#0"}
			}
		},
		{
			"name": "hexadecagon",
			"from": [11.145, 7.82993, -16],
			"to": [12.855, 8.17007, 32],
			"rotation": {"angle": 22.5, "axis": "z", "origin": [12, 8, 8]},
			"faces": {
				"north": {"uv": [1, 1, 0, 0], "rotation": 270, "texture": "#0"},
				"east": {"uv": [1, 1, 0, 0], "rotation": 270, "texture": "#0"},
				"south": {"uv": [1, 1, 0, 0], "rotation": 270, "texture": "#0"},
				"west": {"uv": [1, 1, 0, 0], "rotation": 270, "texture": "#0"},
				"up": {"uv": [1, 1, 0, 0], "rotation": 270, "texture": "#0"},
				"down": {"uv": [1, 1, 0, 0], "rotation": 270, "texture": "#0"}
			}
		},
		{
			"name": "hexadecagon",
			"from": [11.145, 7.82993, -16],
			"to": [12.855, 8.17007, 32],
			"rotation": {"angle": 0, "axis": "x", "origin": [12, 8, 8]},
			"faces": {
				"north": {"uv": [1, 1, 0, 0], "rotation": 270, "texture": "#0"},
				"east": {"uv": [1, 1, 0, 0], "rotation": 270, "texture": "#0"},
				"south": {"uv": [1, 1, 0, 0], "rotation": 270, "texture": "#0"},
				"west": {"uv": [1, 1, 0, 0], "rotation": 270, "texture": "#0"},
				"up": {"uv": [1, 1, 0, 0], "rotation": 270, "texture": "#0"},
				"down": {"uv": [1, 1, 0, 0], "rotation": 270, "texture": "#0"}
			}
		},
		{
			"name": "hexadecagon",
			"from": [11.145, 7.82993, -16],
			"to": [12.855, 8.17007, 32],
			"rotation": {"angle": -22.5, "axis": "z", "origin": [12, 8, 8]},
			"faces": {
				"north": {"uv": [1, 1, 0, 0], "rotation": 270, "texture": "#0"},
				"east": {"uv": [1, 1, 0, 0], "rotation": 270, "texture": "#0"},
				"south": {"uv": [1, 1, 0, 0], "rotation": 270, "texture": "#0"},
				"west": {"uv": [1, 1, 0, 0], "rotation": 270, "texture": "#0"},
				"up": {"uv": [1, 1, 0, 0], "rotation": 270, "texture": "#0"},
				"down": {"uv": [1, 1, 0, 0], "rotation": 270, "texture": "#0"}
			}
		},
		{
			"name": "hexadecagon",
			"from": [11.145, 7.82993, -16],
			"to": [12.855, 8.17007, 32],
			"rotation": {"angle": -45, "axis": "z", "origin": [12, 8, 8]},
			"faces": {
				"north": {"uv": [1, 1, 0, 0], "rotation": 270, "texture": "#0"},
				"east": {"uv": [1, 1, 0, 0], "rotation": 270, "texture": "#0"},
				"south": {"uv": [1, 1, 0, 0], "rotation": 270, "texture": "#0"},
				"west": {"uv": [1, 1, 0, 0], "rotation": 270, "texture": "#0"},
				"up": {"uv": [1, 1, 0, 0], "rotation": 270, "texture": "#0"},
				"down": {"uv": [1, 1, 0, 0], "rotation": 270, "texture": "#0"}
			}
		},
		{
			"name": "hexadecagon",
			"from": [11.82993, 7.145, -16],
			"to": [12.17007, 8.855, 32],
			"rotation": {"angle": 22.5, "axis": "z", "origin": [12, 8, 8]},
			"faces": {
				"north": {"uv": [1, 1, 0, 0], "rotation": 270, "texture": "#0"},
				"east": {"uv": [1, 1, 0, 0], "rotation": 270, "texture": "#0"},
				"south": {"uv": [1, 1, 0, 0], "rotation": 270, "texture": "#0"},
				"west": {"uv": [1, 1, 0, 0], "rotation": 270, "texture": "#0"},
				"up": {"uv": [1, 1, 0, 0], "rotation": 270, "texture": "#0"},
				"down": {"uv": [1, 1, 0, 0], "rotation": 270, "texture": "#0"}
			}
		},
		{
			"name": "hexadecagon",
			"from": [11.82993, 7.145, -16],
			"to": [12.17007, 8.855, 32],
			"rotation": {"angle": 0, "axis": "x", "origin": [12, 8, 8]},
			"faces": {
				"north": {"uv": [1, 1, 0, 0], "rotation": 270, "texture": "#0"},
				"east": {"uv": [1, 1, 0, 0], "rotation": 270, "texture": "#0"},
				"south": {"uv": [1, 1, 0, 0], "rotation": 270, "texture": "#0"},
				"west": {"uv": [1, 1, 0, 0], "rotation": 270, "texture": "#0"},
				"up": {"uv": [1, 1, 0, 0], "rotation": 270, "texture": "#0"},
				"down": {"uv": [1, 1, 0, 0], "rotation": 270, "texture": "#0"}
			}
		},
		{
			"name": "hexadecagon",
			"from": [11.82993, 7.145, -16],
			"to": [12.17007, 8.855, 32],
			"rotation": {"angle": -22.5, "axis": "z", "origin": [12, 8, 8]},
			"faces": {
				"north": {"uv": [1, 1, 0, 0], "rotation": 270, "texture": "#0"},
				"east": {"uv": [1, 1, 0, 0], "rotation": 270, "texture": "#0"},
				"south": {"uv": [1, 1, 0, 0], "rotation": 270, "texture": "#0"},
				"west": {"uv": [1, 1, 0, 0], "rotation": 270, "texture": "#0"},
				"up": {"uv": [1, 1, 0, 0], "rotation": 270, "texture": "#0"},
				"down": {"uv": [1, 1, 0, 0], "rotation": 270, "texture": "#0"}
			}
		},
		{
			"from": [4.375, 8, 0.5],
			"to": [11.625, 8.5, 1.25],
			"rotation": {"angle": 0, "axis": "y", "origin": [-0.375, 0, 0]},
			"faces": {
				"north": {"uv": [0, 0, 7.25, 0.75], "texture": "#0"},
				"east": {"uv": [0, 0, 7.25, 0.75], "texture": "#0"},
				"south": {"uv": [0, 0, 7.25, 0.75], "texture": "#0"},
				"west": {"uv": [0, 0, 7.25, 0.75], "texture": "#0"},
				"up": {"uv": [0, 0, 7.25, 0.75], "texture": "#0"},
				"down": {"uv": [0, 0, 7.25, 0.75], "texture": "#0"}
			}
		},
		{
			"from": [4.375, 8, -7.5],
			"to": [11.625, 8.5, -6.75],
			"rotation": {"angle": 0, "axis": "y", "origin": [-0.375, 0, 0]},
			"faces": {
				"north": {"uv": [0, 0, 7.25, 0.75], "texture": "#0"},
				"east": {"uv": [0, 0, 7.25, 0.75], "texture": "#0"},
				"south": {"uv": [0, 0, 7.25, 0.75], "texture": "#0"},
				"west": {"uv": [0, 0, 7.25, 0.75], "texture": "#0"},
				"up": {"uv": [0, 0, 7.25, 0.75], "texture": "#0"},
				"down": {"uv": [0, 0, 7.25, 0.75], "texture": "#0"}
			}
		},
		{
			"from": [4.375, 8, -15.5],
			"to": [11.625, 8.5, -14.75],
			"rotation": {"angle": 0, "axis": "y", "origin": [-0.375, 0, 0]},
			"faces": {
				"north": {"uv": [0, 0, 7.25, 0.75], "texture": "#0"},
				"east": {"uv": [0, 0, 7.25, 0.75], "texture": "#0"},
				"south": {"uv": [0, 0, 7.25, 0.75], "texture": "#0"},
				"west": {"uv": [0, 0, 7.25, 0.75], "texture": "#0"},
				"up": {"uv": [0, 0, 7.25, 0.75], "texture": "#0"},
				"down": {"uv": [0, 0, 7.25, 0.75], "texture": "#0"}
			}
		},
		{
			"from": [4.375, 8, 8.5],
			"to": [11.625, 8.5, 9.25],
			"rotation": {"angle": 0, "axis": "y", "origin": [-0.375, 0, 0]},
			"faces": {
				"north": {"uv": [0, 0, 7.25, 0.75], "texture": "#0"},
				"east": {"uv": [0, 0, 7.25, 0.75], "texture": "#0"},
				"south": {"uv": [0, 0, 7.25, 0.75], "texture": "#0"},
				"west": {"uv": [0, 0, 7.25, 0.75], "texture": "#0"},
				"up": {"uv": [0, 0, 7.25, 0.75], "texture": "#0"},
				"down": {"uv": [0, 0, 7.25, 0.75], "texture": "#0"}
			}
		},
		{
			"from": [6.525, 8.5, 0.5],
			"to": [7.025, 8.6, 9.25],
			"rotation": {"angle": 0, "axis": "y", "origin": [-0.375, 0, 0]},
			"faces": {
				"north": {"uv": [11, 4, 12.25, 4.75], "texture": "#0"},
				"east": {"uv": [11, 4, 12.25, 4.75], "texture": "#0"},
				"south": {"uv": [11, 4, 12.25, 4.75], "texture": "#0"},
				"west": {"uv": [11, 4, 12.25, 4.75], "texture": "#0"},
				"up": {"uv": [11, 4, 12.25, 4.75], "texture": "#0"},
				"down": {"uv": [11, 4, 12.25, 4.75], "texture": "#0"}
			}
		},
		{
			"from": [7.525, 8.5, 8.5],
			"to": [8.025, 8.6, 17.25],
			"rotation": {"angle": 0, "axis": "y", "origin": [-0.375, 0, 0]},
			"faces": {
				"north": {"uv": [11, 4, 12.25, 4.75], "texture": "#0"},
				"east": {"uv": [11, 4, 12.25, 4.75], "texture": "#0"},
				"south": {"uv": [11, 4, 12.25, 4.75], "texture": "#0"},
				"west": {"uv": [11, 4, 12.25, 4.75], "texture": "#0"},
				"up": {"uv": [11, 4, 12.25, 4.75], "texture": "#0"},
				"down": {"uv": [11, 4, 12.25, 4.75], "texture": "#0"}
			}
		},
		{
			"from": [6.825, 8.5, 16.5],
			"to": [7.325, 8.6, 25.25],
			"rotation": {"angle": 0, "axis": "y", "origin": [-0.375, 0, 0]},
			"faces": {
				"north": {"uv": [11, 4, 12.25, 4.75], "texture": "#0"},
				"east": {"uv": [11, 4, 12.25, 4.75], "texture": "#0"},
				"south": {"uv": [11, 4, 12.25, 4.75], "texture": "#0"},
				"west": {"uv": [11, 4, 12.25, 4.75], "texture": "#0"},
				"up": {"uv": [11, 4, 12.25, 4.75], "texture": "#0"},
				"down": {"uv": [11, 4, 12.25, 4.75], "texture": "#0"}
			}
		},
		{
			"from": [8.925, 8.5, 0.5],
			"to": [9.425, 8.6, 9.25],
			"rotation": {"angle": 0, "axis": "y", "origin": [-0.375, 0, 0]},
			"faces": {
				"north": {"uv": [11, 4, 12.25, 4.75], "texture": "#0"},
				"east": {"uv": [11, 4, 12.25, 4.75], "texture": "#0"},
				"south": {"uv": [11, 4, 12.25, 4.75], "texture": "#0"},
				"west": {"uv": [11, 4, 12.25, 4.75], "texture": "#0"},
				"up": {"uv": [11, 4, 12.25, 4.75], "texture": "#0"},
				"down": {"uv": [11, 4, 12.25, 4.75], "texture": "#0"}
			}
		},
		{
			"from": [9.925, 8.5, 8.5],
			"to": [10.425, 8.6, 17.25],
			"rotation": {"angle": 0, "axis": "y", "origin": [-0.375, 0, 0]},
			"faces": {
				"north": {"uv": [11, 4, 12.25, 4.75], "texture": "#0"},
				"east": {"uv": [11, 4, 12.25, 4.75], "texture": "#0"},
				"south": {"uv": [11, 4, 12.25, 4.75], "texture": "#0"},
				"west": {"uv": [11, 4, 12.25, 4.75], "texture": "#0"},
				"up": {"uv": [11, 4, 12.25, 4.75], "texture": "#0"},
				"down": {"uv": [11, 4, 12.25, 4.75], "texture": "#0"}
			}
		},
		{
			"from": [9.225, 8.5, 16.5],
			"to": [9.725, 8.6, 25.25],
			"rotation": {"angle": 0, "axis": "y", "origin": [-0.375, 0, 0]},
			"faces": {
				"north": {"uv": [11, 4, 12.25, 4.75], "texture": "#0"},
				"east": {"uv": [11, 4, 12.25, 4.75], "texture": "#0"},
				"south": {"uv": [11, 4, 12.25, 4.75], "texture": "#0"},
				"west": {"uv": [11, 4, 12.25, 4.75], "texture": "#0"},
				"up": {"uv": [11, 4, 12.25, 4.75], "texture": "#0"},
				"down": {"uv": [11, 4, 12.25, 4.75], "texture": "#0"}
			}
		},
		{
			"from": [8.825, 8.5, 24.9],
			"to": [9.325, 8.6, 32],
			"rotation": {"angle": 0, "axis": "y", "origin": [-0.375, 0, 0]},
			"faces": {
				"north": {"uv": [11, 4, 12.25, 4.75], "texture": "#0"},
				"east": {"uv": [11, 4, 12.25, 4.75], "texture": "#0"},
				"south": {"uv": [11, 4, 12.25, 4.75], "texture": "#0"},
				"west": {"uv": [11, 4, 12.25, 4.75], "texture": "#0"},
				"up": {"uv": [11, 4, 12.25, 4.75], "texture": "#0"},
				"down": {"uv": [11, 4, 12.25, 4.75], "texture": "#0"}
			}
		},
		{
			"from": [5.925, 8.5, 24.9],
			"to": [6.425, 8.6, 32],
			"rotation": {"angle": 0, "axis": "y", "origin": [-0.375, 0, 0]},
			"faces": {
				"north": {"uv": [11, 4, 12.25, 4.75], "texture": "#0"},
				"east": {"uv": [11, 4, 12.25, 4.75], "texture": "#0"},
				"south": {"uv": [11, 4, 12.25, 4.75], "texture": "#0"},
				"west": {"uv": [11, 4, 12.25, 4.75], "texture": "#0"},
				"up": {"uv": [11, 4, 12.25, 4.75], "texture": "#0"},
				"down": {"uv": [11, 4, 12.25, 4.75], "texture": "#0"}
			}
		},
		{
			"from": [5.325, 8.5, -16],
			"to": [5.525, 8.6, 32],
			"rotation": {"angle": 0, "axis": "y", "origin": [-0.375, 0, 0]},
			"faces": {
				"north": {"uv": [11, 4, 12.25, 4.75], "texture": "#2"},
				"east": {"uv": [11, 4, 12.25, 4.75], "texture": "#2"},
				"south": {"uv": [11, 4, 12.25, 4.75], "texture": "#2"},
				"west": {"uv": [11, 4, 12.25, 4.75], "texture": "#2"},
				"up": {"uv": [11, 4, 12.25, 4.75], "texture": "#2"},
				"down": {"uv": [11, 4, 12.25, 4.75], "texture": "#2"}
			}
		},
		{
			"from": [5.625, 8.5, -16],
			"to": [5.825, 8.6, 32],
			"rotation": {"angle": 0, "axis": "y", "origin": [-0.375, 0, 0]},
			"faces": {
				"north": {"uv": [11, 4, 12.25, 4.75], "texture": "#2"},
				"east": {"uv": [11, 4, 12.25, 4.75], "texture": "#2"},
				"south": {"uv": [11, 4, 12.25, 4.75], "texture": "#2"},
				"west": {"uv": [11, 4, 12.25, 4.75], "texture": "#2"},
				"up": {"uv": [11, 4, 12.25, 4.75], "texture": "#2"},
				"down": {"uv": [11, 4, 12.25, 4.75], "texture": "#2"}
			}
		},
		{
			"from": [4.375, 8, 16.5],
			"to": [11.625, 8.5, 17.25],
			"rotation": {"angle": 0, "axis": "y", "origin": [-0.375, 0, 0]},
			"faces": {
				"north": {"uv": [0, 0, 7.25, 0.75], "texture": "#0"},
				"east": {"uv": [0, 0, 7.25, 0.75], "texture": "#0"},
				"south": {"uv": [0, 0, 7.25, 0.75], "texture": "#0"},
				"west": {"uv": [0, 0, 7.25, 0.75], "texture": "#0"},
				"up": {"uv": [0, 0, 7.25, 0.75], "texture": "#0"},
				"down": {"uv": [0, 0, 7.25, 0.75], "texture": "#0"}
			}
		},
		{
			"from": [4.375, 8, 24.5],
			"to": [11.625, 8.5, 25.25],
			"rotation": {"angle": 0, "axis": "y", "origin": [-0.375, 0, 0]},
			"faces": {
				"north": {"uv": [0, 0, 7.25, 0.75], "texture": "#0"},
				"east": {"uv": [0, 0, 7.25, 0.75], "texture": "#0"},
				"south": {"uv": [0, 0, 7.25, 0.75], "texture": "#0"},
				"west": {"uv": [0, 0, 7.25, 0.75], "texture": "#0"},
				"up": {"uv": [0, 0, 7.25, 0.75], "texture": "#0"},
				"down": {"uv": [0, 0, 7.25, 0.75], "texture": "#0"}
			}
		},
		{
			"from": [4.875, 8.4, -1.5],
			"to": [6.625, 8.75, 1.5],
			"rotation": {"angle": 0, "axis": "y", "origin": [-0.375, 0, 0]},
			"faces": {
				"north": {"uv": [10, 0, 11.25, 0.75], "texture": "#1"},
				"east": {"uv": [10, 0, 11.25, 0.75], "texture": "#1"},
				"south": {"uv": [10, 0, 11.25, 0.75], "texture": "#1"},
				"west": {"uv": [10, 0, 11.25, 0.75], "texture": "#1"},
				"up": {"uv": [10, 0, 11.25, 0.75], "texture": "#1"},
				"down": {"uv": [10, 0, 11.25, 0.75], "texture": "#1"}
			}
		},
		{
			"from": [9.375, 8.4, -1.5],
			"to": [11.125, 8.75, 1.5],
			"rotation": {"angle": 0, "axis": "y", "origin": [16.375, 0, 0]},
			"faces": {
				"north": {"uv": [11.25, 0, 10, 0.75], "texture": "#1"},
				"east": {"uv": [11.25, 0, 10, 0.75], "texture": "#1"},
				"south": {"uv": [11.25, 0, 10, 0.75], "texture": "#1"},
				"west": {"uv": [11.25, 0, 10, 0.75], "texture": "#1"},
				"up": {"uv": [11.25, 0, 10, 0.75], "texture": "#1"},
				"down": {"uv": [11.25, 0, 10, 0.75], "texture": "#1"}
			}
		},
		{
			"from": [4.375, 8, -0.6],
			"to": [11.625, 8.5, 0.15],
			"rotation": {"angle": 0, "axis": "y", "origin": [-0.375, 0, 0]},
			"faces": {
				"north": {"uv": [0, 0, 7.25, 0.75], "texture": "#0"},
				"east": {"uv": [0, 0, 7.25, 0.75], "texture": "#0"},
				"south": {"uv": [0, 0, 7.25, 0.75], "texture": "#0"},
				"west": {"uv": [0, 0, 7.25, 0.75], "texture": "#0"},
				"up": {"uv": [0, 0, 7.25, 0.75], "texture": "#0"},
				"down": {"uv": [0, 0, 7.25, 0.75], "texture": "#0"}
			}
		},
		{
			"from": [-1, 10.2, -16],
			"to": [0.5, 11.2, 32],
			"faces": {
				"north": {"uv": [0, 0, 2, 16], "texture": "#3"},
				"east": {"uv": [0, 0, 2, 16], "texture": "#3"},
				"south": {"uv": [0, 0, 2, 16], "texture": "#3"},
				"west": {"uv": [0, 0, 2, 16], "texture": "#3"},
				"up": {"uv": [0, 0, 2, 16], "texture": "#3"},
				"down": {"uv": [0, 0, 2, 16], "texture": "#3"}
			}
		},
		{
			"from": [15.5, 10.2, -16],
			"to": [17, 11.2, 32],
			"rotation": {"angle": 0, "axis": "y", "origin": [16, 0, 0]},
			"faces": {
				"north": {"uv": [2, 0, 0, 16], "texture": "#3"},
				"east": {"uv": [2, 0, 0, 16], "texture": "#3"},
				"south": {"uv": [2, 0, 0, 16], "texture": "#3"},
				"west": {"uv": [2, 0, 0, 16], "texture": "#3"},
				"up": {"uv": [2, 0, 0, 16], "texture": "#3"},
				"down": {"uv": [2, 0, 0, 16], "texture": "#3"}
			}
		},
		{
			"from": [17, 10.2, -16],
			"to": [20, 11.2, 32],
			"rotation": {"angle": 0, "axis": "y", "origin": [16, 0, 0]},
			"faces": {
				"north": {"uv": [2, 0, 0, 16], "texture": "#3"},
				"east": {"uv": [2, 0, 0, 16], "texture": "#3"},
				"south": {"uv": [2, 0, 0, 16], "texture": "#3"},
				"west": {"uv": [2, 0, 0, 16], "texture": "#3"},
				"up": {"uv": [13, 16, 16, 0], "texture": "#4"},
				"down": {"uv": [2, 0, 0, 16], "texture": "#3"}
			}
		},
		{
			"from": [-4, 10.2, -16],
			"to": [-1, 11.2, 32],
			"faces": {
				"north": {"uv": [0, 0, 2, 16], "texture": "#3"},
				"east": {"uv": [0, 0, 2, 16], "texture": "#3"},
				"south": {"uv": [0, 0, 2, 16], "texture": "#3"},
				"west": {"uv": [0, 0, 2, 16], "texture": "#3"},
				"up": {"uv": [16, 16, 13, 0], "texture": "#4"},
				"down": {"uv": [0, 0, 2, 16], "texture": "#3"}
			}
		},
		{
			"from": [-9, 10.2, -16],
			"to": [-4, 11.2, 32],
			"faces": {
				"north": {"uv": [16, 16, 13, 0], "texture": "#2"},
				"east": {"uv": [16, 16, 13, 0], "texture": "#2"},
				"south": {"uv": [16, 16, 13, 0], "texture": "#2"},
				"west": {"uv": [16, 16, 13, 0], "texture": "#2"},
				"up": {"uv": [16, 16, 13, 0], "texture": "#2"},
				"down": {"uv": [16, 16, 13, 0], "texture": "#2"}
			}
		},
		{
			"from": [20, 10.2, -16],
			"to": [25, 11.2, 32],
			"rotation": {"angle": 0, "axis": "y", "origin": [16, 0, 0]},
			"faces": {
				"north": {"uv": [13, 16, 16, 0], "texture": "#2"},
				"east": {"uv": [13, 16, 16, 0], "texture": "#2"},
				"south": {"uv": [13, 16, 16, 0], "texture": "#2"},
				"west": {"uv": [13, 16, 16, 0], "texture": "#2"},
				"up": {"uv": [13, 16, 16, 0], "texture": "#2"},
				"down": {"uv": [13, 16, 16, 0], "texture": "#2"}
			}
		}
	],
	"display": {
		"gui": {
			"rotation": [21, -21, 0],
			"translation": [0, -0.25, 0],
			"scale": [0.53, 0.53, 0.48]
		},
		"head": {
			"scale": [3.45, 3.45, 3.45]
		}
	},
	"groups": [
		{
			"name": "hexadecagon",
			"origin": [8, 8, 8],
			"color": 0,
			"children": [0, 1, 2, 3, 4, 5, 6, 7, 8, 9, 10, 11, 12, 13, 14, 15]
		},
		16,
		17,
		18,
		19,
		20,
		21,
		22,
		23,
		24,
		25,
		26,
		27,
		28,
		29,
		30,
		31,
		32,
		33,
		34,
		35,
		36,
		37,
		38,
		39,
		40
	]
}