{
	"credit": "Made with Blockbench",
	"textures": {
		"0": "block/black_terracotta",
		"particle": "block/black_terracotta"
	},
	"elements": [
		{
			"name": "hexadecagon",
			"from": [3.145, 7.82993, 1],
			"to": [4.855, 8.17007, 15],
			"rotation": {"angle": -45, "axis": "z", "origin": [4, 8, 8]},
			"faces": {
				"north": {"uv": [1, 0, 0, 1], "rotation": 270, "texture": "#0"},
				"east": {"uv": [1, 0, 0, 1], "rotation": 270, "texture": "#0"},
				"south": {"uv": [1, 0, 0, 1], "rotation": 270, "texture": "#0"},
				"west": {"uv": [1, 0, 0, 1], "rotation": 270, "texture": "#0"},
				"up": {"uv": [1, 0, 0, 1], "rotation": 270, "texture": "#0"},
				"down": {"uv": [1, 0, 0, 1], "rotation": 270, "texture": "#0"}
			}
		},
		{
			"name": "hexadecagon",
			"from": [3.145, 7.82993, 1],
			"to": [4.855, 8.17007, 15],
			"rotation": {"angle": -22.5, "axis": "z", "origin": [4, 8, 8]},
			"faces": {
				"north": {"uv": [1, 0, 0, 1], "rotation": 270, "texture": "#0"},
				"east": {"uv": [1, 0, 0, 1], "rotation": 270, "texture": "#0"},
				"south": {"uv": [1, 0, 0, 1], "rotation": 270, "texture": "#0"},
				"west": {"uv": [1, 0, 0, 1], "rotation": 270, "texture": "#0"},
				"up": {"uv": [1, 0, 0, 1], "rotation": 270, "texture": "#0"},
				"down": {"uv": [1, 0, 0, 1], "rotation": 270, "texture": "#0"}
			}
		},
		{
			"name": "hexadecagon",
			"from": [3.145, 7.82993, 1],
			"to": [4.855, 8.17007, 15],
			"rotation": {"angle": 0, "axis": "x", "origin": [4, 8, 8]},
			"faces": {
				"north": {"uv": [1, 0, 0, 1], "rotation": 270, "texture": "#0"},
				"east": {"uv": [1, 0, 0, 1], "rotation": 270, "texture": "#0"},
				"south": {"uv": [1, 0, 0, 1], "rotation": 270, "texture": "#0"},
				"west": {"uv": [1, 0, 0, 1], "rotation": 270, "texture": "#0"},
				"up": {"uv": [1, 0, 0, 1], "rotation": 270, "texture": "#0"},
				"down": {"uv": [1, 0, 0, 1], "rotation": 270, "texture": "#0"}
			}
		},
		{
			"name": "hexadecagon",
			"from": [3.145, 7.82993, 1],
			"to": [4.855, 8.17007, 15],
			"rotation": {"angle": 22.5, "axis": "z", "origin": [4, 8, 8]},
			"faces": {
				"north": {"uv": [1, 0, 0, 1], "rotation": 270, "texture": "#0"},
				"east": {"uv": [1, 0, 0, 1], "rotation": 270, "texture": "#0"},
				"south": {"uv": [1, 0, 0, 1], "rotation": 270, "texture": "#0"},
				"west": {"uv": [1, 0, 0, 1], "rotation": 270, "texture": "#0"},
				"up": {"uv": [1, 0, 0, 1], "rotation": 270, "texture": "#0"},
				"down": {"uv": [1, 0, 0, 1], "rotation": 270, "texture": "#0"}
			}
		},
		{
			"name": "hexadecagon",
			"from": [3.145, 7.82993, 1],
			"to": [4.855, 8.17007, 15],
			"rotation": {"angle": 45, "axis": "z", "origin": [4, 8, 8]},
			"faces": {
				"north": {"uv": [1, 0, 0, 1], "rotation": 270, "texture": "#0"},
				"east": {"uv": [1, 0, 0, 1], "rotation": 270, "texture": "#0"},
				"south": {"uv": [1, 0, 0, 1], "rotation": 270, "texture": "#0"},
				"west": {"uv": [1, 0, 0, 1], "rotation": 270, "texture": "#0"},
				"up": {"uv": [1, 0, 0, 1], "rotation": 270, "texture": "#0"},
				"down": {"uv": [1, 0, 0, 1], "rotation": 270, "texture": "#0"}
			}
		},
		{
			"name": "hexadecagon",
			"from": [3.82993, 7.145, 1],
			"to": [4.17007, 8.855, 15],
			"rotation": {"angle": -22.5, "axis": "z", "origin": [4, 8, 8]},
			"faces": {
				"north": {"uv": [1, 0, 0, 1], "rotation": 270, "texture": "#0"},
				"east": {"uv": [1, 0, 0, 1], "rotation": 270, "texture": "#0"},
				"south": {"uv": [1, 0, 0, 1], "rotation": 270, "texture": "#0"},
				"west": {"uv": [1, 0, 0, 1], "rotation": 270, "texture": "#0"},
				"up": {"uv": [1, 0, 0, 1], "rotation": 270, "texture": "#0"},
				"down": {"uv": [1, 0, 0, 1], "rotation": 270, "texture": "#0"}
			}
		},
		{
			"name": "hexadecagon",
			"from": [3.82993, 7.145, 1],
			"to": [4.17007, 8.855, 15],
			"rotation": {"angle": 0, "axis": "x", "origin": [4, 8, 8]},
			"faces": {
				"north": {"uv": [1, 0, 0, 1], "rotation": 270, "texture": "#0"},
				"east": {"uv": [1, 0, 0, 1], "rotation": 270, "texture": "#0"},
				"south": {"uv": [1, 0, 0, 1], "rotation": 270, "texture": "#0"},
				"west": {"uv": [1, 0, 0, 1], "rotation": 270, "texture": "#0"},
				"up": {"uv": [1, 0, 0, 1], "rotation": 270, "texture": "#0"},
				"down": {"uv": [1, 0, 0, 1], "rotation": 270, "texture": "#0"}
			}
		},
		{
			"name": "hexadecagon",
			"from": [3.82993, 7.145, 1],
			"to": [4.17007, 8.855, 15],
			"rotation": {"angle": 22.5, "axis": "z", "origin": [4, 8, 8]},
			"faces": {
				"north": {"uv": [1, 0, 0, 1], "rotation": 270, "texture": "#0"},
				"east": {"uv": [1, 0, 0, 1], "rotation": 270, "texture": "#0"},
				"south": {"uv": [1, 0, 0, 1], "rotation": 270, "texture": "#0"},
				"west": {"uv": [1, 0, 0, 1], "rotation": 270, "texture": "#0"},
				"up": {"uv": [1, 0, 0, 1], "rotation": 270, "texture": "#0"},
				"down": {"uv": [1, 0, 0, 1], "rotation": 270, "texture": "#0"}
			}
		},
		{
			"name": "hexadecagon",
			"from": [11.145, 7.82993, 1],
			"to": [12.855, 8.17007, 15],
			"rotation": {"angle": 45, "axis": "z", "origin": [12, 8, 8]},
			"faces": {
				"north": {"uv": [1, 1, 0, 0], "rotation": 270, "texture": "#0"},
				"east": {"uv": [1, 1, 0, 0], "rotation": 270, "texture": "#0"},
				"south": {"uv": [1, 1, 0, 0], "rotation": 270, "texture": "#0"},
				"west": {"uv": [1, 1, 0, 0], "rotation": 270, "texture": "#0"},
				"up": {"uv": [1, 1, 0, 0], "rotation": 270, "texture": "#0"},
				"down": {"uv": [1, 1, 0, 0], "rotation": 270, "texture": "#0"}
			}
		},
		{
			"name": "hexadecagon",
			"from": [11.145, 7.82993, 1],
			"to": [12.855, 8.17007, 15],
			"rotation": {"angle": 22.5, "axis": "z", "origin": [12, 8, 8]},
			"faces": {
				"north": {"uv": [1, 1, 0, 0], "rotation": 270, "texture": "#0"},
				"east": {"uv": [1, 1, 0, 0], "rotation": 270, "texture": "#0"},
				"south": {"uv": [1, 1, 0, 0], "rotation": 270, "texture": "#0"},
				"west": {"uv": [1, 1, 0, 0], "rotation": 270, "texture": "#0"},
				"up": {"uv": [1, 1, 0, 0], "rotation": 270, "texture": "#0"},
				"down": {"uv": [1, 1, 0, 0], "rotation": 270, "texture": "#0"}
			}
		},
		{
			"name": "hexadecagon",
			"from": [11.145, 7.82993, 1],
			"to": [12.855, 8.17007, 15],
			"rotation": {"angle": 0, "axis": "x", "origin": [12, 8, 8]},
			"faces": {
				"north": {"uv": [1, 1, 0, 0], "rotation": 270, "texture": "#0"},
				"east": {"uv": [1, 1, 0, 0], "rotation": 270, "texture": "#0"},
				"south": {"uv": [1, 1, 0, 0], "rotation": 270, "texture": "#0"},
				"west": {"uv": [1, 1, 0, 0], "rotation": 270, "texture": "#0"},
				"up": {"uv": [1, 1, 0, 0], "rotation": 270, "texture": "#0"},
				"down": {"uv": [1, 1, 0, 0], "rotation": 270, "texture": "#0"}
			}
		},
		{
			"name": "hexadecagon",
			"from": [11.145, 7.82993, 1],
			"to": [12.855, 8.17007, 15],
			"rotation": {"angle": -22.5, "axis": "z", "origin": [12, 8, 8]},
			"faces": {
				"north": {"uv": [1, 1, 0, 0], "rotation": 270, "texture": "#0"},
				"east": {"uv": [1, 1, 0, 0], "rotation": 270, "texture": "#0"},
				"south": {"uv": [1, 1, 0, 0], "rotation": 270, "texture": "#0"},
				"west": {"uv": [1, 1, 0, 0], "rotation": 270, "texture": "#0"},
				"up": {"uv": [1, 1, 0, 0], "rotation": 270, "texture": "#0"},
				"down": {"uv": [1, 1, 0, 0], "rotation": 270, "texture": "#0"}
			}
		},
		{
			"name": "hexadecagon",
			"from": [11.145, 7.82993, 1],
			"to": [12.855, 8.17007, 15],
			"rotation": {"angle": -45, "axis": "z", "origin": [12, 8, 8]},
			"faces": {
				"north": {"uv": [1, 1, 0, 0], "rotation": 270, "texture": "#0"},
				"east": {"uv": [1, 1, 0, 0], "rotation": 270, "texture": "#0"},
				"south": {"uv": [1, 1, 0, 0], "rotation": 270, "texture": "#0"},
				"west": {"uv": [1, 1, 0, 0], "rotation": 270, "texture": "#0"},
				"up": {"uv": [1, 1, 0, 0], "rotation": 270, "texture": "#0"},
				"down": {"uv": [1, 1, 0, 0], "rotation": 270, "texture": "#0"}
			}
		},
		{
			"name": "hexadecagon",
			"from": [11.82993, 7.145, 1],
			"to": [12.17007, 8.855, 15],
			"rotation": {"angle": 22.5, "axis": "z", "origin": [12, 8, 8]},
			"faces": {
				"north": {"uv": [1, 1, 0, 0], "rotation": 270, "texture": "#0"},
				"east": {"uv": [1, 1, 0, 0], "rotation": 270, "texture": "#0"},
				"south": {"uv": [1, 1, 0, 0], "rotation": 270, "texture": "#0"},
				"west": {"uv": [1, 1, 0, 0], "rotation": 270, "texture": "#0"},
				"up": {"uv": [1, 1, 0, 0], "rotation": 270, "texture": "#0"},
				"down": {"uv": [1, 1, 0, 0], "rotation": 270, "texture": "#0"}
			}
		},
		{
			"name": "hexadecagon",
			"from": [11.82993, 7.145, 1],
			"to": [12.17007, 8.855, 15],
			"rotation": {"angle": 0, "axis": "x", "origin": [12, 8, 8]},
			"faces": {
				"north": {"uv": [1, 1, 0, 0], "rotation": 270, "texture": "#0"},
				"east": {"uv": [1, 1, 0, 0], "rotation": 270, "texture": "#0"},
				"south": {"uv": [1, 1, 0, 0], "rotation": 270, "texture": "#0"},
				"west": {"uv": [1, 1, 0, 0], "rotation": 270, "texture": "#0"},
				"up": {"uv": [1, 1, 0, 0], "rotation": 270, "texture": "#0"},
				"down": {"uv": [1, 1, 0, 0], "rotation": 270, "texture": "#0"}
			}
		},
		{
			"name": "hexadecagon",
			"from": [11.82993, 7.145, 1],
			"to": [12.17007, 8.855, 15],
			"rotation": {"angle": -22.5, "axis": "z", "origin": [12, 8, 8]},
			"faces": {
				"north": {"uv": [1, 1, 0, 0], "rotation": 270, "texture": "#0"},
				"east": {"uv": [1, 1, 0, 0], "rotation": 270, "texture": "#0"},
				"south": {"uv": [1, 1, 0, 0], "rotation": 270, "texture": "#0"},
				"west": {"uv": [1, 1, 0, 0], "rotation": 270, "texture": "#0"},
				"up": {"uv": [1, 1, 0, 0], "rotation": 270, "texture": "#0"},
				"down": {"uv": [1, 1, 0, 0], "rotation": 270, "texture": "#0"}
			}
		},
		{
			"from": [4.375, 8, 3.625],
			"to": [11.625, 8.5, 4.375],
			"rotation": {"angle": 0, "axis": "y", "origin": [-0.375, 0, -4.875]},
			"faces": {
				"north": {"uv": [0, 0, 7.25, 0.75], "texture": "#0"},
				"east": {"uv": [0, 0, 7.25, 0.75], "texture": "#0"},
				"south": {"uv": [0, 0, 7.25, 0.75], "texture": "#0"},
				"west": {"uv": [0, 0, 7.25, 0.75], "texture": "#0"},
				"up": {"uv": [0, 0, 7.25, 0.75], "texture": "#0"},
				"down": {"uv": [0, 0, 7.25, 0.75], "texture": "#0"}
			}
		},
		{
			"from": [4.375, 8, 11.625],
			"to": [11.625, 8.5, 12.375],
			"rotation": {"angle": 0, "axis": "y", "origin": [-0.375, 0, -4.875]},
			"faces": {
				"north": {"uv": [0, 0, 7.25, 0.75], "texture": "#0"},
				"east": {"uv": [0, 0, 7.25, 0.75], "texture": "#0"},
				"south": {"uv": [0, 0, 7.25, 0.75], "texture": "#0"},
				"west": {"uv": [0, 0, 7.25, 0.75], "texture": "#0"},
				"up": {"uv": [0, 0, 7.25, 0.75], "texture": "#0"},
				"down": {"uv": [0, 0, 7.25, 0.75], "texture": "#0"}
			}
		}
	],
	"display": {
		"gui": {
			"rotation": [21, -21, 0],
			"translation": [0, -0.25, 0],
			"scale": [0.53, 0.53, 0.48]
		},
		"head": {
			"scale": [3.45, 3.45, 3.45]
		}
	},
	"groups": [
		{
			"name": "hexadecagon",
			"origin": [8, 8, 8],
			"color": 0,
			"children": [0, 1, 2, 3, 4, 5, 6, 7, 8, 9, 10, 11, 12, 13, 14, 15]
		},
		16,
		17
	]
}