{
	"credit": "Made with Blockbench",
	"textures": {
		"0": "block/black_terracotta",
		"5": "block/bone_block_side",
		"particle": "block/black_terracotta"
	},
	"elements": [
		{
			"name": "hexadecagon",
			"from": [3.145, 7.82993, -16],
			"to": [4.855, 8.17007, 32],
			"rotation": {"angle": -45, "axis": "z", "origin": [4, 8, 8]},
			"faces": {
				"north": {"uv": [1, 0, 0, 1], "rotation": 270, "texture": "#0"},
				"east": {"uv": [1, 0, 0, 1], "rotation": 270, "texture": "#0"},
				"south": {"uv": [1, 0, 0, 1], "rotation": 270, "texture": "#0"},
				"west": {"uv": [1, 0, 0, 1], "rotation": 270, "texture": "#0"},
				"up": {"uv": [1, 0, 0, 1], "rotation": 270, "texture": "#0"},
				"down": {"uv": [1, 0, 0, 1], "rotation": 270, "texture": "#0"}
			}
		},
		{
			"name": "hexadecagon",
			"from": [3.145, 7.82993, -16],
			"to": [4.855, 8.17007, 32],
			"rotation": {"angle": -22.5, "axis": "z", "origin": [4, 8, 8]},
			"faces": {
				"north": {"uv": [1, 0, 0, 1], "rotation": 270, "texture": "#0"},
				"east": {"uv": [1, 0, 0, 1], "rotation": 270, "texture": "#0"},
				"south": {"uv": [1, 0, 0, 1], "rotation": 270, "texture": "#0"},
				"west": {"uv": [1, 0, 0, 1], "rotation": 270, "texture": "#0"},
				"up": {"uv": [1, 0, 0, 1], "rotation": 270, "texture": "#0"},
				"down": {"uv": [1, 0, 0, 1], "rotation": 270, "texture": "#0"}
			}
		},
		{
			"name": "hexadecagon",
			"from": [3.145, 7.82993, -16],
			"to": [4.855, 8.17007, 32],
			"rotation": {"angle": 0, "axis": "x", "origin": [4, 8, 8]},
			"faces": {
				"north": {"uv": [1, 0, 0, 1], "rotation": 270, "texture": "#0"},
				"east": {"uv": [1, 0, 0, 1], "rotation": 270, "texture": "#0"},
				"south": {"uv": [1, 0, 0, 1], "rotation": 270, "texture": "#0"},
				"west": {"uv": [1, 0, 0, 1], "rotation": 270, "texture": "#0"},
				"up": {"uv": [1, 0, 0, 1], "rotation": 270, "texture": "#0"},
				"down": {"uv": [1, 0, 0, 1], "rotation": 270, "texture": "#0"}
			}
		},
		{
			"name": "hexadecagon",
			"from": [3.145, 7.82993, -16],
			"to": [4.855, 8.17007, 32],
			"rotation": {"angle": 22.5, "axis": "z", "origin": [4, 8, 8]},
			"faces": {
				"north": {"uv": [1, 0, 0, 1], "rotation": 270, "texture": "#0"},
				"east": {"uv": [1, 0, 0, 1], "rotation": 270, "texture": "#0"},
				"south": {"uv": [1, 0, 0, 1], "rotation": 270, "texture": "#0"},
				"west": {"uv": [1, 0, 0, 1], "rotation": 270, "texture": "#0"},
				"up": {"uv": [1, 0, 0, 1], "rotation": 270, "texture": "#0"},
				"down": {"uv": [1, 0, 0, 1], "rotation": 270, "texture": "#0"}
			}
		},
		{
			"name": "hexadecagon",
			"from": [3.145, 7.82993, -16],
			"to": [4.855, 8.17007, 32],
			"rotation": {"angle": 45, "axis": "z", "origin": [4, 8, 8]},
			"faces": {
				"north": {"uv": [1, 0, 0, 1], "rotation": 270, "texture": "#0"},
				"east": {"uv": [1, 0, 0, 1], "rotation": 270, "texture": "#0"},
				"south": {"uv": [1, 0, 0, 1], "rotation": 270, "texture": "#0"},
				"west": {"uv": [1, 0, 0, 1], "rotation": 270, "texture": "#0"},
				"up": {"uv": [1, 0, 0, 1], "rotation": 270, "texture": "#0"},
				"down": {"uv": [1, 0, 0, 1], "rotation": 270, "texture": "#0"}
			}
		},
		{
			"name": "hexadecagon",
			"from": [3.82993, 7.145, -16],
			"to": [4.17007, 8.855, 32],
			"rotation": {"angle": -22.5, "axis": "z", "origin": [4, 8, 8]},
			"faces": {
				"north": {"uv": [1, 0, 0, 1], "rotation": 270, "texture": "#0"},
				"east": {"uv": [1, 0, 0, 1], "rotation": 270, "texture": "#0"},
				"south": {"uv": [1, 0, 0, 1], "rotation": 270, "texture": "#0"},
				"west": {"uv": [1, 0, 0, 1], "rotation": 270, "texture": "#0"},
				"up": {"uv": [1, 0, 0, 1], "rotation": 270, "texture": "#0"},
				"down": {"uv": [1, 0, 0, 1], "rotation": 270, "texture": "#0"}
			}
		},
		{
			"name": "hexadecagon",
			"from": [3.82993, 7.145, -16],
			"to": [4.17007, 8.855, 32],
			"rotation": {"angle": 0, "axis": "x", "origin": [4, 8, 8]},
			"faces": {
				"north": {"uv": [1, 0, 0, 1], "rotation": 270, "texture": "#0"},
				"east": {"uv": [1, 0, 0, 1], "rotation": 270, "texture": "#0"},
				"south": {"uv": [1, 0, 0, 1], "rotation": 270, "texture": "#0"},
				"west": {"uv": [1, 0, 0, 1], "rotation": 270, "texture": "#0"},
				"up": {"uv": [1, 0, 0, 1], "rotation": 270, "texture": "#0"},
				"down": {"uv": [1, 0, 0, 1], "rotation": 270, "texture": "#0"}
			}
		},
		{
			"name": "hexadecagon",
			"from": [3.82993, 7.145, -16],
			"to": [4.17007, 8.855, 32],
			"rotation": {"angle": 22.5, "axis": "z", "origin": [4, 8, 8]},
			"faces": {
				"north": {"uv": [1, 0, 0, 1], "rotation": 270, "texture": "#0"},
				"east": {"uv": [1, 0, 0, 1], "rotation": 270, "texture": "#0"},
				"south": {"uv": [1, 0, 0, 1], "rotation": 270, "texture": "#0"},
				"west": {"uv": [1, 0, 0, 1], "rotation": 270, "texture": "#0"},
				"up": {"uv": [1, 0, 0, 1], "rotation": 270, "texture": "#0"},
				"down": {"uv": [1, 0, 0, 1], "rotation": 270, "texture": "#0"}
			}
		},
		{
			"name": "hexadecagon",
			"from": [11.145, 7.82993, -16],
			"to": [12.855, 8.17007, 32],
			"rotation": {"angle": 45, "axis": "z", "origin": [12, 8, 8]},
			"faces": {
				"north": {"uv": [1, 1, 0, 0], "rotation": 270, "texture": "#0"},
				"east": {"uv": [1, 1, 0, 0], "rotation": 270, "texture": "#0"},
				"south": {"uv": [1, 1, 0, 0], "rotation": 270, "texture": "#0"},
				"west": {"uv": [1, 1, 0, 0], "rotation": 270, "texture": "#0"},
				"up": {"uv": [1, 1, 0, 0], "rotation": 270, "texture": "#0"},
				"down": {"uv": [1, 1, 0, 0], "rotation": 270, "texture": "#0"}
			}
		},
		{
			"name": "hexadecagon",
			"from": [11.145, 7.82993, -16],
			"to": [12.855, 8.17007, 32],
			"rotation": {"angle": 22.5, "axis": "z", "origin": [12, 8, 8]},
			"faces": {
				"north": {"uv": [1, 1, 0, 0], "rotation": 270, "texture": "#0"},
				"east": {"uv": [1, 1, 0, 0], "rotation": 270, "texture": "#0"},
				"south": {"uv": [1, 1, 0, 0], "rotation": 270, "texture": "#0"},
				"west": {"uv": [1, 1, 0, 0], "rotation": 270, "texture": "#0"},
				"up": {"uv": [1, 1, 0, 0], "rotation": 270, "texture": "#0"},
				"down": {"uv": [1, 1, 0, 0], "rotation": 270, "texture": "#0"}
			}
		},
		{
			"name": "hexadecagon",
			"from": [11.145, 7.82993, -16],
			"to": [12.855, 8.17007, 32],
			"rotation": {"angle": 0, "axis": "x", "origin": [12, 8, 8]},
			"faces": {
				"north": {"uv": [1, 1, 0, 0], "rotation": 270, "texture": "#0"},
				"east": {"uv": [1, 1, 0, 0], "rotation": 270, "texture": "#0"},
				"south": {"uv": [1, 1, 0, 0], "rotation": 270, "texture": "#0"},
				"west": {"uv": [1, 1, 0, 0], "rotation": 270, "texture": "#0"},
				"up": {"uv": [1, 1, 0, 0], "rotation": 270, "texture": "#0"},
				"down": {"uv": [1, 1, 0, 0], "rotation": 270, "texture": "#0"}
			}
		},
		{
			"name": "hexadecagon",
			"from": [11.145, 7.82993, -16],
			"to": [12.855, 8.17007, 32],
			"rotation": {"angle": -22.5, "axis": "z", "origin": [12, 8, 8]},
			"faces": {
				"north": {"uv": [1, 1, 0, 0], "rotation": 270, "texture": "#0"},
				"east": {"uv": [1, 1, 0, 0], "rotation": 270, "texture": "#0"},
				"south": {"uv": [1, 1, 0, 0], "rotation": 270, "texture": "#0"},
				"west": {"uv": [1, 1, 0, 0], "rotation": 270, "texture": "#0"},
				"up": {"uv": [1, 1, 0, 0], "rotation": 270, "texture": "#0"},
				"down": {"uv": [1, 1, 0, 0], "rotation": 270, "texture": "#0"}
			}
		},
		{
			"name": "hexadecagon",
			"from": [11.145, 7.82993, -16],
			"to": [12.855, 8.17007, 32],
			"rotation": {"angle": -45, "axis": "z", "origin": [12, 8, 8]},
			"faces": {
				"north": {"uv": [1, 1, 0, 0], "rotation": 270, "texture": "#0"},
				"east": {"uv": [1, 1, 0, 0], "rotation": 270, "texture": "#0"},
				"south": {"uv": [1, 1, 0, 0], "rotation": 270, "texture": "#0"},
				"west": {"uv": [1, 1, 0, 0], "rotation": 270, "texture": "#0"},
				"up": {"uv": [1, 1, 0, 0], "rotation": 270, "texture": "#0"},
				"down": {"uv": [1, 1, 0, 0], "rotation": 270, "texture": "#0"}
			}
		},
		{
			"name": "hexadecagon",
			"from": [11.82993, 7.145, -16],
			"to": [12.17007, 8.855, 32],
			"rotation": {"angle": 22.5, "axis": "z", "origin": [12, 8, 8]},
			"faces": {
				"north": {"uv": [1, 1, 0, 0], "rotation": 270, "texture": "#0"},
				"east": {"uv": [1, 1, 0, 0], "rotation": 270, "texture": "#0"},
				"south": {"uv": [1, 1, 0, 0], "rotation": 270, "texture": "#0"},
				"west": {"uv": [1, 1, 0, 0], "rotation": 270, "texture": "#0"},
				"up": {"uv": [1, 1, 0, 0], "rotation": 270, "texture": "#0"},
				"down": {"uv": [1, 1, 0, 0], "rotation": 270, "texture": "#0"}
			}
		},
		{
			"name": "hexadecagon",
			"from": [11.82993, 7.145, -16],
			"to": [12.17007, 8.855, 32],
			"rotation": {"angle": 0, "axis": "x", "origin": [12, 8, 8]},
			"faces": {
				"north": {"uv": [1, 1, 0, 0], "rotation": 270, "texture": "#0"},
				"east": {"uv": [1, 1, 0, 0], "rotation": 270, "texture": "#0"},
				"south": {"uv": [1, 1, 0, 0], "rotation": 270, "texture": "#0"},
				"west": {"uv": [1, 1, 0, 0], "rotation": 270, "texture": "#0"},
				"up": {"uv": [1, 1, 0, 0], "rotation": 270, "texture": "#0"},
				"down": {"uv": [1, 1, 0, 0], "rotation": 270, "texture": "#0"}
			}
		},
		{
			"name": "hexadecagon",
			"from": [11.82993, 7.145, -16],
			"to": [12.17007, 8.855, 32],
			"rotation": {"angle": -22.5, "axis": "z", "origin": [12, 8, 8]},
			"faces": {
				"north": {"uv": [1, 1, 0, 0], "rotation": 270, "texture": "#0"},
				"east": {"uv": [1, 1, 0, 0], "rotation": 270, "texture": "#0"},
				"south": {"uv": [1, 1, 0, 0], "rotation": 270, "texture": "#0"},
				"west": {"uv": [1, 1, 0, 0], "rotation": 270, "texture": "#0"},
				"up": {"uv": [1, 1, 0, 0], "rotation": 270, "texture": "#0"},
				"down": {"uv": [1, 1, 0, 0], "rotation": 270, "texture": "#0"}
			}
		},
		{
			"from": [4.375, 8, 0.5],
			"to": [11.625, 8.5, 1.25],
			"rotation": {"angle": 0, "axis": "y", "origin": [-0.375, 0, 0]},
			"faces": {
				"north": {"uv": [0, 0, 7.25, 0.75], "texture": "#0"},
				"east": {"uv": [0, 0, 7.25, 0.75], "texture": "#0"},
				"south": {"uv": [0, 0, 7.25, 0.75], "texture": "#0"},
				"west": {"uv": [0, 0, 7.25, 0.75], "texture": "#0"},
				"up": {"uv": [0, 0, 7.25, 0.75], "texture": "#0"},
				"down": {"uv": [0, 0, 7.25, 0.75], "texture": "#0"}
			}
		},
		{
			"from": [4.375, 8, -7.5],
			"to": [11.625, 8.5, -6.75],
			"rotation": {"angle": 0, "axis": "y", "origin": [-0.375, 0, 0]},
			"faces": {
				"north": {"uv": [0, 0, 7.25, 0.75], "texture": "#0"},
				"east": {"uv": [0, 0, 7.25, 0.75], "texture": "#0"},
				"south": {"uv": [0, 0, 7.25, 0.75], "texture": "#0"},
				"west": {"uv": [0, 0, 7.25, 0.75], "texture": "#0"},
				"up": {"uv": [0, 0, 7.25, 0.75], "texture": "#0"},
				"down": {"uv": [0, 0, 7.25, 0.75], "texture": "#0"}
			}
		},
		{
			"from": [4.375, 8, -15.5],
			"to": [11.625, 8.5, -14.75],
			"rotation": {"angle": 0, "axis": "y", "origin": [-0.375, 0, 0]},
			"faces": {
				"north": {"uv": [0, 0, 7.25, 0.75], "texture": "#0"},
				"east": {"uv": [0, 0, 7.25, 0.75], "texture": "#0"},
				"south": {"uv": [0, 0, 7.25, 0.75], "texture": "#0"},
				"west": {"uv": [0, 0, 7.25, 0.75], "texture": "#0"},
				"up": {"uv": [0, 0, 7.25, 0.75], "texture": "#0"},
				"down": {"uv": [0, 0, 7.25, 0.75], "texture": "#0"}
			}
		},
		{
			"from": [4.375, 8, 8.5],
			"to": [11.625, 8.5, 9.25],
			"rotation": {"angle": 0, "axis": "y", "origin": [-0.375, 0, 0]},
			"faces": {
				"north": {"uv": [0, 0, 7.25, 0.75], "texture": "#0"},
				"east": {"uv": [0, 0, 7.25, 0.75], "texture": "#0"},
				"south": {"uv": [0, 0, 7.25, 0.75], "texture": "#0"},
				"west": {"uv": [0, 0, 7.25, 0.75], "texture": "#0"},
				"up": {"uv": [0, 0, 7.25, 0.75], "texture": "#0"},
				"down": {"uv": [0, 0, 7.25, 0.75], "texture": "#0"}
			}
		},
		{
			"from": [10.325, 8.5, -16],
			"to": [10.525, 8.6, 32],
			"rotation": {"angle": 0, "axis": "y", "origin": [-0.375, 0, 0]},
			"faces": {
				"north": {"uv": [11, 4, 12.25, 4.75], "texture": "#0"},
				"east": {"uv": [11, 4, 12.25, 4.75], "texture": "#0"},
				"south": {"uv": [11, 4, 12.25, 4.75], "texture": "#0"},
				"west": {"uv": [11, 4, 12.25, 4.75], "texture": "#0"},
				"up": {"uv": [11, 4, 12.25, 4.75], "texture": "#0"},
				"down": {"uv": [11, 4, 12.25, 4.75], "texture": "#0"}
			}
		},
		{
			"from": [10.625, 8.5, -16],
			"to": [10.825, 8.6, 32],
			"rotation": {"angle": 0, "axis": "y", "origin": [-0.375, 0, 0]},
			"faces": {
				"north": {"uv": [11, 4, 12.25, 4.75], "texture": "#0"},
				"east": {"uv": [11, 4, 12.25, 4.75], "texture": "#0"},
				"south": {"uv": [11, 4, 12.25, 4.75], "texture": "#0"},
				"west": {"uv": [11, 4, 12.25, 4.75], "texture": "#0"},
				"up": {"uv": [11, 4, 12.25, 4.75], "texture": "#0"},
				"down": {"uv": [11, 4, 12.25, 4.75], "texture": "#0"}
			}
		},
		{
			"from": [5.175, 8.5, -16],
			"to": [5.375, 8.6, 32],
			"rotation": {"angle": 0, "axis": "y", "origin": [16.375, 0, 0]},
			"faces": {
				"north": {"uv": [12.25, 4, 11, 4.75], "texture": "#0"},
				"east": {"uv": [12.25, 4, 11, 4.75], "texture": "#0"},
				"south": {"uv": [12.25, 4, 11, 4.75], "texture": "#0"},
				"west": {"uv": [12.25, 4, 11, 4.75], "texture": "#0"},
				"up": {"uv": [12.25, 4, 11, 4.75], "texture": "#0"},
				"down": {"uv": [12.25, 4, 11, 4.75], "texture": "#0"}
			}
		},
		{
			"from": [5.475, 8.5, -16],
			"to": [5.675, 8.6, 32],
			"rotation": {"angle": 0, "axis": "y", "origin": [16.375, 0, 0]},
			"faces": {
				"north": {"uv": [12.25, 4, 11, 4.75], "texture": "#0"},
				"east": {"uv": [12.25, 4, 11, 4.75], "texture": "#0"},
				"south": {"uv": [12.25, 4, 11, 4.75], "texture": "#0"},
				"west": {"uv": [12.25, 4, 11, 4.75], "texture": "#0"},
				"up": {"uv": [12.25, 4, 11, 4.75], "texture": "#0"},
				"down": {"uv": [12.25, 4, 11, 4.75], "texture": "#0"}
			}
		},
		{
			"from": [4.375, 8, 16.5],
			"to": [11.625, 8.5, 17.25],
			"rotation": {"angle": 0, "axis": "y", "origin": [-0.375, 0, 0]},
			"faces": {
				"north": {"uv": [0, 0, 7.25, 0.75], "texture": "#0"},
				"east": {"uv": [0, 0, 7.25, 0.75], "texture": "#0"},
				"south": {"uv": [0, 0, 7.25, 0.75], "texture": "#0"},
				"west": {"uv": [0, 0, 7.25, 0.75], "texture": "#0"},
				"up": {"uv": [0, 0, 7.25, 0.75], "texture": "#0"},
				"down": {"uv": [0, 0, 7.25, 0.75], "texture": "#0"}
			}
		},
		{
			"from": [4.375, 8, 24.5],
			"to": [11.625, 8.5, 25.25],
			"rotation": {"angle": 0, "axis": "y", "origin": [-0.375, 0, 0]},
			"faces": {
				"north": {"uv": [0, 0, 7.25, 0.75], "texture": "#0"},
				"east": {"uv": [0, 0, 7.25, 0.75], "texture": "#0"},
				"south": {"uv": [0, 0, 7.25, 0.75], "texture": "#0"},
				"west": {"uv": [0, 0, 7.25, 0.75], "texture": "#0"},
				"up": {"uv": [0, 0, 7.25, 0.75], "texture": "#0"},
				"down": {"uv": [0, 0, 7.25, 0.75], "texture": "#0"}
			}
		},
		{
			"from": [6.375, 8.5, 21.5],
			"to": [8.625, 8.75, 27.25],
			"rotation": {"angle": 0, "axis": "y", "origin": [-0.375, 0, 0]},
			"faces": {
				"north": {"uv": [0, 0, 7.25, 0.75], "texture": "#0"},
				"east": {"uv": [0, 0, 7.25, 0.75], "texture": "#0"},
				"south": {"uv": [0, 0, 7.25, 0.75], "texture": "#0"},
				"west": {"uv": [0, 0, 7.25, 0.75], "texture": "#0"},
				"up": {"uv": [0, 0, 7.25, 0.75], "texture": "#0"},
				"down": {"uv": [0, 0, 7.25, 0.75], "texture": "#0"}
			}
		},
		{
			"from": [7.275, 8.75, 22],
			"to": [7.725, 9.8, 26.75],
			"rotation": {"angle": 0, "axis": "y", "origin": [-0.375, 0, 0]},
			"faces": {
				"north": {"uv": [0, 0, 7.25, 0.75], "texture": "#5"},
				"east": {"uv": [0, 0, 7.25, 0.75], "texture": "#5"},
				"south": {"uv": [0, 0, 7.25, 0.75], "texture": "#5"},
				"west": {"uv": [0, 0, 7.25, 0.75], "texture": "#5"},
				"up": {"uv": [0, 0, 7.25, 0.75], "texture": "#5"},
				"down": {"uv": [0, 0, 7.25, 0.75], "texture": "#5"}
			}
		},
		{
			"from": [7.275, 9.8, 22.5],
			"to": [7.725, 10.1, 26.25],
			"rotation": {"angle": 0, "axis": "y", "origin": [-0.375, 0, 0]},
			"faces": {
				"north": {"uv": [0, 0, 7.25, 0.75], "texture": "#5"},
				"east": {"uv": [0, 0, 7.25, 0.75], "texture": "#5"},
				"south": {"uv": [0, 0, 7.25, 0.75], "texture": "#5"},
				"west": {"uv": [0, 0, 7.25, 0.75], "texture": "#5"},
				"up": {"uv": [0, 0, 7.25, 0.75], "texture": "#5"},
				"down": {"uv": [0, 0, 7.25, 0.75], "texture": "#5"}
			}
		},
		{
			"from": [7.275, 9.8, 15.5],
			"to": [7.725, 10.1, 19.25],
			"rotation": {"angle": 0, "axis": "y", "origin": [-0.375, 0, 0]},
			"faces": {
				"north": {"uv": [0, 0, 7.25, 0.75], "texture": "#5"},
				"east": {"uv": [0, 0, 7.25, 0.75], "texture": "#5"},
				"south": {"uv": [0, 0, 7.25, 0.75], "texture": "#5"},
				"west": {"uv": [0, 0, 7.25, 0.75], "texture": "#5"},
				"up": {"uv": [0, 0, 7.25, 0.75], "texture": "#5"},
				"down": {"uv": [0, 0, 7.25, 0.75], "texture": "#5"}
			}
		},
		{
			"from": [7.275, 8.75, 15],
			"to": [7.725, 9.8, 19.75],
			"rotation": {"angle": 0, "axis": "y", "origin": [-0.375, 0, 0]},
			"faces": {
				"north": {"uv": [0, 0, 7.25, 0.75], "texture": "#5"},
				"east": {"uv": [0, 0, 7.25, 0.75], "texture": "#5"},
				"south": {"uv": [0, 0, 7.25, 0.75], "texture": "#5"},
				"west": {"uv": [0, 0, 7.25, 0.75], "texture": "#5"},
				"up": {"uv": [0, 0, 7.25, 0.75], "texture": "#5"},
				"down": {"uv": [0, 0, 7.25, 0.75], "texture": "#5"}
			}
		},
		{
			"from": [6.375, 8.5, 14.5],
			"to": [8.625, 8.75, 20.25],
			"rotation": {"angle": 0, "axis": "y", "origin": [-0.375, 0, 0]},
			"faces": {
				"north": {"uv": [0, 0, 7.25, 0.75], "texture": "#0"},
				"east": {"uv": [0, 0, 7.25, 0.75], "texture": "#0"},
				"south": {"uv": [0, 0, 7.25, 0.75], "texture": "#0"},
				"west": {"uv": [0, 0, 7.25, 0.75], "texture": "#0"},
				"up": {"uv": [0, 0, 7.25, 0.75], "texture": "#0"},
				"down": {"uv": [0, 0, 7.25, 0.75], "texture": "#0"}
			}
		},
		{
			"from": [7.275, 9.8, 8.5],
			"to": [7.725, 10.1, 12.25],
			"rotation": {"angle": 0, "axis": "y", "origin": [-0.375, 0, 0]},
			"faces": {
				"north": {"uv": [0, 0, 7.25, 0.75], "texture": "#5"},
				"east": {"uv": [0, 0, 7.25, 0.75], "texture": "#5"},
				"south": {"uv": [0, 0, 7.25, 0.75], "texture": "#5"},
				"west": {"uv": [0, 0, 7.25, 0.75], "texture": "#5"},
				"up": {"uv": [0, 0, 7.25, 0.75], "texture": "#5"},
				"down": {"uv": [0, 0, 7.25, 0.75], "texture": "#5"}
			}
		},
		{
			"from": [7.275, 8.75, 8],
			"to": [7.725, 9.8, 12.75],
			"rotation": {"angle": 0, "axis": "y", "origin": [-0.375, 0, 0]},
			"faces": {
				"north": {"uv": [0, 0, 7.25, 0.75], "texture": "#5"},
				"east": {"uv": [0, 0, 7.25, 0.75], "texture": "#5"},
				"south": {"uv": [0, 0, 7.25, 0.75], "texture": "#5"},
				"west": {"uv": [0, 0, 7.25, 0.75], "texture": "#5"},
				"up": {"uv": [0, 0, 7.25, 0.75], "texture": "#5"},
				"down": {"uv": [0, 0, 7.25, 0.75], "texture": "#5"}
			}
		},
		{
			"from": [6.375, 8.5, 7.5],
			"to": [8.625, 8.75, 13.25],
			"rotation": {"angle": 0, "axis": "y", "origin": [-0.375, 0, 0]},
			"faces": {
				"north": {"uv": [0, 0, 7.25, 0.75], "texture": "#0"},
				"east": {"uv": [0, 0, 7.25, 0.75], "texture": "#0"},
				"south": {"uv": [0, 0, 7.25, 0.75], "texture": "#0"},
				"west": {"uv": [0, 0, 7.25, 0.75], "texture": "#0"},
				"up": {"uv": [0, 0, 7.25, 0.75], "texture": "#0"},
				"down": {"uv": [0, 0, 7.25, 0.75], "texture": "#0"}
			}
		},
		{
			"from": [7.275, 9.8, -12.5],
			"to": [7.725, 10.1, -8.75],
			"rotation": {"angle": 0, "axis": "y", "origin": [-0.375, 0, 0]},
			"faces": {
				"north": {"uv": [0, 0, 7.25, 0.75], "texture": "#5"},
				"east": {"uv": [0, 0, 7.25, 0.75], "texture": "#5"},
				"south": {"uv": [0, 0, 7.25, 0.75], "texture": "#5"},
				"west": {"uv": [0, 0, 7.25, 0.75], "texture": "#5"},
				"up": {"uv": [0, 0, 7.25, 0.75], "texture": "#5"},
				"down": {"uv": [0, 0, 7.25, 0.75], "texture": "#5"}
			}
		},
		{
			"from": [7.275, 8.75, -13],
			"to": [7.725, 9.8, -8.25],
			"rotation": {"angle": 0, "axis": "y", "origin": [-0.375, 0, 0]},
			"faces": {
				"north": {"uv": [0, 0, 7.25, 0.75], "texture": "#5"},
				"east": {"uv": [0, 0, 7.25, 0.75], "texture": "#5"},
				"south": {"uv": [0, 0, 7.25, 0.75], "texture": "#5"},
				"west": {"uv": [0, 0, 7.25, 0.75], "texture": "#5"},
				"up": {"uv": [0, 0, 7.25, 0.75], "texture": "#5"},
				"down": {"uv": [0, 0, 7.25, 0.75], "texture": "#5"}
			}
		},
		{
			"from": [6.375, 8.5, -13.5],
			"to": [8.625, 8.75, -7.75],
			"rotation": {"angle": 0, "axis": "y", "origin": [-0.375, 0, 0]},
			"faces": {
				"north": {"uv": [0, 0, 7.25, 0.75], "texture": "#0"},
				"east": {"uv": [0, 0, 7.25, 0.75], "texture": "#0"},
				"south": {"uv": [0, 0, 7.25, 0.75], "texture": "#0"},
				"west": {"uv": [0, 0, 7.25, 0.75], "texture": "#0"},
				"up": {"uv": [0, 0, 7.25, 0.75], "texture": "#0"},
				"down": {"uv": [0, 0, 7.25, 0.75], "texture": "#0"}
			}
		},
		{
			"from": [7.275, 9.8, -5.5],
			"to": [7.725, 10.1, -1.75],
			"rotation": {"angle": 0, "axis": "y", "origin": [-0.375, 0, 0]},
			"faces": {
				"north": {"uv": [0, 0, 7.25, 0.75], "texture": "#5"},
				"east": {"uv": [0, 0, 7.25, 0.75], "texture": "#5"},
				"south": {"uv": [0, 0, 7.25, 0.75], "texture": "#5"},
				"west": {"uv": [0, 0, 7.25, 0.75], "texture": "#5"},
				"up": {"uv": [0, 0, 7.25, 0.75], "texture": "#5"},
				"down": {"uv": [0, 0, 7.25, 0.75], "texture": "#5"}
			}
		},
		{
			"from": [7.275, 8.75, -6],
			"to": [7.725, 9.8, -1.25],
			"rotation": {"angle": 0, "axis": "y", "origin": [-0.375, 0, 0]},
			"faces": {
				"north": {"uv": [0, 0, 7.25, 0.75], "texture": "#5"},
				"east": {"uv": [0, 0, 7.25, 0.75], "texture": "#5"},
				"south": {"uv": [0, 0, 7.25, 0.75], "texture": "#5"},
				"west": {"uv": [0, 0, 7.25, 0.75], "texture": "#5"},
				"up": {"uv": [0, 0, 7.25, 0.75], "texture": "#5"},
				"down": {"uv": [0, 0, 7.25, 0.75], "texture": "#5"}
			}
		},
		{
			"from": [6.375, 8.5, -6.5],
			"to": [8.625, 8.75, -0.75],
			"rotation": {"angle": 0, "axis": "y", "origin": [-0.375, 0, 0]},
			"faces": {
				"north": {"uv": [0, 0, 7.25, 0.75], "texture": "#0"},
				"east": {"uv": [0, 0, 7.25, 0.75], "texture": "#0"},
				"south": {"uv": [0, 0, 7.25, 0.75], "texture": "#0"},
				"west": {"uv": [0, 0, 7.25, 0.75], "texture": "#0"},
				"up": {"uv": [0, 0, 7.25, 0.75], "texture": "#0"},
				"down": {"uv": [0, 0, 7.25, 0.75], "texture": "#0"}
			}
		},
		{
			"from": [7.275, 8.75, 1],
			"to": [7.725, 9.8, 5.75],
			"rotation": {"angle": 0, "axis": "y", "origin": [-0.375, 0, 0]},
			"faces": {
				"north": {"uv": [0, 0, 7.25, 0.75], "texture": "#5"},
				"east": {"uv": [0, 0, 7.25, 0.75], "texture": "#5"},
				"south": {"uv": [0, 0, 7.25, 0.75], "texture": "#5"},
				"west": {"uv": [0, 0, 7.25, 0.75], "texture": "#5"},
				"up": {"uv": [0, 0, 7.25, 0.75], "texture": "#5"},
				"down": {"uv": [0, 0, 7.25, 0.75], "texture": "#5"}
			}
		},
		{
			"from": [7.275, 9.8, 1.5],
			"to": [7.725, 10.1, 5.25],
			"rotation": {"angle": 0, "axis": "y", "origin": [-0.375, 0, 0]},
			"faces": {
				"north": {"uv": [0, 0, 7.25, 0.75], "texture": "#5"},
				"east": {"uv": [0, 0, 7.25, 0.75], "texture": "#5"},
				"south": {"uv": [0, 0, 7.25, 0.75], "texture": "#5"},
				"west": {"uv": [0, 0, 7.25, 0.75], "texture": "#5"},
				"up": {"uv": [0, 0, 7.25, 0.75], "texture": "#5"},
				"down": {"uv": [0, 0, 7.25, 0.75], "texture": "#5"}
			}
		},
		{
			"from": [6.375, 8.5, 0.5],
			"to": [8.625, 8.75, 6.25],
			"rotation": {"angle": 0, "axis": "y", "origin": [-0.375, 0, 0]},
			"faces": {
				"north": {"uv": [0, 0, 7.25, 0.75], "texture": "#0"},
				"east": {"uv": [0, 0, 7.25, 0.75], "texture": "#0"},
				"south": {"uv": [0, 0, 7.25, 0.75], "texture": "#0"},
				"west": {"uv": [0, 0, 7.25, 0.75], "texture": "#0"},
				"up": {"uv": [0, 0, 7.25, 0.75], "texture": "#0"},
				"down": {"uv": [0, 0, 7.25, 0.75], "texture": "#0"}
			}
		},
		{
			"from": [4.375, 8, -0.6],
			"to": [11.625, 8.5, 0.15],
			"rotation": {"angle": 0, "axis": "y", "origin": [-0.375, 0, 0]},
			"faces": {
				"north": {"uv": [0, 0, 7.25, 0.75], "texture": "#0"},
				"east": {"uv": [0, 0, 7.25, 0.75], "texture": "#0"},
				"south": {"uv": [0, 0, 7.25, 0.75], "texture": "#0"},
				"west": {"uv": [0, 0, 7.25, 0.75], "texture": "#0"},
				"up": {"uv": [0, 0, 7.25, 0.75], "texture": "#0"},
				"down": {"uv": [0, 0, 7.25, 0.75], "texture": "#0"}
			}
		}
	],
	"display": {
		"gui": {
			"rotation": [21, -21, 0],
			"translation": [0, -0.25, 0],
			"scale": [0.53, 0.53, 0.48]
		},
		"head": {
			"scale": [3.45, 3.45, 3.45]
		}
	},
	"groups": [
		{
			"name": "hexadecagon",
			"origin": [8, 8, 8],
			"color": 0,
			"children": [0, 1, 2, 3, 4, 5, 6, 7, 8, 9, 10, 11, 12, 13, 14, 15]
		},
		16,
		17,
		18,
		19,
		20,
		21,
		22,
		23,
		24,
		25,
		26,
		27,
		28,
		29,
		30,
		31,
		32,
		33,
		34,
		35,
		36,
		37,
		38,
		39,
		40,
		41,
		42,
		43,
		44
	]
}